file,class,type,cbo,wmc,dit,rfc,lcom,tcc,lcc,totalMethodsQty,staticMethodsQty,publicMethodsQty,privateMethodsQty,protectedMethodsQty,defaultMethodsQty,visibleMethodsQty,abstractMethodsQty,finalMethodsQty,synchronizedMethodsQty,totalFieldsQty,staticFieldsQty,publicFieldsQty,privateFieldsQty,protectedFieldsQty,defaultFieldsQty,finalFieldsQty,synchronizedFieldsQty,nosi,loc,returnQty,loopQty,comparisonsQty,tryCatchQty,parenthesizedExpsQty,stringLiteralsQty,numbersQty,assignmentsQty,mathOperationsQty,variablesQty,maxNestedBlocksQty,anonymousClassesQty,innerClassesQty,lambdasQty,uniqueWordsQty,modifiers,logStatementsQty
C:\Users\Win-10\Documents\Mestrado\Sistema\commons-logging\src\main\java\org\apache\commons\logging\impl\AvalonLogger.java,org.apache.commons.logging.impl.AvalonLogger,class,3,35,1,13,219,0.0,0.0,22,1,22,0,0,0,22,0,0,0,2,1,0,2,0,0,1,0,12,97,7,0,1,0,0,1,0,4,0,2,1,0,0,0,146,1,10
C:\Users\Win-10\Documents\Mestrado\Sistema\commons-logging\src\main\java\org\apache\commons\logging\impl\Jdk13LumberjackLogger.java,org.apache.commons.logging.impl.Jdk13LumberjackLogger,class,2,29,1,22,227,0.0,0.0,22,0,20,2,0,0,20,0,0,0,7,2,0,4,3,0,2,0,13,115,7,2,3,1,0,4,6,26,2,18,2,0,0,0,133,1,0
C:\Users\Win-10\Documents\Mestrado\Sistema\commons-logging\src\main\java\org\apache\commons\logging\impl\Jdk14Logger.java,org.apache.commons.logging.impl.Jdk14Logger,class,2,26,1,9,204,0.0,0.0,21,0,20,0,1,0,21,0,0,0,4,2,0,1,3,0,2,0,13,89,7,0,3,0,0,1,3,14,0,10,2,0,0,0,106,1,0
C:\Users\Win-10\Documents\Mestrado\Sistema\commons-logging\src\main\java\org\apache\commons\logging\impl\Log4JLogger.java,org.apache.commons.logging.impl.Log4JLogger,class,5,28,1,11,83,0.0,0.0,22,0,22,0,0,0,23,0,0,0,5,3,0,5,0,0,4,0,0,100,7,0,3,1,0,3,1,15,0,7,3,0,0,0,129,1,0
C:\Users\Win-10\Documents\Mestrado\Sistema\commons-logging\src\main\java\org\apache\commons\logging\impl\LogFactoryImpl.java,org.apache.commons.logging.impl.LogFactoryImpl$Anonymous2,anonymous,0,1,1,1,0,NaN,NaN,1,0,1,0,0,0,1,0,0,0,0,0,0,0,0,0,0,0,1,5,1,0,0,0,0,0,0,0,0,0,0,0,0,0,2,-1,0
C:\Users\Win-10\Documents\Mestrado\Sistema\commons-logging\src\main\java\org\apache\commons\logging\impl\LogFactoryImpl.java,org.apache.commons.logging.impl.LogFactoryImpl,class,4,136,2,67,481,0.0,0.0,34,5,8,16,10,0,18,0,0,0,24,12,4,13,7,0,12,0,65,574,38,5,36,12,0,138,5,96,45,71,5,3,0,0,627,1,0
C:\Users\Win-10\Documents\Mestrado\Sistema\commons-logging\src\main\java\org\apache\commons\logging\impl\LogFactoryImpl.java,org.apache.commons.logging.impl.LogFactoryImpl$Anonymous1,anonymous,1,1,1,1,0,NaN,NaN,1,0,1,0,0,0,1,0,0,0,0,0,0,0,0,0,0,0,1,5,1,0,0,0,0,0,0,0,0,0,0,0,0,0,2,-1,0
C:\Users\Win-10\Documents\Mestrado\Sistema\commons-logging\src\main\java\org\apache\commons\logging\impl\LogFactoryImpl.java,org.apache.commons.logging.impl.LogFactoryImpl$Anonymous3,anonymous,0,1,1,1,0,NaN,NaN,1,0,1,0,0,0,1,0,0,0,0,0,0,0,0,0,0,0,0,5,1,0,0,0,0,0,0,0,0,0,0,0,0,0,2,-1,0
C:\Users\Win-10\Documents\Mestrado\Sistema\commons-logging\src\main\java\org\apache\commons\logging\impl\LogKitLogger.java,org.apache.commons.logging.impl.LogKitLogger,class,3,32,1,16,188,0.0,0.0,20,0,20,0,0,0,20,0,0,0,3,1,0,1,2,0,1,0,10,95,7,0,12,0,0,0,1,9,0,4,3,0,0,0,81,1,8
C:\Users\Win-10\Documents\Mestrado\Sistema\commons-logging\src\main\java\org\apache\commons\logging\impl\NoOpLog.java,org.apache.commons.logging.impl.NoOpLog,class,1,20,1,0,190,0.0,0.0,20,0,20,0,0,0,20,0,6,0,1,1,0,1,0,0,1,0,0,49,6,0,0,0,0,0,1,1,0,1,0,0,0,0,48,1,0
C:\Users\Win-10\Documents\Mestrado\Sistema\commons-logging\src\main\java\org\apache\commons\logging\impl\ServletContextCleaner.java,org.apache.commons.logging.impl.ServletContextCleaner,class,3,7,1,9,1,0.0,0.0,2,0,2,0,0,0,2,0,0,0,1,1,0,1,0,0,1,0,2,35,0,1,1,1,0,5,2,12,0,6,2,0,0,0,148,1,0
C:\Users\Win-10\Documents\Mestrado\Sistema\commons-logging\src\main\java\org\apache\commons\logging\impl\SimpleLog.java,org.apache.commons.logging.impl.SimpleLog$Anonymous1,anonymous,1,2,1,3,0,NaN,NaN,1,0,1,0,0,0,1,0,0,0,0,0,0,0,0,0,0,0,2,11,2,0,1,0,0,0,0,1,0,1,1,0,0,0,11,-1,0
C:\Users\Win-10\Documents\Mestrado\Sistema\commons-logging\src\main\java\org\apache\commons\logging\impl\SimpleLog.java,org.apache.commons.logging.impl.SimpleLog,class,3,79,1,31,278,0.0,0.0,29,5,21,5,3,0,25,0,18,0,20,17,8,2,10,0,12,0,18,289,13,1,9,6,0,36,14,50,11,34,3,1,0,0,267,1,0
C:\Users\Win-10\Documents\Mestrado\Sistema\commons-logging\src\main\java\org\apache\commons\logging\impl\WeakHashtable.java,org.apache.commons.logging.impl.WeakHashtable$Anonymous1,anonymous,1,2,1,3,1,0.0,0.0,2,0,2,0,0,0,2,0,0,0,0,0,0,0,0,0,0,0,0,9,2,0,0,0,0,0,0,1,0,1,0,0,0,0,8,-1,0
C:\Users\Win-10\Documents\Mestrado\Sistema\commons-logging\src\main\java\org\apache\commons\logging\impl\WeakHashtable.java,org.apache.commons.logging.impl.WeakHashtable,class,5,32,5,29,128,0.0,0.0,17,0,14,2,1,0,15,0,0,2,5,3,0,5,0,0,4,0,0,213,12,5,9,0,1,2,9,32,2,30,2,1,3,0,296,17,0
C:\Users\Win-10\Documents\Mestrado\Sistema\commons-logging\src\main\java\org\apache\commons\logging\impl\WeakHashtable.java,org.apache.commons.logging.impl.WeakHashtable$Referenced,innerclass,2,7,1,5,0,0.0,0.0,5,0,2,3,0,0,2,0,0,0,2,0,0,2,0,0,2,0,0,34,3,0,3,0,0,0,0,11,0,6,2,0,0,0,32,26,0
C:\Users\Win-10\Documents\Mestrado\Sistema\commons-logging\src\main\java\org\apache\commons\logging\impl\WeakHashtable.java,org.apache.commons.logging.impl.WeakHashtable$Entry,innerclass,1,12,1,6,7,0.0,0.0,6,0,5,1,0,0,5,0,0,0,2,0,0,2,0,0,2,0,0,28,4,0,7,0,4,1,2,5,0,4,1,0,0,0,22,26,0
C:\Users\Win-10\Documents\Mestrado\Sistema\commons-logging\src\main\java\org\apache\commons\logging\impl\WeakHashtable.java,org.apache.commons.logging.impl.WeakHashtable$WeakKey,innerclass,1,2,3,0,0,-1.0,-1.0,2,0,0,2,0,0,0,0,0,0,1,0,0,1,0,0,1,0,0,10,1,0,0,0,0,0,0,1,0,1,0,0,0,0,25,26,0
C:\Users\Win-10\Documents\Mestrado\Sistema\commons-logging\src\main\java\org\apache\commons\logging\Log.java,org.apache.commons.logging.Log,interface,0,18,1,0,153,0.0,0.0,18,0,0,0,0,18,18,0,0,0,0,0,0,0,0,0,0,0,0,20,0,0,0,0,0,0,0,0,0,0,0,0,0,0,112,1,0
C:\Users\Win-10\Documents\Mestrado\Sistema\commons-logging\src\main\java\org\apache\commons\logging\LogConfigurationException.java,org.apache.commons.logging.LogConfigurationException,class,0,6,4,1,8,0.0,0.0,5,0,5,0,0,0,5,0,0,0,2,1,0,1,1,0,1,0,0,20,1,0,1,0,0,2,1,3,1,2,0,0,0,0,51,1,0
C:\Users\Win-10\Documents\Mestrado\Sistema\commons-logging\src\main\java\org\apache\commons\logging\LogFactory.java,org.apache.commons.logging.LogFactory$Anonymous1,anonymous,1,1,1,1,0,NaN,NaN,1,0,1,0,0,0,1,0,0,0,0,0,0,0,0,0,0,0,1,5,1,0,0,0,0,0,0,0,0,0,0,0,0,0,7,-1,0
C:\Users\Win-10\Documents\Mestrado\Sistema\commons-logging\src\main\java\org\apache\commons\logging\LogFactory.java,org.apache.commons.logging.LogFactory$Anonymous2,anonymous,1,1,1,1,0,NaN,NaN,1,0,1,0,0,0,1,0,0,0,0,0,0,0,0,0,0,0,1,5,1,0,0,0,0,0,0,0,0,0,0,0,0,0,4,-1,0
C:\Users\Win-10\Documents\Mestrado\Sistema\commons-logging\src\main\java\org\apache\commons\logging\LogFactory.java,org.apache.commons.logging.LogFactory$Anonymous3,anonymous,0,2,1,2,0,NaN,NaN,1,0,1,0,0,0,1,0,0,0,0,0,0,0,0,0,0,0,1,10,2,0,1,0,0,0,0,0,0,0,1,0,0,0,5,-1,0
C:\Users\Win-10\Documents\Mestrado\Sistema\commons-logging\src\main\java\org\apache\commons\logging\LogFactory.java,org.apache.commons.logging.LogFactory$Anonymous4,anonymous,1,5,1,5,0,NaN,NaN,1,0,1,0,0,0,1,0,0,0,0,0,0,0,0,0,0,0,3,21,4,0,1,1,0,2,0,0,1,0,2,0,0,0,23,-1,0
C:\Users\Win-10\Documents\Mestrado\Sistema\commons-logging\src\main\java\org\apache\commons\logging\LogFactory.java,org.apache.commons.logging.LogFactory,class,3,163,1,67,655,0.0,0.0,38,30,13,15,10,0,24,7,4,0,14,14,7,4,3,0,11,0,149,721,39,4,48,19,0,149,3,95,47,65,6,6,0,0,805,1025,0
C:\Users\Win-10\Documents\Mestrado\Sistema\commons-logging\src\main\java\org\apache\commons\logging\LogFactory.java,org.apache.commons.logging.LogFactory$Anonymous5,anonymous,1,7,1,7,0,NaN,NaN,1,0,1,0,0,0,1,0,0,0,0,0,0,0,0,0,0,0,4,35,2,0,2,2,0,2,0,5,2,3,4,0,0,0,27,-1,0
C:\Users\Win-10\Documents\Mestrado\Sistema\commons-logging\src\main\java\org\apache\commons\logging\LogFactory.java,org.apache.commons.logging.LogFactory$Anonymous6,anonymous,0,1,1,1,0,NaN,NaN,1,0,1,0,0,0,1,0,0,0,0,0,0,0,0,0,0,0,1,5,1,0,0,0,0,0,0,0,0,0,0,0,0,0,2,-1,0
C:\Users\Win-10\Documents\Mestrado\Sistema\commons-logging\src\main\java\org\apache\commons\logging\LogSource.java,org.apache.commons.logging.LogSource,class,3,26,1,14,13,0.0,0.0,7,6,6,1,0,0,7,0,0,0,4,4,0,0,4,0,0,0,14,107,4,0,7,9,0,12,4,25,0,11,3,0,0,0,150,1,0
