nomeSistema;class;cbo;wmc;dit;rfc;maxNested;loc;nom
commons-logging;org.apache.commons.logging.impl.AvalonLogger;3;35;1;13;1;97;22
commons-logging;org.apache.commons.logging.impl.Jdk13LumberjackLogger;2;29;1;22;2;115;22
commons-logging;org.apache.commons.logging.impl.Jdk14Logger;2;26;1;9;2;89;21
commons-logging;org.apache.commons.logging.impl.Log4JLogger;5;28;1;11;3;100;22
commons-logging;org.apache.commons.logging.impl.LogFactoryImpl$Anonymous2;0;1;1;1;0;5;1
commons-logging;org.apache.commons.logging.impl.LogFactoryImpl;4;136;2;67;5;574;34
commons-logging;org.apache.commons.logging.impl.LogFactoryImpl$Anonymous1;1;1;1;1;0;5;1
commons-logging;org.apache.commons.logging.impl.LogFactoryImpl$Anonymous3;0;1;1;1;0;5;1
commons-logging;org.apache.commons.logging.impl.LogKitLogger;3;32;1;16;3;95;20
commons-logging;org.apache.commons.logging.impl.NoOpLog;1;20;1;0;0;49;20
commons-logging;org.apache.commons.logging.impl.ServletContextCleaner;3;7;1;9;2;35;2
commons-logging;org.apache.commons.logging.impl.SimpleLog$Anonymous1;1;2;1;3;1;11;1
commons-logging;org.apache.commons.logging.impl.SimpleLog;3;79;1;31;3;289;29
commons-logging;org.apache.commons.logging.impl.WeakHashtable$Anonymous1;1;2;1;3;0;9;2
commons-logging;org.apache.commons.logging.impl.WeakHashtable;5;32;5;29;2;213;17
commons-logging;org.apache.commons.logging.impl.WeakHashtable$Referenced;2;7;1;5;2;34;5
commons-logging;org.apache.commons.logging.impl.WeakHashtable$Entry;1;12;1;6;1;28;6
commons-logging;org.apache.commons.logging.impl.WeakHashtable$WeakKey;1;2;3;0;0;10;2
commons-logging;org.apache.commons.logging.Log;0;18;1;0;0;20;18
commons-logging;org.apache.commons.logging.LogConfigurationException;0;6;4;1;0;20;5
commons-logging;org.apache.commons.logging.LogFactory$Anonymous1;1;1;1;1;0;5;1
commons-logging;org.apache.commons.logging.LogFactory$Anonymous2;1;1;1;1;0;5;1
commons-logging;org.apache.commons.logging.LogFactory$Anonymous3;0;2;1;2;1;10;1
commons-logging;org.apache.commons.logging.LogFactory$Anonymous4;1;5;1;5;2;21;1
commons-logging;org.apache.commons.logging.LogFactory;3;163;1;67;6;721;38
commons-logging;org.apache.commons.logging.LogFactory$Anonymous5;1;7;1;7;4;35;1
commons-logging;org.apache.commons.logging.LogFactory$Anonymous6;0;1;1;1;0;5;1
commons-logging;org.apache.commons.logging.LogSource;3;26;1;14;3;107;7
