file,class,method,constructor,line,cbo,wmc,rfc,loc,returnsQty,variablesQty,parametersQty,methodsInvokedQty,methodsInvokedLocalQty,methodsInvokedIndirectLocalQty,loopQty,comparisonsQty,tryCatchQty,parenthesizedExpsQty,stringLiteralsQty,numbersQty,assignmentsQty,mathOperationsQty,maxNestedBlocksQty,anonymousClassesQty,innerClassesQty,lambdasQty,uniqueWordsQty,modifiers,logStatementsQty,hasJavaDoc
C:\Users\Win-10\Documents\Mestrado\Sistema\commons-logging\src\main\java\org\apache\commons\logging\impl\AvalonLogger.java,org.apache.commons.logging.impl.AvalonLogger,debug/1[java.lang.Object],false,120,1,2,4,5,0,0,1,4,1,1,0,0,0,0,0,0,0,0,1,0,0,0,10,1,1,true
C:\Users\Win-10\Documents\Mestrado\Sistema\commons-logging\src\main\java\org\apache\commons\logging\impl\AvalonLogger.java,org.apache.commons.logging.impl.AvalonLogger,"fatal/2[java.lang.Object,java.lang.Throwable]",false,158,1,2,4,5,0,0,2,4,1,1,0,0,0,0,0,0,0,0,1,0,0,0,12,1,0,true
C:\Users\Win-10\Documents\Mestrado\Sistema\commons-logging\src\main\java\org\apache\commons\logging\impl\AvalonLogger.java,org.apache.commons.logging.impl.AvalonLogger,trace/1[java.lang.Object],false,268,1,2,4,5,0,0,1,4,1,1,0,0,0,0,0,0,0,0,1,0,0,0,11,1,1,true
C:\Users\Win-10\Documents\Mestrado\Sistema\commons-logging\src\main\java\org\apache\commons\logging\impl\AvalonLogger.java,org.apache.commons.logging.impl.AvalonLogger,"info/2[java.lang.Object,java.lang.Throwable]",false,183,1,2,4,5,0,0,2,4,1,1,0,0,0,0,0,0,0,0,1,0,0,0,13,1,1,true
C:\Users\Win-10\Documents\Mestrado\Sistema\commons-logging\src\main\java\org\apache\commons\logging\impl\AvalonLogger.java,org.apache.commons.logging.impl.AvalonLogger,isFatalEnabled/0,false,221,1,1,2,3,1,0,0,2,1,1,0,0,0,0,0,0,0,0,0,0,0,0,9,1,0,true
C:\Users\Win-10\Documents\Mestrado\Sistema\commons-logging\src\main\java\org\apache\commons\logging\impl\AvalonLogger.java,org.apache.commons.logging.impl.AvalonLogger,getLogger/0,false,87,1,1,0,3,1,0,0,0,0,0,0,0,0,0,0,0,0,0,0,0,0,0,11,1,0,true
C:\Users\Win-10\Documents\Mestrado\Sistema\commons-logging\src\main\java\org\apache\commons\logging\impl\AvalonLogger.java,org.apache.commons.logging.impl.AvalonLogger,warn/1[java.lang.Object],false,293,1,2,4,5,0,0,1,4,1,1,0,0,0,0,0,0,0,0,1,0,0,0,11,1,1,true
C:\Users\Win-10\Documents\Mestrado\Sistema\commons-logging\src\main\java\org\apache\commons\logging\impl\AvalonLogger.java,org.apache.commons.logging.impl.AvalonLogger,error/1[java.lang.Object],false,145,1,2,4,5,0,0,1,4,1,1,0,0,0,0,0,0,0,0,1,0,0,0,11,1,1,true
C:\Users\Win-10\Documents\Mestrado\Sistema\commons-logging\src\main\java\org\apache\commons\logging\impl\AvalonLogger.java,org.apache.commons.logging.impl.AvalonLogger,"debug/2[java.lang.Object,java.lang.Throwable]",false,108,1,2,4,5,0,0,2,4,1,1,0,0,0,0,0,0,0,0,1,0,0,0,13,1,1,true
C:\Users\Win-10\Documents\Mestrado\Sistema\commons-logging\src\main\java\org\apache\commons\logging\impl\AvalonLogger.java,org.apache.commons.logging.impl.AvalonLogger,info/1[java.lang.Object],false,195,1,2,4,5,0,0,1,4,1,1,0,0,0,0,0,0,0,0,1,0,0,0,11,1,1,true
C:\Users\Win-10\Documents\Mestrado\Sistema\commons-logging\src\main\java\org\apache\commons\logging\impl\AvalonLogger.java,org.apache.commons.logging.impl.AvalonLogger,isInfoEnabled/0,false,229,1,1,2,3,1,0,0,2,1,1,0,0,0,0,0,0,0,0,0,0,0,0,9,1,0,true
C:\Users\Win-10\Documents\Mestrado\Sistema\commons-logging\src\main\java\org\apache\commons\logging\impl\AvalonLogger.java,org.apache.commons.logging.impl.AvalonLogger,setDefaultLogger/1[org.apache.commons.logging.impl.Logger],false,97,1,1,0,3,0,0,1,0,0,0,0,0,0,0,0,0,1,0,0,0,0,0,22,9,0,true
C:\Users\Win-10\Documents\Mestrado\Sistema\commons-logging\src\main\java\org\apache\commons\logging\impl\AvalonLogger.java,org.apache.commons.logging.impl.AvalonLogger,isErrorEnabled/0,false,213,1,1,2,3,1,0,0,2,1,1,0,0,0,0,0,0,0,0,0,0,0,0,9,1,0,true
C:\Users\Win-10\Documents\Mestrado\Sistema\commons-logging\src\main\java\org\apache\commons\logging\impl\AvalonLogger.java,org.apache.commons.logging.impl.AvalonLogger,"warn/2[java.lang.Object,java.lang.Throwable]",false,281,1,2,4,5,0,0,2,4,1,1,0,0,0,0,0,0,0,0,1,0,0,0,13,1,1,true
C:\Users\Win-10\Documents\Mestrado\Sistema\commons-logging\src\main\java\org\apache\commons\logging\impl\AvalonLogger.java,org.apache.commons.logging.impl.AvalonLogger,fatal/1[java.lang.Object],false,170,1,2,4,5,0,0,1,4,1,1,0,0,0,0,0,0,0,0,1,0,0,0,11,1,0,true
C:\Users\Win-10\Documents\Mestrado\Sistema\commons-logging\src\main\java\org\apache\commons\logging\impl\AvalonLogger.java,org.apache.commons.logging.impl.AvalonLogger,AvalonLogger/1[java.lang.String],true,75,0,2,1,6,0,0,1,1,0,0,0,1,0,0,1,0,1,0,1,0,0,0,32,1,0,true
C:\Users\Win-10\Documents\Mestrado\Sistema\commons-logging\src\main\java\org\apache\commons\logging\impl\AvalonLogger.java,org.apache.commons.logging.impl.AvalonLogger,"error/2[java.lang.Object,java.lang.Throwable]",false,133,1,2,4,5,0,0,2,4,1,1,0,0,0,0,0,0,0,0,1,0,0,0,13,1,1,true
C:\Users\Win-10\Documents\Mestrado\Sistema\commons-logging\src\main\java\org\apache\commons\logging\impl\AvalonLogger.java,org.apache.commons.logging.impl.AvalonLogger,isDebugEnabled/0,false,205,1,1,2,3,1,0,0,2,1,1,0,0,0,0,0,0,0,0,0,0,0,0,9,1,0,true
C:\Users\Win-10\Documents\Mestrado\Sistema\commons-logging\src\main\java\org\apache\commons\logging\impl\AvalonLogger.java,org.apache.commons.logging.impl.AvalonLogger,AvalonLogger/1[org.apache.commons.logging.impl.Logger],true,65,1,1,0,3,0,0,1,0,0,0,0,0,0,0,0,0,1,0,0,0,0,0,13,1,0,true
C:\Users\Win-10\Documents\Mestrado\Sistema\commons-logging\src\main\java\org\apache\commons\logging\impl\AvalonLogger.java,org.apache.commons.logging.impl.AvalonLogger,isTraceEnabled/0,false,237,1,1,2,3,1,0,0,2,1,1,0,0,0,0,0,0,0,0,0,0,0,0,9,1,0,true
C:\Users\Win-10\Documents\Mestrado\Sistema\commons-logging\src\main\java\org\apache\commons\logging\impl\AvalonLogger.java,org.apache.commons.logging.impl.AvalonLogger,isWarnEnabled/0,false,245,1,1,2,3,1,0,0,2,1,1,0,0,0,0,0,0,0,0,0,0,0,0,9,1,0,true
C:\Users\Win-10\Documents\Mestrado\Sistema\commons-logging\src\main\java\org\apache\commons\logging\impl\AvalonLogger.java,org.apache.commons.logging.impl.AvalonLogger,"trace/2[java.lang.Object,java.lang.Throwable]",false,256,1,2,4,5,0,0,2,4,1,1,0,0,0,0,0,0,0,0,1,0,0,0,12,1,1,true
C:\Users\Win-10\Documents\Mestrado\Sistema\commons-logging\src\main\java\org\apache\commons\logging\impl\Jdk13LumberjackLogger.java,org.apache.commons.logging.impl.Jdk13LumberjackLogger,isErrorEnabled/0,false,229,1,1,2,3,1,0,0,2,1,1,0,0,0,0,0,0,0,0,0,0,0,0,9,1,0,true
C:\Users\Win-10\Documents\Mestrado\Sistema\commons-logging\src\main\java\org\apache\commons\logging\impl\Jdk13LumberjackLogger.java,org.apache.commons.logging.impl.Jdk13LumberjackLogger,warn/1[java.lang.Object],false,288,1,1,2,3,0,0,1,2,1,2,0,0,0,0,0,0,0,0,0,0,0,0,9,1,0,true
C:\Users\Win-10\Documents\Mestrado\Sistema\commons-logging\src\main\java\org\apache\commons\logging\impl\Jdk13LumberjackLogger.java,org.apache.commons.logging.impl.Jdk13LumberjackLogger,"info/2[java.lang.Object,java.lang.Throwable]",false,215,1,1,2,3,0,0,2,2,1,2,0,0,0,0,0,0,0,0,0,0,0,0,11,1,0,true
C:\Users\Win-10\Documents\Mestrado\Sistema\commons-logging\src\main\java\org\apache\commons\logging\impl\Jdk13LumberjackLogger.java,org.apache.commons.logging.impl.Jdk13LumberjackLogger,trace/1[java.lang.Object],false,267,1,1,2,3,0,0,1,2,1,2,0,0,0,0,0,0,0,0,0,0,0,0,9,1,0,true
C:\Users\Win-10\Documents\Mestrado\Sistema\commons-logging\src\main\java\org\apache\commons\logging\impl\Jdk13LumberjackLogger.java,org.apache.commons.logging.impl.Jdk13LumberjackLogger,info/1[java.lang.Object],false,204,1,1,2,3,0,0,1,2,1,2,0,0,0,0,0,0,0,0,0,0,0,0,9,1,0,true
C:\Users\Win-10\Documents\Mestrado\Sistema\commons-logging\src\main\java\org\apache\commons\logging\impl\Jdk13LumberjackLogger.java,org.apache.commons.logging.impl.Jdk13LumberjackLogger,"warn/2[java.lang.Object,java.lang.Throwable]",false,299,1,1,2,3,0,0,2,2,1,2,0,0,0,0,0,0,0,0,0,0,0,0,11,1,0,true
C:\Users\Win-10\Documents\Mestrado\Sistema\commons-logging\src\main\java\org\apache\commons\logging\impl\Jdk13LumberjackLogger.java,org.apache.commons.logging.impl.Jdk13LumberjackLogger,"log/3[java.util.logging.Level,java.lang.String,java.lang.Throwable]",false,76,1,4,7,14,0,1,3,7,2,1,0,1,0,0,0,0,1,0,2,0,0,0,17,2,0,false
C:\Users\Win-10\Documents\Mestrado\Sistema\commons-logging\src\main\java\org\apache\commons\logging\impl\Jdk13LumberjackLogger.java,org.apache.commons.logging.impl.Jdk13LumberjackLogger,getClassAndMethod/0,false,95,0,4,12,28,0,10,0,12,0,0,2,1,1,0,2,5,15,2,2,0,0,0,40,2,0,true
C:\Users\Win-10\Documents\Mestrado\Sistema\commons-logging\src\main\java\org\apache\commons\logging\impl\Jdk13LumberjackLogger.java,org.apache.commons.logging.impl.Jdk13LumberjackLogger,"fatal/2[java.lang.Object,java.lang.Throwable]",false,184,1,1,2,3,0,0,2,2,1,2,0,0,0,0,0,0,0,0,0,0,0,0,11,1,0,true
C:\Users\Win-10\Documents\Mestrado\Sistema\commons-logging\src\main\java\org\apache\commons\logging\impl\Jdk13LumberjackLogger.java,org.apache.commons.logging.impl.Jdk13LumberjackLogger,"debug/2[java.lang.Object,java.lang.Throwable]",false,142,1,1,2,3,0,0,2,2,1,2,0,0,0,0,0,0,0,0,0,0,0,0,11,1,0,true
C:\Users\Win-10\Documents\Mestrado\Sistema\commons-logging\src\main\java\org\apache\commons\logging\impl\Jdk13LumberjackLogger.java,org.apache.commons.logging.impl.Jdk13LumberjackLogger,isWarnEnabled/0,false,257,1,1,2,3,1,0,0,2,1,1,0,0,0,0,0,0,0,0,0,0,0,0,9,1,0,true
C:\Users\Win-10\Documents\Mestrado\Sistema\commons-logging\src\main\java\org\apache\commons\logging\impl\Jdk13LumberjackLogger.java,org.apache.commons.logging.impl.Jdk13LumberjackLogger,isTraceEnabled/0,false,250,1,1,2,3,1,0,0,2,1,1,0,0,0,0,0,0,0,0,0,0,0,0,9,1,0,true
C:\Users\Win-10\Documents\Mestrado\Sistema\commons-logging\src\main\java\org\apache\commons\logging\impl\Jdk13LumberjackLogger.java,org.apache.commons.logging.impl.Jdk13LumberjackLogger,getLogger/0,false,191,0,2,1,6,1,0,0,1,0,0,0,1,0,0,0,0,1,0,1,0,0,0,10,1,0,true
C:\Users\Win-10\Documents\Mestrado\Sistema\commons-logging\src\main\java\org\apache\commons\logging\impl\Jdk13LumberjackLogger.java,org.apache.commons.logging.impl.Jdk13LumberjackLogger,Jdk13LumberjackLogger/1[java.lang.String],true,69,1,1,1,4,0,0,1,1,1,1,0,0,0,0,0,0,2,0,0,0,0,0,16,1,0,true
C:\Users\Win-10\Documents\Mestrado\Sistema\commons-logging\src\main\java\org\apache\commons\logging\impl\Jdk13LumberjackLogger.java,org.apache.commons.logging.impl.Jdk13LumberjackLogger,isDebugEnabled/0,false,222,1,1,2,3,1,0,0,2,1,1,0,0,0,0,0,0,0,0,0,0,0,0,9,1,0,true
C:\Users\Win-10\Documents\Mestrado\Sistema\commons-logging\src\main\java\org\apache\commons\logging\impl\Jdk13LumberjackLogger.java,org.apache.commons.logging.impl.Jdk13LumberjackLogger,isFatalEnabled/0,false,236,1,1,2,3,1,0,0,2,1,1,0,0,0,0,0,0,0,0,0,0,0,0,9,1,0,true
C:\Users\Win-10\Documents\Mestrado\Sistema\commons-logging\src\main\java\org\apache\commons\logging\impl\Jdk13LumberjackLogger.java,org.apache.commons.logging.impl.Jdk13LumberjackLogger,error/1[java.lang.Object],false,152,1,1,2,3,0,0,1,2,1,2,0,0,0,0,0,0,0,0,0,0,0,0,9,1,0,true
C:\Users\Win-10\Documents\Mestrado\Sistema\commons-logging\src\main\java\org\apache\commons\logging\impl\Jdk13LumberjackLogger.java,org.apache.commons.logging.impl.Jdk13LumberjackLogger,"error/2[java.lang.Object,java.lang.Throwable]",false,163,1,1,2,3,0,0,2,2,1,2,0,0,0,0,0,0,0,0,0,0,0,0,11,1,0,true
C:\Users\Win-10\Documents\Mestrado\Sistema\commons-logging\src\main\java\org\apache\commons\logging\impl\Jdk13LumberjackLogger.java,org.apache.commons.logging.impl.Jdk13LumberjackLogger,debug/1[java.lang.Object],false,131,1,1,2,3,0,0,1,2,1,2,0,0,0,0,0,0,0,0,0,0,0,0,9,1,0,true
C:\Users\Win-10\Documents\Mestrado\Sistema\commons-logging\src\main\java\org\apache\commons\logging\impl\Jdk13LumberjackLogger.java,org.apache.commons.logging.impl.Jdk13LumberjackLogger,"trace/2[java.lang.Object,java.lang.Throwable]",false,278,1,1,2,3,0,0,2,2,1,2,0,0,0,0,0,0,0,0,0,0,0,0,11,1,0,true
C:\Users\Win-10\Documents\Mestrado\Sistema\commons-logging\src\main\java\org\apache\commons\logging\impl\Jdk13LumberjackLogger.java,org.apache.commons.logging.impl.Jdk13LumberjackLogger,isInfoEnabled/0,false,243,1,1,2,3,1,0,0,2,1,1,0,0,0,0,0,0,0,0,0,0,0,0,9,1,0,true
C:\Users\Win-10\Documents\Mestrado\Sistema\commons-logging\src\main\java\org\apache\commons\logging\impl\Jdk13LumberjackLogger.java,org.apache.commons.logging.impl.Jdk13LumberjackLogger,fatal/1[java.lang.Object],false,173,1,1,2,3,0,0,1,2,1,2,0,0,0,0,0,0,0,0,0,0,0,0,9,1,0,true
C:\Users\Win-10\Documents\Mestrado\Sistema\commons-logging\src\main\java\org\apache\commons\logging\impl\Jdk14Logger.java,org.apache.commons.logging.impl.Jdk14Logger,"info/2[java.lang.Object,java.lang.Throwable]",false,186,1,1,2,3,0,0,2,2,1,2,0,0,0,0,0,0,0,0,0,0,0,0,11,1,0,true
C:\Users\Win-10\Documents\Mestrado\Sistema\commons-logging\src\main\java\org\apache\commons\logging\impl\Jdk14Logger.java,org.apache.commons.logging.impl.Jdk14Logger,isDebugEnabled/0,false,193,1,1,2,3,1,0,0,2,1,1,0,0,0,0,0,0,0,0,0,0,0,0,9,1,0,true
C:\Users\Win-10\Documents\Mestrado\Sistema\commons-logging\src\main\java\org\apache\commons\logging\impl\Jdk14Logger.java,org.apache.commons.logging.impl.Jdk14Logger,Jdk14Logger/1[java.lang.String],true,53,1,1,1,4,0,0,1,1,1,1,0,0,0,0,0,0,2,0,0,0,0,0,15,1,0,true
C:\Users\Win-10\Documents\Mestrado\Sistema\commons-logging\src\main\java\org\apache\commons\logging\impl\Jdk14Logger.java,org.apache.commons.logging.impl.Jdk14Logger,"log/3[java.util.logging.Level,java.lang.String,java.lang.Throwable]",false,72,1,5,6,19,0,6,3,6,1,1,0,2,0,0,1,2,7,0,2,0,0,0,19,4,0,false
C:\Users\Win-10\Documents\Mestrado\Sistema\commons-logging\src\main\java\org\apache\commons\logging\impl\Jdk14Logger.java,org.apache.commons.logging.impl.Jdk14Logger,warn/1[java.lang.Object],false,259,1,1,2,3,0,0,1,2,1,2,0,0,0,0,0,0,0,0,0,0,0,0,9,1,0,true
C:\Users\Win-10\Documents\Mestrado\Sistema\commons-logging\src\main\java\org\apache\commons\logging\impl\Jdk14Logger.java,org.apache.commons.logging.impl.Jdk14Logger,"warn/2[java.lang.Object,java.lang.Throwable]",false,270,1,1,2,3,0,0,2,2,1,2,0,0,0,0,0,0,0,0,0,0,0,0,11,1,0,true
C:\Users\Win-10\Documents\Mestrado\Sistema\commons-logging\src\main\java\org\apache\commons\logging\impl\Jdk14Logger.java,org.apache.commons.logging.impl.Jdk14Logger,isErrorEnabled/0,false,200,1,1,2,3,1,0,0,2,1,1,0,0,0,0,0,0,0,0,0,0,0,0,9,1,0,true
C:\Users\Win-10\Documents\Mestrado\Sistema\commons-logging\src\main\java\org\apache\commons\logging\impl\Jdk14Logger.java,org.apache.commons.logging.impl.Jdk14Logger,isWarnEnabled/0,false,228,1,1,2,3,1,0,0,2,1,1,0,0,0,0,0,0,0,0,0,0,0,0,9,1,0,true
C:\Users\Win-10\Documents\Mestrado\Sistema\commons-logging\src\main\java\org\apache\commons\logging\impl\Jdk14Logger.java,org.apache.commons.logging.impl.Jdk14Logger,getLogger/0,false,162,0,2,1,6,1,0,0,1,0,0,0,1,0,0,0,0,1,0,1,0,0,0,10,1,0,true
C:\Users\Win-10\Documents\Mestrado\Sistema\commons-logging\src\main\java\org\apache\commons\logging\impl\Jdk14Logger.java,org.apache.commons.logging.impl.Jdk14Logger,trace/1[java.lang.Object],false,238,1,1,2,3,0,0,1,2,1,2,0,0,0,0,0,0,0,0,0,0,0,0,9,1,0,true
C:\Users\Win-10\Documents\Mestrado\Sistema\commons-logging\src\main\java\org\apache\commons\logging\impl\Jdk14Logger.java,org.apache.commons.logging.impl.Jdk14Logger,"fatal/2[java.lang.Object,java.lang.Throwable]",false,155,1,1,2,3,0,0,2,2,1,2,0,0,0,0,0,0,0,0,0,0,0,0,11,1,0,true
C:\Users\Win-10\Documents\Mestrado\Sistema\commons-logging\src\main\java\org\apache\commons\logging\impl\Jdk14Logger.java,org.apache.commons.logging.impl.Jdk14Logger,"debug/2[java.lang.Object,java.lang.Throwable]",false,113,1,1,2,3,0,0,2,2,1,2,0,0,0,0,0,0,0,0,0,0,0,0,11,1,0,true
C:\Users\Win-10\Documents\Mestrado\Sistema\commons-logging\src\main\java\org\apache\commons\logging\impl\Jdk14Logger.java,org.apache.commons.logging.impl.Jdk14Logger,isTraceEnabled/0,false,221,1,1,2,3,1,0,0,2,1,1,0,0,0,0,0,0,0,0,0,0,0,0,9,1,0,true
C:\Users\Win-10\Documents\Mestrado\Sistema\commons-logging\src\main\java\org\apache\commons\logging\impl\Jdk14Logger.java,org.apache.commons.logging.impl.Jdk14Logger,error/1[java.lang.Object],false,123,1,1,2,3,0,0,1,2,1,2,0,0,0,0,0,0,0,0,0,0,0,0,9,1,0,true
C:\Users\Win-10\Documents\Mestrado\Sistema\commons-logging\src\main\java\org\apache\commons\logging\impl\Jdk14Logger.java,org.apache.commons.logging.impl.Jdk14Logger,debug/1[java.lang.Object],false,102,1,1,2,3,0,0,1,2,1,2,0,0,0,0,0,0,0,0,0,0,0,0,9,1,0,true
C:\Users\Win-10\Documents\Mestrado\Sistema\commons-logging\src\main\java\org\apache\commons\logging\impl\Jdk14Logger.java,org.apache.commons.logging.impl.Jdk14Logger,"error/2[java.lang.Object,java.lang.Throwable]",false,134,1,1,2,3,0,0,2,2,1,2,0,0,0,0,0,0,0,0,0,0,0,0,11,1,0,true
C:\Users\Win-10\Documents\Mestrado\Sistema\commons-logging\src\main\java\org\apache\commons\logging\impl\Jdk14Logger.java,org.apache.commons.logging.impl.Jdk14Logger,"trace/2[java.lang.Object,java.lang.Throwable]",false,249,1,1,2,3,0,0,2,2,1,2,0,0,0,0,0,0,0,0,0,0,0,0,11,1,0,true
C:\Users\Win-10\Documents\Mestrado\Sistema\commons-logging\src\main\java\org\apache\commons\logging\impl\Jdk14Logger.java,org.apache.commons.logging.impl.Jdk14Logger,info/1[java.lang.Object],false,175,1,1,2,3,0,0,1,2,1,2,0,0,0,0,0,0,0,0,0,0,0,0,9,1,0,true
C:\Users\Win-10\Documents\Mestrado\Sistema\commons-logging\src\main\java\org\apache\commons\logging\impl\Jdk14Logger.java,org.apache.commons.logging.impl.Jdk14Logger,fatal/1[java.lang.Object],false,144,1,1,2,3,0,0,1,2,1,2,0,0,0,0,0,0,0,0,0,0,0,0,9,1,0,true
C:\Users\Win-10\Documents\Mestrado\Sistema\commons-logging\src\main\java\org\apache\commons\logging\impl\Jdk14Logger.java,org.apache.commons.logging.impl.Jdk14Logger,isFatalEnabled/0,false,207,1,1,2,3,1,0,0,2,1,1,0,0,0,0,0,0,0,0,0,0,0,0,9,1,0,true
C:\Users\Win-10\Documents\Mestrado\Sistema\commons-logging\src\main\java\org\apache\commons\logging\impl\Jdk14Logger.java,org.apache.commons.logging.impl.Jdk14Logger,isInfoEnabled/0,false,214,1,1,2,3,1,0,0,2,1,1,0,0,0,0,0,0,0,0,0,0,0,0,9,1,0,true
C:\Users\Win-10\Documents\Mestrado\Sistema\commons-logging\src\main\java\org\apache\commons\logging\impl\Log4JLogger.java,org.apache.commons.logging.impl.Log4JLogger,"info/2[java.lang.Object,java.lang.Throwable]",false,186,1,1,2,3,0,0,2,2,1,1,0,0,0,0,0,0,0,0,0,0,0,0,13,1,0,true
C:\Users\Win-10\Documents\Mestrado\Sistema\commons-logging\src\main\java\org\apache\commons\logging\impl\Log4JLogger.java,org.apache.commons.logging.impl.Log4JLogger,debug/1[java.lang.Object],false,154,1,1,2,3,0,0,1,2,1,1,0,0,0,0,0,0,0,0,0,0,0,0,11,1,0,true
C:\Users\Win-10\Documents\Mestrado\Sistema\commons-logging\src\main\java\org\apache\commons\logging\impl\Log4JLogger.java,org.apache.commons.logging.impl.Log4JLogger,"debug/2[java.lang.Object,java.lang.Throwable]",false,165,1,1,2,3,0,0,2,2,1,1,0,0,0,0,0,0,0,0,0,0,0,0,13,1,0,true
C:\Users\Win-10\Documents\Mestrado\Sistema\commons-logging\src\main\java\org\apache\commons\logging\impl\Log4JLogger.java,org.apache.commons.logging.impl.Log4JLogger,isFatalEnabled/0,false,286,1,1,2,3,1,0,0,2,1,1,0,0,0,0,0,0,0,0,0,0,0,0,12,1,0,true
C:\Users\Win-10\Documents\Mestrado\Sistema\commons-logging\src\main\java\org\apache\commons\logging\impl\Log4JLogger.java,org.apache.commons.logging.impl.Log4JLogger,(initializer 1),false,77,2,3,3,13,0,1,0,3,0,0,0,0,1,0,2,0,3,0,1,0,0,0,10,8,0,false
C:\Users\Win-10\Documents\Mestrado\Sistema\commons-logging\src\main\java\org\apache\commons\logging\impl\Log4JLogger.java,org.apache.commons.logging.impl.Log4JLogger,warn/1[java.lang.Object],false,196,1,1,2,3,0,0,1,2,1,1,0,0,0,0,0,0,0,0,0,0,0,0,11,1,0,true
C:\Users\Win-10\Documents\Mestrado\Sistema\commons-logging\src\main\java\org\apache\commons\logging\impl\Log4JLogger.java,org.apache.commons.logging.impl.Log4JLogger,Log4JLogger/1[java.lang.String],true,106,1,1,1,4,0,0,1,1,1,1,0,0,0,0,0,0,2,0,0,0,0,0,6,1,0,true
C:\Users\Win-10\Documents\Mestrado\Sistema\commons-logging\src\main\java\org\apache\commons\logging\impl\Log4JLogger.java,org.apache.commons.logging.impl.Log4JLogger,Log4JLogger/1[org.apache.commons.logging.impl.Logger],true,114,1,2,1,7,0,0,1,1,0,0,0,1,0,0,1,0,2,0,1,0,0,0,16,1,0,true
C:\Users\Win-10\Documents\Mestrado\Sistema\commons-logging\src\main\java\org\apache\commons\logging\impl\Log4JLogger.java,org.apache.commons.logging.impl.Log4JLogger,"warn/2[java.lang.Object,java.lang.Throwable]",false,207,1,1,2,3,0,0,2,2,1,1,0,0,0,0,0,0,0,0,0,0,0,0,13,1,0,true
C:\Users\Win-10\Documents\Mestrado\Sistema\commons-logging\src\main\java\org\apache\commons\logging\impl\Log4JLogger.java,org.apache.commons.logging.impl.Log4JLogger,getLogger/0,false,256,1,3,1,12,1,1,0,1,0,0,0,2,0,0,0,0,4,0,3,0,0,0,11,1,0,true
C:\Users\Win-10\Documents\Mestrado\Sistema\commons-logging\src\main\java\org\apache\commons\logging\impl\Log4JLogger.java,org.apache.commons.logging.impl.Log4JLogger,isInfoEnabled/0,false,293,1,1,2,3,1,0,0,2,1,1,0,0,0,0,0,0,0,0,0,0,0,0,12,1,0,true
C:\Users\Win-10\Documents\Mestrado\Sistema\commons-logging\src\main\java\org\apache\commons\logging\impl\Log4JLogger.java,org.apache.commons.logging.impl.Log4JLogger,"trace/2[java.lang.Object,java.lang.Throwable]",false,144,1,1,2,3,0,0,2,2,1,1,0,0,0,0,0,0,0,0,0,0,0,0,26,1,0,true
C:\Users\Win-10\Documents\Mestrado\Sistema\commons-logging\src\main\java\org\apache\commons\logging\impl\Log4JLogger.java,org.apache.commons.logging.impl.Log4JLogger,"fatal/2[java.lang.Object,java.lang.Throwable]",false,249,1,1,2,3,0,0,2,2,1,1,0,0,0,0,0,0,0,0,0,0,0,0,13,1,0,true
C:\Users\Win-10\Documents\Mestrado\Sistema\commons-logging\src\main\java\org\apache\commons\logging\impl\Log4JLogger.java,org.apache.commons.logging.impl.Log4JLogger,error/1[java.lang.Object],false,217,1,1,2,3,0,0,1,2,1,1,0,0,0,0,0,0,0,0,0,0,0,0,11,1,0,true
C:\Users\Win-10\Documents\Mestrado\Sistema\commons-logging\src\main\java\org\apache\commons\logging\impl\Log4JLogger.java,org.apache.commons.logging.impl.Log4JLogger,"error/2[java.lang.Object,java.lang.Throwable]",false,228,1,1,2,3,0,0,2,2,1,1,0,0,0,0,0,0,0,0,0,0,0,0,13,1,0,true
C:\Users\Win-10\Documents\Mestrado\Sistema\commons-logging\src\main\java\org\apache\commons\logging\impl\Log4JLogger.java,org.apache.commons.logging.impl.Log4JLogger,isDebugEnabled/0,false,272,1,1,2,3,1,0,0,2,1,1,0,0,0,0,0,0,0,0,0,0,0,0,12,1,0,true
C:\Users\Win-10\Documents\Mestrado\Sistema\commons-logging\src\main\java\org\apache\commons\logging\impl\Log4JLogger.java,org.apache.commons.logging.impl.Log4JLogger,isTraceEnabled/0,false,302,1,1,2,3,1,0,0,2,1,1,0,0,0,0,0,0,0,0,0,0,0,0,32,1,0,true
C:\Users\Win-10\Documents\Mestrado\Sistema\commons-logging\src\main\java\org\apache\commons\logging\impl\Log4JLogger.java,org.apache.commons.logging.impl.Log4JLogger,Log4JLogger/0,true,99,0,1,0,3,0,0,0,0,0,0,0,0,0,0,0,0,1,0,0,0,0,0,5,1,0,false
C:\Users\Win-10\Documents\Mestrado\Sistema\commons-logging\src\main\java\org\apache\commons\logging\impl\Log4JLogger.java,org.apache.commons.logging.impl.Log4JLogger,isErrorEnabled/0,false,279,1,1,2,3,1,0,0,2,1,1,0,0,0,0,0,0,0,0,0,0,0,0,12,1,0,true
C:\Users\Win-10\Documents\Mestrado\Sistema\commons-logging\src\main\java\org\apache\commons\logging\impl\Log4JLogger.java,org.apache.commons.logging.impl.Log4JLogger,info/1[java.lang.Object],false,175,1,1,2,3,0,0,1,2,1,1,0,0,0,0,0,0,0,0,0,0,0,0,11,1,0,true
C:\Users\Win-10\Documents\Mestrado\Sistema\commons-logging\src\main\java\org\apache\commons\logging\impl\Log4JLogger.java,org.apache.commons.logging.impl.Log4JLogger,fatal/1[java.lang.Object],false,238,1,1,2,3,0,0,1,2,1,1,0,0,0,0,0,0,0,0,0,0,0,0,11,1,0,true
C:\Users\Win-10\Documents\Mestrado\Sistema\commons-logging\src\main\java\org\apache\commons\logging\impl\Log4JLogger.java,org.apache.commons.logging.impl.Log4JLogger,trace/1[java.lang.Object],false,131,1,1,2,3,0,0,1,2,1,1,0,0,0,0,0,0,0,0,0,0,0,0,24,1,0,true
C:\Users\Win-10\Documents\Mestrado\Sistema\commons-logging\src\main\java\org\apache\commons\logging\impl\Log4JLogger.java,org.apache.commons.logging.impl.Log4JLogger,isWarnEnabled/0,false,309,1,1,2,3,1,0,0,2,1,1,0,0,0,0,0,0,0,0,0,0,0,0,12,1,0,true
C:\Users\Win-10\Documents\Mestrado\Sistema\commons-logging\src\main\java\org\apache\commons\logging\impl\LogFactoryImpl.java,org.apache.commons.logging.impl.LogFactoryImpl$Anonymous2,run/0,false,618,0,1,1,3,1,0,0,1,0,0,0,0,0,0,0,0,0,0,0,0,0,0,2,1,0,false
C:\Users\Win-10\Documents\Mestrado\Sistema\commons-logging\src\main\java\org\apache\commons\logging\impl\LogFactoryImpl.java,org.apache.commons.logging.impl.LogFactoryImpl,removeAttribute/1[java.lang.String],false,318,0,1,1,3,0,0,1,1,0,0,0,0,0,0,0,0,0,0,0,0,0,0,20,1,0,true
C:\Users\Win-10\Documents\Mestrado\Sistema\commons-logging\src\main\java\org\apache\commons\logging\impl\LogFactoryImpl.java,org.apache.commons.logging.impl.LogFactoryImpl,"informUponSimilarName/3[java.lang.StringBuffer,java.lang.String,java.lang.String]",false,863,0,3,3,10,1,0,3,3,0,0,0,0,0,0,2,3,0,1,1,0,0,0,27,2,0,true
C:\Users\Win-10\Documents\Mestrado\Sistema\commons-logging\src\main\java\org\apache\commons\logging\impl\LogFactoryImpl.java,org.apache.commons.logging.impl.LogFactoryImpl,isDiagnosticsEnabled/0,false,382,1,1,1,3,1,0,0,1,0,0,0,0,0,0,0,0,0,0,0,0,0,0,10,12,0,true
C:\Users\Win-10\Documents\Mestrado\Sistema\commons-logging\src\main\java\org\apache\commons\logging\impl\LogFactoryImpl.java,org.apache.commons.logging.impl.LogFactoryImpl,"setAttribute/2[java.lang.String,java.lang.Object]",false,346,1,4,7,14,0,0,2,7,1,2,0,3,0,0,1,0,1,0,1,0,0,0,93,1,0,true
C:\Users\Win-10\Documents\Mestrado\Sistema\commons-logging\src\main\java\org\apache\commons\logging\impl\LogFactoryImpl.java,org.apache.commons.logging.impl.LogFactoryImpl,initDiagnostics/0,false,409,2,3,4,17,0,3,0,4,1,1,0,1,1,0,5,0,6,1,2,0,0,0,75,2,0,true
C:\Users\Win-10\Documents\Mestrado\Sistema\commons-logging\src\main\java\org\apache\commons\logging\impl\LogFactoryImpl.java,org.apache.commons.logging.impl.LogFactoryImpl,"getLowestClassLoader/2[java.lang.ClassLoader,java.lang.ClassLoader]",false,1204,1,7,1,24,5,1,2,1,1,3,2,6,0,0,0,0,4,0,2,0,0,0,27,2,0,true
C:\Users\Win-10\Documents\Mestrado\Sistema\commons-logging\src\main\java\org\apache\commons\logging\impl\LogFactoryImpl.java,org.apache.commons.logging.impl.LogFactoryImpl,discoverLogImplementation/1[java.lang.String],false,772,3,9,8,35,2,4,1,8,6,11,1,4,0,0,8,1,6,2,2,0,0,0,65,2,0,true
C:\Users\Win-10\Documents\Mestrado\Sistema\commons-logging\src\main\java\org\apache\commons\logging\impl\LogFactoryImpl.java,org.apache.commons.logging.impl.LogFactoryImpl,getInstance/1[java.lang.Class],false,268,2,1,2,3,1,0,1,2,1,14,0,0,0,0,0,0,0,0,0,0,0,0,28,1,0,true
C:\Users\Win-10\Documents\Mestrado\Sistema\commons-logging\src\main\java\org\apache\commons\logging\impl\LogFactoryImpl.java,org.apache.commons.logging.impl.LogFactoryImpl,getContextClassLoaderInternal/0,false,596,0,1,1,8,1,0,0,1,0,0,0,0,0,0,0,0,0,0,0,1,0,0,67,10,0,true
C:\Users\Win-10\Documents\Mestrado\Sistema\commons-logging\src\main\java\org\apache\commons\logging\impl\LogFactoryImpl.java,org.apache.commons.logging.impl.LogFactoryImpl,getContextClassLoader/0,false,374,1,1,1,3,1,0,0,1,0,0,0,0,0,0,0,0,0,0,0,0,0,0,17,12,0,true
C:\Users\Win-10\Documents\Mestrado\Sistema\commons-logging\src\main\java\org\apache\commons\logging\impl\LogFactoryImpl.java,org.apache.commons.logging.impl.LogFactoryImpl,getLogClassName/0,false,454,1,2,3,6,1,0,0,3,1,12,0,1,0,0,0,0,0,0,1,0,0,0,26,4,0,true
C:\Users\Win-10\Documents\Mestrado\Sistema\commons-logging\src\main\java\org\apache\commons\logging\impl\LogFactoryImpl.java,org.apache.commons.logging.impl.LogFactoryImpl,getInstance/1[java.lang.String],false,289,2,2,3,8,1,1,1,3,1,13,0,1,0,0,0,0,2,0,1,0,0,0,53,1,0,true
C:\Users\Win-10\Documents\Mestrado\Sistema\commons-logging\src\main\java\org\apache\commons\logging\impl\LogFactoryImpl.java,org.apache.commons.logging.impl.LogFactoryImpl,getBaseClassLoader/0,false,1133,2,8,5,30,3,3,0,5,5,4,0,2,0,0,14,0,3,4,3,0,0,0,99,2,0,true
C:\Users\Win-10\Documents\Mestrado\Sistema\commons-logging\src\main\java\org\apache\commons\logging\impl\LogFactoryImpl.java,org.apache.commons.logging.impl.LogFactoryImpl,LogFactoryImpl/0,true,85,1,2,3,7,0,0,0,3,3,3,0,0,0,0,1,0,0,0,1,0,0,0,17,1,0,true
C:\Users\Win-10\Documents\Mestrado\Sistema\commons-logging\src\main\java\org\apache\commons\logging\impl\LogFactoryImpl.java,org.apache.commons.logging.impl.LogFactoryImpl,isJdk13LumberjackAvailable/0,false,495,1,1,1,3,1,0,0,1,1,8,0,0,0,0,2,0,0,0,0,0,0,0,21,4,0,true
C:\Users\Win-10\Documents\Mestrado\Sistema\commons-logging\src\main\java\org\apache\commons\logging\impl\LogFactoryImpl.java,org.apache.commons.logging.impl.LogFactoryImpl,"handleFlawedHierarchy/2[java.lang.ClassLoader,java.lang.Class]",false,1321,4,12,11,63,0,9,2,11,3,2,1,0,1,0,19,1,10,3,3,0,0,0,106,2,0,true
C:\Users\Win-10\Documents\Mestrado\Sistema\commons-logging\src\main\java\org\apache\commons\logging\impl\LogFactoryImpl.java,org.apache.commons.logging.impl.LogFactoryImpl,release/0,false,306,1,1,2,4,0,0,0,2,1,2,0,0,0,0,1,0,0,0,0,0,0,0,36,1,0,true
C:\Users\Win-10\Documents\Mestrado\Sistema\commons-logging\src\main\java\org\apache\commons\logging\impl\LogFactoryImpl.java,org.apache.commons.logging.impl.LogFactoryImpl,getAttribute/1[java.lang.String],false,246,0,1,1,3,1,0,1,1,0,0,0,0,0,0,0,0,0,0,0,0,0,0,20,1,0,true
C:\Users\Win-10\Documents\Mestrado\Sistema\commons-logging\src\main\java\org\apache\commons\logging\impl\LogFactoryImpl.java,org.apache.commons.logging.impl.LogFactoryImpl,getLogConstructor/0,false,479,1,2,3,6,1,0,0,3,1,12,0,1,0,0,0,0,0,0,1,0,0,0,60,4,0,true
C:\Users\Win-10\Documents\Mestrado\Sistema\commons-logging\src\main\java\org\apache\commons\logging\impl\LogFactoryImpl.java,org.apache.commons.logging.impl.LogFactoryImpl,isLog4JAvailable/0,false,522,1,1,1,3,1,0,0,1,1,8,0,0,0,0,1,0,0,0,0,0,0,0,18,4,0,true
C:\Users\Win-10\Documents\Mestrado\Sistema\commons-logging\src\main\java\org\apache\commons\logging\impl\LogFactoryImpl.java,org.apache.commons.logging.impl.LogFactoryImpl,getClassLoader/1[java.lang.Class],false,391,1,1,1,3,1,0,1,1,0,0,0,0,0,0,0,0,0,0,0,0,0,0,12,12,0,true
C:\Users\Win-10\Documents\Mestrado\Sistema\commons-logging\src\main\java\org\apache\commons\logging\impl\LogFactoryImpl.java,org.apache.commons.logging.impl.LogFactoryImpl,newInstance/1[java.lang.String],false,537,4,7,5,28,1,4,1,5,1,12,0,3,1,0,0,0,5,0,2,0,0,0,33,4,0,true
C:\Users\Win-10\Documents\Mestrado\Sistema\commons-logging\src\main\java\org\apache\commons\logging\impl\LogFactoryImpl.java,org.apache.commons.logging.impl.LogFactoryImpl,"isLogLibraryAvailable/2[java.lang.String,java.lang.String]",false,651,2,7,5,26,3,1,2,5,3,7,0,1,1,0,8,0,1,4,3,0,0,0,44,2,0,true
C:\Users\Win-10\Documents\Mestrado\Sistema\commons-logging\src\main\java\org\apache\commons\logging\impl\LogFactoryImpl.java,org.apache.commons.logging.impl.LogFactoryImpl,logDiagnostic/1[java.lang.String],false,441,2,2,2,5,0,0,1,2,1,1,0,0,0,0,0,0,0,1,1,0,0,0,20,4,0,true
C:\Users\Win-10\Documents\Mestrado\Sistema\commons-logging\src\main\java\org\apache\commons\logging\impl\LogFactoryImpl.java,org.apache.commons.logging.impl.LogFactoryImpl,initConfiguration/0,false,756,1,1,1,5,0,0,0,1,1,4,0,0,0,0,0,0,3,0,0,0,0,0,45,2,0,true
C:\Users\Win-10\Documents\Mestrado\Sistema\commons-logging\src\main\java\org\apache\commons\logging\impl\LogFactoryImpl.java,org.apache.commons.logging.impl.LogFactoryImpl,"createLogFromClass/3[java.lang.String,java.lang.String,boolean]",false,958,4,17,19,91,1,12,3,19,6,6,1,4,4,0,33,0,23,13,4,0,0,0,116,2,0,true
C:\Users\Win-10\Documents\Mestrado\Sistema\commons-logging\src\main\java\org\apache\commons\logging\impl\LogFactoryImpl.java,org.apache.commons.logging.impl.LogFactoryImpl,"getSystemProperty/2[java.lang.String,java.lang.String]",false,615,0,1,1,8,1,0,2,1,0,0,0,0,0,0,0,0,0,0,0,1,0,0,57,10,0,true
C:\Users\Win-10\Documents\Mestrado\Sistema\commons-logging\src\main\java\org\apache\commons\logging\impl\LogFactoryImpl.java,org.apache.commons.logging.impl.LogFactoryImpl,"handleFlawedDiscovery/3[java.lang.String,java.lang.ClassLoader,java.lang.Throwable]",false,1257,2,7,9,24,0,5,3,9,2,2,0,2,0,0,6,0,5,3,5,0,0,0,73,2,0,true
C:\Users\Win-10\Documents\Mestrado\Sistema\commons-logging\src\main\java\org\apache\commons\logging\impl\LogFactoryImpl.java,org.apache.commons.logging.impl.LogFactoryImpl,isJdk14Available/0,false,510,1,1,1,3,1,0,0,1,1,8,0,0,0,0,2,0,0,0,0,0,0,0,31,4,0,true
C:\Users\Win-10\Documents\Mestrado\Sistema\commons-logging\src\main\java\org\apache\commons\logging\impl\LogFactoryImpl.java,org.apache.commons.logging.impl.LogFactoryImpl,"getBooleanConfiguration/2[java.lang.String,boolean]",false,741,1,2,3,7,2,1,2,3,1,3,0,1,0,0,0,0,1,0,1,0,0,0,22,2,0,true
C:\Users\Win-10\Documents\Mestrado\Sistema\commons-logging\src\main\java\org\apache\commons\logging\impl\LogFactoryImpl.java,org.apache.commons.logging.impl.LogFactoryImpl,findUserSpecifiedLogClassName/0,false,887,1,13,6,42,1,1,0,6,4,2,0,4,2,0,12,0,5,6,3,0,0,0,51,2,0,true
C:\Users\Win-10\Documents\Mestrado\Sistema\commons-logging\src\main\java\org\apache\commons\logging\impl\LogFactoryImpl.java,org.apache.commons.logging.impl.LogFactoryImpl,getParentClassLoader/1[java.lang.ClassLoader],false,631,1,2,2,14,2,0,1,2,1,2,0,0,1,0,1,0,0,0,1,1,0,0,33,2,0,true
C:\Users\Win-10\Documents\Mestrado\Sistema\commons-logging\src\main\java\org\apache\commons\logging\impl\LogFactoryImpl.java,org.apache.commons.logging.impl.LogFactoryImpl,getAttributeNames/0,false,255,0,1,3,3,1,0,0,3,0,0,0,0,0,0,0,0,0,0,0,0,0,0,23,1,0,true
C:\Users\Win-10\Documents\Mestrado\Sistema\commons-logging\src\main\java\org\apache\commons\logging\impl\LogFactoryImpl.java,org.apache.commons.logging.impl.LogFactoryImpl,getConfigurationValue/1[java.lang.String],false,691,1,11,5,36,3,2,1,5,4,2,0,2,1,0,9,0,2,7,3,0,0,0,62,2,0,true
C:\Users\Win-10\Documents\Mestrado\Sistema\commons-logging\src\main\java\org\apache\commons\logging\impl\LogFactoryImpl.java,org.apache.commons.logging.impl.LogFactoryImpl$Anonymous1,run/0,false,599,1,1,1,3,1,0,0,1,0,0,0,0,0,0,0,0,0,0,0,0,0,0,2,1,0,false
C:\Users\Win-10\Documents\Mestrado\Sistema\commons-logging\src\main\java\org\apache\commons\logging\impl\LogFactoryImpl.java,org.apache.commons.logging.impl.LogFactoryImpl$Anonymous3,run/0,false,635,0,1,1,3,1,0,0,1,0,0,0,0,0,0,0,0,0,0,0,0,0,0,2,1,0,false
C:\Users\Win-10\Documents\Mestrado\Sistema\commons-logging\src\main\java\org\apache\commons\logging\impl\LogKitLogger.java,org.apache.commons.logging.impl.LogKitLogger,warn/1[java.lang.Object],false,159,1,2,3,5,0,0,1,3,1,1,0,1,0,0,0,0,0,0,1,0,0,0,12,1,1,true
C:\Users\Win-10\Documents\Mestrado\Sistema\commons-logging\src\main\java\org\apache\commons\logging\impl\LogKitLogger.java,org.apache.commons.logging.impl.LogKitLogger,isInfoEnabled/0,false,252,1,1,2,3,1,0,0,2,1,1,0,0,0,0,0,0,0,0,0,0,0,0,15,1,0,true
C:\Users\Win-10\Documents\Mestrado\Sistema\commons-logging\src\main\java\org\apache\commons\logging\impl\LogKitLogger.java,org.apache.commons.logging.impl.LogKitLogger,"fatal/2[java.lang.Object,java.lang.Throwable]",false,222,1,2,3,5,0,0,2,3,1,1,0,1,0,0,0,0,0,0,1,0,0,0,14,1,0,true
C:\Users\Win-10\Documents\Mestrado\Sistema\commons-logging\src\main\java\org\apache\commons\logging\impl\LogKitLogger.java,org.apache.commons.logging.impl.LogKitLogger,info/1[java.lang.Object],false,134,1,2,3,5,0,0,1,3,1,1,0,1,0,0,0,0,0,0,1,0,0,0,12,1,1,true
C:\Users\Win-10\Documents\Mestrado\Sistema\commons-logging\src\main\java\org\apache\commons\logging\impl\LogKitLogger.java,org.apache.commons.logging.impl.LogKitLogger,isWarnEnabled/0,false,266,1,1,2,3,1,0,0,2,1,1,0,0,0,0,0,0,0,0,0,0,0,0,15,1,0,true
C:\Users\Win-10\Documents\Mestrado\Sistema\commons-logging\src\main\java\org\apache\commons\logging\impl\LogKitLogger.java,org.apache.commons.logging.impl.LogKitLogger,"warn/2[java.lang.Object,java.lang.Throwable]",false,172,1,2,3,5,0,0,2,3,1,1,0,1,0,0,0,0,0,0,1,0,0,0,14,1,1,true
C:\Users\Win-10\Documents\Mestrado\Sistema\commons-logging\src\main\java\org\apache\commons\logging\impl\LogKitLogger.java,org.apache.commons.logging.impl.LogKitLogger,isTraceEnabled/0,false,259,1,1,2,3,1,0,0,2,1,1,0,0,0,0,0,0,0,0,0,0,0,0,15,1,0,true
C:\Users\Win-10\Documents\Mestrado\Sistema\commons-logging\src\main\java\org\apache\commons\logging\impl\LogKitLogger.java,org.apache.commons.logging.impl.LogKitLogger,isDebugEnabled/0,false,231,1,1,2,3,1,0,0,2,1,1,0,0,0,0,0,0,0,0,0,0,0,0,15,1,0,true
C:\Users\Win-10\Documents\Mestrado\Sistema\commons-logging\src\main\java\org\apache\commons\logging\impl\LogKitLogger.java,org.apache.commons.logging.impl.LogKitLogger,isErrorEnabled/0,false,238,1,1,2,3,1,0,0,2,1,1,0,0,0,0,0,0,0,0,0,0,0,0,15,1,0,true
C:\Users\Win-10\Documents\Mestrado\Sistema\commons-logging\src\main\java\org\apache\commons\logging\impl\LogKitLogger.java,org.apache.commons.logging.impl.LogKitLogger,getLogger/0,false,67,1,3,2,12,1,1,0,2,0,0,0,2,0,0,0,0,4,0,3,0,0,0,11,1,0,true
C:\Users\Win-10\Documents\Mestrado\Sistema\commons-logging\src\main\java\org\apache\commons\logging\impl\LogKitLogger.java,org.apache.commons.logging.impl.LogKitLogger,LogKitLogger/1[java.lang.String],true,57,1,1,1,4,0,0,1,1,1,1,0,0,0,0,0,0,2,0,0,0,0,0,14,1,0,true
C:\Users\Win-10\Documents\Mestrado\Sistema\commons-logging\src\main\java\org\apache\commons\logging\impl\LogKitLogger.java,org.apache.commons.logging.impl.LogKitLogger,"info/2[java.lang.Object,java.lang.Throwable]",false,147,1,2,3,5,0,0,2,3,1,1,0,1,0,0,0,0,0,0,1,0,0,0,14,1,1,true
C:\Users\Win-10\Documents\Mestrado\Sistema\commons-logging\src\main\java\org\apache\commons\logging\impl\LogKitLogger.java,org.apache.commons.logging.impl.LogKitLogger,error/1[java.lang.Object],false,184,1,2,3,5,0,0,1,3,1,1,0,1,0,0,0,0,0,0,1,0,0,0,12,1,1,true
C:\Users\Win-10\Documents\Mestrado\Sistema\commons-logging\src\main\java\org\apache\commons\logging\impl\LogKitLogger.java,org.apache.commons.logging.impl.LogKitLogger,"debug/2[java.lang.Object,java.lang.Throwable]",false,122,1,2,3,5,0,0,2,3,1,1,0,1,0,0,0,0,0,0,1,0,0,0,14,1,1,true
C:\Users\Win-10\Documents\Mestrado\Sistema\commons-logging\src\main\java\org\apache\commons\logging\impl\LogKitLogger.java,org.apache.commons.logging.impl.LogKitLogger,trace/1[java.lang.Object],false,88,1,1,1,3,0,0,1,1,1,2,0,0,0,0,0,0,0,0,0,0,0,0,10,1,0,true
C:\Users\Win-10\Documents\Mestrado\Sistema\commons-logging\src\main\java\org\apache\commons\logging\impl\LogKitLogger.java,org.apache.commons.logging.impl.LogKitLogger,"error/2[java.lang.Object,java.lang.Throwable]",false,197,1,2,3,5,0,0,2,3,1,1,0,1,0,0,0,0,0,0,1,0,0,0,14,1,1,true
C:\Users\Win-10\Documents\Mestrado\Sistema\commons-logging\src\main\java\org\apache\commons\logging\impl\LogKitLogger.java,org.apache.commons.logging.impl.LogKitLogger,"trace/2[java.lang.Object,java.lang.Throwable]",false,99,1,1,1,3,0,0,2,1,1,2,0,0,0,0,0,0,0,0,0,0,0,0,12,1,0,true
C:\Users\Win-10\Documents\Mestrado\Sistema\commons-logging\src\main\java\org\apache\commons\logging\impl\LogKitLogger.java,org.apache.commons.logging.impl.LogKitLogger,isFatalEnabled/0,false,245,1,1,2,3,1,0,0,2,1,1,0,0,0,0,0,0,0,0,0,0,0,0,15,1,0,true
C:\Users\Win-10\Documents\Mestrado\Sistema\commons-logging\src\main\java\org\apache\commons\logging\impl\LogKitLogger.java,org.apache.commons.logging.impl.LogKitLogger,fatal/1[java.lang.Object],false,209,1,2,3,5,0,0,1,3,1,1,0,1,0,0,0,0,0,0,1,0,0,0,12,1,0,true
C:\Users\Win-10\Documents\Mestrado\Sistema\commons-logging\src\main\java\org\apache\commons\logging\impl\LogKitLogger.java,org.apache.commons.logging.impl.LogKitLogger,debug/1[java.lang.Object],false,109,1,2,3,5,0,0,1,3,1,1,0,1,0,0,0,0,0,0,1,0,0,0,12,1,1,true
C:\Users\Win-10\Documents\Mestrado\Sistema\commons-logging\src\main\java\org\apache\commons\logging\impl\NoOpLog.java,org.apache.commons.logging.impl.NoOpLog,isInfoEnabled/0,false,89,0,1,0,3,1,0,0,0,0,0,0,0,0,0,0,0,0,0,0,0,0,0,5,17,0,true
C:\Users\Win-10\Documents\Mestrado\Sistema\commons-logging\src\main\java\org\apache\commons\logging\impl\NoOpLog.java,org.apache.commons.logging.impl.NoOpLog,"fatal/2[java.lang.Object,java.lang.Throwable]",false,61,0,1,0,2,0,0,2,0,0,0,0,0,0,0,0,0,0,0,0,0,0,0,5,1,0,true
C:\Users\Win-10\Documents\Mestrado\Sistema\commons-logging\src\main\java\org\apache\commons\logging\impl\NoOpLog.java,org.apache.commons.logging.impl.NoOpLog,isTraceEnabled/0,false,96,0,1,0,3,1,0,0,0,0,0,0,0,0,0,0,0,0,0,0,0,0,0,5,17,0,true
C:\Users\Win-10\Documents\Mestrado\Sistema\commons-logging\src\main\java\org\apache\commons\logging\impl\NoOpLog.java,org.apache.commons.logging.impl.NoOpLog,isDebugEnabled/0,false,68,0,1,0,3,1,0,0,0,0,0,0,0,0,0,0,0,0,0,0,0,0,0,5,17,0,true
C:\Users\Win-10\Documents\Mestrado\Sistema\commons-logging\src\main\java\org\apache\commons\logging\impl\NoOpLog.java,org.apache.commons.logging.impl.NoOpLog,"trace/2[java.lang.Object,java.lang.Throwable]",false,41,0,1,0,2,0,0,2,0,0,0,0,0,0,0,0,0,0,0,0,0,0,0,5,1,0,true
C:\Users\Win-10\Documents\Mestrado\Sistema\commons-logging\src\main\java\org\apache\commons\logging\impl\NoOpLog.java,org.apache.commons.logging.impl.NoOpLog,trace/1[java.lang.Object],false,39,0,1,0,2,0,0,1,0,0,0,0,0,0,0,0,0,0,0,0,0,0,0,5,1,0,true
C:\Users\Win-10\Documents\Mestrado\Sistema\commons-logging\src\main\java\org\apache\commons\logging\impl\NoOpLog.java,org.apache.commons.logging.impl.NoOpLog,fatal/1[java.lang.Object],false,59,0,1,0,2,0,0,1,0,0,0,0,0,0,0,0,0,0,0,0,0,0,0,5,1,0,true
C:\Users\Win-10\Documents\Mestrado\Sistema\commons-logging\src\main\java\org\apache\commons\logging\impl\NoOpLog.java,org.apache.commons.logging.impl.NoOpLog,"info/2[java.lang.Object,java.lang.Throwable]",false,49,0,1,0,2,0,0,2,0,0,0,0,0,0,0,0,0,0,0,0,0,0,0,5,1,0,true
C:\Users\Win-10\Documents\Mestrado\Sistema\commons-logging\src\main\java\org\apache\commons\logging\impl\NoOpLog.java,org.apache.commons.logging.impl.NoOpLog,"debug/2[java.lang.Object,java.lang.Throwable]",false,45,0,1,0,2,0,0,2,0,0,0,0,0,0,0,0,0,0,0,0,0,0,0,5,1,0,true
C:\Users\Win-10\Documents\Mestrado\Sistema\commons-logging\src\main\java\org\apache\commons\logging\impl\NoOpLog.java,org.apache.commons.logging.impl.NoOpLog,isErrorEnabled/0,false,75,0,1,0,3,1,0,0,0,0,0,0,0,0,0,0,0,0,0,0,0,0,0,5,17,0,true
C:\Users\Win-10\Documents\Mestrado\Sistema\commons-logging\src\main\java\org\apache\commons\logging\impl\NoOpLog.java,org.apache.commons.logging.impl.NoOpLog,isWarnEnabled/0,false,103,0,1,0,3,1,0,0,0,0,0,0,0,0,0,0,0,0,0,0,0,0,0,5,17,0,true
C:\Users\Win-10\Documents\Mestrado\Sistema\commons-logging\src\main\java\org\apache\commons\logging\impl\NoOpLog.java,org.apache.commons.logging.impl.NoOpLog,error/1[java.lang.Object],false,55,0,1,0,2,0,0,1,0,0,0,0,0,0,0,0,0,0,0,0,0,0,0,5,1,0,true
C:\Users\Win-10\Documents\Mestrado\Sistema\commons-logging\src\main\java\org\apache\commons\logging\impl\NoOpLog.java,org.apache.commons.logging.impl.NoOpLog,"warn/2[java.lang.Object,java.lang.Throwable]",false,53,0,1,0,2,0,0,2,0,0,0,0,0,0,0,0,0,0,0,0,0,0,0,5,1,0,true
C:\Users\Win-10\Documents\Mestrado\Sistema\commons-logging\src\main\java\org\apache\commons\logging\impl\NoOpLog.java,org.apache.commons.logging.impl.NoOpLog,warn/1[java.lang.Object],false,51,0,1,0,2,0,0,1,0,0,0,0,0,0,0,0,0,0,0,0,0,0,0,5,1,0,true
C:\Users\Win-10\Documents\Mestrado\Sistema\commons-logging\src\main\java\org\apache\commons\logging\impl\NoOpLog.java,org.apache.commons.logging.impl.NoOpLog,info/1[java.lang.Object],false,47,0,1,0,2,0,0,1,0,0,0,0,0,0,0,0,0,0,0,0,0,0,0,5,1,0,true
C:\Users\Win-10\Documents\Mestrado\Sistema\commons-logging\src\main\java\org\apache\commons\logging\impl\NoOpLog.java,org.apache.commons.logging.impl.NoOpLog,"error/2[java.lang.Object,java.lang.Throwable]",false,57,0,1,0,2,0,0,2,0,0,0,0,0,0,0,0,0,0,0,0,0,0,0,5,1,0,true
C:\Users\Win-10\Documents\Mestrado\Sistema\commons-logging\src\main\java\org\apache\commons\logging\impl\NoOpLog.java,org.apache.commons.logging.impl.NoOpLog,NoOpLog/1[java.lang.String],true,37,0,1,0,2,0,0,1,0,0,0,0,0,0,0,0,0,0,0,0,0,0,0,6,1,0,true
C:\Users\Win-10\Documents\Mestrado\Sistema\commons-logging\src\main\java\org\apache\commons\logging\impl\NoOpLog.java,org.apache.commons.logging.impl.NoOpLog,debug/1[java.lang.Object],false,43,0,1,0,2,0,0,1,0,0,0,0,0,0,0,0,0,0,0,0,0,0,0,5,1,0,true
C:\Users\Win-10\Documents\Mestrado\Sistema\commons-logging\src\main\java\org\apache\commons\logging\impl\NoOpLog.java,org.apache.commons.logging.impl.NoOpLog,NoOpLog/0,true,35,0,1,0,2,0,0,0,0,0,0,0,0,0,0,0,0,0,0,0,0,0,0,5,1,0,true
C:\Users\Win-10\Documents\Mestrado\Sistema\commons-logging\src\main\java\org\apache\commons\logging\impl\NoOpLog.java,org.apache.commons.logging.impl.NoOpLog,isFatalEnabled/0,false,82,0,1,0,3,1,0,0,0,0,0,0,0,0,0,0,0,0,0,0,0,0,0,5,17,0,true
C:\Users\Win-10\Documents\Mestrado\Sistema\commons-logging\src\main\java\org\apache\commons\logging\impl\ServletContextCleaner.java,org.apache.commons.logging.impl.ServletContextCleaner,contextInitialized/1[org.apache.commons.logging.impl.ServletContextEvent],false,133,1,1,0,2,0,0,1,0,0,0,0,0,0,0,0,0,0,0,0,0,0,0,16,1,0,true
C:\Users\Win-10\Documents\Mestrado\Sistema\commons-logging\src\main\java\org\apache\commons\logging\impl\ServletContextCleaner.java,org.apache.commons.logging.impl.ServletContextCleaner,contextDestroyed/1[org.apache.commons.logging.impl.ServletContextEvent],false,59,2,6,9,30,0,5,1,9,0,0,1,1,1,0,5,2,11,0,2,0,0,0,49,1,0,true
C:\Users\Win-10\Documents\Mestrado\Sistema\commons-logging\src\main\java\org\apache\commons\logging\impl\SimpleLog.java,org.apache.commons.logging.impl.SimpleLog$Anonymous1,run/0,false,643,1,2,3,9,2,1,0,3,0,0,0,1,0,0,0,0,1,0,1,0,0,0,11,1,0,false
C:\Users\Win-10\Documents\Mestrado\Sistema\commons-logging\src\main\java\org\apache\commons\logging\impl\SimpleLog.java,org.apache.commons.logging.impl.SimpleLog,"getStringProperty/2[java.lang.String,java.lang.String]",false,146,1,2,1,4,1,1,2,1,1,1,0,1,0,0,0,0,1,0,0,0,0,0,7,10,0,false
C:\Users\Win-10\Documents\Mestrado\Sistema\commons-logging\src\main\java\org\apache\commons\logging\impl\SimpleLog.java,org.apache.commons.logging.impl.SimpleLog,isFatalEnabled/0,false,542,1,1,1,3,1,0,0,1,1,1,0,0,0,0,0,0,0,0,0,0,0,0,25,17,0,true
C:\Users\Win-10\Documents\Mestrado\Sistema\commons-logging\src\main\java\org\apache\commons\logging\impl\SimpleLog.java,org.apache.commons.logging.impl.SimpleLog,SimpleLog/1[java.lang.String],true,209,1,12,6,38,0,2,1,6,2,1,1,2,0,0,13,2,7,3,1,0,0,0,20,1,0,true
C:\Users\Win-10\Documents\Mestrado\Sistema\commons-logging\src\main\java\org\apache\commons\logging\impl\SimpleLog.java,org.apache.commons.logging.impl.SimpleLog,getResourceAsStream/1[java.lang.String],false,640,0,1,1,14,1,0,1,1,0,0,0,0,0,0,0,0,0,0,0,1,0,0,17,10,0,false
C:\Users\Win-10\Documents\Mestrado\Sistema\commons-logging\src\main\java\org\apache\commons\logging\impl\SimpleLog.java,org.apache.commons.logging.impl.SimpleLog,error/1[java.lang.Object],false,469,1,2,2,5,0,0,1,2,2,2,0,0,0,0,0,0,0,0,1,0,0,0,12,17,0,true
C:\Users\Win-10\Documents\Mestrado\Sistema\commons-logging\src\main\java\org\apache\commons\logging\impl\SimpleLog.java,org.apache.commons.logging.impl.SimpleLog,info/1[java.lang.Object],false,419,1,2,2,5,0,0,1,2,2,2,0,0,0,0,0,0,0,0,1,0,0,0,12,17,0,true
C:\Users\Win-10\Documents\Mestrado\Sistema\commons-logging\src\main\java\org\apache\commons\logging\impl\SimpleLog.java,org.apache.commons.logging.impl.SimpleLog,getContextClassLoader/0,false,589,2,6,5,24,1,2,0,5,0,0,0,1,2,0,2,0,4,0,3,0,0,0,40,10,0,true
C:\Users\Win-10\Documents\Mestrado\Sistema\commons-logging\src\main\java\org\apache\commons\logging\impl\SimpleLog.java,org.apache.commons.logging.impl.SimpleLog,getStringProperty/1[java.lang.String],false,136,0,3,2,9,1,1,1,2,0,0,0,1,1,0,0,0,2,0,1,0,0,0,9,10,0,false
C:\Users\Win-10\Documents\Mestrado\Sistema\commons-logging\src\main\java\org\apache\commons\logging\impl\SimpleLog.java,org.apache.commons.logging.impl.SimpleLog,"error/2[java.lang.Object,java.lang.Throwable]",false,482,1,2,2,5,0,0,2,2,2,2,0,0,0,0,0,0,0,0,1,0,0,0,14,17,0,true
C:\Users\Win-10\Documents\Mestrado\Sistema\commons-logging\src\main\java\org\apache\commons\logging\impl\SimpleLog.java,org.apache.commons.logging.impl.SimpleLog,isErrorEnabled/0,false,531,1,1,1,3,1,0,0,1,1,1,0,0,0,0,0,0,0,0,0,0,0,0,25,17,0,true
C:\Users\Win-10\Documents\Mestrado\Sistema\commons-logging\src\main\java\org\apache\commons\logging\impl\SimpleLog.java,org.apache.commons.logging.impl.SimpleLog,"trace/2[java.lang.Object,java.lang.Throwable]",false,407,1,2,2,5,0,0,2,2,2,2,0,0,0,0,0,0,0,0,1,0,0,0,14,17,0,true
C:\Users\Win-10\Documents\Mestrado\Sistema\commons-logging\src\main\java\org\apache\commons\logging\impl\SimpleLog.java,org.apache.commons.logging.impl.SimpleLog,isTraceEnabled/0,false,564,1,1,1,3,1,0,0,1,1,1,0,0,0,0,0,0,0,0,0,0,0,0,25,17,0,true
C:\Users\Win-10\Documents\Mestrado\Sistema\commons-logging\src\main\java\org\apache\commons\logging\impl\SimpleLog.java,org.apache.commons.logging.impl.SimpleLog,debug/1[java.lang.Object],false,368,1,2,2,5,0,0,1,2,2,2,0,0,0,0,0,0,0,0,1,0,0,0,12,17,0,true
C:\Users\Win-10\Documents\Mestrado\Sistema\commons-logging\src\main\java\org\apache\commons\logging\impl\SimpleLog.java,org.apache.commons.logging.impl.SimpleLog,"getBooleanProperty/2[java.lang.String,boolean]",false,151,1,2,2,4,1,1,2,2,1,1,0,1,0,0,1,0,1,0,0,0,0,0,8,10,0,false
C:\Users\Win-10\Documents\Mestrado\Sistema\commons-logging\src\main\java\org\apache\commons\logging\impl\SimpleLog.java,org.apache.commons.logging.impl.SimpleLog,"debug/2[java.lang.Object,java.lang.Throwable]",false,382,1,2,2,5,0,0,2,2,2,2,0,0,0,0,0,0,0,0,1,0,0,0,14,17,0,true
C:\Users\Win-10\Documents\Mestrado\Sistema\commons-logging\src\main\java\org\apache\commons\logging\impl\SimpleLog.java,org.apache.commons.logging.impl.SimpleLog,isDebugEnabled/0,false,520,1,1,1,3,1,0,0,1,1,1,0,0,0,0,0,0,0,0,0,0,0,0,25,17,0,true
C:\Users\Win-10\Documents\Mestrado\Sistema\commons-logging\src\main\java\org\apache\commons\logging\impl\SimpleLog.java,org.apache.commons.logging.impl.SimpleLog,fatal/1[java.lang.Object],false,494,1,2,2,5,0,0,1,2,2,2,0,0,0,0,0,0,0,0,1,0,0,0,12,17,0,true
C:\Users\Win-10\Documents\Mestrado\Sistema\commons-logging\src\main\java\org\apache\commons\logging\impl\SimpleLog.java,org.apache.commons.logging.impl.SimpleLog,setLevel/1[int],false,256,0,1,0,3,0,0,1,0,0,0,0,0,0,0,0,0,1,0,0,0,0,0,7,1,0,true
C:\Users\Win-10\Documents\Mestrado\Sistema\commons-logging\src\main\java\org\apache\commons\logging\impl\SimpleLog.java,org.apache.commons.logging.impl.SimpleLog,write/1[java.lang.StringBuffer],false,344,0,1,2,3,0,0,1,2,0,0,0,0,0,0,0,0,0,0,0,0,0,0,24,4,0,true
C:\Users\Win-10\Documents\Mestrado\Sistema\commons-logging\src\main\java\org\apache\commons\logging\impl\SimpleLog.java,org.apache.commons.logging.impl.SimpleLog,trace/1[java.lang.Object],false,394,1,2,2,5,0,0,1,2,2,2,0,0,0,0,0,0,0,0,1,0,0,0,12,17,0,true
C:\Users\Win-10\Documents\Mestrado\Sistema\commons-logging\src\main\java\org\apache\commons\logging\impl\SimpleLog.java,org.apache.commons.logging.impl.SimpleLog,"warn/2[java.lang.Object,java.lang.Throwable]",false,457,1,2,2,5,0,0,2,2,2,2,0,0,0,0,0,0,0,0,1,0,0,0,14,17,0,true
C:\Users\Win-10\Documents\Mestrado\Sistema\commons-logging\src\main\java\org\apache\commons\logging\impl\SimpleLog.java,org.apache.commons.logging.impl.SimpleLog,"info/2[java.lang.Object,java.lang.Throwable]",false,432,1,2,2,5,0,0,2,2,2,2,0,0,0,0,0,0,0,0,1,0,0,0,14,17,0,true
C:\Users\Win-10\Documents\Mestrado\Sistema\commons-logging\src\main\java\org\apache\commons\logging\impl\SimpleLog.java,org.apache.commons.logging.impl.SimpleLog,"fatal/2[java.lang.Object,java.lang.Throwable]",false,507,1,2,2,5,0,0,2,2,2,2,0,0,0,0,0,0,0,0,1,0,0,0,14,17,0,true
C:\Users\Win-10\Documents\Mestrado\Sistema\commons-logging\src\main\java\org\apache\commons\logging\impl\SimpleLog.java,org.apache.commons.logging.impl.SimpleLog,warn/1[java.lang.Object],false,444,1,2,2,5,0,0,1,2,2,2,0,0,0,0,0,0,0,0,1,0,0,0,12,17,0,true
C:\Users\Win-10\Documents\Mestrado\Sistema\commons-logging\src\main\java\org\apache\commons\logging\impl\SimpleLog.java,org.apache.commons.logging.impl.SimpleLog,getLevel/0,false,263,0,1,0,3,1,0,0,0,0,0,0,0,0,0,0,0,0,0,0,0,0,0,6,1,0,true
C:\Users\Win-10\Documents\Mestrado\Sistema\commons-logging\src\main\java\org\apache\commons\logging\impl\SimpleLog.java,org.apache.commons.logging.impl.SimpleLog,isInfoEnabled/0,false,553,1,1,1,3,1,0,0,1,1,1,0,0,0,0,0,0,0,0,0,0,0,0,25,17,0,true
C:\Users\Win-10\Documents\Mestrado\Sistema\commons-logging\src\main\java\org\apache\commons\logging\impl\SimpleLog.java,org.apache.commons.logging.impl.SimpleLog,isWarnEnabled/0,false,575,1,1,1,3,1,0,0,1,1,1,0,0,0,0,0,0,0,0,0,0,0,0,25,17,0,true
C:\Users\Win-10\Documents\Mestrado\Sistema\commons-logging\src\main\java\org\apache\commons\logging\impl\SimpleLog.java,org.apache.commons.logging.impl.SimpleLog,isLevelEnabled/1[int],false,353,0,2,0,3,1,0,1,0,0,0,0,0,0,0,0,0,0,0,0,0,0,0,11,4,0,true
C:\Users\Win-10\Documents\Mestrado\Sistema\commons-logging\src\main\java\org\apache\commons\logging\impl\SimpleLog.java,org.apache.commons.logging.impl.SimpleLog,(initializer 1),false,159,1,6,5,30,0,1,0,5,3,3,0,1,3,0,5,0,8,4,3,0,0,0,38,8,0,false
C:\Users\Win-10\Documents\Mestrado\Sistema\commons-logging\src\main\java\org\apache\commons\logging\impl\SimpleLog.java,org.apache.commons.logging.impl.SimpleLog,"log/3[int,java.lang.Object,java.lang.Throwable]",false,279,1,12,10,54,0,6,3,10,1,1,0,2,0,0,13,3,7,2,2,0,0,0,59,4,0,true
C:\Users\Win-10\Documents\Mestrado\Sistema\commons-logging\src\main\java\org\apache\commons\logging\impl\WeakHashtable.java,org.apache.commons.logging.impl.WeakHashtable$Anonymous1,nextElement/0,false,195,1,1,2,4,1,1,0,2,0,0,0,0,0,0,0,0,1,0,0,0,0,0,5,1,0,false
C:\Users\Win-10\Documents\Mestrado\Sistema\commons-logging\src\main\java\org\apache\commons\logging\impl\WeakHashtable.java,org.apache.commons.logging.impl.WeakHashtable$Anonymous1,hasMoreElements/0,false,192,0,1,1,3,1,0,0,1,0,0,0,0,0,0,0,0,0,0,0,0,0,0,3,1,0,false
C:\Users\Win-10\Documents\Mestrado\Sistema\commons-logging\src\main\java\org\apache\commons\logging\impl\WeakHashtable.java,org.apache.commons.logging.impl.WeakHashtable,keySet/0,false,205,2,3,7,13,1,5,0,7,1,1,1,1,0,0,0,0,5,0,2,0,0,0,16,1,0,true
C:\Users\Win-10\Documents\Mestrado\Sistema\commons-logging\src\main\java\org\apache\commons\logging\impl\WeakHashtable.java,org.apache.commons.logging.impl.WeakHashtable,toString/0,false,303,1,1,2,4,1,0,0,2,1,1,0,0,0,0,0,0,0,0,0,0,0,0,4,1,0,true
C:\Users\Win-10\Documents\Mestrado\Sistema\commons-logging\src\main\java\org\apache\commons\logging\impl\WeakHashtable.java,org.apache.commons.logging.impl.WeakHashtable,entrySet/0,false,159,3,3,9,16,1,8,0,9,1,1,1,1,0,0,0,0,8,0,2,0,0,0,18,1,0,true
C:\Users\Win-10\Documents\Mestrado\Sistema\commons-logging\src\main\java\org\apache\commons\logging\impl\WeakHashtable.java,org.apache.commons.logging.impl.WeakHashtable,purge/0,false,321,1,3,6,13,0,4,0,6,0,0,2,1,0,1,0,1,4,0,2,0,0,0,21,2,0,true
C:\Users\Win-10\Documents\Mestrado\Sistema\commons-logging\src\main\java\org\apache\commons\logging\impl\WeakHashtable.java,org.apache.commons.logging.impl.WeakHashtable,"put/2[java.lang.Object,java.lang.Object]",false,222,2,5,3,17,1,1,2,3,2,1,0,3,0,0,2,2,2,1,1,0,0,0,38,33,0,true
C:\Users\Win-10\Documents\Mestrado\Sistema\commons-logging\src\main\java\org\apache\commons\logging\impl\WeakHashtable.java,org.apache.commons.logging.impl.WeakHashtable,putAll/1[java.util.Map],false,249,1,3,7,9,0,3,1,7,1,2,1,1,0,0,0,0,3,0,2,0,0,0,10,1,0,true
C:\Users\Win-10\Documents\Mestrado\Sistema\commons-logging\src\main\java\org\apache\commons\logging\impl\WeakHashtable.java,org.apache.commons.logging.impl.WeakHashtable,values/0,false,262,1,1,2,4,1,0,0,2,1,1,0,0,0,0,0,0,0,0,0,0,0,0,4,1,0,true
C:\Users\Win-10\Documents\Mestrado\Sistema\commons-logging\src\main\java\org\apache\commons\logging\impl\WeakHashtable.java,org.apache.commons.logging.impl.WeakHashtable,purgeOne/0,false,343,1,2,3,8,0,1,0,3,0,0,0,1,0,0,0,0,1,0,2,0,0,0,15,2,0,true
C:\Users\Win-10\Documents\Mestrado\Sistema\commons-logging\src\main\java\org\apache\commons\logging\impl\WeakHashtable.java,org.apache.commons.logging.impl.WeakHashtable,containsKey/1[java.lang.Object],false,142,1,1,1,4,1,1,1,1,0,0,0,0,0,0,0,0,1,0,0,0,0,0,7,1,0,true
C:\Users\Win-10\Documents\Mestrado\Sistema\commons-logging\src\main\java\org\apache\commons\logging\impl\WeakHashtable.java,org.apache.commons.logging.impl.WeakHashtable,isEmpty/0,false,287,1,1,2,4,1,0,0,2,1,1,0,0,0,0,0,0,0,0,0,0,0,0,4,1,0,true
C:\Users\Win-10\Documents\Mestrado\Sistema\commons-logging\src\main\java\org\apache\commons\logging\impl\WeakHashtable.java,org.apache.commons.logging.impl.WeakHashtable,rehash/0,false,311,1,1,2,4,0,0,0,2,1,1,0,0,0,0,0,0,0,0,0,0,0,0,3,4,0,true
C:\Users\Win-10\Documents\Mestrado\Sistema\commons-logging\src\main\java\org\apache\commons\logging\impl\WeakHashtable.java,org.apache.commons.logging.impl.WeakHashtable,get/1[java.lang.Object],false,179,1,1,1,4,1,1,1,1,0,0,0,0,0,0,0,0,1,0,0,0,0,0,7,1,0,true
C:\Users\Win-10\Documents\Mestrado\Sistema\commons-logging\src\main\java\org\apache\commons\logging\impl\WeakHashtable.java,org.apache.commons.logging.impl.WeakHashtable,WeakHashtable/0,true,137,0,1,0,2,0,0,0,0,0,0,0,0,0,0,0,0,0,0,0,0,0,0,9,1,0,true
C:\Users\Win-10\Documents\Mestrado\Sistema\commons-logging\src\main\java\org\apache\commons\logging\impl\WeakHashtable.java,org.apache.commons.logging.impl.WeakHashtable,elements/0,false,151,1,1,2,4,1,0,0,2,1,1,0,0,0,0,0,0,0,0,0,0,0,0,4,1,0,true
C:\Users\Win-10\Documents\Mestrado\Sistema\commons-logging\src\main\java\org\apache\commons\logging\impl\WeakHashtable.java,org.apache.commons.logging.impl.WeakHashtable,size/0,false,295,1,1,2,4,1,0,0,2,1,1,0,0,0,0,0,0,0,0,0,0,0,0,3,1,0,true
C:\Users\Win-10\Documents\Mestrado\Sistema\commons-logging\src\main\java\org\apache\commons\logging\impl\WeakHashtable.java,org.apache.commons.logging.impl.WeakHashtable,keys/0,false,188,2,1,2,14,1,1,0,2,1,1,0,0,0,0,0,0,1,0,0,1,0,0,13,1,0,true
C:\Users\Win-10\Documents\Mestrado\Sistema\commons-logging\src\main\java\org\apache\commons\logging\impl\WeakHashtable.java,org.apache.commons.logging.impl.WeakHashtable,remove/1[java.lang.Object],false,270,2,3,3,10,1,0,1,3,2,1,0,1,0,0,0,2,1,1,1,0,0,0,28,33,0,true
C:\Users\Win-10\Documents\Mestrado\Sistema\commons-logging\src\main\java\org\apache\commons\logging\impl\WeakHashtable.java,org.apache.commons.logging.impl.WeakHashtable$Referenced,hashCode/0,false,424,0,1,0,3,1,0,0,0,0,0,0,0,0,0,0,0,0,0,0,0,0,0,2,1,0,false
C:\Users\Win-10\Documents\Mestrado\Sistema\commons-logging\src\main\java\org\apache\commons\logging\impl\WeakHashtable.java,org.apache.commons.logging.impl.WeakHashtable$Referenced,Referenced/1[java.lang.Object],true,405,0,1,1,4,0,0,1,1,0,0,0,0,0,0,0,0,2,0,0,0,0,0,13,2,0,true
C:\Users\Win-10\Documents\Mestrado\Sistema\commons-logging\src\main\java\org\apache\commons\logging\impl\WeakHashtable.java,org.apache.commons.logging.impl.WeakHashtable$Referenced,"Referenced/2[java.lang.Object,java.lang.ref.ReferenceQueue]",true,416,1,1,1,4,0,0,2,1,0,0,0,0,0,0,0,0,2,0,0,0,0,0,14,2,0,true
C:\Users\Win-10\Documents\Mestrado\Sistema\commons-logging\src\main\java\org\apache\commons\logging\impl\WeakHashtable.java,org.apache.commons.logging.impl.WeakHashtable$Referenced,equals/1[java.lang.Object],false,432,1,3,3,16,1,4,1,3,2,1,0,3,0,0,0,0,7,0,2,0,0,0,12,1,0,false
C:\Users\Win-10\Documents\Mestrado\Sistema\commons-logging\src\main\java\org\apache\commons\logging\impl\WeakHashtable.java,org.apache.commons.logging.impl.WeakHashtable$Referenced,getValue/0,false,428,0,1,1,3,1,0,0,1,0,0,0,0,0,0,0,0,0,0,0,0,0,0,3,2,0,false
C:\Users\Win-10\Documents\Mestrado\Sistema\commons-logging\src\main\java\org\apache\commons\logging\impl\WeakHashtable.java,org.apache.commons.logging.impl.WeakHashtable$Entry,hashCode/0,false,377,1,3,3,3,1,0,0,3,2,1,0,2,0,2,0,2,0,0,0,0,0,0,6,1,0,false
C:\Users\Win-10\Documents\Mestrado\Sistema\commons-logging\src\main\java\org\apache\commons\logging\impl\WeakHashtable.java,org.apache.commons.logging.impl.WeakHashtable$Entry,setValue/1[java.lang.Object],false,382,0,1,0,3,0,0,1,0,0,0,0,0,0,0,1,0,0,0,0,0,0,0,9,1,0,false
C:\Users\Win-10\Documents\Mestrado\Sistema\commons-logging\src\main\java\org\apache\commons\logging\impl\WeakHashtable.java,org.apache.commons.logging.impl.WeakHashtable$Entry,equals/1[java.lang.Object],false,363,1,5,5,8,1,2,1,5,2,1,0,5,0,2,0,0,3,0,1,0,0,0,10,1,0,false
C:\Users\Win-10\Documents\Mestrado\Sistema\commons-logging\src\main\java\org\apache\commons\logging\impl\WeakHashtable.java,org.apache.commons.logging.impl.WeakHashtable$Entry,getKey/0,false,390,0,1,0,3,1,0,0,0,0,0,0,0,0,0,0,0,0,0,0,0,0,0,4,1,0,false
C:\Users\Win-10\Documents\Mestrado\Sistema\commons-logging\src\main\java\org\apache\commons\logging\impl\WeakHashtable.java,org.apache.commons.logging.impl.WeakHashtable$Entry,"Entry/2[java.lang.Object,java.lang.Object]",true,358,0,1,0,4,0,0,2,0,0,0,0,0,0,0,0,0,2,0,0,0,0,0,4,2,0,false
C:\Users\Win-10\Documents\Mestrado\Sistema\commons-logging\src\main\java\org\apache\commons\logging\impl\WeakHashtable.java,org.apache.commons.logging.impl.WeakHashtable$Entry,getValue/0,false,386,0,1,0,3,1,0,0,0,0,0,0,0,0,0,0,0,0,0,0,0,0,0,4,1,0,false
C:\Users\Win-10\Documents\Mestrado\Sistema\commons-logging\src\main\java\org\apache\commons\logging\impl\WeakHashtable.java,org.apache.commons.logging.impl.WeakHashtable$WeakKey,"WeakKey/3[java.lang.Object,java.lang.ref.ReferenceQueue,org.apache.commons.logging.impl.WeakHashtable.Referenced]",true,473,1,1,0,4,0,0,3,0,0,0,0,0,0,0,0,0,1,0,0,0,0,0,4,2,0,false
C:\Users\Win-10\Documents\Mestrado\Sistema\commons-logging\src\main\java\org\apache\commons\logging\impl\WeakHashtable.java,org.apache.commons.logging.impl.WeakHashtable$WeakKey,getReferenced/0,false,478,1,1,0,3,1,0,0,0,0,0,0,0,0,0,0,0,0,0,0,0,0,0,3,2,0,false
C:\Users\Win-10\Documents\Mestrado\Sistema\commons-logging\src\main\java\org\apache\commons\logging\Log.java,org.apache.commons.logging.Log,"error/2[java.lang.Object,java.lang.Throwable]",false,83,0,1,0,1,0,0,2,0,0,0,0,0,0,0,0,0,0,0,0,0,0,0,9,0,0,true
C:\Users\Win-10\Documents\Mestrado\Sistema\commons-logging\src\main\java\org\apache\commons\logging\Log.java,org.apache.commons.logging.Log,"debug/2[java.lang.Object,java.lang.Throwable]",false,68,0,1,0,1,0,0,2,0,0,0,0,0,0,0,0,0,0,0,0,0,0,0,10,0,0,true
C:\Users\Win-10\Documents\Mestrado\Sistema\commons-logging\src\main\java\org\apache\commons\logging\Log.java,org.apache.commons.logging.Log,isErrorEnabled/0,false,132,0,1,0,1,0,0,0,0,0,0,0,0,0,0,0,0,0,0,0,0,0,0,27,0,0,true
C:\Users\Win-10\Documents\Mestrado\Sistema\commons-logging\src\main\java\org\apache\commons\logging\Log.java,org.apache.commons.logging.Log,isInfoEnabled/0,false,154,0,1,0,1,0,0,0,0,0,0,0,0,0,0,0,0,0,0,0,0,0,0,27,0,0,true
C:\Users\Win-10\Documents\Mestrado\Sistema\commons-logging\src\main\java\org\apache\commons\logging\Log.java,org.apache.commons.logging.Log,error/1[java.lang.Object],false,76,0,1,0,1,0,0,1,0,0,0,0,0,0,0,0,0,0,0,0,0,0,0,7,0,0,true
C:\Users\Win-10\Documents\Mestrado\Sistema\commons-logging\src\main\java\org\apache\commons\logging\Log.java,org.apache.commons.logging.Log,isWarnEnabled/0,false,176,0,1,0,1,0,0,0,0,0,0,0,0,0,0,0,0,0,0,0,0,0,0,27,0,0,true
C:\Users\Win-10\Documents\Mestrado\Sistema\commons-logging\src\main\java\org\apache\commons\logging\Log.java,org.apache.commons.logging.Log,"fatal/2[java.lang.Object,java.lang.Throwable]",false,98,0,1,0,1,0,0,2,0,0,0,0,0,0,0,0,0,0,0,0,0,0,0,10,0,0,true
C:\Users\Win-10\Documents\Mestrado\Sistema\commons-logging\src\main\java\org\apache\commons\logging\Log.java,org.apache.commons.logging.Log,isTraceEnabled/0,false,165,0,1,0,1,0,0,0,0,0,0,0,0,0,0,0,0,0,0,0,0,0,0,27,0,0,true
C:\Users\Win-10\Documents\Mestrado\Sistema\commons-logging\src\main\java\org\apache\commons\logging\Log.java,org.apache.commons.logging.Log,fatal/1[java.lang.Object],false,91,0,1,0,1,0,0,1,0,0,0,0,0,0,0,0,0,0,0,0,0,0,0,7,0,0,true
C:\Users\Win-10\Documents\Mestrado\Sistema\commons-logging\src\main\java\org\apache\commons\logging\Log.java,org.apache.commons.logging.Log,info/1[java.lang.Object],false,106,0,1,0,1,0,0,1,0,0,0,0,0,0,0,0,0,0,0,0,0,0,0,7,0,0,true
C:\Users\Win-10\Documents\Mestrado\Sistema\commons-logging\src\main\java\org\apache\commons\logging\Log.java,org.apache.commons.logging.Log,isDebugEnabled/0,false,121,0,1,0,1,0,0,0,0,0,0,0,0,0,0,0,0,0,0,0,0,0,0,27,0,0,true
C:\Users\Win-10\Documents\Mestrado\Sistema\commons-logging\src\main\java\org\apache\commons\logging\Log.java,org.apache.commons.logging.Log,"info/2[java.lang.Object,java.lang.Throwable]",false,113,0,1,0,1,0,0,2,0,0,0,0,0,0,0,0,0,0,0,0,0,0,0,10,0,0,true
C:\Users\Win-10\Documents\Mestrado\Sistema\commons-logging\src\main\java\org\apache\commons\logging\Log.java,org.apache.commons.logging.Log,"warn/2[java.lang.Object,java.lang.Throwable]",false,209,0,1,0,1,0,0,2,0,0,0,0,0,0,0,0,0,0,0,0,0,0,0,10,0,0,true
C:\Users\Win-10\Documents\Mestrado\Sistema\commons-logging\src\main\java\org\apache\commons\logging\Log.java,org.apache.commons.logging.Log,debug/1[java.lang.Object],false,61,0,1,0,1,0,0,1,0,0,0,0,0,0,0,0,0,0,0,0,0,0,0,7,0,0,true
C:\Users\Win-10\Documents\Mestrado\Sistema\commons-logging\src\main\java\org\apache\commons\logging\Log.java,org.apache.commons.logging.Log,trace/1[java.lang.Object],false,187,0,1,0,1,0,0,1,0,0,0,0,0,0,0,0,0,0,0,0,0,0,0,7,0,0,true
C:\Users\Win-10\Documents\Mestrado\Sistema\commons-logging\src\main\java\org\apache\commons\logging\Log.java,org.apache.commons.logging.Log,"trace/2[java.lang.Object,java.lang.Throwable]",false,194,0,1,0,1,0,0,2,0,0,0,0,0,0,0,0,0,0,0,0,0,0,0,10,0,0,true
C:\Users\Win-10\Documents\Mestrado\Sistema\commons-logging\src\main\java\org\apache\commons\logging\Log.java,org.apache.commons.logging.Log,warn/1[java.lang.Object],false,202,0,1,0,1,0,0,1,0,0,0,0,0,0,0,0,0,0,0,0,0,0,0,7,0,0,true
C:\Users\Win-10\Documents\Mestrado\Sistema\commons-logging\src\main\java\org\apache\commons\logging\Log.java,org.apache.commons.logging.Log,isFatalEnabled/0,false,143,0,1,0,1,0,0,0,0,0,0,0,0,0,0,0,0,0,0,0,0,0,0,27,0,0,true
C:\Users\Win-10\Documents\Mestrado\Sistema\commons-logging\src\main\java\org\apache\commons\logging\LogConfigurationException.java,org.apache.commons.logging.LogConfigurationException,LogConfigurationException/0,true,35,0,1,0,3,0,0,0,0,0,0,0,0,0,0,0,0,0,0,0,0,0,0,11,1,0,true
C:\Users\Win-10\Documents\Mestrado\Sistema\commons-logging\src\main\java\org\apache\commons\logging\LogConfigurationException.java,org.apache.commons.logging.LogConfigurationException,LogConfigurationException/1[java.lang.Throwable],true,54,0,2,1,3,0,0,1,1,0,0,0,1,0,0,0,0,0,0,0,0,0,0,17,1,0,true
C:\Users\Win-10\Documents\Mestrado\Sistema\commons-logging\src\main\java\org\apache\commons\logging\LogConfigurationException.java,org.apache.commons.logging.LogConfigurationException,"LogConfigurationException/2[java.lang.String,java.lang.Throwable]",true,64,0,1,0,4,0,0,2,0,0,0,0,0,0,0,2,0,1,1,0,0,0,0,17,1,0,true
C:\Users\Win-10\Documents\Mestrado\Sistema\commons-logging\src\main\java\org\apache\commons\logging\LogConfigurationException.java,org.apache.commons.logging.LogConfigurationException,LogConfigurationException/1[java.lang.String],true,44,0,1,0,3,0,0,1,0,0,0,0,0,0,0,0,0,0,0,0,0,0,0,12,1,0,true
C:\Users\Win-10\Documents\Mestrado\Sistema\commons-logging\src\main\java\org\apache\commons\logging\LogConfigurationException.java,org.apache.commons.logging.LogConfigurationException,getCause/0,false,77,0,1,0,3,1,0,0,0,0,0,0,0,0,0,0,0,0,0,0,0,0,0,10,1,0,true
C:\Users\Win-10\Documents\Mestrado\Sistema\commons-logging\src\main\java\org\apache\commons\logging\LogFactory.java,org.apache.commons.logging.LogFactory$Anonymous1,run/0,false,814,1,1,1,3,1,0,0,1,0,0,0,0,0,0,0,0,0,0,0,0,0,0,7,1,0,false
C:\Users\Win-10\Documents\Mestrado\Sistema\commons-logging\src\main\java\org\apache\commons\logging\LogFactory.java,org.apache.commons.logging.LogFactory$Anonymous2,run/0,false,963,1,1,1,3,1,0,0,1,0,0,0,0,0,0,0,0,0,0,0,0,0,0,4,1,0,false
C:\Users\Win-10\Documents\Mestrado\Sistema\commons-logging\src\main\java\org\apache\commons\logging\LogFactory.java,org.apache.commons.logging.LogFactory$Anonymous3,run/0,false,1239,0,2,2,8,2,0,0,2,0,0,0,1,0,0,0,0,0,0,1,0,0,0,5,1,0,false
C:\Users\Win-10\Documents\Mestrado\Sistema\commons-logging\src\main\java\org\apache\commons\logging\LogFactory.java,org.apache.commons.logging.LogFactory$Anonymous4,run/0,false,1265,1,5,5,19,4,0,0,5,0,0,0,1,1,0,2,0,0,1,2,0,0,0,23,1,0,false
C:\Users\Win-10\Documents\Mestrado\Sistema\commons-logging\src\main\java\org\apache\commons\logging\LogFactory.java,org.apache.commons.logging.LogFactory,release/0,false,248,0,1,0,1,0,0,0,0,0,0,0,0,0,0,0,0,0,0,0,0,0,0,33,1025,0,true
C:\Users\Win-10\Documents\Mestrado\Sistema\commons-logging\src\main\java\org\apache\commons\logging\LogFactory.java,org.apache.commons.logging.LogFactory,LogFactory/0,true,198,0,1,0,2,0,0,0,0,0,0,0,0,0,0,0,0,0,0,0,0,0,0,8,4,0,true
C:\Users\Win-10\Documents\Mestrado\Sistema\commons-logging\src\main\java\org\apache\commons\logging\LogFactory.java,org.apache.commons.logging.LogFactory,removeAttribute/1[java.lang.String],false,257,0,1,0,1,0,0,1,0,0,0,0,0,0,0,0,0,0,0,0,0,0,0,20,1025,0,true
C:\Users\Win-10\Documents\Mestrado\Sistema\commons-logging\src\main\java\org\apache\commons\logging\LogFactory.java,org.apache.commons.logging.LogFactory,handleThrowable/1[java.lang.Throwable],false,377,0,3,0,8,0,0,1,0,0,0,0,0,0,0,0,0,0,0,1,0,0,0,30,12,0,true
C:\Users\Win-10\Documents\Mestrado\Sistema\commons-logging\src\main\java\org\apache\commons\logging\LogFactory.java,org.apache.commons.logging.LogFactory,directGetContextClassLoader/0,false,840,0,2,2,9,1,1,0,2,0,0,0,0,1,0,0,0,2,0,1,0,0,0,74,12,0,true
C:\Users\Win-10\Documents\Mestrado\Sistema\commons-logging\src\main\java\org\apache\commons\logging\LogFactory.java,org.apache.commons.logging.LogFactory,logRawDiagnostic/1[java.lang.String],false,1534,0,2,2,6,0,0,1,2,0,0,0,1,0,0,0,0,0,0,1,0,0,0,17,28,0,true
C:\Users\Win-10\Documents\Mestrado\Sistema\commons-logging\src\main\java\org\apache\commons\logging\LogFactory.java,org.apache.commons.logging.LogFactory,objectId/1[java.lang.Object],false,1648,0,2,3,8,2,0,1,3,0,0,0,1,0,0,2,0,0,1,1,0,0,0,36,9,0,true
C:\Users\Win-10\Documents\Mestrado\Sistema\commons-logging\src\main\java\org\apache\commons\logging\LogFactory.java,org.apache.commons.logging.LogFactory,getFactory/0,false,417,1,38,23,136,2,13,0,23,13,4,1,15,4,0,40,0,19,17,5,0,0,0,174,9,0,true
C:\Users\Win-10\Documents\Mestrado\Sistema\commons-logging\src\main\java\org\apache\commons\logging\LogFactory.java,org.apache.commons.logging.LogFactory,"createFactory/2[java.lang.String,java.lang.ClassLoader]",false,1013,2,20,14,81,4,3,2,14,5,3,0,5,2,0,31,0,5,6,5,0,0,0,114,12,0,true
C:\Users\Win-10\Documents\Mestrado\Sistema\commons-logging\src\main\java\org\apache\commons\logging\LogFactory.java,org.apache.commons.logging.LogFactory,getProperties/1[java.net.URL],false,1298,0,1,1,39,1,1,1,1,0,0,0,0,0,0,0,0,1,0,0,1,0,0,61,10,0,true
C:\Users\Win-10\Documents\Mestrado\Sistema\commons-logging\src\main\java\org\apache\commons\logging\LogFactory.java,org.apache.commons.logging.LogFactory,createFactoryStore/0,false,316,1,7,8,32,1,3,0,8,4,1,0,2,2,0,2,0,7,0,3,0,0,0,105,26,0,true
C:\Users\Win-10\Documents\Mestrado\Sistema\commons-logging\src\main\java\org\apache\commons\logging\LogFactory.java,org.apache.commons.logging.LogFactory,getAttributeNames/0,false,211,0,1,0,1,0,0,0,0,0,0,0,0,0,0,0,0,0,0,0,0,0,0,23,1025,0,true
C:\Users\Win-10\Documents\Mestrado\Sistema\commons-logging\src\main\java\org\apache\commons\logging\LogFactory.java,org.apache.commons.logging.LogFactory,getInstance/1[java.lang.String],false,229,1,1,0,1,0,0,1,0,0,0,0,0,0,0,0,0,0,0,0,0,0,0,50,1025,0,true
C:\Users\Win-10\Documents\Mestrado\Sistema\commons-logging\src\main\java\org\apache\commons\logging\LogFactory.java,org.apache.commons.logging.LogFactory,implementsLogFactory/1[java.lang.Class],false,1178,1,7,7,32,1,3,1,7,2,2,0,2,1,0,13,0,4,5,4,0,0,0,74,10,0,true
C:\Users\Win-10\Documents\Mestrado\Sistema\commons-logging\src\main\java\org\apache\commons\logging\LogFactory.java,org.apache.commons.logging.LogFactory,getContextClassLoaderInternal/0,false,811,0,1,1,8,1,0,0,1,0,0,0,0,0,0,0,0,0,0,0,1,0,0,67,10,0,true
C:\Users\Win-10\Documents\Mestrado\Sistema\commons-logging\src\main\java\org\apache\commons\logging\LogFactory.java,org.apache.commons.logging.LogFactory,"setAttribute/2[java.lang.String,java.lang.Object]",false,265,0,1,0,1,0,0,2,0,0,0,0,0,0,0,0,0,0,0,0,0,0,0,24,1025,0,true
C:\Users\Win-10\Documents\Mestrado\Sistema\commons-logging\src\main\java\org\apache\commons\logging\LogFactory.java,org.apache.commons.logging.LogFactory,getLog/1[java.lang.Class],false,658,2,1,2,3,1,0,1,2,2,5,0,0,0,0,0,0,0,0,0,0,0,0,30,9,0,true
C:\Users\Win-10\Documents\Mestrado\Sistema\commons-logging\src\main\java\org\apache\commons\logging\LogFactory.java,org.apache.commons.logging.LogFactory,getLog/1[java.lang.String],false,672,2,1,2,3,1,0,1,2,2,5,0,0,0,0,0,0,0,0,0,0,0,0,36,9,0,true
C:\Users\Win-10\Documents\Mestrado\Sistema\commons-logging\src\main\java\org\apache\commons\logging\LogFactory.java,org.apache.commons.logging.LogFactory,(initializer 1),false,1675,1,4,7,23,0,2,0,7,7,6,0,1,1,0,5,0,8,1,2,0,0,0,28,8,0,false
C:\Users\Win-10\Documents\Mestrado\Sistema\commons-logging\src\main\java\org\apache\commons\logging\LogFactory.java,org.apache.commons.logging.LogFactory,getInstance/1[java.lang.Class],false,218,1,1,0,1,0,0,1,0,0,0,0,0,0,0,0,0,0,0,0,0,0,0,28,1025,0,true
C:\Users\Win-10\Documents\Mestrado\Sistema\commons-logging\src\main\java\org\apache\commons\logging\LogFactory.java,org.apache.commons.logging.LogFactory,"cacheFactory/2[java.lang.ClassLoader,org.apache.commons.logging.LogFactory]",false,897,1,3,1,10,0,0,2,1,0,0,0,2,0,0,0,0,1,0,2,0,0,0,36,10,0,true
C:\Users\Win-10\Documents\Mestrado\Sistema\commons-logging\src\main\java\org\apache\commons\logging\LogFactory.java,org.apache.commons.logging.LogFactory,release/1[java.lang.ClassLoader],false,684,1,5,6,21,0,2,1,6,4,1,0,3,0,0,1,0,3,1,3,0,0,0,43,9,0,true
C:\Users\Win-10\Documents\Mestrado\Sistema\commons-logging\src\main\java\org\apache\commons\logging\LogFactory.java,org.apache.commons.logging.LogFactory,"logHierarchy/2[java.lang.String,java.lang.ClassLoader]",false,1595,1,9,8,39,2,3,2,8,3,1,1,4,2,0,8,0,4,3,3,0,0,0,44,10,0,true
C:\Users\Win-10\Documents\Mestrado\Sistema\commons-logging\src\main\java\org\apache\commons\logging\LogFactory.java,org.apache.commons.logging.LogFactory,trim/1[java.lang.String],false,358,0,2,1,6,2,0,1,1,0,0,0,1,0,0,0,0,0,0,1,0,0,0,8,10,0,true
C:\Users\Win-10\Documents\Mestrado\Sistema\commons-logging\src\main\java\org\apache\commons\logging\LogFactory.java,org.apache.commons.logging.LogFactory,logClassLoaderEnvironment/1[java.lang.Class],false,1558,1,4,7,23,2,2,1,7,5,3,0,0,2,0,10,0,2,5,1,0,0,0,64,10,0,true
C:\Users\Win-10\Documents\Mestrado\Sistema\commons-logging\src\main\java\org\apache\commons\logging\LogFactory.java,org.apache.commons.logging.LogFactory,"getResourceAsStream/2[java.lang.ClassLoader,java.lang.String]",false,1236,0,1,1,13,1,0,2,1,0,0,0,0,0,0,0,0,0,0,0,1,0,0,43,10,0,true
C:\Users\Win-10\Documents\Mestrado\Sistema\commons-logging\src\main\java\org\apache\commons\logging\LogFactory.java,org.apache.commons.logging.LogFactory,isDiagnosticsEnabled/0,false,1498,0,2,0,3,1,0,0,0,0,0,0,1,0,0,0,0,0,0,0,0,0,0,30,12,0,true
C:\Users\Win-10\Documents\Mestrado\Sistema\commons-logging\src\main\java\org\apache\commons\logging\LogFactory.java,org.apache.commons.logging.LogFactory,getClassLoader/1[java.lang.Class],false,764,1,3,4,11,1,0,1,4,2,1,0,0,1,0,2,0,0,1,2,0,0,0,119,12,0,true
C:\Users\Win-10\Documents\Mestrado\Sistema\commons-logging\src\main\java\org\apache\commons\logging\LogFactory.java,org.apache.commons.logging.LogFactory,"getResources/2[java.lang.ClassLoader,java.lang.String]",false,1262,0,1,1,26,1,2,2,1,0,0,0,0,0,0,0,0,2,0,0,1,0,0,88,10,0,true
C:\Users\Win-10\Documents\Mestrado\Sistema\commons-logging\src\main\java\org\apache\commons\logging\LogFactory.java,org.apache.commons.logging.LogFactory,releaseAll/0,false,714,1,4,7,18,0,3,0,7,3,1,1,1,0,0,1,0,4,0,2,0,0,0,56,9,0,true
C:\Users\Win-10\Documents\Mestrado\Sistema\commons-logging\src\main\java\org\apache\commons\logging\LogFactory.java,org.apache.commons.logging.LogFactory,getAttribute/1[java.lang.String],false,203,0,1,0,1,0,0,1,0,0,0,0,0,0,0,0,0,0,0,0,0,0,0,20,1025,0,true
C:\Users\Win-10\Documents\Mestrado\Sistema\commons-logging\src\main\java\org\apache\commons\logging\LogFactory.java,org.apache.commons.logging.LogFactory,"newFactory/2[java.lang.String,java.lang.ClassLoader]",false,998,1,1,1,3,1,0,2,1,1,2,0,0,0,0,0,0,0,0,0,0,0,0,68,12,0,true
C:\Users\Win-10\Documents\Mestrado\Sistema\commons-logging\src\main\java\org\apache\commons\logging\LogFactory.java,org.apache.commons.logging.LogFactory,initDiagnostics/0,false,1460,1,6,2,27,6,2,0,2,1,1,0,1,2,0,2,0,2,0,2,0,0,0,46,10,0,true
C:\Users\Win-10\Documents\Mestrado\Sistema\commons-logging\src\main\java\org\apache\commons\logging\LogFactory.java,org.apache.commons.logging.LogFactory,getCachedFactory/1[java.lang.ClassLoader],false,876,1,2,1,8,2,0,1,1,0,0,0,1,0,0,0,0,0,0,1,0,0,0,56,10,0,true
C:\Users\Win-10\Documents\Mestrado\Sistema\commons-logging\src\main\java\org\apache\commons\logging\LogFactory.java,org.apache.commons.logging.LogFactory,getContextClassLoader/0,false,793,1,1,1,3,1,0,0,1,1,1,0,0,0,0,0,0,0,0,0,0,0,0,58,12,0,true
C:\Users\Win-10\Documents\Mestrado\Sistema\commons-logging\src\main\java\org\apache\commons\logging\LogFactory.java,org.apache.commons.logging.LogFactory,"newFactory/3[java.lang.String,java.lang.ClassLoader,java.lang.ClassLoader]",false,957,2,4,5,19,1,2,3,5,3,1,0,0,0,0,3,0,2,2,2,1,0,0,131,12,0,true
C:\Users\Win-10\Documents\Mestrado\Sistema\commons-logging\src\main\java\org\apache\commons\logging\LogFactory.java,org.apache.commons.logging.LogFactory,logDiagnostic/1[java.lang.String],false,1520,0,2,3,7,0,0,1,3,0,0,0,1,0,0,0,0,0,0,1,0,0,0,57,26,0,true
C:\Users\Win-10\Documents\Mestrado\Sistema\commons-logging\src\main\java\org\apache\commons\logging\LogFactory.java,org.apache.commons.logging.LogFactory,"getConfigurationFile/2[java.lang.ClassLoader,java.lang.String]",false,1359,1,15,8,63,2,9,2,8,4,1,1,6,1,0,20,3,17,5,6,0,0,0,120,26,0,true
C:\Users\Win-10\Documents\Mestrado\Sistema\commons-logging\src\main\java\org\apache\commons\logging\LogFactory.java,org.apache.commons.logging.LogFactory,"getSystemProperty/2[java.lang.String,java.lang.String]",false,1445,0,1,1,8,1,0,2,1,0,0,0,0,0,0,0,0,0,0,0,1,0,0,57,10,0,true
C:\Users\Win-10\Documents\Mestrado\Sistema\commons-logging\src\main\java\org\apache\commons\logging\LogFactory.java,org.apache.commons.logging.LogFactory$Anonymous5,run/0,false,1301,1,7,7,33,2,3,0,7,0,0,0,2,2,0,2,0,5,2,4,0,0,0,27,1,0,false
C:\Users\Win-10\Documents\Mestrado\Sistema\commons-logging\src\main\java\org\apache\commons\logging\LogFactory.java,org.apache.commons.logging.LogFactory$Anonymous6,run/0,false,1448,0,1,1,3,1,0,0,1,0,0,0,0,0,0,0,0,0,0,0,0,0,0,2,1,0,false
C:\Users\Win-10\Documents\Mestrado\Sistema\commons-logging\src\main\java\org\apache\commons\logging\LogSource.java,org.apache.commons.logging.LogSource,getInstance/1[java.lang.String],false,167,2,2,3,8,1,1,1,3,1,1,0,1,0,0,0,0,2,0,1,0,0,0,13,9,0,true
C:\Users\Win-10\Documents\Mestrado\Sistema\commons-logging\src\main\java\org\apache\commons\logging\LogSource.java,org.apache.commons.logging.LogSource,getLogNames/0,false,216,0,1,3,3,1,0,0,3,0,0,0,0,0,0,0,0,0,0,0,0,0,0,13,9,0,true
C:\Users\Win-10\Documents\Mestrado\Sistema\commons-logging\src\main\java\org\apache\commons\logging\LogSource.java,org.apache.commons.logging.LogSource,setLogImplementation/1[java.lang.String],false,143,0,2,3,11,0,2,1,3,0,0,0,0,1,0,1,2,5,0,1,0,0,0,35,9,0,true
C:\Users\Win-10\Documents\Mestrado\Sistema\commons-logging\src\main\java\org\apache\commons\logging\LogSource.java,org.apache.commons.logging.LogSource,getInstance/1[java.lang.Class],false,177,2,1,2,3,1,0,1,2,1,2,0,0,0,0,0,0,0,0,0,0,0,0,10,9,0,true
C:\Users\Win-10\Documents\Mestrado\Sistema\commons-logging\src\main\java\org\apache\commons\logging\LogSource.java,org.apache.commons.logging.LogSource,makeNewLogInstance/1[java.lang.String],false,198,2,3,1,14,1,2,1,1,0,0,0,1,1,0,0,0,4,0,1,0,0,0,70,9,0,true
C:\Users\Win-10\Documents\Mestrado\Sistema\commons-logging\src\main\java\org\apache\commons\logging\LogSource.java,org.apache.commons.logging.LogSource,setLogImplementation/1[java.lang.Class],false,160,0,1,2,5,0,1,1,2,0,0,0,0,0,0,1,2,3,0,0,0,0,0,30,9,0,true
C:\Users\Win-10\Documents\Mestrado\Sistema\commons-logging\src\main\java\org\apache\commons\logging\LogSource.java,org.apache.commons.logging.LogSource,LogSource/0,true,131,0,1,0,2,0,0,0,0,0,0,0,0,0,0,0,0,0,0,0,0,0,0,6,2,0,true
C:\Users\Win-10\Documents\Mestrado\Sistema\commons-logging\src\main\java\org\apache\commons\logging\LogSource.java,org.apache.commons.logging.LogSource,(initializer 1),false,72,1,15,3,55,0,1,0,3,1,1,0,5,7,0,10,0,7,0,3,0,0,0,13,8,0,false
