file,class,type,cbo,cboModified,fanin,fanout,wmc,dit,noc,rfc,lcom,lcom*,tcc,lcc,totalMethodsQty,staticMethodsQty,publicMethodsQty,privateMethodsQty,protectedMethodsQty,defaultMethodsQty,visibleMethodsQty,abstractMethodsQty,finalMethodsQty,synchronizedMethodsQty,totalFieldsQty,staticFieldsQty,publicFieldsQty,privateFieldsQty,protectedFieldsQty,defaultFieldsQty,finalFieldsQty,synchronizedFieldsQty,nosi,loc,returnQty,loopQty,comparisonsQty,tryCatchQty,parenthesizedExpsQty,stringLiteralsQty,numbersQty,assignmentsQty,mathOperationsQty,variablesQty,maxNestedBlocksQty,anonymousClassesQty,innerClassesQty,lambdasQty,uniqueWordsQty,modifiers,logStatementsQty
C:\Users\rique\Documents\Doutorado\SmellDetectionCaller-master\Temp\netty-socketio-master\src\main\java\com\corundumstudio\socketio\protocol\Packet.java,com.corundumstudio.socketio.protocol.Packet,class,4,35,31,4,28,1,0,11,173,0.8565217,0.0,0.0,23,0,22,0,1,0,23,0,0,0,10,1,0,10,0,0,1,0,1,98,14,0,3,0,0,3,2,15,1,11,1,0,0,0,67,1,0
C:\Users\rique\Documents\Doutorado\SmellDetectionCaller-master\Temp\netty-socketio-master\src\main\java\com\corundumstudio\socketio\protocol\JacksonJsonSupport.java,com.corundumstudio.socketio.protocol.JacksonJsonSupport$AckArgsDeserializer,innerclass,8,8,0,8,6,2,0,12,1,1.0,0.0,0.0,2,0,1,0,1,0,2,0,0,0,1,1,0,1,0,0,1,0,0,31,1,1,0,0,0,0,2,14,0,12,2,0,0,0,36,2,0
C:\Users\rique\Documents\Doutorado\SmellDetectionCaller-master\Temp\netty-socketio-master\src\main\java\com\corundumstudio\socketio\handler\WrongUrlHandler.java,com.corundumstudio.socketio.handler.WrongUrlHandler,class,11,13,2,11,2,2,0,11,0,0.0,NaN,NaN,1,0,1,0,0,0,1,0,0,0,1,1,0,1,0,0,1,0,0,17,1,0,0,0,0,1,0,6,0,6,1,0,0,0,30,1,1
C:\Users\rique\Documents\Doutorado\SmellDetectionCaller-master\Temp\netty-socketio-master\src\main\java\com\corundumstudio\socketio\handler\AuthorizeHandler.java,com.corundumstudio.socketio.handler.AuthorizeHandler,class,32,39,7,32,29,2,0,64,0,0.6527778,0.0,0.0,8,0,6,2,0,0,6,0,0,0,9,1,0,9,0,0,9,0,5,158,9,3,4,3,0,15,5,41,2,37,4,1,0,0,140,1,6
C:\Users\rique\Documents\Doutorado\SmellDetectionCaller-master\Temp\netty-socketio-master\src\main\java\com\corundumstudio\socketio\store\HazelcastStoreFactory.java,com.corundumstudio.socketio.store.HazelcastStoreFactory,class,8,8,0,8,7,2,0,4,0,0.5,0.0,0.0,7,0,7,0,0,0,7,0,0,0,4,0,0,4,0,0,4,0,0,35,3,0,0,0,0,0,0,8,0,4,0,0,0,0,26,1,0
C:\Users\rique\Documents\Doutorado\SmellDetectionCaller-master\Temp\netty-socketio-master\src\main\java\com\corundumstudio\socketio\store\pubsub\DispatchMessage.java,com.corundumstudio.socketio.store.pubsub.DispatchMessage,class,2,5,3,2,5,2,0,0,4,0.70000005,0.0,0.0,5,0,5,0,0,0,5,0,0,0,4,1,0,4,0,0,1,0,0,22,3,0,0,0,0,0,1,4,0,4,0,0,0,0,18,1,0
C:\Users\rique\Documents\Doutorado\SmellDetectionCaller-master\Temp\netty-socketio-master\src\main\java\com\corundumstudio\socketio\HandshakeData.java,com.corundumstudio.socketio.HandshakeData,class,1,8,7,1,13,1,0,4,25,0.784091,0.0,0.0,11,0,11,0,0,0,11,0,0,0,8,1,0,8,0,0,1,0,0,52,9,0,2,0,0,0,2,9,0,9,1,0,0,0,50,1,0
C:\Users\rique\Documents\Doutorado\SmellDetectionCaller-master\Temp\netty-socketio-master\src\main\java\com\corundumstudio\socketio\handler\TransportState.java,com.corundumstudio.socketio.handler.TransportState,class,2,3,1,2,4,1,0,0,2,0.5,0.0,0.0,4,0,4,0,0,0,4,0,0,0,2,0,0,2,0,0,0,0,0,18,3,0,0,0,0,0,0,4,0,3,0,0,0,0,11,1,0
C:\Users\rique\Documents\Doutorado\SmellDetectionCaller-master\Temp\netty-socketio-master\src\main\java\com\corundumstudio\socketio\store\pubsub\BaseStoreFactory.java,com.corundumstudio.socketio.store.pubsub.BaseStoreFactory,class,13,17,4,13,5,1,3,9,10,0.9,0.0,0.0,5,0,4,0,1,0,5,1,0,0,2,0,0,2,0,0,1,0,1,52,2,0,0,0,1,1,1,2,2,2,0,5,0,0,33,1025,0
C:\Users\rique\Documents\Doutorado\SmellDetectionCaller-master\Temp\netty-socketio-master\src\main\java\com\corundumstudio\socketio\messages\XHRPostMessage.java,com.corundumstudio.socketio.messages.XHRPostMessage,class,1,4,3,1,1,2,1,0,0,0.0,NaN,NaN,1,0,1,0,0,0,1,0,0,0,0,0,0,0,0,0,0,0,0,5,0,0,0,0,0,0,0,0,0,0,0,0,0,0,11,1,0
C:\Users\rique\Documents\Doutorado\SmellDetectionCaller-master\Temp\netty-socketio-master\src\main\java\com\corundumstudio\socketio\store\MemoryStore.java,com.corundumstudio.socketio.store.MemoryStore,class,2,3,1,2,4,1,0,5,0,0.0,0.0,0.0,4,0,4,0,0,0,4,0,0,0,1,0,0,1,0,0,1,0,0,15,2,0,0,0,0,0,0,1,0,1,0,0,0,0,11,1,0
C:\Users\rique\Documents\Doutorado\SmellDetectionCaller-master\Temp\netty-socketio-master\src\main\java\com\corundumstudio\socketio\ack\AckManager.java,com.corundumstudio.socketio.ack.AckManager$Anonymous1,anonymous,2,2,0,2,2,1,0,2,0,0.0,NaN,NaN,1,0,1,0,0,0,1,0,0,0,0,0,0,0,0,0,0,0,0,8,0,0,1,0,0,0,0,1,0,1,1,0,0,0,5,-1,0
C:\Users\rique\Documents\Doutorado\SmellDetectionCaller-master\Temp\netty-socketio-master\src\main\java\com\corundumstudio\socketio\transport\WebSocketTransport.java,com.corundumstudio.socketio.transport.WebSocketTransport,class,25,29,4,25,26,2,0,43,0,0.61224496,0.0,0.0,7,0,4,3,0,0,4,0,0,0,7,2,1,6,0,0,7,0,1,146,4,0,10,1,0,10,3,28,1,27,4,2,0,0,90,1,5
C:\Users\rique\Documents\Doutorado\SmellDetectionCaller-master\Temp\netty-socketio-master\src\main\java\com\corundumstudio\socketio\store\pubsub\BaseStoreFactory.java,com.corundumstudio.socketio.store.pubsub.BaseStoreFactory$Anonymous1,anonymous,1,1,0,1,1,1,0,2,0,0.0,NaN,NaN,1,0,1,0,0,0,1,0,0,0,0,0,0,0,0,0,0,0,0,5,0,0,0,0,0,1,0,0,0,0,0,0,0,0,4,-1,1
C:\Users\rique\Documents\Doutorado\SmellDetectionCaller-master\Temp\netty-socketio-master\src\main\java\com\corundumstudio\socketio\store\pubsub\BaseStoreFactory.java,com.corundumstudio.socketio.store.pubsub.BaseStoreFactory$Anonymous5,anonymous,3,3,0,3,1,1,0,6,0,0.0,NaN,NaN,1,0,1,0,0,0,1,0,0,0,0,0,0,0,0,0,0,0,0,7,0,0,0,0,0,1,0,1,0,1,0,0,0,0,6,-1,1
C:\Users\rique\Documents\Doutorado\SmellDetectionCaller-master\Temp\netty-socketio-master\src\main\java\com\corundumstudio\socketio\store\pubsub\BaseStoreFactory.java,com.corundumstudio.socketio.store.pubsub.BaseStoreFactory$Anonymous4,anonymous,3,3,0,3,1,1,0,6,0,0.0,NaN,NaN,1,0,1,0,0,0,1,0,0,0,0,0,0,0,0,0,0,0,0,7,0,0,0,0,0,1,0,1,0,1,0,0,0,0,6,-1,1
C:\Users\rique\Documents\Doutorado\SmellDetectionCaller-master\Temp\netty-socketio-master\src\main\java\com\corundumstudio\socketio\scheduler\HashedWheelScheduler.java,com.corundumstudio.socketio.scheduler.HashedWheelScheduler$Anonymous4,anonymous,1,1,0,1,1,1,0,2,0,0.0,NaN,NaN,1,0,1,0,0,0,1,0,0,0,0,0,0,0,0,0,0,0,0,10,0,0,0,1,0,0,0,0,0,0,1,0,0,0,5,-1,0
C:\Users\rique\Documents\Doutorado\SmellDetectionCaller-master\Temp\netty-socketio-master\src\main\java\com\corundumstudio\socketio\store\pubsub\BaseStoreFactory.java,com.corundumstudio.socketio.store.pubsub.BaseStoreFactory$Anonymous3,anonymous,3,3,0,3,1,1,0,6,0,0.0,NaN,NaN,1,0,1,0,0,0,1,0,0,0,0,0,0,0,0,0,0,0,0,7,0,0,0,0,0,1,0,1,0,1,0,0,0,0,5,-1,1
C:\Users\rique\Documents\Doutorado\SmellDetectionCaller-master\Temp\netty-socketio-master\src\main\java\com\corundumstudio\socketio\store\pubsub\BaseStoreFactory.java,com.corundumstudio.socketio.store.pubsub.BaseStoreFactory$Anonymous2,anonymous,2,2,0,2,1,1,0,3,0,0.0,NaN,NaN,1,0,1,0,0,0,1,0,0,0,0,0,0,0,0,0,0,0,0,6,0,0,0,0,0,1,0,0,0,0,0,0,0,0,4,-1,1
C:\Users\rique\Documents\Doutorado\SmellDetectionCaller-master\Temp\netty-socketio-master\src\main\java\com\corundumstudio\socketio\scheduler\HashedWheelScheduler.java,com.corundumstudio.socketio.scheduler.HashedWheelScheduler$Anonymous2,anonymous,1,1,0,1,1,1,0,2,0,0.0,NaN,NaN,1,0,1,0,0,0,1,0,0,0,0,0,0,0,0,0,0,0,0,15,0,0,0,0,0,0,0,0,0,0,0,1,0,0,5,-1,0
C:\Users\rique\Documents\Doutorado\SmellDetectionCaller-master\Temp\netty-socketio-master\src\main\java\com\corundumstudio\socketio\BroadcastAckCallback.java,com.corundumstudio.socketio.BroadcastAckCallback,class,5,10,5,5,11,1,0,7,18,0.75,0.0,0.0,8,0,2,1,3,2,7,0,1,0,5,0,0,0,0,5,5,0,0,43,1,0,1,0,0,0,2,5,0,5,1,1,0,0,27,1,0
C:\Users\rique\Documents\Doutorado\SmellDetectionCaller-master\Temp\netty-socketio-master\src\main\java\com\corundumstudio\socketio\scheduler\HashedWheelScheduler.java,com.corundumstudio.socketio.scheduler.HashedWheelScheduler$Anonymous1,anonymous,1,1,0,1,1,1,0,1,0,0.0,NaN,NaN,1,0,1,0,0,0,1,0,0,0,0,0,0,0,0,0,0,0,0,5,0,0,0,0,0,0,0,0,0,0,0,0,0,0,4,-1,0
C:\Users\rique\Documents\Doutorado\SmellDetectionCaller-master\Temp\netty-socketio-master\src\main\java\com\corundumstudio\socketio\handler\InPacketHandler.java,com.corundumstudio.socketio.handler.InPacketHandler,class,16,18,2,16,13,2,0,27,0,0.4,0.0,0.0,3,0,2,0,1,0,3,0,0,0,5,1,0,5,0,0,5,0,0,61,4,1,4,1,0,6,0,12,1,12,4,0,0,0,45,1,4
C:\Users\rique\Documents\Doutorado\SmellDetectionCaller-master\Temp\netty-socketio-master\src\main\java\com\corundumstudio\socketio\scheduler\SchedulerKey.java,com.corundumstudio.socketio.scheduler.SchedulerKey$Type,enum,0,0,0,0,0,1,0,0,0,0.0,-1.0,-1.0,0,0,0,0,0,0,0,0,0,0,0,0,0,0,0,0,0,0,0,1,0,0,0,0,0,0,0,0,0,0,0,0,0,0,14,1,0
C:\Users\rique\Documents\Doutorado\SmellDetectionCaller-master\Temp\netty-socketio-master\src\main\java\com\corundumstudio\socketio\scheduler\HashedWheelTimeoutScheduler.java,com.corundumstudio.socketio.scheduler.HashedWheelTimeoutScheduler,class,7,9,2,7,12,1,0,8,4,0.6666667,0.0,0.0,9,0,8,1,0,0,8,0,0,0,3,0,0,3,0,0,2,0,0,76,0,0,2,0,0,0,0,9,0,7,1,3,0,0,36,1,0
C:\Users\rique\Documents\Doutorado\SmellDetectionCaller-master\Temp\netty-socketio-master\src\main\java\com\corundumstudio\socketio\messages\PacketsMessage.java,com.corundumstudio.socketio.messages.PacketsMessage,class,3,6,3,3,4,1,0,0,0,0.5,0.0,0.0,4,0,4,0,0,0,4,0,0,0,3,0,0,3,0,0,3,0,0,19,3,0,0,0,0,0,0,3,0,3,0,0,0,0,12,1,0
C:\Users\rique\Documents\Doutorado\SmellDetectionCaller-master\Temp\netty-socketio-master\src\main\java\com\corundumstudio\socketio\AckCallback.java,com.corundumstudio.socketio.AckCallback,class,1,15,14,1,6,1,0,0,7,0.5833334,0.0,0.0,6,0,6,0,0,0,6,1,0,0,2,0,0,0,2,0,2,0,0,20,2,0,0,0,0,0,1,2,0,2,0,0,0,0,61,1025,0
C:\Users\rique\Documents\Doutorado\SmellDetectionCaller-master\Temp\netty-socketio-master\src\main\java\com\corundumstudio\socketio\protocol\UTF8CharsScanner.java,com.corundumstudio.socketio.protocol.UTF8CharsScanner,class,3,5,2,3,17,1,0,5,1,0.75,0.0,0.0,2,0,1,1,0,0,3,0,0,0,2,2,0,0,0,2,2,0,1,64,2,3,4,0,3,0,28,22,2,11,2,0,0,0,54,1,0
C:\Users\rique\Documents\Doutorado\SmellDetectionCaller-master\Temp\netty-socketio-master\src\main\java\com\corundumstudio\socketio\Disconnectable.java,com.corundumstudio.socketio.Disconnectable,interface,1,7,6,1,1,1,0,0,0,0.0,NaN,NaN,1,0,0,0,0,1,1,0,0,0,0,0,0,0,0,0,0,0,0,3,0,0,0,0,0,0,0,0,0,0,0,0,0,0,6,1,0
C:\Users\rique\Documents\Doutorado\SmellDetectionCaller-master\Temp\netty-socketio-master\src\main\java\com\corundumstudio\socketio\listener\ConnectListener.java,com.corundumstudio.socketio.listener.ConnectListener,interface,1,5,4,1,1,1,0,0,0,0.0,NaN,NaN,1,0,0,0,0,1,1,0,0,0,0,0,0,0,0,0,0,0,0,3,0,0,0,0,0,0,0,0,0,0,0,0,0,0,8,1,0
C:\Users\rique\Documents\Doutorado\SmellDetectionCaller-master\Temp\netty-socketio-master\src\main\java\com\corundumstudio\socketio\namespace\Namespace.java,com.corundumstudio.socketio.namespace.Namespace,class,28,44,16,28,73,1,0,70,419,0.8952381,0.0,0.0,35,0,31,4,0,0,31,0,0,0,15,1,1,14,0,0,15,0,7,259,24,8,22,4,2,5,4,42,2,35,2,0,0,0,117,1,0
C:\Users\rique\Documents\Doutorado\SmellDetectionCaller-master\Temp\netty-socketio-master\src\main\java\com\corundumstudio\socketio\store\pubsub\JoinLeaveMessage.java,com.corundumstudio.socketio.store.pubsub.JoinLeaveMessage,class,1,5,4,1,5,2,0,0,4,0.70000005,0.0,0.0,5,0,5,0,0,0,5,0,0,0,4,1,0,4,0,0,1,0,0,23,3,0,0,0,0,0,1,4,0,4,0,0,0,0,21,1,0
C:\Users\rique\Documents\Doutorado\SmellDetectionCaller-master\Temp\netty-socketio-master\src\main\java\com\corundumstudio\socketio\store\Store.java,com.corundumstudio.socketio.store.Store,interface,1,11,10,1,4,1,0,0,6,0.0,0.0,0.0,4,0,0,0,0,4,4,0,0,0,0,0,0,0,0,0,0,0,0,6,0,0,0,0,0,0,0,0,0,0,0,0,0,0,9,1,0
C:\Users\rique\Documents\Doutorado\SmellDetectionCaller-master\Temp\netty-socketio-master\src\main\java\com\corundumstudio\socketio\handler\AuthorizeHandler.java,com.corundumstudio.socketio.handler.AuthorizeHandler$Anonymous1,anonymous,0,0,0,0,1,1,0,4,0,0.0,NaN,NaN,1,0,1,0,0,0,1,0,0,0,0,0,0,0,0,0,0,0,0,6,0,0,0,0,0,1,0,0,0,0,0,0,0,0,11,-1,1
C:\Users\rique\Documents\Doutorado\SmellDetectionCaller-master\Temp\netty-socketio-master\src\main\java\com\corundumstudio\socketio\scheduler\CancelableScheduler.java,com.corundumstudio.socketio.scheduler.CancelableScheduler,interface,2,10,8,2,6,1,0,0,15,0.0,0.0,0.0,6,0,0,0,0,6,6,0,0,0,0,0,0,0,0,0,0,0,0,8,0,0,0,0,0,0,0,0,0,0,0,0,0,0,17,1,0
C:\Users\rique\Documents\Doutorado\SmellDetectionCaller-master\Temp\netty-socketio-master\src\main\java\com\corundumstudio\socketio\messages\HttpErrorMessage.java,com.corundumstudio.socketio.messages.HttpErrorMessage,class,1,3,2,1,2,2,0,0,0,0.0,0.0,0.0,2,0,2,0,0,0,2,0,0,0,1,0,0,1,0,0,1,0,0,10,1,0,0,0,0,0,0,1,0,1,0,0,0,0,6,1,0
C:\Users\rique\Documents\Doutorado\SmellDetectionCaller-master\Temp\netty-socketio-master\src\main\java\com\corundumstudio\socketio\store\HazelcastPubSubStore.java,com.corundumstudio.socketio.store.HazelcastPubSubStore$Anonymous1,anonymous,3,3,0,3,2,1,0,4,0,0.0,NaN,NaN,1,0,1,0,0,0,1,0,0,0,0,0,0,0,0,0,0,0,0,8,0,0,0,0,0,0,0,1,0,1,1,0,0,0,6,-1,0
C:\Users\rique\Documents\Doutorado\SmellDetectionCaller-master\Temp\netty-socketio-master\src\main\java\com\corundumstudio\socketio\VoidAckCallback.java,com.corundumstudio.socketio.VoidAckCallback,class,2,3,1,2,4,2,0,1,6,0.0,0.0,0.0,4,0,3,0,1,0,4,1,1,0,0,0,0,0,0,0,0,0,0,12,0,0,0,0,0,0,0,0,0,0,0,0,0,0,12,1025,0
C:\Users\rique\Documents\Doutorado\SmellDetectionCaller-master\Temp\netty-socketio-master\src\main\java\com\corundumstudio\socketio\listener\PingListener.java,com.corundumstudio.socketio.listener.PingListener,interface,1,4,3,1,1,1,0,0,0,0.0,NaN,NaN,1,0,0,0,0,1,1,0,0,0,0,0,0,0,0,0,0,0,0,3,0,0,0,0,0,0,0,0,0,0,0,0,0,0,8,1,0
C:\Users\rique\Documents\Doutorado\SmellDetectionCaller-master\Temp\netty-socketio-master\src\main\java\com\corundumstudio\socketio\Configuration.java,com.corundumstudio.socketio.Configuration,class,12,26,14,12,78,1,0,76,2550,0.97181994,0.0,0.0,73,0,72,0,0,1,73,0,0,0,35,0,0,35,0,0,0,0,3,307,36,0,2,2,0,8,13,63,2,37,3,0,0,0,269,1,0
C:\Users\rique\Documents\Doutorado\SmellDetectionCaller-master\Temp\netty-socketio-master\src\main\java\com\corundumstudio\socketio\transport\NamespaceClient.java,com.corundumstudio.socketio.transport.NamespaceClient,class,12,18,6,12,37,1,0,42,30,0.7395833,0.0,0.0,24,0,23,1,0,0,23,0,0,0,4,1,0,4,0,0,4,0,2,118,22,0,9,0,4,1,4,13,4,11,2,0,0,0,65,1,1
C:\Users\rique\Documents\Doutorado\SmellDetectionCaller-master\Temp\netty-socketio-master\src\main\java\com\corundumstudio\socketio\SocketIOClient.java,com.corundumstudio.socketio.SocketIOClient,interface,7,33,26,7,11,1,0,0,55,0.0,0.0,0.0,11,0,0,0,0,11,11,0,0,0,0,0,0,0,0,0,0,0,0,13,0,0,0,0,0,0,0,0,0,0,0,0,0,0,67,1,0
C:\Users\rique\Documents\Doutorado\SmellDetectionCaller-master\Temp\netty-socketio-master\src\main\java\com\corundumstudio\socketio\store\pubsub\DisconnectMessage.java,com.corundumstudio.socketio.store.pubsub.DisconnectMessage,class,1,4,3,1,3,2,0,0,1,0.6666667,0.0,0.0,3,0,3,0,0,0,3,0,0,0,2,1,0,2,0,0,1,0,0,13,1,0,0,0,0,0,1,2,0,2,0,0,0,0,15,1,0
C:\Users\rique\Documents\Doutorado\SmellDetectionCaller-master\Temp\netty-socketio-master\src\main\java\com\corundumstudio\socketio\ack\AckSchedulerKey.java,com.corundumstudio.socketio.ack.AckSchedulerKey,class,3,5,2,3,8,2,0,3,0,0.0,0.0,0.0,4,0,4,0,0,0,4,0,0,0,1,0,0,1,0,0,1,0,0,24,7,0,3,0,2,0,2,5,3,4,1,0,0,0,21,1,0
C:\Users\rique\Documents\Doutorado\SmellDetectionCaller-master\Temp\netty-socketio-master\src\main\java\com\corundumstudio\socketio\handler\ClientHead.java,com.corundumstudio.socketio.handler.ClientHead,class,21,39,18,21,44,1,0,48,242,0.88809526,0.0,0.0,28,0,27,1,0,0,27,0,0,0,15,2,1,14,0,0,12,0,0,176,21,4,8,0,1,3,1,28,1,27,2,1,0,0,98,1,2
C:\Users\rique\Documents\Doutorado\SmellDetectionCaller-master\Temp\netty-socketio-master\src\main\java\com\corundumstudio\socketio\handler\SocketIOException.java,com.corundumstudio.socketio.handler.SocketIOException,class,0,4,4,0,3,4,0,0,3,1.0,0.0,0.0,3,0,3,0,0,0,3,0,0,0,1,1,0,1,0,0,1,0,0,12,0,0,0,0,0,0,1,1,0,1,0,0,0,0,14,1,0
C:\Users\rique\Documents\Doutorado\SmellDetectionCaller-master\Temp\netty-socketio-master\src\main\java\com\corundumstudio\socketio\annotation\OnConnectScanner.java,com.corundumstudio.socketio.annotation.OnConnectScanner,class,5,6,1,5,7,1,0,4,3,0.0,0.0,0.0,3,0,3,0,0,0,3,0,0,0,0,0,0,0,0,0,0,0,0,35,1,1,1,0,0,4,1,2,2,1,2,1,0,0,23,1,0
C:\Users\rique\Documents\Doutorado\SmellDetectionCaller-master\Temp\netty-socketio-master\src\main\java\com\corundumstudio\socketio\protocol\JsonSupport.java,com.corundumstudio.socketio.protocol.JsonSupport,interface,6,16,10,6,6,1,0,0,15,0.0,0.0,0.0,6,0,0,0,0,6,6,0,0,0,0,0,0,0,0,0,0,0,0,8,0,0,0,0,0,0,0,0,0,0,0,0,0,0,39,1,0
C:\Users\rique\Documents\Doutorado\SmellDetectionCaller-master\Temp\netty-socketio-master\src\main\java\com\corundumstudio\socketio\annotation\OnConnectScanner.java,com.corundumstudio.socketio.annotation.OnConnectScanner$Anonymous1,anonymous,2,2,0,2,3,1,0,2,0,0.0,NaN,NaN,1,0,1,0,0,0,1,0,0,0,0,0,0,0,0,0,0,0,0,13,0,0,0,1,0,0,0,0,0,0,1,0,0,0,11,-1,0
C:\Users\rique\Documents\Doutorado\SmellDetectionCaller-master\Temp\netty-socketio-master\src\main\java\com\corundumstudio\socketio\annotation\SpringAnnotationScanner.java,com.corundumstudio.socketio.annotation.SpringAnnotationScanner$Anonymous1,anonymous,0,0,0,0,1,1,0,1,0,0.0,NaN,NaN,1,0,1,0,0,0,1,0,0,0,0,0,0,0,0,0,0,0,0,5,0,0,0,0,0,0,0,0,0,0,0,0,0,0,8,-1,0
C:\Users\rique\Documents\Doutorado\SmellDetectionCaller-master\Temp\netty-socketio-master\src\main\java\com\corundumstudio\socketio\annotation\SpringAnnotationScanner.java,com.corundumstudio.socketio.annotation.SpringAnnotationScanner$Anonymous2,anonymous,0,0,0,0,3,1,0,1,0,0.0,NaN,NaN,1,0,1,0,0,0,1,0,0,0,0,0,0,0,0,0,0,0,0,10,2,1,0,0,0,0,0,0,0,0,2,0,0,0,9,-1,0
C:\Users\rique\Documents\Doutorado\SmellDetectionCaller-master\Temp\netty-socketio-master\src\main\java\com\corundumstudio\socketio\BroadcastAckCallback.java,com.corundumstudio.socketio.BroadcastAckCallback$Anonymous1,anonymous,2,2,0,2,2,1,0,4,1,0.0,0.0,0.0,2,0,2,0,0,0,2,0,0,0,0,0,0,0,0,0,0,0,0,10,0,0,0,0,0,0,0,0,0,0,0,0,0,0,8,-1,0
C:\Users\rique\Documents\Doutorado\SmellDetectionCaller-master\Temp\netty-socketio-master\src\main\java\com\corundumstudio\socketio\annotation\AnnotationScanner.java,com.corundumstudio.socketio.annotation.AnnotationScanner,interface,1,5,4,1,3,1,0,0,3,0.0,0.0,0.0,3,0,0,0,0,3,3,0,0,0,0,0,0,0,0,0,0,0,0,5,0,0,0,0,0,0,0,0,0,0,0,0,0,0,12,1,0
C:\Users\rique\Documents\Doutorado\SmellDetectionCaller-master\Temp\netty-socketio-master\src\main\java\com\corundumstudio\socketio\SocketIONamespace.java,com.corundumstudio.socketio.SocketIONamespace,interface,3,7,4,3,5,1,0,0,10,0.0,0.0,0.0,5,0,0,0,0,5,5,0,0,0,0,0,0,0,0,0,0,0,0,7,0,0,0,0,0,0,0,0,0,0,0,0,0,0,30,1,0
C:\Users\rique\Documents\Doutorado\SmellDetectionCaller-master\Temp\netty-socketio-master\src\main\java\com\corundumstudio\socketio\messages\OutPacketMessage.java,com.corundumstudio.socketio.messages.OutPacketMessage,class,3,5,2,3,3,2,0,2,0,0.33333334,0.0,0.0,3,0,3,0,0,0,3,0,0,0,2,0,0,2,0,0,2,0,0,15,2,0,0,0,0,0,0,2,0,2,0,0,0,0,10,1,0
C:\Users\rique\Documents\Doutorado\SmellDetectionCaller-master\Temp\netty-socketio-master\src\main\java\com\corundumstudio\socketio\scheduler\SchedulerKey.java,com.corundumstudio.socketio.scheduler.SchedulerKey,class,2,12,10,2,12,1,1,4,0,0.0,0.0,0.0,3,0,3,0,0,0,3,0,0,0,2,0,0,2,0,0,2,0,0,28,8,0,8,0,4,0,4,7,4,5,2,0,1,0,32,1,0
C:\Users\rique\Documents\Doutorado\SmellDetectionCaller-master\Temp\netty-socketio-master\src\main\java\com\corundumstudio\socketio\messages\HttpMessage.java,com.corundumstudio.socketio.messages.HttpMessage,class,0,4,4,0,3,1,3,0,0,0.33333334,0.0,0.0,3,0,3,0,0,0,3,0,0,0,2,0,0,2,0,0,2,0,0,14,2,0,0,0,0,0,0,2,0,2,0,0,0,0,11,1025,0
C:\Users\rique\Documents\Doutorado\SmellDetectionCaller-master\Temp\netty-socketio-master\src\main\java\com\corundumstudio\socketio\SocketConfig.java,com.corundumstudio.socketio.SocketConfig,class,0,2,2,0,14,1,0,0,77,0.85714287,0.0,0.0,14,0,14,0,0,0,14,0,0,0,7,0,0,7,0,0,0,0,0,51,7,0,0,0,0,0,4,14,0,7,0,0,0,0,39,1,0
C:\Users\rique\Documents\Doutorado\SmellDetectionCaller-master\Temp\netty-socketio-master\src\main\java\com\corundumstudio\socketio\scheduler\HashedWheelScheduler.java,com.corundumstudio.socketio.scheduler.HashedWheelScheduler$Anonymous2$Anonymous3,anonymous,0,0,0,0,1,1,0,2,0,0.0,NaN,NaN,1,0,1,0,0,0,1,0,0,0,0,0,0,0,0,0,0,0,0,10,0,0,0,1,0,0,0,0,0,0,1,0,0,0,2,-1,0
C:\Users\rique\Documents\Doutorado\SmellDetectionCaller-master\Temp\netty-socketio-master\src\main\java\com\corundumstudio\socketio\handler\PacketListener.java,com.corundumstudio.socketio.handler.PacketListener,class,11,13,2,11,15,1,0,24,0,0.0,0.0,0.0,2,0,2,0,0,0,2,0,0,0,3,0,0,3,0,0,3,0,1,70,0,0,7,0,0,1,0,11,0,10,3,0,0,0,25,1,0
C:\Users\rique\Documents\Doutorado\SmellDetectionCaller-master\Temp\netty-socketio-master\src\main\java\com\corundumstudio\socketio\protocol\AuthPacket.java,com.corundumstudio.socketio.protocol.AuthPacket,class,0,1,1,0,5,1,0,0,2,0.6,0.0,0.0,5,0,5,0,0,0,5,0,0,0,4,0,0,4,0,0,4,0,0,25,4,0,0,0,0,0,0,4,0,4,0,0,0,0,14,1,0
C:\Users\rique\Documents\Doutorado\SmellDetectionCaller-master\Temp\netty-socketio-master\src\main\java\com\corundumstudio\socketio\annotation\OnEventScanner.java,com.corundumstudio.socketio.annotation.OnEventScanner,class,8,10,2,8,18,1,0,18,10,0.0,0.0,0.0,5,0,3,2,0,0,3,0,0,0,0,0,0,0,0,0,0,0,0,115,4,3,5,0,0,4,8,16,1,14,2,2,0,0,43,1,0
C:\Users\rique\Documents\Doutorado\SmellDetectionCaller-master\Temp\netty-socketio-master\src\main\java\com\corundumstudio\socketio\AuthorizationListener.java,com.corundumstudio.socketio.AuthorizationListener,interface,1,4,3,1,1,1,0,0,0,0.0,NaN,NaN,1,0,0,0,0,1,1,0,0,0,0,0,0,0,0,0,0,0,0,3,0,0,0,0,0,0,0,0,0,0,0,0,0,0,15,1,0
C:\Users\rique\Documents\Doutorado\SmellDetectionCaller-master\Temp\netty-socketio-master\src\main\java\com\corundumstudio\socketio\listener\ClientListeners.java,com.corundumstudio.socketio.listener.ClientListeners,interface,7,9,2,7,9,1,0,0,36,0.0,0.0,0.0,9,0,0,0,0,9,9,0,0,0,0,0,0,0,0,0,0,0,0,11,0,0,0,0,0,0,0,0,0,0,0,0,0,0,19,1,0
C:\Users\rique\Documents\Doutorado\SmellDetectionCaller-master\Temp\netty-socketio-master\src\main\java\com\corundumstudio\socketio\AckMode.java,com.corundumstudio.socketio.AckMode,enum,0,2,2,0,0,1,0,0,0,0.0,-1.0,-1.0,0,0,0,0,0,0,0,0,0,0,0,0,0,0,0,0,0,0,0,4,0,0,0,0,0,0,0,0,0,0,0,0,0,0,28,1,0
C:\Users\rique\Documents\Doutorado\SmellDetectionCaller-master\Temp\netty-socketio-master\src\main\java\com\corundumstudio\socketio\listener\MultiTypeEventListener.java,com.corundumstudio.socketio.listener.MultiTypeEventListener,interface,2,6,4,2,0,1,0,0,0,0.0,-1.0,-1.0,0,0,0,0,0,0,0,0,0,0,0,0,0,0,0,0,0,0,0,2,0,0,0,0,0,0,0,0,0,0,0,0,0,0,8,1,0
C:\Users\rique\Documents\Doutorado\SmellDetectionCaller-master\Temp\netty-socketio-master\src\main\java\com\corundumstudio\socketio\MultiTypeAckCallback.java,com.corundumstudio.socketio.MultiTypeAckCallback,class,2,4,2,2,2,2,0,0,0,0.0,0.0,0.0,2,0,2,0,0,0,2,0,0,0,1,0,0,1,0,0,0,0,0,10,1,0,0,0,0,0,0,1,0,1,0,0,0,0,16,1025,0
C:\Users\rique\Documents\Doutorado\SmellDetectionCaller-master\Temp\netty-socketio-master\src\main\java\com\corundumstudio\socketio\scheduler\HashedWheelScheduler.java,com.corundumstudio.socketio.scheduler.HashedWheelScheduler,class,6,6,0,6,11,1,0,7,0,0.5416667,0.0,0.0,8,0,8,0,0,0,8,0,0,0,3,0,0,3,0,0,2,0,0,68,0,0,1,0,0,0,0,7,0,6,1,3,0,0,31,1,0
C:\Users\rique\Documents\Doutorado\SmellDetectionCaller-master\Temp\netty-socketio-master\src\main\java\com\corundumstudio\socketio\store\MemoryPubSubStore.java,com.corundumstudio.socketio.store.MemoryPubSubStore,class,5,6,1,5,4,1,0,0,6,0.0,0.0,0.0,4,0,4,0,0,0,4,0,0,0,0,0,0,0,0,0,0,0,0,10,0,0,0,0,0,0,0,0,0,0,0,0,0,0,13,1,0
C:\Users\rique\Documents\Doutorado\SmellDetectionCaller-master\Temp\netty-socketio-master\src\main\java\com\corundumstudio\socketio\scheduler\HashedWheelTimeoutScheduler.java,com.corundumstudio.socketio.scheduler.HashedWheelTimeoutScheduler$Anonymous2$Anonymous3,anonymous,0,0,0,0,1,1,0,2,0,0.0,NaN,NaN,1,0,1,0,0,0,1,0,0,0,0,0,0,0,0,0,0,0,0,10,0,0,0,1,0,0,0,0,0,0,1,0,0,0,2,-1,0
C:\Users\rique\Documents\Doutorado\SmellDetectionCaller-master\Temp\netty-socketio-master\src\main\java\com\corundumstudio\socketio\store\pubsub\PubSubListener.java,com.corundumstudio.socketio.store.pubsub.PubSubListener,interface,1,8,7,1,1,1,0,0,0,0.0,NaN,NaN,1,0,0,0,0,1,1,0,0,0,0,0,0,0,0,0,0,0,0,3,0,0,0,0,0,0,0,0,0,0,0,0,0,0,4,1,0
C:\Users\rique\Documents\Doutorado\SmellDetectionCaller-master\Temp\netty-socketio-master\src\main\java\com\corundumstudio\socketio\listener\DisconnectListener.java,com.corundumstudio.socketio.listener.DisconnectListener,interface,1,5,4,1,1,1,0,0,0,0.0,NaN,NaN,1,0,0,0,0,1,1,0,0,0,0,0,0,0,0,0,0,0,0,3,0,0,0,0,0,0,0,0,0,0,0,0,0,0,8,1,0
C:\Users\rique\Documents\Doutorado\SmellDetectionCaller-master\Temp\netty-socketio-master\src\main\java\com\corundumstudio\socketio\ack\AckManager.java,com.corundumstudio.socketio.ack.AckManager$AckEntry,innerclass,1,1,0,1,5,1,0,7,0,0.4,0.0,0.0,5,0,5,0,0,0,5,0,0,0,2,0,0,0,0,2,2,0,0,21,4,0,0,0,0,0,2,3,0,3,0,0,0,0,15,0,0
C:\Users\rique\Documents\Doutorado\SmellDetectionCaller-master\Temp\netty-socketio-master\src\main\java\com\corundumstudio\socketio\annotation\OnDisconnectScanner.java,com.corundumstudio.socketio.annotation.OnDisconnectScanner,class,5,6,1,5,7,1,0,4,3,0.0,0.0,0.0,3,0,3,0,0,0,3,0,0,0,0,0,0,0,0,0,0,0,0,35,1,1,1,0,0,4,1,2,2,1,2,1,0,0,23,1,0
C:\Users\rique\Documents\Doutorado\SmellDetectionCaller-master\Temp\netty-socketio-master\src\main\java\com\corundumstudio\socketio\store\pubsub\ConnectMessage.java,com.corundumstudio.socketio.store.pubsub.ConnectMessage,class,1,4,3,1,3,2,0,0,1,0.6666667,0.0,0.0,3,0,3,0,0,0,3,0,0,0,2,1,0,2,0,0,1,0,0,13,1,0,0,0,0,0,1,2,0,2,0,0,0,0,15,1,0
C:\Users\rique\Documents\Doutorado\SmellDetectionCaller-master\Temp\netty-socketio-master\src\main\java\com\corundumstudio\socketio\store\pubsub\PubSubType.java,com.corundumstudio.socketio.store.pubsub.PubSubType,enum,0,4,4,0,1,1,0,2,0,0.0,NaN,NaN,1,0,1,0,0,0,1,0,0,0,0,0,0,0,0,0,0,0,0,4,1,0,0,0,0,0,0,0,0,0,0,0,0,0,15,1,0
C:\Users\rique\Documents\Doutorado\SmellDetectionCaller-master\Temp\netty-socketio-master\src\main\java\com\corundumstudio\socketio\handler\ClientHead.java,com.corundumstudio.socketio.handler.ClientHead$Anonymous1,anonymous,2,2,0,2,2,1,0,3,0,0.0,NaN,NaN,1,0,1,0,0,0,1,0,0,0,0,0,0,0,0,0,0,0,0,9,0,0,1,0,0,1,0,1,0,1,1,0,0,0,11,-1,1
C:\Users\rique\Documents\Doutorado\SmellDetectionCaller-master\Temp\netty-socketio-master\src\main\java\com\corundumstudio\socketio\ClientOperations.java,com.corundumstudio.socketio.ClientOperations,interface,1,8,7,1,3,1,0,0,3,0.0,0.0,0.0,3,0,0,0,0,3,3,0,0,0,0,0,0,0,0,0,0,0,0,5,0,0,0,0,0,0,0,0,0,0,0,0,0,0,22,1,0
C:\Users\rique\Documents\Doutorado\SmellDetectionCaller-master\Temp\netty-socketio-master\src\main\java\com\corundumstudio\socketio\SocketIOServer.java,com.corundumstudio.socketio.SocketIOServer$Anonymous1,anonymous,2,2,0,2,2,1,0,4,0,0.0,NaN,NaN,1,0,1,0,0,0,1,0,0,0,0,0,0,0,0,0,0,0,0,10,0,0,0,0,0,2,0,0,0,0,1,0,0,0,9,-1,2
C:\Users\rique\Documents\Doutorado\SmellDetectionCaller-master\Temp\netty-socketio-master\src\main\java\com\corundumstudio\socketio\listener\EventInterceptor.java,com.corundumstudio.socketio.listener.EventInterceptor,interface,2,5,3,2,1,1,0,0,0,0.0,NaN,NaN,1,0,0,0,0,1,1,0,0,0,0,0,0,0,0,0,0,0,0,3,0,0,0,0,0,0,0,0,0,0,0,0,0,0,8,1,0
C:\Users\rique\Documents\Doutorado\SmellDetectionCaller-master\Temp\netty-socketio-master\src\main\java\com\corundumstudio\socketio\store\RedissonStore.java,com.corundumstudio.socketio.store.RedissonStore,class,3,4,1,3,5,1,0,6,0,0.0,0.0,0.0,5,0,5,0,0,0,5,0,0,0,1,0,0,1,0,0,1,0,0,18,2,0,0,0,0,0,0,1,0,1,0,0,0,0,16,1,0
C:\Users\rique\Documents\Doutorado\SmellDetectionCaller-master\Temp\netty-socketio-master\src\main\java\com\corundumstudio\socketio\listener\ExceptionListener.java,com.corundumstudio.socketio.listener.ExceptionListener,interface,2,6,4,2,5,1,0,0,10,0.0,0.0,0.0,5,0,0,0,0,5,5,0,0,0,0,0,0,0,0,0,0,0,0,7,0,0,0,0,0,0,0,0,0,0,0,0,0,0,19,1,0
C:\Users\rique\Documents\Doutorado\SmellDetectionCaller-master\Temp\netty-socketio-master\src\main\java\com\corundumstudio\socketio\messages\XHROptionsMessage.java,com.corundumstudio.socketio.messages.XHROptionsMessage,class,1,3,2,1,1,3,0,0,0,0.0,NaN,NaN,1,0,1,0,0,0,1,0,0,0,0,0,0,0,0,0,0,0,0,5,0,0,0,0,0,0,0,0,0,0,0,0,0,0,11,1,0
C:\Users\rique\Documents\Doutorado\SmellDetectionCaller-master\Temp\netty-socketio-master\src\main\java\com\corundumstudio\socketio\SocketIOChannelInitializer.java,com.corundumstudio.socketio.SocketIOChannelInitializer$Anonymous1,anonymous,2,2,0,2,1,1,0,0,0,0.0,NaN,NaN,1,0,0,0,1,0,1,0,0,0,0,0,0,0,0,0,0,0,0,5,1,0,0,0,0,0,0,0,0,0,0,0,0,0,10,-1,0
C:\Users\rique\Documents\Doutorado\SmellDetectionCaller-master\Temp\netty-socketio-master\src\main\java\com\corundumstudio\socketio\BroadcastOperations.java,com.corundumstudio.socketio.BroadcastOperations,interface,5,10,5,5,5,1,0,0,10,0.0,0.0,0.0,5,0,0,0,0,5,5,0,0,0,0,0,0,0,0,0,0,0,0,7,0,0,0,0,0,0,0,0,0,0,0,0,0,0,16,1,0
C:\Users\rique\Documents\Doutorado\SmellDetectionCaller-master\Temp\netty-socketio-master\src\main\java\com\corundumstudio\socketio\store\RedissonPubSubStore.java,com.corundumstudio.socketio.store.RedissonPubSubStore,class,8,9,1,8,8,1,0,11,2,0.55,0.0,0.0,5,0,5,0,0,0,5,0,0,0,4,0,0,4,0,0,4,0,0,46,0,1,2,0,0,0,0,14,0,12,2,1,0,0,31,1,0
C:\Users\rique\Documents\Doutorado\SmellDetectionCaller-master\Temp\netty-socketio-master\src\main\java\com\corundumstudio\socketio\annotation\ScannerEngine.java,com.corundumstudio.socketio.annotation.ScannerEngine,class,7,9,2,7,22,1,0,29,6,0.75,NaN,NaN,4,0,1,3,0,0,1,0,0,0,2,2,0,2,0,0,2,0,4,64,4,6,4,0,1,2,0,7,1,7,5,0,0,0,40,1,1
C:\Users\rique\Documents\Doutorado\SmellDetectionCaller-master\Temp\netty-socketio-master\src\main\java\com\corundumstudio\socketio\misc\CompositeIterator.java,com.corundumstudio.socketio.misc.CompositeIterator,class,2,4,2,2,8,1,0,6,0,0.25,0.0,0.0,4,0,4,0,0,0,4,0,0,0,2,0,0,2,0,0,0,0,0,28,4,1,1,0,0,0,0,4,0,3,3,0,0,0,13,1,0
C:\Users\rique\Documents\Doutorado\SmellDetectionCaller-master\Temp\netty-socketio-master\src\main\java\com\corundumstudio\socketio\SingleRoomBroadcastOperations.java,com.corundumstudio.socketio.SingleRoomBroadcastOperations,class,11,13,2,11,18,1,0,16,0,0.65,0.0,0.0,10,0,9,1,0,0,9,0,0,0,4,0,0,4,0,0,4,0,2,71,1,6,0,0,0,0,0,6,0,6,2,0,0,0,33,1,0
C:\Users\rique\Documents\Doutorado\SmellDetectionCaller-master\Temp\netty-socketio-master\src\main\java\com\corundumstudio\socketio\ack\AckManager.java,com.corundumstudio.socketio.ack.AckManager,class,13,23,10,13,21,1,0,28,16,0.6666667,0.0,0.0,9,0,6,3,0,0,6,0,0,0,3,1,0,3,0,0,3,0,0,118,8,1,7,0,0,3,4,22,0,19,2,1,1,0,59,1,2
C:\Users\rique\Documents\Doutorado\SmellDetectionCaller-master\Temp\netty-socketio-master\src\main\java\com\corundumstudio\socketio\misc\CompositeIterable.java,com.corundumstudio.socketio.misc.CompositeIterable,class,3,7,4,3,7,1,0,3,0,0.125,0.0,0.0,4,0,4,0,0,0,4,0,0,0,2,0,0,2,0,0,0,0,0,28,1,2,1,0,0,0,0,5,0,3,2,0,0,0,8,1,0
C:\Users\rique\Documents\Doutorado\SmellDetectionCaller-master\Temp\netty-socketio-master\src\main\java\com\corundumstudio\socketio\MultiRoomBroadcastOperations.java,com.corundumstudio.socketio.MultiRoomBroadcastOperations,class,6,7,1,6,33,1,0,10,0,0.0,0.0,0.0,9,0,9,0,0,0,9,0,0,0,1,0,0,1,0,0,0,0,0,72,9,8,16,0,0,0,8,2,0,2,1,0,0,0,26,1,0
C:\Users\rique\Documents\Doutorado\SmellDetectionCaller-master\Temp\netty-socketio-master\src\main\java\com\corundumstudio\socketio\listener\DataListener.java,com.corundumstudio.socketio.listener.DataListener,interface,3,9,6,3,1,1,0,0,0,0.0,NaN,NaN,1,0,0,0,0,1,1,0,0,0,0,0,0,0,0,0,0,0,0,3,0,0,0,0,0,0,0,0,0,0,0,0,0,0,21,1,0
C:\Users\rique\Documents\Doutorado\SmellDetectionCaller-master\Temp\netty-socketio-master\src\main\java\com\corundumstudio\socketio\JsonSupportWrapper.java,com.corundumstudio.socketio.JsonSupportWrapper,class,9,11,2,9,10,1,0,11,0,0.2857143,0.0,0.0,7,0,6,0,0,1,7,0,0,0,2,1,0,2,0,0,2,0,0,45,3,0,0,3,0,5,0,2,3,2,1,0,0,0,35,0,3
C:\Users\rique\Documents\Doutorado\SmellDetectionCaller-master\Temp\netty-socketio-master\src\main\java\com\corundumstudio\socketio\protocol\JacksonJsonSupport.java,com.corundumstudio.socketio.protocol.JacksonJsonSupport$ByteArraySerializer$Anonymous1,anonymous,1,1,0,1,1,1,0,0,0,0.0,NaN,NaN,1,0,0,0,1,0,1,0,0,0,0,0,0,0,0,0,0,0,0,5,1,0,0,0,0,0,0,0,0,0,0,0,0,0,2,-1,0
C:\Users\rique\Documents\Doutorado\SmellDetectionCaller-master\Temp\netty-socketio-master\src\main\java\com\corundumstudio\socketio\protocol\PacketType.java,com.corundumstudio.socketio.protocol.PacketType,enum,1,5,4,1,11,1,0,2,0,0.33333334,0.0,0.0,5,2,3,0,0,2,5,0,0,0,3,1,1,2,0,0,3,0,1,30,3,2,2,0,0,1,14,3,1,3,2,0,0,0,36,1,0
C:\Users\rique\Documents\Doutorado\SmellDetectionCaller-master\Temp\netty-socketio-master\src\main\java\com\corundumstudio\socketio\store\HazelcastPubSubStore.java,com.corundumstudio.socketio.store.HazelcastPubSubStore,class,8,9,1,8,8,1,0,11,2,0.55,0.0,0.0,5,0,5,0,0,0,5,0,0,0,4,0,0,4,0,0,4,0,0,47,0,1,2,0,0,0,0,14,0,12,2,1,0,0,28,1,0
C:\Users\rique\Documents\Doutorado\SmellDetectionCaller-master\Temp\netty-socketio-master\src\main\java\com\corundumstudio\socketio\SocketIOServer.java,com.corundumstudio.socketio.SocketIOServer,class,28,30,2,28,36,1,0,50,100,0.81500006,0.0,0.0,25,0,23,0,2,0,25,0,0,0,8,1,0,8,0,0,5,0,0,152,9,2,5,0,0,2,4,25,0,18,2,1,0,0,114,1,2
C:\Users\rique\Documents\Doutorado\SmellDetectionCaller-master\Temp\netty-socketio-master\src\main\java\com\corundumstudio\socketio\protocol\Event.java,com.corundumstudio.socketio.protocol.Event,class,0,3,3,0,4,1,0,0,2,0.5,0.0,0.0,4,0,4,0,0,0,4,0,0,0,2,0,0,2,0,0,0,0,0,17,2,0,0,0,0,0,0,2,0,2,0,0,0,0,6,1,0
C:\Users\rique\Documents\Doutorado\SmellDetectionCaller-master\Temp\netty-socketio-master\src\main\java\com\corundumstudio\socketio\store\pubsub\PubSubMessage.java,com.corundumstudio.socketio.store.pubsub.PubSubMessage,class,0,10,10,0,2,1,4,0,0,0.5,0.0,0.0,2,0,2,0,0,0,2,0,0,0,2,1,0,2,0,0,1,0,0,10,1,0,0,0,0,0,1,2,0,2,0,0,0,0,17,1025,0
C:\Users\rique\Documents\Doutorado\SmellDetectionCaller-master\Temp\netty-socketio-master\src\main\java\com\corundumstudio\socketio\DisconnectableHub.java,com.corundumstudio.socketio.DisconnectableHub,interface,1,4,3,1,0,1,0,0,0,0.0,-1.0,-1.0,0,0,0,0,0,0,0,0,0,0,0,0,0,0,0,0,0,0,0,2,0,0,0,0,0,0,0,0,0,0,0,0,0,0,2,1,0
C:\Users\rique\Documents\Doutorado\SmellDetectionCaller-master\Temp\netty-socketio-master\src\main\java\com\corundumstudio\socketio\handler\EncoderHandler.java,com.corundumstudio.socketio.handler.EncoderHandler,class,31,33,2,31,46,2,0,62,17,0.8090909,0.0,0.0,11,0,2,9,0,0,2,0,0,0,10,7,5,5,0,0,8,0,0,226,2,3,13,1,2,27,3,38,3,37,3,0,1,0,99,1,4
C:\Users\rique\Documents\Doutorado\SmellDetectionCaller-master\Temp\netty-socketio-master\src\main\java\com\corundumstudio\socketio\MultiTypeArgs.java,com.corundumstudio.socketio.MultiTypeArgs,class,2,8,6,2,10,1,0,5,8,0.375,0.0,0.0,8,0,8,0,0,0,8,0,0,0,1,0,0,1,0,0,1,0,0,31,8,0,1,0,0,0,3,1,0,1,1,0,0,0,23,1,0
C:\Users\rique\Documents\Doutorado\SmellDetectionCaller-master\Temp\netty-socketio-master\src\main\java\com\corundumstudio\socketio\protocol\JacksonJsonSupport.java,com.corundumstudio.socketio.protocol.JacksonJsonSupport$ExBeanSerializerModifier,innerclass,7,7,0,7,3,2,0,3,0,0.0,0.0,0.0,2,0,2,0,0,0,2,0,0,0,1,0,0,1,0,0,1,0,0,12,3,0,0,0,0,0,0,1,0,1,1,0,0,0,13,2,0
C:\Users\rique\Documents\Doutorado\SmellDetectionCaller-master\Temp\netty-socketio-master\src\main\java\com\corundumstudio\socketio\scheduler\HashedWheelTimeoutScheduler.java,com.corundumstudio.socketio.scheduler.HashedWheelTimeoutScheduler$Anonymous4,anonymous,1,1,0,1,1,1,0,2,0,0.0,NaN,NaN,1,0,1,0,0,0,1,0,0,0,0,0,0,0,0,0,0,0,0,10,0,0,0,1,0,0,0,0,0,0,1,0,0,0,5,-1,0
C:\Users\rique\Documents\Doutorado\SmellDetectionCaller-master\Temp\netty-socketio-master\src\main\java\com\corundumstudio\socketio\scheduler\HashedWheelTimeoutScheduler.java,com.corundumstudio.socketio.scheduler.HashedWheelTimeoutScheduler$Anonymous1,anonymous,1,1,0,1,1,1,0,1,0,0.0,NaN,NaN,1,0,1,0,0,0,1,0,0,0,0,0,0,0,0,0,0,0,0,5,0,0,0,0,0,0,0,0,0,0,0,0,0,0,4,-1,0
C:\Users\rique\Documents\Doutorado\SmellDetectionCaller-master\Temp\netty-socketio-master\src\main\java\com\corundumstudio\socketio\scheduler\HashedWheelTimeoutScheduler.java,com.corundumstudio.socketio.scheduler.HashedWheelTimeoutScheduler$Anonymous2,anonymous,1,1,0,1,1,1,0,2,0,0.0,NaN,NaN,1,0,1,0,0,0,1,0,0,0,0,0,0,0,0,0,0,0,0,15,0,0,0,0,0,0,0,0,0,0,0,1,0,0,5,-1,0
C:\Users\rique\Documents\Doutorado\SmellDetectionCaller-master\Temp\netty-socketio-master\src\main\java\com\corundumstudio\socketio\protocol\AckArgs.java,com.corundumstudio.socketio.protocol.AckArgs,class,0,5,5,0,2,1,0,0,0,0.0,0.0,0.0,2,0,2,0,0,0,2,0,0,0,1,0,0,1,0,0,0,0,0,10,1,0,0,0,0,0,0,1,0,1,0,0,0,0,4,1,0
C:\Users\rique\Documents\Doutorado\SmellDetectionCaller-master\Temp\netty-socketio-master\src\main\java\com\corundumstudio\socketio\transport\PollingTransport.java,com.corundumstudio.socketio.transport.PollingTransport,class,18,21,3,18,30,2,0,37,0,0.6,0.0,0.0,8,0,3,4,1,0,4,0,0,0,5,2,1,4,0,0,5,0,3,126,4,0,13,1,0,15,8,31,0,28,4,0,0,0,83,1,5
C:\Users\rique\Documents\Doutorado\SmellDetectionCaller-master\Temp\netty-socketio-master\src\main\java\com\corundumstudio\socketio\annotation\OnEventScanner.java,com.corundumstudio.socketio.annotation.OnEventScanner$Anonymous2,anonymous,3,3,0,3,6,1,0,6,0,0.0,NaN,NaN,1,0,1,0,0,0,1,0,0,0,0,0,0,0,0,0,0,0,0,24,0,0,2,1,0,0,2,5,0,2,2,0,0,0,20,-1,0
C:\Users\rique\Documents\Doutorado\SmellDetectionCaller-master\Temp\netty-socketio-master\src\main\java\com\corundumstudio\socketio\listener\ExceptionListenerAdapter.java,com.corundumstudio.socketio.listener.ExceptionListenerAdapter,class,3,4,1,3,5,1,1,0,10,0.0,0.0,0.0,5,0,5,0,0,0,5,0,0,0,0,0,0,0,0,0,0,0,0,13,1,0,0,0,0,0,0,0,0,0,0,0,0,0,25,1025,0
C:\Users\rique\Documents\Doutorado\SmellDetectionCaller-master\Temp\netty-socketio-master\src\main\java\com\corundumstudio\socketio\annotation\OnEventScanner.java,com.corundumstudio.socketio.annotation.OnEventScanner$Anonymous1,anonymous,4,4,0,4,6,1,0,4,0,0.0,NaN,NaN,1,0,1,0,0,0,1,0,0,0,0,0,0,0,0,0,0,0,0,25,0,1,2,1,0,0,3,5,0,2,2,0,0,0,25,-1,0
C:\Users\rique\Documents\Doutorado\SmellDetectionCaller-master\Temp\netty-socketio-master\src\main\java\com\corundumstudio\socketio\SocketIOChannelInitializer.java,com.corundumstudio.socketio.SocketIOChannelInitializer,class,34,36,2,34,16,2,0,46,2,0.8194444,0.0,0.0,8,0,4,1,3,0,7,0,0,0,27,15,14,13,0,0,15,0,6,126,1,0,3,2,0,16,0,44,1,43,2,1,0,0,127,1,1
C:\Users\rique\Documents\Doutorado\SmellDetectionCaller-master\Temp\netty-socketio-master\src\main\java\com\corundumstudio\socketio\store\RedissonStoreFactory.java,com.corundumstudio.socketio.store.RedissonStoreFactory,class,9,9,0,9,7,2,0,4,0,0.5,0.0,0.0,7,0,7,0,0,0,7,0,0,0,4,0,0,4,0,0,4,0,0,35,3,0,0,0,0,0,0,8,0,4,0,0,0,0,19,1,0
C:\Users\rique\Documents\Doutorado\SmellDetectionCaller-master\Temp\netty-socketio-master\src\main\java\com\corundumstudio\socketio\misc\IterableCollection.java,com.corundumstudio.socketio.misc.IterableCollection,class,2,3,1,2,5,2,0,3,0,0.0,0.0,0.0,4,0,4,0,0,0,4,0,0,0,1,0,0,1,0,0,1,0,0,21,2,1,0,0,0,0,1,3,0,3,1,0,0,0,7,1,0
C:\Users\rique\Documents\Doutorado\SmellDetectionCaller-master\Temp\netty-socketio-master\src\main\java\com\corundumstudio\socketio\protocol\JacksonJsonSupport.java,com.corundumstudio.socketio.protocol.JacksonJsonSupport$ByteArraySerializer,innerclass,11,11,0,11,12,2,0,11,22,0.8125,0.0,0.0,8,0,8,0,0,0,8,0,0,0,2,1,0,2,0,0,2,0,0,44,3,0,4,0,2,5,2,6,0,6,2,1,0,0,45,9,0
C:\Users\rique\Documents\Doutorado\SmellDetectionCaller-master\Temp\netty-socketio-master\src\main\java\com\corundumstudio\socketio\protocol\PacketEncoder.java,com.corundumstudio.socketio.protocol.PacketEncoder,class,11,17,6,11,62,1,0,47,79,0.8831168,0.0,0.0,14,6,9,3,0,2,11,0,0,0,11,9,0,7,0,4,11,0,12,246,11,12,19,1,19,4,50,60,24,45,5,0,0,0,101,1,0
C:\Users\rique\Documents\Doutorado\SmellDetectionCaller-master\Temp\netty-socketio-master\src\main\java\com\corundumstudio\socketio\annotation\OnDisconnectScanner.java,com.corundumstudio.socketio.annotation.OnDisconnectScanner$Anonymous1,anonymous,2,2,0,2,3,1,0,2,0,0.0,NaN,NaN,1,0,1,0,0,0,1,0,0,0,0,0,0,0,0,0,0,0,0,13,0,0,0,1,0,0,0,0,0,0,1,0,0,0,11,-1,0
C:\Users\rique\Documents\Doutorado\SmellDetectionCaller-master\Temp\netty-socketio-master\src\main\java\com\corundumstudio\socketio\store\HazelcastStore.java,com.corundumstudio.socketio.store.HazelcastStore,class,4,5,1,4,5,1,0,6,0,0.0,0.0,0.0,5,0,5,0,0,0,5,0,0,0,1,0,0,1,0,0,1,0,0,18,2,0,0,0,0,0,0,1,0,1,0,0,0,0,16,1,0
C:\Users\rique\Documents\Doutorado\SmellDetectionCaller-master\Temp\netty-socketio-master\src\main\java\com\corundumstudio\socketio\transport\WebSocketTransport.java,com.corundumstudio.socketio.transport.WebSocketTransport$Anonymous2,anonymous,2,2,0,2,3,1,0,4,0,0.0,NaN,NaN,1,0,1,0,0,0,1,0,0,0,0,0,0,0,0,0,0,0,0,11,0,0,1,0,0,1,0,1,0,1,2,0,0,0,12,-1,1
C:\Users\rique\Documents\Doutorado\SmellDetectionCaller-master\Temp\netty-socketio-master\src\main\java\com\corundumstudio\socketio\store\RedissonPubSubStore.java,com.corundumstudio.socketio.store.RedissonPubSubStore$Anonymous1,anonymous,3,3,0,3,2,1,0,3,0,0.0,NaN,NaN,1,0,1,0,0,0,1,0,0,0,0,0,0,0,0,0,0,0,0,7,0,0,0,0,0,0,0,0,0,0,1,0,0,0,8,-1,0
C:\Users\rique\Documents\Doutorado\SmellDetectionCaller-master\Temp\netty-socketio-master\src\main\java\com\corundumstudio\socketio\transport\WebSocketTransport.java,com.corundumstudio.socketio.transport.WebSocketTransport$Anonymous1,anonymous,4,4,0,4,2,1,0,7,0,0.0,NaN,NaN,1,0,1,0,0,0,1,0,0,0,0,0,0,0,0,0,0,0,0,10,1,0,0,0,0,1,0,0,1,0,1,0,0,0,13,-1,1
C:\Users\rique\Documents\Doutorado\SmellDetectionCaller-master\Temp\netty-socketio-master\src\main\java\com\corundumstudio\socketio\protocol\JacksonJsonSupport.java,com.corundumstudio.socketio.protocol.JacksonJsonSupport$EventDeserializer,innerclass,7,7,0,7,7,2,0,13,1,0.75,0.0,0.0,2,0,1,0,1,0,2,0,0,0,2,1,0,1,0,1,2,0,1,37,2,1,1,0,0,1,3,13,1,12,2,0,0,0,39,2,1
C:\Users\rique\Documents\Doutorado\SmellDetectionCaller-master\Temp\netty-socketio-master\src\main\java\com\corundumstudio\socketio\namespace\NamespacesHub.java,com.corundumstudio.socketio.namespace.NamespacesHub,class,6,16,10,6,10,1,0,9,0,0.4166667,0.0,0.0,6,0,6,0,0,0,6,0,0,0,2,0,0,2,0,0,2,0,0,38,4,1,3,0,1,0,0,9,0,7,2,0,0,0,22,1,0
C:\Users\rique\Documents\Doutorado\SmellDetectionCaller-master\Temp\netty-socketio-master\src\main\java\com\corundumstudio\socketio\handler\EncoderHandler.java,com.corundumstudio.socketio.handler.EncoderHandler$ChannelFutureList,innerclass,5,5,0,5,11,1,0,10,0,0.3,0.0,0.0,5,0,3,2,0,0,3,0,0,0,2,0,0,2,0,0,0,0,0,38,1,2,1,0,0,0,0,6,0,3,3,0,0,0,47,2,0
C:\Users\rique\Documents\Doutorado\SmellDetectionCaller-master\Temp\netty-socketio-master\src\main\java\com\corundumstudio\socketio\protocol\JacksonJsonSupport.java,com.corundumstudio.socketio.protocol.JacksonJsonSupport$EventKey,innerclass,1,1,0,1,14,1,0,3,0,0.0,0.0,0.0,3,0,3,0,0,0,3,0,0,0,2,0,0,2,0,0,0,0,0,31,9,0,9,0,4,0,4,7,4,5,2,0,0,0,18,9,0
C:\Users\rique\Documents\Doutorado\SmellDetectionCaller-master\Temp\netty-socketio-master\src\main\java\com\corundumstudio\socketio\store\pubsub\PubSubStore.java,com.corundumstudio.socketio.store.pubsub.PubSubStore,interface,4,16,12,4,4,1,0,0,6,0.0,0.0,0.0,4,0,0,0,0,4,4,0,0,0,0,0,0,0,0,0,0,0,0,6,0,0,0,0,0,0,0,0,0,0,0,0,0,0,12,1,0
C:\Users\rique\Documents\Doutorado\SmellDetectionCaller-master\Temp\netty-socketio-master\src\main\java\com\corundumstudio\socketio\namespace\EventEntry.java,com.corundumstudio.socketio.namespace.EventEntry,class,2,3,1,2,3,1,0,1,1,0.33333334,0.0,0.0,3,0,3,0,0,0,3,0,0,0,1,0,0,1,0,0,1,0,0,12,1,0,0,0,0,0,0,1,0,1,0,0,0,0,8,1,0
C:\Users\rique\Documents\Doutorado\SmellDetectionCaller-master\Temp\netty-socketio-master\src\main\java\com\corundumstudio\socketio\handler\SuccessAuthorizationListener.java,com.corundumstudio.socketio.handler.SuccessAuthorizationListener,class,2,3,1,2,1,1,0,0,0,0.0,NaN,NaN,1,0,1,0,0,0,1,0,0,0,0,0,0,0,0,0,0,0,0,5,1,0,0,0,0,0,0,0,0,0,0,0,0,0,9,1,0
C:\Users\rique\Documents\Doutorado\SmellDetectionCaller-master\Temp\netty-socketio-master\src\main\java\com\corundumstudio\socketio\store\StoreFactory.java,com.corundumstudio.socketio.store.StoreFactory,interface,8,15,7,8,5,1,0,0,10,0.0,0.0,0.0,5,0,0,0,0,5,5,0,0,0,0,0,0,0,0,0,0,0,0,7,0,0,0,0,0,0,0,0,0,0,0,0,0,0,27,1,0
C:\Users\rique\Documents\Doutorado\SmellDetectionCaller-master\Temp\netty-socketio-master\src\main\java\com\corundumstudio\socketio\listener\DefaultExceptionListener.java,com.corundumstudio.socketio.listener.DefaultExceptionListener,class,5,7,2,5,5,2,0,3,0,0.0,0.0,0.0,5,0,5,0,0,0,5,0,0,0,1,1,0,1,0,0,1,0,0,19,1,0,0,0,0,0,0,1,0,1,0,0,0,0,24,1,5
C:\Users\rique\Documents\Doutorado\SmellDetectionCaller-master\Temp\netty-socketio-master\src\main\java\com\corundumstudio\socketio\protocol\PacketDecoder.java,com.corundumstudio.socketio.protocol.PacketDecoder,class,14,25,11,14,66,1,0,68,103,0.9,0.0,0.0,15,0,3,12,0,0,3,0,0,0,4,0,0,4,0,0,4,0,8,230,25,4,28,0,3,10,53,65,21,55,5,0,0,0,100,1,0
C:\Users\rique\Documents\Doutorado\SmellDetectionCaller-master\Temp\netty-socketio-master\src\main\java\com\corundumstudio\socketio\AckRequest.java,com.corundumstudio.socketio.AckRequest,class,4,12,8,4,6,1,0,10,0,0.5,0.0,0.0,4,0,4,0,0,0,4,0,0,0,3,0,0,3,0,0,3,0,1,26,2,0,0,0,0,0,0,5,0,5,1,0,0,0,68,1,0
C:\Users\rique\Documents\Doutorado\SmellDetectionCaller-master\Temp\netty-socketio-master\src\main\java\com\corundumstudio\socketio\handler\ClientsBox.java,com.corundumstudio.socketio.handler.ClientsBox,class,3,10,7,3,8,1,0,9,3,0.5,0.0,0.0,7,0,7,0,0,0,7,0,0,0,2,0,0,2,0,0,2,0,0,29,4,0,1,0,0,0,0,3,0,3,1,0,0,0,20,1,0
C:\Users\rique\Documents\Doutorado\SmellDetectionCaller-master\Temp\netty-socketio-master\src\main\java\com\corundumstudio\socketio\protocol\JacksonJsonSupport.java,com.corundumstudio.socketio.protocol.JacksonJsonSupport,class,20,25,5,20,11,5,0,18,6,0.77777773,0.0,0.0,9,0,8,0,1,0,9,0,0,0,7,1,0,0,7,0,7,0,1,205,3,0,1,0,0,0,1,8,0,8,1,0,5,0,50,1,0
C:\Users\rique\Documents\Doutorado\SmellDetectionCaller-master\Temp\netty-socketio-master\src\main\java\com\corundumstudio\socketio\store\MemoryStoreFactory.java,com.corundumstudio.socketio.store.MemoryStoreFactory,class,7,8,1,7,5,2,0,3,10,0.8,0.0,0.0,5,0,5,0,0,0,5,0,0,0,1,0,0,1,0,0,1,0,0,17,4,0,0,0,0,1,0,1,1,1,0,0,0,0,23,1,0
C:\Users\rique\Documents\Doutorado\SmellDetectionCaller-master\Temp\netty-socketio-master\src\main\java\com\corundumstudio\socketio\annotation\SpringAnnotationScanner.java,com.corundumstudio.socketio.annotation.SpringAnnotationScanner,class,9,10,1,9,5,1,0,7,0,0.5833333,0.0,0.0,3,0,3,0,0,0,3,0,0,0,4,1,0,4,0,0,3,0,1,41,2,0,1,0,0,1,0,6,0,5,1,2,0,0,34,1,1
C:\Users\rique\Documents\Doutorado\SmellDetectionCaller-master\Temp\netty-socketio-master\src\main\java\com\corundumstudio\socketio\Transport.java,com.corundumstudio.socketio.Transport,enum,1,10,9,1,5,1,0,3,0,0.0,0.0,0.0,3,1,2,0,0,1,3,0,0,0,1,0,0,1,0,0,1,0,1,16,2,1,0,0,0,2,0,1,1,1,2,0,0,0,25,1,0
