nomeSistema;class;cbo;wmc;dit;rfc;maxNested;loc;nom
netty;com.corundumstudio.socketio.protocol.Packet;4;28;1;11;1;98;23
netty;com.corundumstudio.socketio.protocol.JacksonJsonSupport$AckArgsDeserializer;8;6;2;12;2;31;2
netty;com.corundumstudio.socketio.handler.WrongUrlHandler;11;2;2;11;1;17;1
netty;com.corundumstudio.socketio.handler.AuthorizeHandler;32;29;2;64;4;158;8
netty;com.corundumstudio.socketio.store.HazelcastStoreFactory;8;7;2;4;0;35;7
netty;com.corundumstudio.socketio.store.pubsub.DispatchMessage;2;5;2;0;0;22;5
netty;com.corundumstudio.socketio.HandshakeData;1;13;1;4;1;52;11
netty;com.corundumstudio.socketio.handler.TransportState;2;4;1;0;0;18;4
netty;com.corundumstudio.socketio.store.pubsub.BaseStoreFactory;13;5;1;9;0;52;5
netty;com.corundumstudio.socketio.messages.XHRPostMessage;1;1;2;0;0;5;1
netty;com.corundumstudio.socketio.store.MemoryStore;2;4;1;5;0;15;4
netty;com.corundumstudio.socketio.ack.AckManager$Anonymous1;2;2;1;2;1;8;1
netty;com.corundumstudio.socketio.transport.WebSocketTransport;25;26;2;43;4;146;7
netty;com.corundumstudio.socketio.store.pubsub.BaseStoreFactory$Anonymous1;1;1;1;2;0;5;1
netty;com.corundumstudio.socketio.store.pubsub.BaseStoreFactory$Anonymous5;3;1;1;6;0;7;1
netty;com.corundumstudio.socketio.store.pubsub.BaseStoreFactory$Anonymous4;3;1;1;6;0;7;1
netty;com.corundumstudio.socketio.scheduler.HashedWheelScheduler$Anonymous4;1;1;1;2;1;10;1
netty;com.corundumstudio.socketio.store.pubsub.BaseStoreFactory$Anonymous3;3;1;1;6;0;7;1
netty;com.corundumstudio.socketio.store.pubsub.BaseStoreFactory$Anonymous2;2;1;1;3;0;6;1
netty;com.corundumstudio.socketio.scheduler.HashedWheelScheduler$Anonymous2;1;1;1;2;0;15;1
netty;com.corundumstudio.socketio.BroadcastAckCallback;5;11;1;7;1;43;8
netty;com.corundumstudio.socketio.scheduler.HashedWheelScheduler$Anonymous1;1;1;1;1;0;5;1
netty;com.corundumstudio.socketio.handler.InPacketHandler;16;13;2;27;4;61;3
netty;com.corundumstudio.socketio.scheduler.SchedulerKey$Type;0;0;1;0;0;1;0
netty;com.corundumstudio.socketio.scheduler.HashedWheelTimeoutScheduler;7;12;1;8;1;76;9
netty;com.corundumstudio.socketio.messages.PacketsMessage;3;4;1;0;0;19;4
netty;com.corundumstudio.socketio.AckCallback;1;6;1;0;0;20;6
netty;com.corundumstudio.socketio.protocol.UTF8CharsScanner;3;17;1;5;2;64;2
netty;com.corundumstudio.socketio.Disconnectable;1;1;1;0;0;3;1
netty;com.corundumstudio.socketio.listener.ConnectListener;1;1;1;0;0;3;1
netty;com.corundumstudio.socketio.namespace.Namespace;28;73;1;70;2;259;35
netty;com.corundumstudio.socketio.store.pubsub.JoinLeaveMessage;1;5;2;0;0;23;5
netty;com.corundumstudio.socketio.store.Store;1;4;1;0;0;6;4
netty;com.corundumstudio.socketio.handler.AuthorizeHandler$Anonymous1;0;1;1;4;0;6;1
netty;com.corundumstudio.socketio.scheduler.CancelableScheduler;2;6;1;0;0;8;6
netty;com.corundumstudio.socketio.messages.HttpErrorMessage;1;2;2;0;0;10;2
netty;com.corundumstudio.socketio.store.HazelcastPubSubStore$Anonymous1;3;2;1;4;1;8;1
netty;com.corundumstudio.socketio.VoidAckCallback;2;4;2;1;0;12;4
netty;com.corundumstudio.socketio.listener.PingListener;1;1;1;0;0;3;1
netty;com.corundumstudio.socketio.Configuration;12;78;1;76;3;307;73
netty;com.corundumstudio.socketio.transport.NamespaceClient;12;37;1;42;2;118;24
netty;com.corundumstudio.socketio.SocketIOClient;7;11;1;0;0;13;11
netty;com.corundumstudio.socketio.store.pubsub.DisconnectMessage;1;3;2;0;0;13;3
netty;com.corundumstudio.socketio.ack.AckSchedulerKey;3;8;2;3;1;24;4
netty;com.corundumstudio.socketio.handler.ClientHead;21;44;1;48;2;176;28
netty;com.corundumstudio.socketio.handler.SocketIOException;0;3;4;0;0;12;3
netty;com.corundumstudio.socketio.annotation.OnConnectScanner;5;7;1;4;2;35;3
netty;com.corundumstudio.socketio.protocol.JsonSupport;6;6;1;0;0;8;6
netty;com.corundumstudio.socketio.annotation.OnConnectScanner$Anonymous1;2;3;1;2;1;13;1
netty;com.corundumstudio.socketio.annotation.SpringAnnotationScanner$Anonymous1;0;1;1;1;0;5;1
netty;com.corundumstudio.socketio.annotation.SpringAnnotationScanner$Anonymous2;0;3;1;1;2;10;1
netty;com.corundumstudio.socketio.BroadcastAckCallback$Anonymous1;2;2;1;4;0;10;2
netty;com.corundumstudio.socketio.annotation.AnnotationScanner;1;3;1;0;0;5;3
netty;com.corundumstudio.socketio.SocketIONamespace;3;5;1;0;0;7;5
netty;com.corundumstudio.socketio.messages.OutPacketMessage;3;3;2;2;0;15;3
netty;com.corundumstudio.socketio.scheduler.SchedulerKey;2;12;1;4;2;28;3
netty;com.corundumstudio.socketio.messages.HttpMessage;0;3;1;0;0;14;3
netty;com.corundumstudio.socketio.SocketConfig;0;14;1;0;0;51;14
netty;com.corundumstudio.socketio.scheduler.HashedWheelScheduler$Anonymous2$Anonymous3;0;1;1;2;1;10;1
netty;com.corundumstudio.socketio.handler.PacketListener;11;15;1;24;3;70;2
netty;com.corundumstudio.socketio.protocol.AuthPacket;0;5;1;0;0;25;5
netty;com.corundumstudio.socketio.annotation.OnEventScanner;8;18;1;18;2;115;5
netty;com.corundumstudio.socketio.AuthorizationListener;1;1;1;0;0;3;1
netty;com.corundumstudio.socketio.listener.ClientListeners;7;9;1;0;0;11;9
netty;com.corundumstudio.socketio.AckMode;0;0;1;0;0;4;0
netty;com.corundumstudio.socketio.listener.MultiTypeEventListener;2;0;1;0;0;2;0
netty;com.corundumstudio.socketio.MultiTypeAckCallback;2;2;2;0;0;10;2
netty;com.corundumstudio.socketio.scheduler.HashedWheelScheduler;6;11;1;7;1;68;8
netty;com.corundumstudio.socketio.store.MemoryPubSubStore;5;4;1;0;0;10;4
netty;com.corundumstudio.socketio.scheduler.HashedWheelTimeoutScheduler$Anonymous2$Anonymous3;0;1;1;2;1;10;1
netty;com.corundumstudio.socketio.store.pubsub.PubSubListener;1;1;1;0;0;3;1
netty;com.corundumstudio.socketio.listener.DisconnectListener;1;1;1;0;0;3;1
netty;com.corundumstudio.socketio.ack.AckManager$AckEntry;1;5;1;7;0;21;5
netty;com.corundumstudio.socketio.annotation.OnDisconnectScanner;5;7;1;4;2;35;3
netty;com.corundumstudio.socketio.store.pubsub.ConnectMessage;1;3;2;0;0;13;3
netty;com.corundumstudio.socketio.store.pubsub.PubSubType;0;1;1;2;0;4;1
netty;com.corundumstudio.socketio.handler.ClientHead$Anonymous1;2;2;1;3;1;9;1
netty;com.corundumstudio.socketio.ClientOperations;1;3;1;0;0;5;3
netty;com.corundumstudio.socketio.SocketIOServer$Anonymous1;2;2;1;4;1;10;1
netty;com.corundumstudio.socketio.listener.EventInterceptor;2;1;1;0;0;3;1
netty;com.corundumstudio.socketio.store.RedissonStore;3;5;1;6;0;18;5
netty;com.corundumstudio.socketio.listener.ExceptionListener;2;5;1;0;0;7;5
netty;com.corundumstudio.socketio.messages.XHROptionsMessage;1;1;3;0;0;5;1
netty;com.corundumstudio.socketio.SocketIOChannelInitializer$Anonymous1;2;1;1;0;0;5;1
netty;com.corundumstudio.socketio.BroadcastOperations;5;5;1;0;0;7;5
netty;com.corundumstudio.socketio.store.RedissonPubSubStore;8;8;1;11;2;46;5
netty;com.corundumstudio.socketio.annotation.ScannerEngine;7;22;1;29;5;64;4
netty;com.corundumstudio.socketio.misc.CompositeIterator;2;8;1;6;3;28;4
netty;com.corundumstudio.socketio.SingleRoomBroadcastOperations;11;18;1;16;2;71;10
netty;com.corundumstudio.socketio.ack.AckManager;13;21;1;28;2;118;9
netty;com.corundumstudio.socketio.misc.CompositeIterable;3;7;1;3;2;28;4
netty;com.corundumstudio.socketio.MultiRoomBroadcastOperations;6;33;1;10;1;72;9
netty;com.corundumstudio.socketio.listener.DataListener;3;1;1;0;0;3;1
netty;com.corundumstudio.socketio.JsonSupportWrapper;9;10;1;11;1;45;7
netty;com.corundumstudio.socketio.protocol.JacksonJsonSupport$ByteArraySerializer$Anonymous1;1;1;1;0;0;5;1
netty;com.corundumstudio.socketio.protocol.PacketType;1;11;1;2;2;30;5
netty;com.corundumstudio.socketio.store.HazelcastPubSubStore;8;8;1;11;2;47;5
netty;com.corundumstudio.socketio.SocketIOServer;28;36;1;50;2;152;25
netty;com.corundumstudio.socketio.protocol.Event;0;4;1;0;0;17;4
netty;com.corundumstudio.socketio.store.pubsub.PubSubMessage;0;2;1;0;0;10;2
netty;com.corundumstudio.socketio.DisconnectableHub;1;0;1;0;0;2;0
netty;com.corundumstudio.socketio.handler.EncoderHandler;31;46;2;62;3;226;11
netty;com.corundumstudio.socketio.MultiTypeArgs;2;10;1;5;1;31;8
netty;com.corundumstudio.socketio.protocol.JacksonJsonSupport$ExBeanSerializerModifier;7;3;2;3;1;12;2
netty;com.corundumstudio.socketio.scheduler.HashedWheelTimeoutScheduler$Anonymous4;1;1;1;2;1;10;1
netty;com.corundumstudio.socketio.scheduler.HashedWheelTimeoutScheduler$Anonymous1;1;1;1;1;0;5;1
netty;com.corundumstudio.socketio.scheduler.HashedWheelTimeoutScheduler$Anonymous2;1;1;1;2;0;15;1
netty;com.corundumstudio.socketio.protocol.AckArgs;0;2;1;0;0;10;2
netty;com.corundumstudio.socketio.transport.PollingTransport;18;30;2;37;4;126;8
netty;com.corundumstudio.socketio.annotation.OnEventScanner$Anonymous2;3;6;1;6;2;24;1
netty;com.corundumstudio.socketio.listener.ExceptionListenerAdapter;3;5;1;0;0;13;5
netty;com.corundumstudio.socketio.annotation.OnEventScanner$Anonymous1;4;6;1;4;2;25;1
netty;com.corundumstudio.socketio.SocketIOChannelInitializer;34;16;2;46;2;126;8
netty;com.corundumstudio.socketio.store.RedissonStoreFactory;9;7;2;4;0;35;7
netty;com.corundumstudio.socketio.misc.IterableCollection;2;5;2;3;1;21;4
netty;com.corundumstudio.socketio.protocol.JacksonJsonSupport$ByteArraySerializer;11;12;2;11;2;44;8
netty;com.corundumstudio.socketio.protocol.PacketEncoder;11;62;1;47;5;246;14
netty;com.corundumstudio.socketio.annotation.OnDisconnectScanner$Anonymous1;2;3;1;2;1;13;1
netty;com.corundumstudio.socketio.store.HazelcastStore;4;5;1;6;0;18;5
netty;com.corundumstudio.socketio.transport.WebSocketTransport$Anonymous2;2;3;1;4;2;11;1
netty;com.corundumstudio.socketio.store.RedissonPubSubStore$Anonymous1;3;2;1;3;1;7;1
netty;com.corundumstudio.socketio.transport.WebSocketTransport$Anonymous1;4;2;1;7;1;10;1
netty;com.corundumstudio.socketio.protocol.JacksonJsonSupport$EventDeserializer;7;7;2;13;2;37;2
netty;com.corundumstudio.socketio.namespace.NamespacesHub;6;10;1;9;2;38;6
netty;com.corundumstudio.socketio.handler.EncoderHandler$ChannelFutureList;5;11;1;10;3;38;5
netty;com.corundumstudio.socketio.protocol.JacksonJsonSupport$EventKey;1;14;1;3;2;31;3
netty;com.corundumstudio.socketio.store.pubsub.PubSubStore;4;4;1;0;0;6;4
netty;com.corundumstudio.socketio.namespace.EventEntry;2;3;1;1;0;12;3
netty;com.corundumstudio.socketio.handler.SuccessAuthorizationListener;2;1;1;0;0;5;1
netty;com.corundumstudio.socketio.store.StoreFactory;8;5;1;0;0;7;5
netty;com.corundumstudio.socketio.listener.DefaultExceptionListener;5;5;2;3;0;19;5
netty;com.corundumstudio.socketio.protocol.PacketDecoder;14;66;1;68;5;230;15
netty;com.corundumstudio.socketio.AckRequest;4;6;1;10;1;26;4
netty;com.corundumstudio.socketio.handler.ClientsBox;3;8;1;9;1;29;7
netty;com.corundumstudio.socketio.protocol.JacksonJsonSupport;20;11;5;18;1;205;9
netty;com.corundumstudio.socketio.store.MemoryStoreFactory;7;5;2;3;0;17;5
netty;com.corundumstudio.socketio.annotation.SpringAnnotationScanner;9;5;1;7;1;41;3
netty;com.corundumstudio.socketio.Transport;1;5;1;3;2;16;3
