nomeSistema;class;cbo;wmc;dit;rfc;maxNested;loc;nom
jfreechart;org.jfree.experimental.chart.plot.CombinedCategoryPlot;7;9;4;13;1;41;5
jfreechart;org.jfree.experimental.chart.plot.CombinedXYPlot;6;9;4;13;1;41;5
jfreechart;org.jfree.experimental.chart.renderer.xy.XYSmoothLineAndShapeRenderer;10;23;4;16;2;102;4
jfreechart;org.jfree.chart.annotations.AbstractXYAnnotation;8;17;1;5;1;58;9
jfreechart;org.jfree.chart.annotations.CategoryAnnotation;3;1;1;0;0;3;1
jfreechart;org.jfree.chart.annotations.CategoryLineAnnotation;13;37;1;29;1;158;19
jfreechart;org.jfree.chart.annotations.CategoryPointerAnnotation;14;37;3;40;1;189;23
jfreechart;org.jfree.chart.annotations.CategoryTextAnnotation;14;22;2;29;1;93;11
jfreechart;org.jfree.chart.annotations.TextAnnotation;3;30;1;16;1;120;17
jfreechart;org.jfree.chart.annotations.XYAnnotation;3;1;1;0;0;3;1
jfreechart;org.jfree.chart.annotations.XYAnnotationBoundsInfo;1;3;1;0;0;5;3
jfreechart;org.jfree.chart.annotations.XYBoxAnnotation;9;24;2;23;1;113;9
jfreechart;org.jfree.chart.annotations.XYDataImageAnnotation;12;30;2;18;1;122;16
jfreechart;org.jfree.chart.annotations.XYDrawableAnnotation;10;18;2;18;1;89;6
jfreechart;org.jfree.chart.annotations.XYImageAnnotation;11;25;2;22;1;102;12
jfreechart;org.jfree.chart.annotations.XYLineAnnotation;10;24;2;24;1;116;8
jfreechart;org.jfree.chart.annotations.XYPointerAnnotation;11;40;3;47;1;198;23
jfreechart;org.jfree.chart.annotations.XYPolygonAnnotation;11;31;2;29;2;126;13
jfreechart;org.jfree.chart.annotations.XYShapeAnnotation;10;23;2;33;1;113;9
jfreechart;org.jfree.chart.annotations.XYTextAnnotation;11;58;2;40;1;238;31
jfreechart;org.jfree.chart.annotations.XYTitleAnnotation;23;39;2;32;2;170;15
jfreechart;org.jfree.chart.axis.Axis;12;136;1;59;2;528;65
jfreechart;org.jfree.chart.axis.AxisCollection;2;12;1;1;1;44;6
jfreechart;org.jfree.chart.axis.AxisLocation;1;18;1;4;1;67;6
jfreechart;org.jfree.chart.axis.AxisSpace;3;44;1;11;2;158;19
jfreechart;org.jfree.chart.axis.AxisState;2;17;1;4;1;56;13
jfreechart;org.jfree.chart.axis.CategoryAnchor;1;10;1;3;1;38;4
jfreechart;org.jfree.chart.axis.CategoryAxis;24;151;2;125;4;628;51
jfreechart;org.jfree.chart.axis.CategoryAxis3D;9;21;3;22;2;76;5
jfreechart;org.jfree.chart.axis.CategoryLabelPosition;5;24;1;2;1;91;12
jfreechart;org.jfree.chart.axis.CategoryLabelPositions;3;33;1;5;1;124;11
jfreechart;org.jfree.chart.axis.CategoryLabelWidthType;1;10;1;3;1;37;4
jfreechart;org.jfree.chart.axis.CategoryTick;5;12;2;4;2;46;6
jfreechart;org.jfree.chart.axis.ColorBar;13;40;1;50;2;194;17
jfreechart;org.jfree.chart.axis.CompassFormat;1;6;3;3;1;27;5
jfreechart;org.jfree.chart.axis.CyclicNumberAxis;19;139;7;71;4;531;34
jfreechart;org.jfree.chart.axis.CyclicNumberAxis$CycleBoundTick;2;1;4;0;0;7;1
jfreechart;org.jfree.chart.axis.DateAxis;26;169;3;121;4;917;51
jfreechart;org.jfree.chart.axis.DateAxis$DefaultTimeline;2;11;1;1;1;35;8
jfreechart;org.jfree.chart.axis.DateTick;4;8;3;4;1;29;5
jfreechart;org.jfree.chart.axis.DateTickMarkPosition;1;10;1;3;1;38;4
jfreechart;org.jfree.chart.axis.DateTickUnit;3;60;2;20;1;217;28
jfreechart;org.jfree.chart.axis.DateTickUnitType;1;15;1;3;1;58;5
jfreechart;org.jfree.chart.axis.ExtendedCategoryAxis;8;24;3;16;3;84;11
jfreechart;org.jfree.chart.axis.LogarithmicAxis;12;154;4;48;9;493;28
jfreechart;org.jfree.chart.axis.LogAxis;18;78;3;88;3;412;33
jfreechart;org.jfree.chart.axis.MarkerAxisBand;6;18;1;39;1;96;7
jfreechart;org.jfree.chart.axis.ModuloAxis;7;40;4;27;2;182;17
jfreechart;org.jfree.chart.axis.MonthDateFormat;4;21;3;18;2;126;11
jfreechart;org.jfree.chart.axis.NumberAxis;20;111;3;86;5;709;38
jfreechart;org.jfree.chart.axis.NumberAxis3D;10;10;4;14;2;43;3
jfreechart;org.jfree.chart.axis.NumberTick;3;3;3;1;0;14;3
jfreechart;org.jfree.chart.axis.NumberTickUnit;2;14;2;8;1;48;7
jfreechart;org.jfree.chart.axis.PeriodAxis;19;129;3;105;4;565;47
jfreechart;org.jfree.chart.axis.PeriodAxisLabelInfo;3;35;1;17;2;143;17
jfreechart;org.jfree.chart.axis.QuarterDateFormat;1;13;3;8;1;62;7
jfreechart;org.jfree.chart.axis.SegmentedTimeline$Segment;2;48;1;15;1;142;29
jfreechart;org.jfree.chart.axis.SegmentedTimeline$SegmentRange;3;11;2;9;2;44;6
jfreechart;org.jfree.chart.axis.SegmentedTimeline$BaseTimelineSegmentRange;1;1;3;0;0;5;1
jfreechart;org.jfree.chart.axis.SegmentedTimeline;5;91;4;57;4;567;45
jfreechart;org.jfree.chart.axis.StandardTickUnitSource;4;7;1;5;1;29;6
jfreechart;org.jfree.chart.axis.SubCategoryAxis;12;43;3;49;3;193;13
jfreechart;org.jfree.chart.axis.SymbolAxis;16;74;4;64;4;380;21
jfreechart;org.jfree.chart.axis.Tick;2;16;1;2;2;60;8
jfreechart;org.jfree.chart.axis.TickType;1;9;1;2;1;34;4
jfreechart;org.jfree.chart.axis.TickUnit;1;16;1;3;2;58;8
jfreechart;org.jfree.chart.axis.TickUnits;4;14;1;10;1;58;9
jfreechart;org.jfree.chart.axis.TickUnitSource;1;3;1;0;0;5;3
jfreechart;org.jfree.chart.axis.Timeline;0;7;1;0;0;9;7
jfreechart;org.jfree.chart.axis.ValueAxis;15;171;2;103;3;671;72
jfreechart;org.jfree.chart.axis.ValueTick;4;9;2;2;1;35;5
jfreechart;org.jfree.chart.block.AbstractBlock;8;62;1;39;1;240;39
jfreechart;org.jfree.chart.block.Arrangement;4;3;1;0;0;5;3
jfreechart;org.jfree.chart.block.Block;3;7;1;0;0;9;7
jfreechart;org.jfree.chart.block.BlockBorder;3;21;1;17;1;86;11
jfreechart;org.jfree.chart.block.BlockContainer;13;27;2;31;3;105;14
jfreechart;org.jfree.chart.block.BlockFrame;1;2;1;0;0;4;2
jfreechart;org.jfree.chart.block.BlockParams;1;7;1;0;0;28;7
jfreechart;org.jfree.chart.block.BlockResult;2;3;1;0;0;12;3
jfreechart;org.jfree.chart.block.BorderArrangement;11;70;1;27;2;309;10
jfreechart;org.jfree.chart.block.CenterArrangement;8;31;1;24;2;118;13
jfreechart;org.jfree.chart.block.ColorBlock;5;12;2;19;1;51;8
jfreechart;org.jfree.chart.block.ColumnArrangement;10;42;1;27;4;170;11
jfreechart;org.jfree.chart.block.EmptyBlock;6;5;2;11;0;22;5
jfreechart;org.jfree.chart.block.EntityBlockParams;0;1;1;0;0;3;1
jfreechart;org.jfree.chart.block.EntityBlockResult;1;1;1;0;0;3;1
jfreechart;org.jfree.chart.block.FlowArrangement;10;46;1;30;4;191;14
jfreechart;org.jfree.chart.block.GridArrangement;8;51;1;33;3;219;14
jfreechart;org.jfree.chart.block.LabelBlock;13;39;2;31;2;152;22
jfreechart;org.jfree.chart.block.LengthConstraintType;1;11;1;4;1;41;5
jfreechart;org.jfree.chart.block.LineBorder;3;23;1;22;1;97;9
jfreechart;org.jfree.chart.block.RectangleConstraint;4;37;1;3;2;130;19
jfreechart;org.jfree.chart.ChartColor;0;2;2;0;0;32;2
jfreechart;org.jfree.chart.ChartFactory;92;162;1;74;3;820;40
jfreechart;org.jfree.chart.ChartFrame;2;4;6;2;1;20;3
jfreechart;org.jfree.chart.ChartMouseEvent;2;4;1;0;0;21;4
jfreechart;org.jfree.chart.ChartMouseListener;1;2;1;0;0;4;2
jfreechart;org.jfree.chart.ChartPanel;25;298;5;200;4;1311;114
jfreechart;org.jfree.chart.ChartRenderingInfo;5;20;1;11;1;74;12
jfreechart;org.jfree.chart.ChartTheme;1;1;1;0;0;3;1
jfreechart;org.jfree.chart.ChartTransferable;1;7;1;3;1;33;5
jfreechart;org.jfree.chart.ChartUtilities;13;45;1;31;1;182;27
jfreechart;org.jfree.chart.ClipPath;3;33;1;14;2;138;25
jfreechart;org.jfree.chart.DrawableLegendItem;2;17;1;4;0;64;17
jfreechart;org.jfree.chart.editor.ChartEditor;1;1;1;0;0;3;1
jfreechart;org.jfree.chart.editor.ChartEditorFactory;2;1;1;0;0;3;1
jfreechart;org.jfree.chart.editor.ChartEditorManager;4;5;1;1;1;17;4
jfreechart;org.jfree.chart.editor.DefaultAxisEditor;10;27;5;54;2;166;17
jfreechart;org.jfree.chart.editor.DefaultChartEditor;10;10;5;33;1;102;8
jfreechart;org.jfree.chart.editor.DefaultChartEditorFactory;4;2;1;0;0;7;2
jfreechart;org.jfree.chart.editor.DefaultColorBarEditor;12;10;7;30;1;80;5
jfreechart;org.jfree.chart.editor.DefaultNumberAxisEditor;10;28;6;38;2;153;13
jfreechart;org.jfree.chart.editor.DefaultPlotEditor;20;68;5;73;3;313;15
jfreechart;org.jfree.chart.editor.DefaultTitleEditor;9;21;5;41;2;114;10
jfreechart;org.jfree.chart.editor.PaletteChooserPanel;3;2;5;6;0;14;2
jfreechart;org.jfree.chart.editor.PaletteSample;2;8;4;13;1;46;6
jfreechart;org.jfree.chart.Effect3D;0;2;1;0;0;4;2
jfreechart;org.jfree.chart.encoders.EncoderUtil;3;8;1;6;0;34;8
jfreechart;org.jfree.chart.encoders.ImageEncoder;1;6;1;0;0;8;6
jfreechart;org.jfree.chart.encoders.ImageEncoderFactory;2;10;1;9;1;53;6
jfreechart;org.jfree.chart.encoders.ImageFormat;0;0;1;0;0;5;0
jfreechart;org.jfree.chart.encoders.KeypointPNGEncoderAdapter;3;9;1;2;1;33;6
jfreechart;org.jfree.chart.encoders.SunJPEGEncoderAdapter;3;11;1;13;1;43;7
jfreechart;org.jfree.chart.encoders.SunPNGEncoderAdapter;3;8;1;3;1;26;6
jfreechart;org.jfree.chart.entity.AxisEntity;4;17;2;15;1;65;10
jfreechart;org.jfree.chart.entity.CategoryItemEntity;4;27;2;7;1;106;16
jfreechart;org.jfree.chart.entity.CategoryLabelEntity;4;8;3;9;1;36;5
jfreechart;org.jfree.chart.entity.ChartEntity;6;42;1;26;2;162;20
jfreechart;org.jfree.chart.entity.ContourEntity;2;10;2;2;2;32;6
jfreechart;org.jfree.chart.entity.EntityCollection;2;8;1;0;0;10;8
jfreechart;org.jfree.chart.entity.JFreeChartEntity;4;17;2;15;1;65;10
jfreechart;org.jfree.chart.entity.LegendItemEntity;3;15;2;3;1;52;10
jfreechart;org.jfree.chart.entity.PieSectionEntity;4;18;2;5;1;69;12
jfreechart;org.jfree.chart.entity.PlotEntity;4;17;2;15;1;65;10
jfreechart;org.jfree.chart.entity.StandardEntityCollection;4;17;1;13;2;60;11
jfreechart;org.jfree.chart.entity.TickLabelEntity;1;1;2;0;0;6;1
jfreechart;org.jfree.chart.entity.TitleEntity;4;17;2;15;1;65;10
jfreechart;org.jfree.chart.entity.XYAnnotationEntity;2;8;2;1;1;30;4
jfreechart;org.jfree.chart.entity.XYItemEntity;3;14;2;4;2;49;9
jfreechart;org.jfree.chart.event.AxisChangeEvent;2;2;2;0;0;10;2
jfreechart;org.jfree.chart.event.AxisChangeListener;1;1;1;0;0;3;1
jfreechart;org.jfree.chart.event.ChartChangeEvent;2;7;1;0;0;27;7
jfreechart;org.jfree.chart.event.ChartChangeEventType;1;11;1;4;1;41;5
jfreechart;org.jfree.chart.event.ChartChangeListener;1;1;1;0;0;3;1
jfreechart;org.jfree.chart.event.ChartProgressEvent;1;7;1;0;0;30;7
jfreechart;org.jfree.chart.event.ChartProgressListener;1;1;1;0;0;3;1
jfreechart;org.jfree.chart.event.MarkerChangeEvent;2;2;2;0;0;10;2
jfreechart;org.jfree.chart.event.MarkerChangeListener;1;1;1;0;0;3;1
jfreechart;org.jfree.chart.event.OverlayChangeEvent;0;1;1;0;0;5;1
jfreechart;org.jfree.chart.event.OverlayChangeListener;1;1;1;0;0;3;1
jfreechart;org.jfree.chart.event.PlotChangeEvent;2;2;2;0;0;10;2
jfreechart;org.jfree.chart.event.PlotChangeListener;1;1;1;0;0;3;1
jfreechart;org.jfree.chart.event.RendererChangeEvent;1;4;2;0;0;18;4
jfreechart;org.jfree.chart.event.RendererChangeListener;1;1;1;0;0;3;1
jfreechart;org.jfree.chart.event.TitleChangeEvent;2;2;2;0;0;10;2
jfreechart;org.jfree.chart.event.TitleChangeListener;1;1;1;0;0;3;1
jfreechart;org.jfree.chart.HashUtilities;5;34;1;16;3;115;13
jfreechart;org.jfree.chart.imagemap.DynamicDriveToolTipTagFragmentGenerator;2;3;1;1;0;14;3
jfreechart;org.jfree.chart.imagemap.ImageMapUtilities;9;27;1;17;4;97;7
jfreechart;org.jfree.chart.imagemap.OverLIBToolTipTagFragmentGenerator;2;2;1;1;0;8;2
jfreechart;org.jfree.chart.imagemap.StandardToolTipTagFragmentGenerator;2;2;1;1;0;8;2
jfreechart;org.jfree.chart.imagemap.StandardURLTagFragmentGenerator;1;2;1;0;0;8;2
jfreechart;org.jfree.chart.imagemap.ToolTipTagFragmentGenerator;0;1;1;0;0;3;1
jfreechart;org.jfree.chart.imagemap.URLTagFragmentGenerator;0;1;1;0;0;3;1
jfreechart;org.jfree.chart.JFreeChart;34;164;1;115;3;640;70
jfreechart;org.jfree.chart.JFreeChartInfo;3;4;2;19;2;27;2
jfreechart;org.jfree.chart.labels.AbstractCategoryItemLabelGenerator;7;30;1;18;2;125;13
jfreechart;org.jfree.chart.labels.AbstractPieItemLabelGenerator;5;23;1;14;2;95;9
jfreechart;org.jfree.chart.labels.AbstractXYItemLabelGenerator;4;35;1;19;2;140;16
jfreechart;org.jfree.chart.labels.BoxAndWhiskerToolTipGenerator;9;7;3;12;1;36;4
jfreechart;org.jfree.chart.labels.BoxAndWhiskerXYToolTipGenerator;7;8;3;17;1;41;4
jfreechart;org.jfree.chart.labels.BubbleXYItemLabelGenerator;8;21;2;20;1;97;10
jfreechart;org.jfree.chart.labels.CategoryItemLabelGenerator;1;3;1;0;0;5;3
jfreechart;org.jfree.chart.labels.CategorySeriesLabelGenerator;1;1;1;0;0;3;1
jfreechart;org.jfree.chart.labels.CategoryToolTipGenerator;1;1;1;0;0;3;1
jfreechart;org.jfree.chart.labels.ContourToolTipGenerator;1;1;1;0;0;3;1
jfreechart;org.jfree.chart.labels.CrosshairLabelGenerator;1;1;1;0;0;3;1
jfreechart;org.jfree.chart.labels.CustomXYToolTipGenerator;4;18;1;8;4;66;8
jfreechart;org.jfree.chart.labels.HighLowItemLabelGenerator;8;21;1;19;3;82;7
jfreechart;org.jfree.chart.labels.IntervalCategoryItemLabelGenerator;8;9;3;10;2;39;4
jfreechart;org.jfree.chart.labels.IntervalCategoryToolTipGenerator;7;12;3;11;2;48;5
jfreechart;org.jfree.chart.labels.IntervalXYItemLabelGenerator;7;23;2;23;2;101;9
jfreechart;org.jfree.chart.labels.ItemLabelAnchor;1;32;1;3;1;127;4
jfreechart;org.jfree.chart.labels.ItemLabelPosition;3;17;1;2;1;62;8
jfreechart;org.jfree.chart.labels.MultipleXYSeriesLabelGenerator;6;21;1;21;2;97;9
jfreechart;org.jfree.chart.labels.PieSectionLabelGenerator;1;2;1;0;0;4;2
jfreechart;org.jfree.chart.labels.PieToolTipGenerator;1;1;1;0;0;3;1
jfreechart;org.jfree.chart.labels.StandardCategoryItemLabelGenerator;5;8;2;3;1;28;6
jfreechart;org.jfree.chart.labels.StandardCategorySeriesLabelGenerator;6;12;1;7;1;47;7
jfreechart;org.jfree.chart.labels.StandardCategoryToolTipGenerator;4;7;2;3;1;25;5
jfreechart;org.jfree.chart.labels.StandardContourToolTipGenerator;5;7;1;9;1;38;2
jfreechart;org.jfree.chart.labels.StandardCrosshairLabelGenerator;3;13;1;7;1;48;7
jfreechart;org.jfree.chart.labels.StandardPieSectionLabelGenerator;7;15;2;12;1;52;11
jfreechart;org.jfree.chart.labels.StandardPieToolTipGenerator;4;7;2;5;0;26;7
jfreechart;org.jfree.chart.labels.StandardXYItemLabelGenerator;5;10;2;4;1;34;8
jfreechart;org.jfree.chart.labels.StandardXYSeriesLabelGenerator;6;12;1;7;1;47;7
jfreechart;org.jfree.chart.labels.StandardXYToolTipGenerator;5;11;2;6;1;37;9
jfreechart;org.jfree.chart.labels.StandardXYZToolTipGenerator;7;19;3;17;1;85;9
jfreechart;org.jfree.chart.labels.SymbolicXYItemLabelGenerator;10;12;1;12;1;52;6
jfreechart;org.jfree.chart.labels.XYItemLabelGenerator;1;1;1;0;0;3;1
jfreechart;org.jfree.chart.labels.XYSeriesLabelGenerator;1;1;1;0;0;3;1
jfreechart;org.jfree.chart.labels.XYToolTipGenerator;1;1;1;0;0;3;1
jfreechart;org.jfree.chart.labels.XYZToolTipGenerator;2;1;1;0;0;3;1
jfreechart;org.jfree.chart.LegendItem;6;89;1;21;1;360;48
jfreechart;org.jfree.chart.LegendItemCollection;2;11;1;8;1;40;8
jfreechart;org.jfree.chart.LegendItemSource;1;1;1;0;0;3;1
jfreechart;org.jfree.chart.LegendRenderingOrder;1;9;1;3;1;34;4
jfreechart;org.jfree.chart.MouseWheelHandler;7;12;1;15;1;55;5
jfreechart;org.jfree.chart.needle.ArrowNeedle;3;14;2;19;1;66;5
jfreechart;org.jfree.chart.needle.LineNeedle;2;8;2;14;1;29;4
jfreechart;org.jfree.chart.needle.LongNeedle;2;13;2;26;1;75;5
jfreechart;org.jfree.chart.needle.MeterNeedle;2;41;1;26;1;154;26
jfreechart;org.jfree.chart.needle.MiddlePinNeedle;2;11;2;17;1;46;4
jfreechart;org.jfree.chart.needle.PinNeedle;2;10;2;17;1;45;4
jfreechart;org.jfree.chart.needle.PlumNeedle;2;9;2;18;1;37;4
jfreechart;org.jfree.chart.needle.PointerNeedle;2;12;2;25;1;58;4
jfreechart;org.jfree.chart.needle.ShipNeedle;2;10;2;17;1;35;4
jfreechart;org.jfree.chart.needle.WindNeedle;3;10;3;9;1;33;4
jfreechart;org.jfree.chart.PaintMap;1;18;1;20;2;73;9
jfreechart;org.jfree.chart.panel.AbstractOverlay;3;9;1;5;2;30;5
jfreechart;org.jfree.chart.panel.CrosshairOverlay;13;97;2;70;3;347;20
jfreechart;org.jfree.chart.panel.Overlay;2;3;1;0;0;5;3
jfreechart;org.jfree.chart.plot.AbstractPieLabelDistributor;1;7;1;4;1;22;6
jfreechart;org.jfree.chart.plot.CategoryCrosshairState;2;13;2;8;2;56;7
jfreechart;org.jfree.chart.plot.CategoryMarker;3;14;2;4;1;51;8
jfreechart;org.jfree.chart.plot.CategoryPlot;47;576;2;281;6;2144;213
jfreechart;org.jfree.chart.plot.ColorPalette;4;52;1;19;2;205;26
jfreechart;org.jfree.chart.plot.CombinedDomainCategoryPlot;16;75;3;83;4;306;24
jfreechart;org.jfree.chart.plot.CombinedDomainXYPlot;18;73;3;77;3;302;25
jfreechart;org.jfree.chart.plot.CombinedRangeCategoryPlot;17;63;3;72;3;259;19
jfreechart;org.jfree.chart.plot.CombinedRangeXYPlot;18;69;3;78;3;287;24
jfreechart;org.jfree.chart.plot.CompassPlot;21;95;2;56;2;392;34
jfreechart;org.jfree.chart.plot.ContourPlot;33;182;2;127;3;764;79
jfreechart;org.jfree.chart.plot.ContourPlotUtilities;3;1;1;1;0;7;1
jfreechart;org.jfree.chart.plot.ContourValuePlot;1;1;1;0;0;3;1
jfreechart;org.jfree.chart.plot.Crosshair;6;64;1;20;1;285;40
jfreechart;org.jfree.chart.plot.CrosshairState;2;30;1;6;3;116;24
jfreechart;org.jfree.chart.plot.DatasetRenderingOrder;1;10;1;4;1;37;5
jfreechart;org.jfree.chart.plot.DefaultDrawingSupplier;5;44;1;18;2;221;17
jfreechart;org.jfree.chart.plot.dial.AbstractDialLayer;5;16;1;10;2;57;11
jfreechart;org.jfree.chart.plot.dial.ArcDialFrame;7;39;2;28;1;191;25
jfreechart;org.jfree.chart.plot.dial.DialBackground;9;21;2;14;1;79;13
jfreechart;org.jfree.chart.plot.dial.DialCap;7;26;2;22;1;109;16
jfreechart;org.jfree.chart.plot.dial.DialFrame;1;1;1;0;0;3;1
jfreechart;org.jfree.chart.plot.dial.DialLayer;2;6;1;0;0;8;6
jfreechart;org.jfree.chart.plot.dial.DialLayerChangeEvent;2;2;2;0;0;10;2
jfreechart;org.jfree.chart.plot.dial.DialLayerChangeListener;1;1;1;0;0;3;1
jfreechart;org.jfree.chart.plot.dial.DialPlot;17;89;2;55;3;365;41
jfreechart;org.jfree.chart.plot.dial.DialPointer$Pointer;7;20;3;28;1;115;13
jfreechart;org.jfree.chart.plot.dial.DialPointer;6;14;6;4;1;244;10
jfreechart;org.jfree.chart.plot.dial.DialPointer$Pin;7;17;3;25;1;77;11
jfreechart;org.jfree.chart.plot.dial.DialScale;1;2;1;0;0;4;2
jfreechart;org.jfree.chart.plot.dial.DialTextAnnotation;8;34;2;23;1;139;20
jfreechart;org.jfree.chart.plot.dial.DialValueIndicator;11;63;2;35;1;265;37
jfreechart;org.jfree.chart.plot.dial.StandardDialFrame;7;27;2;25;1;120;17
jfreechart;org.jfree.chart.plot.dial.StandardDialRange;8;36;2;16;1;153;22
jfreechart;org.jfree.chart.plot.dial.StandardDialScale;6;90;2;26;4;370;49
jfreechart;org.jfree.chart.plot.DialShape;1;11;1;4;1;41;5
jfreechart;org.jfree.chart.plot.DrawingSupplier;0;6;1;0;0;8;6
jfreechart;org.jfree.chart.plot.FastScatterPlot;19;108;2;72;3;424;49
jfreechart;org.jfree.chart.plot.GreyPalette;3;3;2;2;1;24;2
jfreechart;org.jfree.chart.plot.IntervalMarker;4;17;2;5;1;65;11
jfreechart;org.jfree.chart.plot.JThermometer;11;35;5;36;1;126;26
jfreechart;org.jfree.chart.plot.Marker;7;65;1;15;2;235;35
jfreechart;org.jfree.chart.plot.MeterInterval;2;19;1;9;1;76;10
jfreechart;org.jfree.chart.plot.MeterPlot;15;137;2;81;4;564;55
jfreechart;org.jfree.chart.plot.MultiplePiePlot;25;68;2;72;4;302;24
jfreechart;org.jfree.chart.plot.Pannable;2;5;1;0;0;7;5
jfreechart;org.jfree.chart.plot.PieLabelDistributor;3;26;2;18;3;96;9
jfreechart;org.jfree.chart.plot.PieLabelLinkStyle;1;11;1;4;1;41;5
jfreechart;org.jfree.chart.plot.PieLabelRecord;2;29;1;3;2;106;16
jfreechart;org.jfree.chart.plot.PiePlot;35;312;2;190;5;1391;140
jfreechart;org.jfree.chart.plot.PiePlot3D;16;87;3;105;5;532;12
jfreechart;org.jfree.chart.plot.PiePlotState;2;21;2;0;0;77;21
jfreechart;org.jfree.chart.plot.Plot;27;162;1;57;3;557;66
jfreechart;org.jfree.chart.plot.PlotOrientation;1;10;1;4;1;38;5
jfreechart;org.jfree.chart.plot.PlotRenderingInfo;2;25;1;15;2;94;14
jfreechart;org.jfree.chart.plot.PlotState;0;2;1;0;0;9;2
jfreechart;org.jfree.chart.plot.PlotUtilities;3;4;1;3;3;13;1
jfreechart;org.jfree.chart.plot.PolarPlot;27;127;2;107;3;504;59
jfreechart;org.jfree.chart.plot.RainbowPalette;3;2;2;3;0;19;2
jfreechart;org.jfree.chart.plot.RingPlot;14;48;3;63;5;224;21
jfreechart;org.jfree.chart.plot.SeriesRenderingOrder;1;10;1;4;1;37;5
jfreechart;org.jfree.chart.plot.SpiderWebPlot;25;152;2;104;5;679;68
jfreechart;org.jfree.chart.plot.ThermometerPlot;20;181;2;90;3;696;77
jfreechart;org.jfree.chart.plot.ValueAxisPlot;2;1;1;0;0;3;1
jfreechart;org.jfree.chart.plot.ValueMarker;3;10;2;2;1;37;6
jfreechart;org.jfree.chart.plot.WaferMapPlot;16;35;2;35;3;179;13
jfreechart;org.jfree.chart.plot.XYCrosshairState;1;1;2;0;0;4;1
jfreechart;org.jfree.chart.plot.XYPlot;45;682;2;298;6;2514;222
jfreechart;org.jfree.chart.plot.Zoomable;2;9;1;0;0;11;9
jfreechart;org.jfree.chart.PolarChartPanel;6;19;6;23;3;96;7
jfreechart;org.jfree.chart.renderer.AbstractRenderer;13;396;1;113;2;1394;191
jfreechart;org.jfree.chart.renderer.AreaRendererEndType;1;10;1;3;1;39;4
jfreechart;org.jfree.chart.renderer.category.AbstractCategoryItemRenderer;39;174;2;134;4;751;57
jfreechart;org.jfree.chart.renderer.category.AreaRenderer;18;30;3;55;3;144;7
jfreechart;org.jfree.chart.renderer.category.BarPainter;2;2;1;0;0;4;2
jfreechart;org.jfree.chart.renderer.category.BarRenderer;28;158;3;116;4;564;49
jfreechart;org.jfree.chart.renderer.category.BarRenderer3D;25;56;4;80;2;378;17
jfreechart;org.jfree.chart.renderer.category.BoxAndWhiskerRenderer;23;93;3;105;3;411;26
jfreechart;org.jfree.chart.renderer.category.CategoryItemRenderer;17;132;1;0;0;134;132
jfreechart;org.jfree.chart.renderer.category.CategoryItemRendererState;4;16;2;1;2;59;11
jfreechart;org.jfree.chart.renderer.category.CategoryStepRenderer;18;29;5;45;4;135;9
jfreechart;org.jfree.chart.renderer.category.CategoryStepRenderer$State;2;1;3;0;0;7;1
jfreechart;org.jfree.chart.renderer.category.DefaultCategoryItemRenderer;1;0;4;0;0;3;0
jfreechart;org.jfree.chart.renderer.category.GanttRenderer;19;61;5;55;3;262;16
jfreechart;org.jfree.chart.renderer.category.GradientBarPainter;6;34;1;26;2;173;9
jfreechart;org.jfree.chart.renderer.category.GroupedStackedBarRenderer;22;41;5;46;4;166;7
jfreechart;org.jfree.chart.renderer.category.IntervalBarRenderer;16;20;4;29;2;98;4
jfreechart;org.jfree.chart.renderer.category.LayeredBarRenderer;17;55;4;46;3;223;7
jfreechart;org.jfree.chart.renderer.category.LevelRenderer;18;36;3;55;2;169;15
jfreechart;org.jfree.chart.renderer.category.LineAndShapeRenderer;17;100;3;73;4;389;44
jfreechart;org.jfree.chart.renderer.category.LineRenderer3D;18;46;4;65;4;308;16
jfreechart;org.jfree.chart.renderer.category.MinMaxCategoryRenderer;13;43;3;30;5;229;19
jfreechart;org.jfree.chart.renderer.category.MinMaxCategoryRenderer$Anonymous2;0;5;1;4;1;19;3
jfreechart;org.jfree.chart.renderer.category.MinMaxCategoryRenderer$Anonymous1;0;5;1;5;1;21;3
jfreechart;org.jfree.chart.renderer.category.ScatterRenderer;16;54;3;59;3;217;23
jfreechart;org.jfree.chart.renderer.category.StackedAreaRenderer;19;47;4;35;4;252;12
jfreechart;org.jfree.chart.renderer.category.StackedBarRenderer;21;46;4;44;3;169;9
jfreechart;org.jfree.chart.renderer.category.StackedBarRenderer3D;21;66;5;68;3;393;16
jfreechart;org.jfree.chart.renderer.category.StandardBarPainter;6;23;1;19;2;86;6
jfreechart;org.jfree.chart.renderer.category.StatisticalBarRenderer;18;65;4;46;3;277;11
jfreechart;org.jfree.chart.renderer.category.StatisticalLineAndShapeRenderer;18;48;4;55;4;206;12
jfreechart;org.jfree.chart.renderer.category.WaterfallBarRenderer;18;54;4;46;4;226;15
jfreechart;org.jfree.chart.renderer.DefaultPolarItemRenderer;15;24;2;52;2;129;12
jfreechart;org.jfree.chart.renderer.GrayPaintScale;4;18;1;4;1;66;10
jfreechart;org.jfree.chart.renderer.LookupPaintScale$PaintItem;1;11;1;5;1;45;5
jfreechart;org.jfree.chart.renderer.LookupPaintScale;4;30;1;14;2;159;12
jfreechart;org.jfree.chart.renderer.NotOutlierException;0;1;3;0;0;5;1
jfreechart;org.jfree.chart.renderer.Outlier;1;22;1;6;1;62;11
jfreechart;org.jfree.chart.renderer.OutlierList;2;11;1;13;1;45;9
jfreechart;org.jfree.chart.renderer.OutlierListCollection;3;12;1;10;3;48;8
jfreechart;org.jfree.chart.renderer.PaintScale;0;3;1;0;0;5;3
jfreechart;org.jfree.chart.renderer.PolarItemRenderer;6;8;1;0;0;10;8
jfreechart;org.jfree.chart.renderer.RendererState;3;5;1;2;2;19;3
jfreechart;org.jfree.chart.renderer.RendererUtilities;3;38;1;7;3;151;3
jfreechart;org.jfree.chart.renderer.WaferMapRenderer;8;44;2;32;4;177;15
jfreechart;org.jfree.chart.renderer.xy.AbstractXYItemRenderer;36;191;2;131;4;803;56
jfreechart;org.jfree.chart.renderer.xy.CandlestickRenderer;21;79;3;49;4;373;31
jfreechart;org.jfree.chart.renderer.xy.ClusteredXYBarRenderer;20;40;4;35;3;161;8
jfreechart;org.jfree.chart.renderer.xy.CyclicXYItemRenderer;12;52;4;8;3;217;5
jfreechart;org.jfree.chart.renderer.xy.CyclicXYItemRenderer$OverwriteDataSet;8;17;1;7;1;59;14
jfreechart;org.jfree.chart.renderer.xy.DefaultXYItemRenderer;1;0;4;0;0;3;0
jfreechart;org.jfree.chart.renderer.xy.DeviationRenderer$State;2;1;4;0;0;9;1
jfreechart;org.jfree.chart.renderer.xy.DeviationRenderer;19;31;7;36;3;130;12
jfreechart;org.jfree.chart.renderer.xy.GradientXYBarPainter;6;34;1;25;2;173;9
jfreechart;org.jfree.chart.renderer.xy.HighLowRenderer;18;51;3;36;4;195;17
jfreechart;org.jfree.chart.renderer.xy.SamplingXYLineRenderer;17;30;5;44;4;165;11
jfreechart;org.jfree.chart.renderer.xy.SamplingXYLineRenderer$State;3;2;3;2;0;19;2
jfreechart;org.jfree.chart.renderer.xy.StackedXYAreaRenderer$StackedXYAreaRendererState;2;8;3;0;0;34;8
jfreechart;org.jfree.chart.renderer.xy.StackedXYAreaRenderer;21;58;6;61;4;251;16
jfreechart;org.jfree.chart.renderer.xy.StackedXYAreaRenderer2;21;45;4;32;3;283;12
jfreechart;org.jfree.chart.renderer.xy.StackedXYBarRenderer;22;50;4;38;3;179;10
jfreechart;org.jfree.chart.renderer.xy.StandardXYBarPainter;6;23;1;18;2;86;6
jfreechart;org.jfree.chart.renderer.xy.StandardXYItemRenderer$State;2;5;3;0;0;20;5
jfreechart;org.jfree.chart.renderer.xy.StandardXYItemRenderer;24;111;5;85;5;419;37
jfreechart;org.jfree.chart.renderer.xy.VectorRenderer;17;32;3;30;4;180;6
jfreechart;org.jfree.chart.renderer.xy.WindItemRenderer;12;3;3;19;0;56;3
jfreechart;org.jfree.chart.renderer.xy.XYAreaRenderer$XYAreaRendererState;2;1;3;0;0;9;1
jfreechart;org.jfree.chart.renderer.xy.XYAreaRenderer;20;62;5;68;4;281;17
jfreechart;org.jfree.chart.renderer.xy.XYAreaRenderer2;20;34;3;61;3;178;13
jfreechart;org.jfree.chart.renderer.xy.XYBarPainter;2;2;1;0;0;4;2
jfreechart;org.jfree.chart.renderer.xy.XYBarRenderer;29;150;5;96;4;545;44
jfreechart;org.jfree.chart.renderer.xy.XYBarRenderer$XYBarRendererState;2;3;3;0;0;12;3
jfreechart;org.jfree.chart.renderer.xy.XYBlockRenderer;20;43;3;28;2;183;15
jfreechart;org.jfree.chart.renderer.xy.XYBoxAndWhiskerRenderer;21;69;3;73;2;332;23
jfreechart;org.jfree.chart.renderer.xy.XYBubbleRenderer;19;31;3;51;3;145;7
jfreechart;org.jfree.chart.renderer.xy.XYDifferenceRenderer;22;125;3;84;4;575;25
jfreechart;org.jfree.chart.renderer.xy.XYDotRenderer;16;31;3;39;2;133;13
jfreechart;org.jfree.chart.renderer.xy.XYErrorRenderer;14;39;4;28;3;189;17
jfreechart;org.jfree.chart.renderer.xy.XYItemRenderer;18;134;1;0;0;136;134
jfreechart;org.jfree.chart.renderer.xy.XYItemRendererState;3;7;2;0;0;29;7
jfreechart;org.jfree.chart.renderer.xy.XYLine3DRenderer;4;26;4;17;2;88;15
jfreechart;org.jfree.chart.renderer.xy.XYLineAndShapeRenderer;20;125;5;89;4;489;52
jfreechart;org.jfree.chart.renderer.xy.XYLineAndShapeRenderer$State;3;4;3;2;0;18;4
jfreechart;org.jfree.chart.renderer.xy.XYShapeRenderer;20;60;3;47;4;217;24
jfreechart;org.jfree.chart.renderer.xy.XYSplineRenderer$ControlPoint;1;5;1;0;1;22;2
jfreechart;org.jfree.chart.renderer.xy.XYSplineRenderer;12;28;4;21;5;150;8
jfreechart;org.jfree.chart.renderer.xy.XYStepAreaRenderer;17;63;3;41;3;230;18
jfreechart;org.jfree.chart.renderer.xy.XYStepRenderer;19;31;4;31;3;111;9
jfreechart;org.jfree.chart.renderer.xy.YIntervalRenderer;19;17;3;40;1;91;8
jfreechart;org.jfree.chart.resources.JFreeChartResources;0;1;3;0;0;6;1
jfreechart;org.jfree.chart.servlet.ChartDeleter;2;7;1;8;2;26;5
jfreechart;org.jfree.chart.servlet.DisplayChart;7;13;2;15;2;45;3
jfreechart;org.jfree.chart.servlet.ServletUtilities;8;35;1;37;3;143;14
jfreechart;org.jfree.chart.StandardChartTheme;52;237;1;158;3;923;93
jfreechart;org.jfree.chart.StandardChartTheme$Anonymous1;1;1;1;0;0;4;1
jfreechart;org.jfree.chart.StrokeMap;1;18;1;20;2;73;9
jfreechart;org.jfree.chart.title.CompositeTitle;8;19;3;22;1;74;12
jfreechart;org.jfree.chart.title.DateTitle;5;5;4;4;0;18;5
jfreechart;org.jfree.chart.title.ImageTitle;10;29;3;32;1;129;11
jfreechart;org.jfree.chart.title.LegendGraphic;10;77;2;44;3;291;38
jfreechart;org.jfree.chart.title.LegendItemBlockContainer;10;13;3;12;2;62;11
jfreechart;org.jfree.chart.title.LegendTitle;29;64;3;77;3;278;31
jfreechart;org.jfree.chart.title.PaintScaleLegend;19;78;3;67;3;326;29
jfreechart;org.jfree.chart.title.ShortTextTitle;7;26;4;35;2;97;7
jfreechart;org.jfree.chart.title.TextTitle;21;112;3;59;2;415;36
jfreechart;org.jfree.chart.title.Title;9;43;2;11;3;153;22
jfreechart;org.jfree.chart.urls.CategoryURLGenerator;1;1;1;0;0;3;1
jfreechart;org.jfree.chart.urls.CustomCategoryURLGenerator;4;22;1;10;4;78;8
jfreechart;org.jfree.chart.urls.CustomPieURLGenerator;4;20;1;17;4;78;8
jfreechart;org.jfree.chart.urls.CustomXYURLGenerator;4;22;1;10;4;79;8
jfreechart;org.jfree.chart.urls.PieURLGenerator;1;1;1;0;0;3;1
jfreechart;org.jfree.chart.urls.StandardCategoryURLGenerator;5;21;1;8;1;68;7
jfreechart;org.jfree.chart.urls.StandardPieURLGenerator;4;15;1;6;1;58;6
jfreechart;org.jfree.chart.urls.StandardXYURLGenerator;3;15;1;2;1;55;5
jfreechart;org.jfree.chart.urls.StandardXYZURLGenerator;3;1;2;1;0;5;1
jfreechart;org.jfree.chart.urls.TimeSeriesURLGenerator;5;22;1;10;1;77;8
jfreechart;org.jfree.chart.urls.URLUtilities;0;4;1;4;2;23;1
jfreechart;org.jfree.chart.urls.XYURLGenerator;1;1;1;0;0;3;1
jfreechart;org.jfree.chart.urls.XYZURLGenerator;2;1;1;0;0;3;1
jfreechart;org.jfree.chart.util.HexNumberFormat;1;9;3;6;1;37;7
jfreechart;org.jfree.chart.util.LineUtilities;0;31;1;10;3;61;1
jfreechart;org.jfree.chart.util.LogFormat;1;23;3;7;1;90;11
jfreechart;org.jfree.chart.util.RelativeDateFormat;1;58;3;29;1;251;29
jfreechart;org.jfree.chart.util.ResourceBundleWrapper;0;9;1;9;2;35;5
jfreechart;org.jfree.chart.util.XYCoordinateType;1;10;1;3;1;37;4
jfreechart;org.jfree.data.category.CategoryDataset;2;0;1;0;0;2;0
jfreechart;org.jfree.data.category.CategoryRangeInfo;1;1;1;0;0;3;1
jfreechart;org.jfree.data.category.CategoryToPieDataset;12;42;2;19;3;137;12
jfreechart;org.jfree.data.category.DefaultCategoryDataset;7;35;2;37;4;123;25
jfreechart;org.jfree.data.category.DefaultIntervalCategoryDataset;8;99;3;24;4;325;35
jfreechart;org.jfree.data.category.IntervalCategoryDataset;1;4;1;0;0;6;4
jfreechart;org.jfree.data.category.SlidingCategoryDataset;7;34;2;19;1;118;19
jfreechart;org.jfree.data.ComparableObjectItem;1;15;1;5;1;57;8
jfreechart;org.jfree.data.ComparableObjectSeries;4;51;2;22;4;186;20
jfreechart;org.jfree.data.contour.ContourDataset;3;9;1;0;0;11;9
jfreechart;org.jfree.data.contour.DefaultContourDataset;8;59;5;13;3;197;26
jfreechart;org.jfree.data.contour.NonGridContourDataset;4;18;6;10;3;95;5
jfreechart;org.jfree.data.DataUtilities;7;40;1;11;3;138;9
jfreechart;org.jfree.data.DefaultKeyedValue;3;15;1;4;1;50;8
jfreechart;org.jfree.data.DefaultKeyedValues;8;47;1;33;3;184;22
jfreechart;org.jfree.data.DefaultKeyedValues2D;6;63;1;40;4;244;23
jfreechart;org.jfree.data.DomainInfo;1;3;1;0;0;5;3
jfreechart;org.jfree.data.DomainOrder;1;11;1;4;1;41;5
jfreechart;org.jfree.data.function.Function2D;0;1;1;0;0;3;1
jfreechart;org.jfree.data.function.LineFunction2D;1;2;1;0;0;11;2
jfreechart;org.jfree.data.function.NormalDistributionFunction2D;1;5;1;2;1;25;4
jfreechart;org.jfree.data.function.PowerFunction2D;1;2;1;1;0;11;2
jfreechart;org.jfree.data.gantt.GanttCategoryDataset;1;10;1;0;0;12;10
jfreechart;org.jfree.data.gantt.SlidingGanttCategoryDataset;8;55;2;26;1;209;33
jfreechart;org.jfree.data.gantt.Task;4;24;1;7;1;84;15
jfreechart;org.jfree.data.gantt.TaskSeries;3;17;2;13;2;64;10
jfreechart;org.jfree.data.gantt.TaskSeriesCollection;10;70;3;45;3;281;37
jfreechart;org.jfree.data.gantt.XYTaskDataset;10;43;4;26;1;166;30
jfreechart;org.jfree.data.general.AbstractDataset;5;15;1;12;2;55;12
jfreechart;org.jfree.data.general.AbstractSeriesDataset;5;7;2;4;2;20;5
jfreechart;org.jfree.data.general.CombinationDataset;2;2;1;0;0;4;2
jfreechart;org.jfree.data.general.CombinedDataset;13;54;5;35;3;223;30
jfreechart;org.jfree.data.general.CombinedDataset$DatasetInfo;1;1;1;0;0;8;1
jfreechart;org.jfree.data.general.Dataset;2;4;1;0;0;6;4
jfreechart;org.jfree.data.general.DatasetChangeEvent;1;2;1;0;0;10;2
jfreechart;org.jfree.data.general.DatasetChangeListener;1;1;1;0;0;3;1
jfreechart;org.jfree.data.general.DatasetGroup;1;9;1;2;1;33;5
jfreechart;org.jfree.data.general.DatasetUtilities;30;315;1;80;6;1172;52
jfreechart;org.jfree.data.general.DefaultHeatMapDataset;6;36;2;8;1;116;15
jfreechart;org.jfree.data.general.DefaultKeyedValueDataset;7;21;2;7;2;66;10
jfreechart;org.jfree.data.general.DefaultKeyedValues2DDataset;2;0;3;0;0;3;0
jfreechart;org.jfree.data.general.DefaultKeyedValuesDataset;2;0;3;0;0;3;0
jfreechart;org.jfree.data.general.DefaultPieDataset;8;32;2;27;3;114;19
jfreechart;org.jfree.data.general.DefaultValueDataset;5;10;2;4;1;34;7
jfreechart;org.jfree.data.general.HeatMapDataset;0;10;1;0;0;12;10
jfreechart;org.jfree.data.general.HeatMapUtilities;5;9;1;10;2;41;3
jfreechart;org.jfree.data.general.KeyedValueDataset;2;0;1;0;0;2;0
jfreechart;org.jfree.data.general.KeyedValues2DDataset;1;0;1;0;0;2;0
jfreechart;org.jfree.data.general.KeyedValuesDataset;1;0;1;0;0;2;0
jfreechart;org.jfree.data.general.PieDataset;2;0;1;0;0;2;0
jfreechart;org.jfree.data.general.Series;3;32;1;17;2;109;20
jfreechart;org.jfree.data.general.SeriesChangeEvent;0;1;1;0;0;6;1
jfreechart;org.jfree.data.general.SeriesChangeListener;1;1;1;0;0;3;1
jfreechart;org.jfree.data.general.SeriesDataset;1;3;1;0;0;5;3
jfreechart;org.jfree.data.general.SeriesException;0;1;4;0;0;6;1
jfreechart;org.jfree.data.general.SubSeriesDataset;8;32;5;22;1;119;23
jfreechart;org.jfree.data.general.ValueDataset;2;0;1;0;0;2;0
jfreechart;org.jfree.data.general.WaferMapDataset;3;29;2;15;3;105;19
jfreechart;org.jfree.data.io.CSV;3;16;1;13;3;78;6
jfreechart;org.jfree.data.jdbc.JDBCCategoryDataset;3;35;3;21;6;124;7
jfreechart;org.jfree.data.jdbc.JDBCPieDataset;3;24;3;20;3;88;6
jfreechart;org.jfree.data.jdbc.JDBCXYDataset;8;73;4;27;6;234;20
jfreechart;org.jfree.data.KeyedObject;2;11;1;3;1;42;6
jfreechart;org.jfree.data.KeyedObjects;4;40;1;23;3;149;16
jfreechart;org.jfree.data.KeyedObjects2D;3;63;1;33;4;241;22
jfreechart;org.jfree.data.KeyedValue;1;1;1;0;0;3;1
jfreechart;org.jfree.data.KeyedValueComparator;4;19;1;5;3;80;4
jfreechart;org.jfree.data.KeyedValueComparatorType;1;7;1;2;1;27;4
jfreechart;org.jfree.data.KeyedValues;1;4;1;0;0;6;4
jfreechart;org.jfree.data.KeyedValues2D;1;7;1;0;0;9;7
jfreechart;org.jfree.data.KeyToGroupMap;2;40;1;28;3;156;12
jfreechart;org.jfree.data.Range;1;42;1;10;2;152;19
jfreechart;org.jfree.data.RangeInfo;1;3;1;0;0;5;3
jfreechart;org.jfree.data.RangeType;1;11;1;4;1;41;5
jfreechart;org.jfree.data.resources.DataPackageResources;0;1;3;0;0;6;1
jfreechart;org.jfree.data.resources.DataPackageResources_de;0;1;3;0;0;6;1
jfreechart;org.jfree.data.resources.DataPackageResources_es;0;1;3;0;0;6;1
jfreechart;org.jfree.data.resources.DataPackageResources_fr;0;1;3;0;0;6;1
jfreechart;org.jfree.data.resources.DataPackageResources_pl;0;1;3;0;0;6;1
jfreechart;org.jfree.data.resources.DataPackageResources_ru;0;1;3;0;0;6;1
jfreechart;org.jfree.data.statistics.BoxAndWhiskerCalculator;3;24;1;17;4;109;4
jfreechart;org.jfree.data.statistics.BoxAndWhiskerCategoryDataset;1;18;1;0;0;20;18
jfreechart;org.jfree.data.statistics.BoxAndWhiskerItem;1;25;1;3;1;96;13
jfreechart;org.jfree.data.statistics.BoxAndWhiskerXYDataset;1;11;1;0;0;13;11
jfreechart;org.jfree.data.statistics.DefaultBoxAndWhiskerCategoryDataset;9;89;2;42;6;335;44
jfreechart;org.jfree.data.statistics.DefaultBoxAndWhiskerXYDataset;7;48;4;20;2;192;27
jfreechart;org.jfree.data.statistics.DefaultMultiValueCategoryDataset;7;46;2;27;3;167;19
jfreechart;org.jfree.data.statistics.DefaultStatisticalCategoryDataset;8;86;2;33;6;305;29
jfreechart;org.jfree.data.statistics.HistogramBin;1;12;1;1;1;48;8
jfreechart;org.jfree.data.statistics.HistogramDataset;9;47;5;22;3;183;21
jfreechart;org.jfree.data.statistics.HistogramType;1;12;1;3;1;44;5
jfreechart;org.jfree.data.statistics.MeanAndStandardDeviation;1;14;1;2;1;51;8
jfreechart;org.jfree.data.statistics.MultiValueCategoryDataset;1;2;1;0;0;4;2
jfreechart;org.jfree.data.statistics.Regression;2;12;1;6;1;114;4
jfreechart;org.jfree.data.statistics.SimpleHistogramBin;2;32;1;2;1;110;11
jfreechart;org.jfree.data.statistics.SimpleHistogramDataset;9;43;5;24;2;151;27
jfreechart;org.jfree.data.statistics.StatisticalCategoryDataset;1;4;1;0;0;6;4
jfreechart;org.jfree.data.statistics.Statistics;2;56;1;19;5;235;13
jfreechart;org.jfree.data.time.DateRange;2;9;2;7;0;37;9
jfreechart;org.jfree.data.time.Day;3;36;2;26;2;161;23
jfreechart;org.jfree.data.time.DynamicTimeSeriesCollection$ValueSequence;1;5;1;0;1;18;4
jfreechart;org.jfree.data.time.DynamicTimeSeriesCollection;15;88;5;26;3;362;42
jfreechart;org.jfree.data.time.FixedMillisecond;2;24;2;2;3;93;17
jfreechart;org.jfree.data.time.Hour;3;42;2;33;2;178;24
jfreechart;org.jfree.data.time.Millisecond;5;36;2;29;3;160;19
jfreechart;org.jfree.data.time.Minute;4;42;2;32;3;185;22
jfreechart;org.jfree.data.time.Month;4;50;2;27;3;216;24
jfreechart;org.jfree.data.time.MovingAverage;10;38;1;23;7;155;6
jfreechart;org.jfree.data.time.ohlc.OHLC;1;12;1;0;1;46;6
jfreechart;org.jfree.data.time.ohlc.OHLCItem;4;11;2;7;1;47;7
jfreechart;org.jfree.data.time.ohlc.OHLCSeries;5;6;3;7;2;21;4
jfreechart;org.jfree.data.time.ohlc.OHLCSeriesCollection;11;34;4;30;1;123;24
jfreechart;org.jfree.data.time.Quarter;5;37;2;25;2;167;22
jfreechart;org.jfree.data.time.RegularTimePeriod;11;26;1;11;1;81;18
jfreechart;org.jfree.data.time.Second;5;42;2;31;4;177;20
jfreechart;org.jfree.data.time.SimpleTimePeriod;2;20;1;6;3;83;9
jfreechart;org.jfree.data.time.TimePeriod;0;2;1;0;0;4;2
jfreechart;org.jfree.data.time.TimePeriodAnchor;1;11;1;3;1;41;5
jfreechart;org.jfree.data.time.TimePeriodFormatException;0;1;5;0;0;5;1
jfreechart;org.jfree.data.time.TimePeriodValue;2;17;1;6;1;59;9
jfreechart;org.jfree.data.time.TimePeriodValues;4;55;2;28;3;234;27
jfreechart;org.jfree.data.time.TimePeriodValuesCollection;11;47;5;35;4;184;24
jfreechart;org.jfree.data.time.TimeSeries;5;118;2;57;3;462;45
jfreechart;org.jfree.data.time.TimeSeriesCollection;15;66;5;41;3;241;34
jfreechart;org.jfree.data.time.TimeSeriesDataItem;2;22;1;6;2;77;9
jfreechart;org.jfree.data.time.TimeSeriesTableModel;5;28;2;9;3;114;11
jfreechart;org.jfree.data.time.TimeTableXYDataset;12;52;5;37;1;182;32
jfreechart;org.jfree.data.time.Week;4;61;2;31;5;263;25
jfreechart;org.jfree.data.time.Year;3;30;2;17;1;120;19
jfreechart;org.jfree.data.UnknownKeyException;0;1;5;0;0;5;1
jfreechart;org.jfree.data.Value;0;1;1;0;0;3;1
jfreechart;org.jfree.data.Values;0;2;1;0;0;4;2
jfreechart;org.jfree.data.Values2D;0;3;1;0;0;5;3
jfreechart;org.jfree.data.xml.CategoryDatasetHandler;8;9;3;8;1;35;5
jfreechart;org.jfree.data.xml.CategorySeriesHandler;9;9;2;13;2;42;5
jfreechart;org.jfree.data.xml.DatasetReader;6;8;1;10;1;44;4
jfreechart;org.jfree.data.xml.DatasetTags;0;0;1;0;0;8;0
jfreechart;org.jfree.data.xml.ItemHandler;9;11;2;5;1;49;7
jfreechart;org.jfree.data.xml.KeyHandler;9;9;2;11;1;39;6
jfreechart;org.jfree.data.xml.PieDatasetHandler;7;9;3;8;1;32;5
jfreechart;org.jfree.data.xml.RootHandler;4;10;2;6;3;33;6
jfreechart;org.jfree.data.xml.ValueHandler;8;11;2;11;3;48;6
jfreechart;org.jfree.data.xy.AbstractIntervalXYDataset;2;8;4;5;1;34;4
jfreechart;org.jfree.data.xy.AbstractXYDataset;3;5;3;3;1;21;3
jfreechart;org.jfree.data.xy.AbstractXYZDataset;2;2;4;2;1;10;1
jfreechart;org.jfree.data.xy.CategoryTableXYDataset;11;32;5;32;1;114;26
jfreechart;org.jfree.data.xy.DefaultHighLowDataset;5;36;4;10;1;135;19
jfreechart;org.jfree.data.xy.DefaultIntervalXYDataset;7;44;5;19;2;172;20
jfreechart;org.jfree.data.xy.DefaultOHLCDataset;5;29;4;18;1;106;20
jfreechart;org.jfree.data.xy.DefaultTableXYDataset;14;77;5;61;4;273;36
jfreechart;org.jfree.data.xy.DefaultWindDataset;5;29;4;14;5;110;13
jfreechart;org.jfree.data.xy.WindDataItem;1;14;1;2;2;55;6
jfreechart;org.jfree.data.xy.DefaultXYDataset;8;32;4;16;2;125;15
jfreechart;org.jfree.data.xy.DefaultXYZDataset;8;36;5;17;2;140;17
jfreechart;org.jfree.data.xy.IntervalXYDataset;1;8;1;0;0;10;8
jfreechart;org.jfree.data.xy.IntervalXYDelegate;10;44;1;19;2;159;22
jfreechart;org.jfree.data.xy.IntervalXYZDataset;1;6;1;0;0;8;6
jfreechart;org.jfree.data.xy.MatrixSeries;3;20;2;8;3;70;11
jfreechart;org.jfree.data.xy.MatrixSeriesCollection;7;29;5;21;1;101;16
jfreechart;org.jfree.data.xy.NormalizedMatrixSeries;1;6;3;5;0;31;6
jfreechart;org.jfree.data.xy.OHLCDataItem;1;18;1;3;1;72;9
jfreechart;org.jfree.data.xy.OHLCDataset;1;10;1;0;0;12;10
jfreechart;org.jfree.data.xy.TableXYDataset;1;1;1;0;0;3;1
jfreechart;org.jfree.data.xy.Vector;1;11;1;3;1;44;7
jfreechart;org.jfree.data.xy.VectorDataItem;3;8;2;6;1;34;6
jfreechart;org.jfree.data.xy.VectorSeries;5;9;3;9;0;35;9
jfreechart;org.jfree.data.xy.VectorSeriesCollection;10;27;4;24;1;100;18
jfreechart;org.jfree.data.xy.VectorXYDataset;2;3;1;0;0;5;3
jfreechart;org.jfree.data.xy.WindDataset;1;2;1;0;0;4;2
jfreechart;org.jfree.data.xy.XIntervalDataItem;2;8;2;5;1;35;5
jfreechart;org.jfree.data.xy.XIntervalSeries;4;8;3;7;0;30;8
jfreechart;org.jfree.data.xy.XIntervalSeriesCollection;9;30;5;26;1;109;20
jfreechart;org.jfree.data.xy.XisSymbolic;0;3;1;0;0;5;3
jfreechart;org.jfree.data.xy.XYBarDataset;10;29;5;15;1;101;22
jfreechart;org.jfree.data.xy.XYCoordinate;1;17;1;1;2;65;8
jfreechart;org.jfree.data.xy.XYDataItem;1;23;1;9;3;87;13
jfreechart;org.jfree.data.xy.XYDataset;2;6;1;0;0;8;6
jfreechart;org.jfree.data.xy.XYDatasetTableModel;7;17;2;10;1;60;10
jfreechart;org.jfree.data.xy.XYDomainInfo;1;1;1;0;0;3;1
jfreechart;org.jfree.data.xy.XYInterval;1;14;1;0;1;54;7
jfreechart;org.jfree.data.xy.XYIntervalDataItem;2;12;2;7;1;53;7
jfreechart;org.jfree.data.xy.XYIntervalSeries;4;10;3;9;0;38;10
jfreechart;org.jfree.data.xy.XYIntervalSeriesCollection;8;33;5;29;1;114;22
jfreechart;org.jfree.data.xy.XYRangeInfo;1;1;1;0;0;3;1
jfreechart;org.jfree.data.xy.XYSeries;5;106;2;51;4;419;44
jfreechart;org.jfree.data.xy.XYSeriesCollection;15;77;5;50;4;297;35
jfreechart;org.jfree.data.xy.XYZDataset;1;2;1;0;0;4;2
jfreechart;org.jfree.data.xy.YInterval;1;10;1;0;1;38;5
jfreechart;org.jfree.data.xy.YIntervalDataItem;2;8;2;5;1;35;5
jfreechart;org.jfree.data.xy.YIntervalSeries;4;8;3;7;0;30;8
jfreechart;org.jfree.data.xy.YIntervalSeriesCollection;8;30;5;22;1;105;20
jfreechart;org.jfree.data.xy.YisSymbolic;0;3;1;0;0;5;3
jfreechart;org.jfree.data.xy.YWithXInterval;1;10;1;0;1;38;5
jfreechart;org.jfree.experimental.chart.swt.ChartComposite;49;203;2;127;4;849;65
jfreechart;org.jfree.experimental.chart.swt.editor.SWTAxisEditor$Anonymous1;4;3;1;10;2;15;1
jfreechart;org.jfree.experimental.chart.swt.editor.SWTAxisEditor$Anonymous2;5;2;1;8;1;12;1
jfreechart;org.jfree.experimental.chart.swt.editor.SWTAxisEditor;21;12;2;35;2;151;9
jfreechart;org.jfree.experimental.chart.swt.editor.SWTAxisEditor$Anonymous3;4;3;1;10;2;15;1
jfreechart;org.jfree.experimental.chart.swt.editor.SWTChartEditor;16;5;1;19;2;66;3
jfreechart;org.jfree.experimental.chart.swt.editor.SWTChartEditor$Anonymous2;1;1;1;1;0;5;1
jfreechart;org.jfree.experimental.chart.swt.editor.SWTChartEditor$Anonymous1;2;1;1;2;0;6;1
jfreechart;org.jfree.experimental.chart.swt.editor.SWTNumberAxisEditor$Anonymous1;2;1;1;1;0;5;1
jfreechart;org.jfree.experimental.chart.swt.editor.SWTNumberAxisEditor;15;17;3;24;2;98;7
jfreechart;org.jfree.experimental.chart.swt.editor.SWTOtherEditor$Anonymous1;5;2;1;9;1;11;1
jfreechart;org.jfree.experimental.chart.swt.editor.SWTOtherEditor;12;2;2;16;0;42;2
jfreechart;org.jfree.experimental.chart.swt.editor.SWTPlotAppearanceEditor$Anonymous1;2;2;1;3;1;9;1
jfreechart;org.jfree.experimental.chart.swt.editor.SWTPlotAppearanceEditor;20;9;2;21;1;125;5
jfreechart;org.jfree.experimental.chart.swt.editor.SWTPlotAppearanceEditor$Anonymous2;5;2;1;9;1;11;1
jfreechart;org.jfree.experimental.chart.swt.editor.SWTPlotAppearanceEditor$Anonymous3;5;2;1;9;1;11;1
jfreechart;org.jfree.experimental.chart.swt.editor.SWTPlotAppearanceEditor$Anonymous4;1;3;1;1;1;14;1
jfreechart;org.jfree.experimental.chart.swt.editor.SWTPlotEditor;15;20;2;25;2;92;5
jfreechart;org.jfree.experimental.chart.swt.editor.SWTStrokeCanvas$Anonymous1;4;2;1;13;1;19;1
jfreechart;org.jfree.experimental.chart.swt.editor.SWTStrokeCanvas;4;5;2;3;1;39;4
jfreechart;org.jfree.experimental.chart.swt.editor.SWTTitleEditor;19;9;2;25;2;110;5
jfreechart;org.jfree.experimental.chart.swt.editor.SWTTitleEditor$Anonymous1;1;1;1;1;0;5;1
jfreechart;org.jfree.experimental.chart.swt.editor.SWTTitleEditor$Anonymous2;4;3;1;10;2;15;1
jfreechart;org.jfree.experimental.chart.swt.editor.SWTTitleEditor$Anonymous3;5;2;1;8;1;12;1
jfreechart;org.jfree.experimental.swt.SWTGraphics2D;15;118;3;106;3;493;80
jfreechart;org.jfree.experimental.swt.SWTPaintCanvas;5;8;2;3;1;37;7
jfreechart;org.jfree.experimental.swt.SWTPaintCanvas$Anonymous1;1;1;1;7;0;8;1
jfreechart;org.jfree.experimental.swt.SWTUtils;16;45;1;56;3;190;14
