<?xml version="1.0"?>
<!--
Licensed to the Apache Software Foundation (ASF) under one or more
contributor license agreements.  See the NOTICE file distributed with
this work for additional information regarding copyright ownership.
The ASF licenses this file to You under the Apache License, Version 2.0
(the "License"); you may not use this file except in compliance with
the License.  You may obtain a copy of the License at

     http://www.apache.org/licenses/LICENSE-2.0

Unless required by applicable law or agreed to in writing, software
distributed under the License is distributed on an "AS IS" BASIS,
WITHOUT WARRANTIES OR CONDITIONS OF ANY KIND, either express or implied.
See the License for the specific language governing permissions and
limitations under the License.
-->
<document>

  <properties>
    <title>JUnit Test Results</title>
    <author email="dev@commons.apache.org">Commons Documentation Team</author>
  </properties>
  
  <body>
    <!-- ================================================== -->
    <section name="Summary">
      <p>
        The Apache Commons Logging test cases make extensive use of
        sophisticated classloader configurations in order to simulate the
        behaviour of various containers. It is difficult to run these tests
        under Maven in the default "test" phase. As a consequence the tests
        are executed via the failsafe-plugin as part of the "integration-test"
        phase. The reports are available <a href="failsafe-report.html">here</a>.
      </p>
    </section>
    <!-- ================================================== -->
  </body>
</document>
