file,class,type,cbo,wmc,dit,rfc,lcom,tcc,lcc,totalMethodsQty,staticMethodsQty,publicMethodsQty,privateMethodsQty,protectedMethodsQty,defaultMethodsQty,visibleMethodsQty,abstractMethodsQty,finalMethodsQty,synchronizedMethodsQty,totalFieldsQty,staticFieldsQty,publicFieldsQty,privateFieldsQty,protectedFieldsQty,defaultFieldsQty,finalFieldsQty,synchronizedFieldsQty,nosi,loc,returnQty,loopQty,comparisonsQty,tryCatchQty,parenthesizedExpsQty,stringLiteralsQty,numbersQty,assignmentsQty,mathOperationsQty,variablesQty,maxNestedBlocksQty,anonymousClassesQty,innerClassesQty,lambdasQty,uniqueWordsQty,modifiers,logStatementsQty
C:\Users\Win-10\Documents\Mestrado\Sistemas - Git\retrofit-parent-1.6.0\retrofit-parent-1.6.0\retrofit\src\main\java\retrofit\android\AndroidApacheClient.java,retrofit.android.AndroidApacheClient,class,1,1,2,1,0,NaN,NaN,1,0,1,0,0,0,1,0,0,0,0,0,0,0,0,0,0,0,0,5,0,0,0,0,0,1,0,0,0,0,0,0,0,0,22,17,0
C:\Users\Win-10\Documents\Mestrado\Sistemas - Git\retrofit-parent-1.6.0\retrofit-parent-1.6.0\retrofit\src\main\java\retrofit\android\AndroidLog.java,retrofit.android.AndroidLog,class,2,5,1,6,4,0.0,0.0,4,0,4,0,0,0,4,0,1,0,2,1,0,2,0,0,2,0,1,19,1,1,0,0,0,0,2,6,1,5,1,0,0,0,44,1,0
C:\Users\Win-10\Documents\Mestrado\Sistemas - Git\retrofit-parent-1.6.0\retrofit-parent-1.6.0\retrofit\src\main\java\retrofit\android\MainThreadExecutor.java,retrofit.android.MainThreadExecutor,class,1,1,1,2,0,NaN,NaN,1,0,1,0,0,0,1,0,0,0,1,0,0,1,0,0,1,0,0,6,0,0,0,0,0,0,0,1,0,1,0,0,0,0,13,17,0
C:\Users\Win-10\Documents\Mestrado\Sistemas - Git\retrofit-parent-1.6.0\retrofit-parent-1.6.0\retrofit\src\main\java\retrofit\appengine\UrlFetchClient.java,retrofit.appengine.UrlFetchClient,class,13,18,1,27,9,0.0,0.0,7,3,3,1,1,2,6,0,0,0,1,0,0,1,0,0,1,0,3,76,10,2,2,0,0,10,0,19,1,17,2,0,0,0,58,1,0
C:\Users\Win-10\Documents\Mestrado\Sistemas - Git\retrofit-parent-1.6.0\retrofit-parent-1.6.0\retrofit\src\main\java\retrofit\Callback.java,retrofit.Callback,interface,3,2,1,0,1,0.0,0.0,2,0,0,0,0,2,2,0,0,0,0,0,0,0,0,0,0,0,0,4,0,0,0,0,0,0,0,0,0,0,0,0,0,0,63,1,0
C:\Users\Win-10\Documents\Mestrado\Sistemas - Git\retrofit-parent-1.6.0\retrofit-parent-1.6.0\retrofit\src\main\java\retrofit\CallbackRunnable.java,retrofit.CallbackRunnable,class,6,5,1,5,1,0.0,0.0,3,0,2,0,0,1,3,1,1,0,3,0,0,3,0,0,3,0,1,32,0,0,1,1,0,1,0,6,0,6,1,2,0,0,48,1024,0
C:\Users\Win-10\Documents\Mestrado\Sistemas - Git\retrofit-parent-1.6.0\retrofit-parent-1.6.0\retrofit\src\main\java\retrofit\CallbackRunnable.java,retrofit.CallbackRunnable$Anonymous1,anonymous,2,1,1,1,0,NaN,NaN,1,0,1,0,0,0,1,0,0,0,0,0,0,0,0,0,0,0,0,5,0,0,0,0,0,0,0,0,0,0,0,0,0,0,2,-1,0
C:\Users\Win-10\Documents\Mestrado\Sistemas - Git\retrofit-parent-1.6.0\retrofit-parent-1.6.0\retrofit\src\main\java\retrofit\CallbackRunnable.java,retrofit.CallbackRunnable$Anonymous2,anonymous,1,1,1,1,0,NaN,NaN,1,0,1,0,0,0,1,0,0,0,0,0,0,0,0,0,0,0,0,5,0,0,0,0,0,0,0,0,0,0,0,0,0,0,2,-1,0
C:\Users\Win-10\Documents\Mestrado\Sistemas - Git\retrofit-parent-1.6.0\retrofit-parent-1.6.0\retrofit\src\main\java\retrofit\client\ApacheClient.java,retrofit.client.ApacheClient$GenericHttpRequest,innerclass,4,3,2,8,0,0.0,0.0,2,0,2,0,0,0,2,0,0,0,1,0,0,1,0,0,1,0,1,13,1,1,0,0,0,0,0,1,0,1,1,0,0,0,16,10,0
C:\Users\Win-10\Documents\Mestrado\Sistemas - Git\retrofit-parent-1.6.0\retrofit-parent-1.6.0\retrofit\src\main\java\retrofit\client\ApacheClient.java,retrofit.client.ApacheClient,class,20,11,4,19,9,0.0,0.0,7,3,3,1,1,2,6,0,0,0,1,0,0,1,0,0,1,0,3,103,6,1,2,0,0,2,0,16,0,14,2,0,3,0,56,1,0
C:\Users\Win-10\Documents\Mestrado\Sistemas - Git\retrofit-parent-1.6.0\retrofit-parent-1.6.0\retrofit\src\main\java\retrofit\client\ApacheClient.java,retrofit.client.ApacheClient$GenericEntityHttpRequest,innerclass,5,3,2,10,0,0.0,0.0,2,0,1,0,0,1,2,0,0,0,1,0,0,1,0,0,1,0,1,15,1,1,0,0,0,0,0,1,0,1,1,0,0,0,20,10,0
C:\Users\Win-10\Documents\Mestrado\Sistemas - Git\retrofit-parent-1.6.0\retrofit-parent-1.6.0\retrofit\src\main\java\retrofit\client\ApacheClient.java,retrofit.client.ApacheClient$TypedOutputEntity,innerclass,2,6,2,5,3,0.0,0.0,6,0,5,0,0,1,6,0,0,0,1,0,0,0,0,1,1,0,0,24,4,0,0,0,0,0,0,2,0,2,0,0,0,0,31,8,0
C:\Users\Win-10\Documents\Mestrado\Sistemas - Git\retrofit-parent-1.6.0\retrofit-parent-1.6.0\retrofit\src\main\java\retrofit\client\Client.java,retrofit.client.Client$Provider,interface,1,1,1,0,0,NaN,NaN,1,0,0,0,0,1,1,0,0,0,0,0,0,0,0,0,0,0,0,3,0,0,0,0,0,0,0,0,0,0,0,0,0,0,25,0,0
C:\Users\Win-10\Documents\Mestrado\Sistemas - Git\retrofit-parent-1.6.0\retrofit-parent-1.6.0\retrofit\src\main\java\retrofit\client\Client.java,retrofit.client.Client,interface,2,1,1,0,0,NaN,NaN,1,0,0,0,0,1,1,0,0,0,0,0,0,0,0,0,0,0,0,6,0,0,0,0,0,0,0,0,0,0,0,0,1,0,68,1,0
C:\Users\Win-10\Documents\Mestrado\Sistemas - Git\retrofit-parent-1.6.0\retrofit-parent-1.6.0\retrofit\src\main\java\retrofit\client\Defaults.java,retrofit.client.Defaults,class,0,1,1,0,0,-1.0,-1.0,1,0,0,1,0,0,0,0,0,0,2,2,0,0,0,2,2,0,0,6,0,0,0,0,0,0,4,2,2,2,0,0,0,0,15,16,0
C:\Users\Win-10\Documents\Mestrado\Sistemas - Git\retrofit-parent-1.6.0\retrofit-parent-1.6.0\retrofit\src\main\java\retrofit\client\Header.java,retrofit.client.Header,class,1,15,1,3,0,0.0,0.0,6,0,6,0,0,0,6,0,0,0,2,0,0,2,0,0,2,0,0,30,9,0,11,0,3,3,3,5,3,4,1,0,0,0,24,17,0
C:\Users\Win-10\Documents\Mestrado\Sistemas - Git\retrofit-parent-1.6.0\retrofit-parent-1.6.0\retrofit\src\main\java\retrofit\client\OkClient.java,retrofit.client.OkClient,class,5,4,2,5,0,0.0,0.0,4,1,2,1,1,0,3,0,0,0,1,0,0,1,0,0,1,0,1,18,2,0,0,0,0,0,0,2,0,2,0,0,0,0,22,1,0
C:\Users\Win-10\Documents\Mestrado\Sistemas - Git\retrofit-parent-1.6.0\retrofit-parent-1.6.0\retrofit\src\main\java\retrofit\client\Request.java,retrofit.client.Request,class,2,8,1,2,2,0.0,0.0,5,0,5,0,0,0,5,0,0,0,4,0,0,4,0,0,4,0,2,35,4,0,3,0,0,2,0,5,0,4,1,0,0,0,38,17,0
C:\Users\Win-10\Documents\Mestrado\Sistemas - Git\retrofit-parent-1.6.0\retrofit-parent-1.6.0\retrofit\src\main\java\retrofit\client\Response.java,retrofit.client.Response,class,2,10,1,1,5,0.0,0.0,6,0,6,0,0,0,6,0,0,0,5,0,0,5,0,0,5,0,1,41,5,0,3,0,0,4,1,5,1,5,1,0,0,0,48,17,0
C:\Users\Win-10\Documents\Mestrado\Sistemas - Git\retrofit-parent-1.6.0\retrofit-parent-1.6.0\retrofit\src\main\java\retrofit\client\UrlConnectionClient.java,retrofit.client.UrlConnectionClient$TypedInputStream,innerclass,1,4,1,0,0,0.0,0.0,4,0,3,1,0,0,3,0,0,0,3,0,0,3,0,0,3,0,0,19,3,0,0,0,0,0,0,3,0,3,0,0,0,0,11,10,0
C:\Users\Win-10\Documents\Mestrado\Sistemas - Git\retrofit-parent-1.6.0\retrofit-parent-1.6.0\retrofit\src\main\java\retrofit\client\UrlConnectionClient.java,retrofit.client.UrlConnectionClient,class,8,12,1,36,10,0.0,0.0,5,0,2,0,1,2,5,0,0,0,1,1,0,1,0,0,1,0,1,79,3,3,3,0,0,3,3,15,0,13,2,0,1,0,51,1,0
C:\Users\Win-10\Documents\Mestrado\Sistemas - Git\retrofit-parent-1.6.0\retrofit-parent-1.6.0\retrofit\src\main\java\retrofit\converter\ConversionException.java,retrofit.converter.ConversionException,class,0,3,3,0,3,0.0,0.0,3,0,3,0,0,0,3,0,0,0,0,0,0,0,0,0,0,0,0,11,0,0,0,0,0,1,0,0,0,0,0,0,0,0,12,1,0
C:\Users\Win-10\Documents\Mestrado\Sistemas - Git\retrofit-parent-1.6.0\retrofit-parent-1.6.0\retrofit\src\main\java\retrofit\converter\Converter.java,retrofit.converter.Converter,interface,2,2,1,0,1,0.0,0.0,2,0,0,0,0,2,2,0,0,0,0,0,0,0,0,0,0,0,0,4,0,0,0,0,0,0,0,0,0,0,0,0,0,0,65,1,0
C:\Users\Win-10\Documents\Mestrado\Sistemas - Git\retrofit-parent-1.6.0\retrofit-parent-1.6.0\retrofit\src\main\java\retrofit\converter\GsonConverter.java,retrofit.converter.GsonConverter,class,7,10,1,7,0,0.0,0.0,4,0,4,0,0,0,4,0,0,0,2,0,0,2,0,0,1,0,1,65,2,0,2,3,0,2,0,6,0,4,3,0,1,0,63,1,0
C:\Users\Win-10\Documents\Mestrado\Sistemas - Git\retrofit-parent-1.6.0\retrofit-parent-1.6.0\retrofit\src\main\java\retrofit\converter\GsonConverter.java,retrofit.converter.GsonConverter$JsonTypedOutput,innerclass,2,5,1,1,2,0.0,0.0,5,0,4,0,0,1,5,0,0,0,2,0,0,2,0,0,2,0,0,20,3,0,0,0,0,1,0,2,1,2,0,0,0,0,20,10,0
C:\Users\Win-10\Documents\Mestrado\Sistemas - Git\retrofit-parent-1.6.0\retrofit-parent-1.6.0\retrofit\src\main\java\retrofit\Endpoint.java,retrofit.Endpoint,interface,0,2,1,0,1,0.0,0.0,2,0,0,0,0,2,2,0,0,0,0,0,0,0,0,0,0,0,0,4,0,0,0,0,0,0,0,0,0,0,0,0,0,0,35,1,0
C:\Users\Win-10\Documents\Mestrado\Sistemas - Git\retrofit-parent-1.6.0\retrofit-parent-1.6.0\retrofit\src\main\java\retrofit\Endpoints.java,retrofit.Endpoints$FixedEndpoint,innerclass,1,3,1,0,0,0.0,0.0,3,0,2,0,0,1,3,0,0,0,2,0,0,2,0,0,2,0,0,14,2,0,0,0,0,0,0,2,0,2,0,0,0,0,7,10,0
C:\Users\Win-10\Documents\Mestrado\Sistemas - Git\retrofit-parent-1.6.0\retrofit-parent-1.6.0\retrofit\src\main\java\retrofit\Endpoints.java,retrofit.Endpoints,class,2,3,1,0,3,0.0,0.0,3,2,2,1,0,0,2,0,0,0,1,1,0,1,0,0,1,0,0,25,2,0,0,0,0,1,0,1,0,1,0,0,1,0,32,17,0
C:\Users\Win-10\Documents\Mestrado\Sistemas - Git\retrofit-parent-1.6.0\retrofit-parent-1.6.0\retrofit\src\main\java\retrofit\ErrorHandler.java,retrofit.ErrorHandler,interface,2,1,1,0,0,NaN,NaN,1,0,0,0,0,1,1,0,0,0,1,0,0,0,0,1,0,0,0,9,0,0,0,0,0,0,0,1,0,1,0,1,0,0,67,1,0
C:\Users\Win-10\Documents\Mestrado\Sistemas - Git\retrofit-parent-1.6.0\retrofit-parent-1.6.0\retrofit\src\main\java\retrofit\ErrorHandler.java,retrofit.ErrorHandler$Anonymous1,anonymous,1,1,1,0,0,NaN,NaN,1,0,1,0,0,0,1,0,0,0,0,0,0,0,0,0,0,0,0,5,1,0,0,0,0,0,0,0,0,0,0,0,0,0,5,-1,0
C:\Users\Win-10\Documents\Mestrado\Sistemas - Git\retrofit-parent-1.6.0\retrofit-parent-1.6.0\retrofit\src\main\java\retrofit\ExceptionCatchingTypedInput.java,retrofit.ExceptionCatchingTypedInput,class,2,7,2,3,0,0.0,0.0,6,0,3,0,0,3,6,0,0,0,2,0,0,2,0,0,2,0,0,99,5,0,1,0,0,0,0,2,0,2,0,0,1,0,16,0,0
C:\Users\Win-10\Documents\Mestrado\Sistemas - Git\retrofit-parent-1.6.0\retrofit-parent-1.6.0\retrofit\src\main\java\retrofit\ExceptionCatchingTypedInput.java,retrofit.ExceptionCatchingTypedInput$ExceptionCatchingInputStream,innerclass,1,17,2,9,0,0.0,0.0,10,0,9,0,0,1,10,0,0,2,2,0,0,2,0,0,1,0,0,76,6,0,0,7,0,0,0,8,0,2,1,0,0,0,21,10,0
C:\Users\Win-10\Documents\Mestrado\Sistemas - Git\retrofit-parent-1.6.0\retrofit-parent-1.6.0\retrofit\src\main\java\retrofit\mime\FormUrlEncodedTypedOutput.java,retrofit.mime.FormUrlEncodedTypedOutput,class,1,9,1,6,4,0.0,0.0,5,0,5,0,0,0,5,0,0,0,1,0,0,0,0,1,1,0,2,36,3,0,2,1,0,7,1,3,0,1,1,0,0,0,37,17,0
C:\Users\Win-10\Documents\Mestrado\Sistemas - Git\retrofit-parent-1.6.0\retrofit-parent-1.6.0\retrofit\src\main\java\retrofit\mime\MimeUtil.java,retrofit.mime.MimeUtil,class,0,3,1,5,1,NaN,NaN,2,1,1,1,0,0,1,0,0,0,1,1,0,1,0,0,1,0,1,12,2,0,0,0,0,4,1,2,0,2,1,0,0,0,25,17,0
C:\Users\Win-10\Documents\Mestrado\Sistemas - Git\retrofit-parent-1.6.0\retrofit-parent-1.6.0\retrofit\src\main\java\retrofit\mime\MultipartTypedOutput.java,retrofit.mime.MultipartTypedOutput,class,4,23,1,18,19,0.0,0.0,11,2,7,2,0,2,9,0,0,0,4,0,0,4,0,0,3,0,2,135,7,2,6,2,0,16,4,12,1,10,2,0,1,0,55,17,0
C:\Users\Win-10\Documents\Mestrado\Sistemas - Git\retrofit-parent-1.6.0\retrofit-parent-1.6.0\retrofit\src\main\java\retrofit\mime\MultipartTypedOutput.java,retrofit.mime.MultipartTypedOutput$MimePart,innerclass,4,6,1,6,0,0.0,0.0,4,0,3,1,0,0,3,0,0,0,7,0,0,7,0,0,4,0,2,36,3,0,0,0,0,0,2,7,1,7,1,0,0,0,23,26,0
C:\Users\Win-10\Documents\Mestrado\Sistemas - Git\retrofit-parent-1.6.0\retrofit-parent-1.6.0\retrofit\src\main\java\retrofit\mime\TypedByteArray.java,retrofit.mime.TypedByteArray,class,4,16,1,6,0,0.0,0.0,9,0,9,0,0,0,9,0,0,0,2,0,0,2,0,0,2,0,2,45,11,0,5,0,0,2,1,6,2,4,1,0,0,0,47,1,0
C:\Users\Win-10\Documents\Mestrado\Sistemas - Git\retrofit-parent-1.6.0\retrofit-parent-1.6.0\retrofit\src\main\java\retrofit\mime\TypedFile.java,retrofit.mime.TypedFile,class,4,18,1,12,0,0.0,0.0,11,0,11,0,0,0,11,0,0,0,3,1,0,3,0,0,3,0,0,65,10,1,4,1,1,6,3,7,1,7,2,0,0,0,59,1,0
C:\Users\Win-10\Documents\Mestrado\Sistemas - Git\retrofit-parent-1.6.0\retrofit-parent-1.6.0\retrofit\src\main\java\retrofit\mime\TypedInput.java,retrofit.mime.TypedInput,interface,0,3,1,0,3,0.0,0.0,3,0,0,0,0,3,3,0,0,0,0,0,0,0,0,0,0,0,0,5,0,0,0,0,0,0,0,0,0,0,0,0,0,0,37,1,0
C:\Users\Win-10\Documents\Mestrado\Sistemas - Git\retrofit-parent-1.6.0\retrofit-parent-1.6.0\retrofit\src\main\java\retrofit\mime\TypedOutput.java,retrofit.mime.TypedOutput,interface,0,4,1,0,6,0.0,0.0,4,0,0,0,0,4,4,0,0,0,0,0,0,0,0,0,0,0,0,6,0,0,0,0,0,0,0,0,0,0,0,0,0,0,38,1,0
C:\Users\Win-10\Documents\Mestrado\Sistemas - Git\retrofit-parent-1.6.0\retrofit-parent-1.6.0\retrofit\src\main\java\retrofit\mime\TypedString.java,retrofit.mime.TypedString,class,3,3,2,2,1,NaN,NaN,2,1,1,1,0,0,1,0,0,0,0,0,0,0,0,0,0,0,1,13,1,0,0,1,0,2,0,0,0,0,1,0,0,0,18,1,0
C:\Users\Win-10\Documents\Mestrado\Sistemas - Git\retrofit-parent-1.6.0\retrofit-parent-1.6.0\retrofit\src\main\java\retrofit\Platform.java,retrofit.Platform$Base$Anonymous4,anonymous,0,1,1,1,0,NaN,NaN,1,0,1,0,0,0,1,0,0,0,0,0,0,0,0,0,0,0,0,5,0,0,0,0,0,0,0,0,0,0,0,0,0,0,2,-1,0
C:\Users\Win-10\Documents\Mestrado\Sistemas - Git\retrofit-parent-1.6.0\retrofit-parent-1.6.0\retrofit\src\main\java\retrofit\Platform.java,retrofit.Platform$Android,innerclass,13,7,2,3,10,0.0,0.0,5,0,0,0,0,5,5,0,0,0,0,0,0,0,0,0,0,0,3,43,5,0,0,0,0,1,0,3,0,1,1,2,0,0,26,10,0
C:\Users\Win-10\Documents\Mestrado\Sistemas - Git\retrofit-parent-1.6.0\retrofit-parent-1.6.0\retrofit\src\main\java\retrofit\Platform.java,retrofit.Platform,class,7,16,5,4,36,0.0,0.0,9,4,0,3,0,6,6,5,0,0,2,2,0,1,0,1,2,0,7,159,7,0,3,4,0,11,1,6,1,4,2,0,4,0,66,1024,0
C:\Users\Win-10\Documents\Mestrado\Sistemas - Git\retrofit-parent-1.6.0\retrofit-parent-1.6.0\retrofit\src\main\java\retrofit\Platform.java,retrofit.Platform$Android$Anonymous6$Anonymous7,anonymous,0,1,1,2,0,NaN,NaN,1,0,1,0,0,0,1,0,0,0,0,0,0,0,0,0,0,0,0,6,0,0,0,0,0,0,0,0,0,0,0,0,0,0,18,-1,0
C:\Users\Win-10\Documents\Mestrado\Sistemas - Git\retrofit-parent-1.6.0\retrofit-parent-1.6.0\retrofit\src\main\java\retrofit\Platform.java,retrofit.Platform$Base$Anonymous2,anonymous,0,1,1,0,0,NaN,NaN,1,0,1,0,0,0,1,0,0,0,0,0,0,0,0,0,0,0,0,11,1,0,0,0,0,0,0,0,0,0,0,1,0,0,4,-1,0
C:\Users\Win-10\Documents\Mestrado\Sistemas - Git\retrofit-parent-1.6.0\retrofit-parent-1.6.0\retrofit\src\main\java\retrofit\Platform.java,retrofit.Platform$AppEngine$Anonymous8,anonymous,2,1,1,0,0,NaN,NaN,1,0,1,0,0,0,1,0,0,0,0,0,0,0,0,0,0,0,0,5,1,0,0,0,0,0,0,0,0,0,0,0,0,0,3,-1,0
C:\Users\Win-10\Documents\Mestrado\Sistemas - Git\retrofit-parent-1.6.0\retrofit-parent-1.6.0\retrofit\src\main\java\retrofit\Platform.java,retrofit.Platform$Base$Anonymous1,anonymous,1,1,1,0,0,NaN,NaN,1,0,1,0,0,0,1,0,0,0,0,0,0,0,0,0,0,0,0,5,1,0,0,0,0,0,0,0,0,0,0,0,0,0,3,-1,0
C:\Users\Win-10\Documents\Mestrado\Sistemas - Git\retrofit-parent-1.6.0\retrofit-parent-1.6.0\retrofit\src\main\java\retrofit\Platform.java,retrofit.Platform$Base,innerclass,11,6,2,3,10,0.0,0.0,5,0,0,0,0,5,5,0,0,0,0,0,0,0,0,0,0,0,3,45,5,0,0,0,0,0,0,2,0,1,1,3,0,0,25,10,0
C:\Users\Win-10\Documents\Mestrado\Sistemas - Git\retrofit-parent-1.6.0\retrofit-parent-1.6.0\retrofit\src\main\java\retrofit\Platform.java,retrofit.Platform$OkClientInstantiator,innerclass,2,1,1,0,0,NaN,NaN,1,1,0,0,0,1,1,0,0,0,0,0,0,0,0,0,0,0,0,5,1,0,0,0,0,0,0,0,0,0,0,0,0,0,19,10,0
C:\Users\Win-10\Documents\Mestrado\Sistemas - Git\retrofit-parent-1.6.0\retrofit-parent-1.6.0\retrofit\src\main\java\retrofit\Platform.java,retrofit.Platform$Base$Anonymous2$Anonymous3,anonymous,0,1,1,3,0,NaN,NaN,1,0,1,0,0,0,1,0,0,0,0,0,0,0,0,0,0,0,1,6,0,0,0,0,0,0,0,0,0,0,0,0,0,0,10,-1,0
C:\Users\Win-10\Documents\Mestrado\Sistemas - Git\retrofit-parent-1.6.0\retrofit-parent-1.6.0\retrofit\src\main\java\retrofit\Platform.java,retrofit.Platform$Android$Anonymous6,anonymous,0,1,1,0,0,NaN,NaN,1,0,1,0,0,0,1,0,0,0,0,0,0,0,0,0,0,0,0,11,1,0,0,0,0,0,0,0,0,0,0,1,0,0,4,-1,0
C:\Users\Win-10\Documents\Mestrado\Sistemas - Git\retrofit-parent-1.6.0\retrofit-parent-1.6.0\retrofit\src\main\java\retrofit\Platform.java,retrofit.Platform$Android$Anonymous5,anonymous,1,1,1,0,0,NaN,NaN,1,0,1,0,0,0,1,0,0,0,0,0,0,0,0,0,0,0,0,5,1,0,0,0,0,0,0,0,0,0,0,0,0,0,3,-1,0
C:\Users\Win-10\Documents\Mestrado\Sistemas - Git\retrofit-parent-1.6.0\retrofit-parent-1.6.0\retrofit\src\main\java\retrofit\Platform.java,retrofit.Platform$AppEngine,innerclass,4,1,3,0,0,NaN,NaN,1,0,0,0,0,1,1,0,0,0,0,0,0,0,0,0,0,0,0,11,1,0,0,0,0,0,0,1,0,1,0,1,0,0,8,10,0
C:\Users\Win-10\Documents\Mestrado\Sistemas - Git\retrofit-parent-1.6.0\retrofit-parent-1.6.0\retrofit\src\main\java\retrofit\Profiler.java,retrofit.Profiler,interface,2,2,1,0,1,0.0,0.0,2,0,0,0,0,2,2,0,0,0,0,0,0,0,0,0,0,0,0,33,0,0,0,0,0,0,0,0,0,0,0,0,1,0,63,1,0
C:\Users\Win-10\Documents\Mestrado\Sistemas - Git\retrofit-parent-1.6.0\retrofit-parent-1.6.0\retrofit\src\main\java\retrofit\Profiler.java,retrofit.Profiler$RequestInformation,innerclass,0,6,1,0,5,0.0,0.0,6,0,6,0,0,0,6,0,0,0,5,0,0,5,0,0,5,0,0,29,5,0,0,0,0,0,0,5,0,5,0,0,0,0,37,25,0
C:\Users\Win-10\Documents\Mestrado\Sistemas - Git\retrofit-parent-1.6.0\retrofit-parent-1.6.0\retrofit\src\main\java\retrofit\RequestBuilder.java,retrofit.RequestBuilder$MimeOverridingTypedOutput,innerclass,1,5,1,3,0,0.0,0.0,5,0,4,0,0,1,5,0,0,0,2,0,0,2,0,0,2,0,0,20,3,0,0,0,0,0,0,2,0,2,0,0,0,0,17,10,0
C:\Users\Win-10\Documents\Mestrado\Sistemas - Git\retrofit-parent-1.6.0\retrofit-parent-1.6.0\retrofit\src\main\java\retrofit\RequestBuilder.java,retrofit.RequestBuilder,class,12,83,1,29,27,0.0,0.0,10,0,5,2,0,3,8,0,0,0,14,0,0,14,0,0,9,0,9,307,3,8,34,2,3,29,8,57,11,39,6,0,1,0,103,16,0
C:\Users\Win-10\Documents\Mestrado\Sistemas - Git\retrofit-parent-1.6.0\retrofit-parent-1.6.0\retrofit\src\main\java\retrofit\RequestInterceptor.java,retrofit.RequestInterceptor$Anonymous1,anonymous,1,1,1,0,0,NaN,NaN,1,0,1,0,0,0,1,0,0,0,0,0,0,0,0,0,0,0,0,4,0,0,0,0,0,0,0,0,0,0,0,0,0,0,4,-1,0
C:\Users\Win-10\Documents\Mestrado\Sistemas - Git\retrofit-parent-1.6.0\retrofit-parent-1.6.0\retrofit\src\main\java\retrofit\RequestInterceptor.java,retrofit.RequestInterceptor$RequestFacade,interface,0,5,1,0,10,0.0,0.0,5,0,0,0,0,5,5,0,0,0,0,0,0,0,0,0,0,0,0,7,0,0,0,0,0,0,0,0,0,0,0,0,0,0,36,0,0
C:\Users\Win-10\Documents\Mestrado\Sistemas - Git\retrofit-parent-1.6.0\retrofit-parent-1.6.0\retrofit\src\main\java\retrofit\RequestInterceptor.java,retrofit.RequestInterceptor,interface,2,1,1,0,0,NaN,NaN,1,0,0,0,0,1,1,0,0,0,1,0,0,0,0,1,0,0,0,15,0,0,0,0,0,0,0,1,0,1,0,1,1,0,33,1,0
C:\Users\Win-10\Documents\Mestrado\Sistemas - Git\retrofit-parent-1.6.0\retrofit-parent-1.6.0\retrofit\src\main\java\retrofit\RequestInterceptorTape.java,retrofit.RequestInterceptorTape,class,4,7,1,2,0,0.0,0.0,6,0,6,0,0,0,6,0,0,0,1,0,0,1,0,0,1,0,0,60,0,1,0,0,0,0,0,1,0,1,1,0,2,0,45,16,0
C:\Users\Win-10\Documents\Mestrado\Sistemas - Git\retrofit-parent-1.6.0\retrofit-parent-1.6.0\retrofit\src\main\java\retrofit\RequestInterceptorTape.java,retrofit.RequestInterceptorTape$Command$Anonymous5,anonymous,1,1,1,1,0,NaN,NaN,1,0,1,0,0,0,1,0,0,0,0,0,0,0,0,0,0,0,0,5,0,0,0,0,0,0,0,0,0,0,0,0,0,0,4,-1,0
C:\Users\Win-10\Documents\Mestrado\Sistemas - Git\retrofit-parent-1.6.0\retrofit-parent-1.6.0\retrofit\src\main\java\retrofit\RequestInterceptorTape.java,retrofit.RequestInterceptorTape$Command$Anonymous2,anonymous,1,1,1,1,0,NaN,NaN,1,0,1,0,0,0,1,0,0,0,0,0,0,0,0,0,0,0,0,5,0,0,0,0,0,0,0,0,0,0,0,0,0,0,4,-1,0
C:\Users\Win-10\Documents\Mestrado\Sistemas - Git\retrofit-parent-1.6.0\retrofit-parent-1.6.0\retrofit\src\main\java\retrofit\RequestInterceptorTape.java,retrofit.RequestInterceptorTape$Command$Anonymous1,anonymous,1,1,1,1,0,NaN,NaN,1,0,1,0,0,0,1,0,0,0,0,0,0,0,0,0,0,0,0,5,0,0,0,0,0,0,0,0,0,0,0,0,0,0,4,-1,0
C:\Users\Win-10\Documents\Mestrado\Sistemas - Git\retrofit-parent-1.6.0\retrofit-parent-1.6.0\retrofit\src\main\java\retrofit\RequestInterceptorTape.java,retrofit.RequestInterceptorTape$Command,enum,1,1,1,0,0,NaN,NaN,1,0,0,0,0,1,1,1,0,0,0,0,0,0,0,0,0,0,0,27,0,0,0,0,0,0,0,0,0,0,0,5,0,0,21,2,0
C:\Users\Win-10\Documents\Mestrado\Sistemas - Git\retrofit-parent-1.6.0\retrofit-parent-1.6.0\retrofit\src\main\java\retrofit\RequestInterceptorTape.java,retrofit.RequestInterceptorTape$CommandWithParams,innerclass,1,1,1,0,0,NaN,NaN,1,0,0,0,0,1,1,0,0,0,3,0,0,0,0,3,3,0,0,10,0,0,0,0,0,0,0,3,0,3,0,0,0,0,6,26,0
C:\Users\Win-10\Documents\Mestrado\Sistemas - Git\retrofit-parent-1.6.0\retrofit-parent-1.6.0\retrofit\src\main\java\retrofit\RequestInterceptorTape.java,retrofit.RequestInterceptorTape$Command$Anonymous4,anonymous,1,1,1,1,0,NaN,NaN,1,0,1,0,0,0,1,0,0,0,0,0,0,0,0,0,0,0,0,5,0,0,0,0,0,0,0,0,0,0,0,0,0,0,4,-1,0
C:\Users\Win-10\Documents\Mestrado\Sistemas - Git\retrofit-parent-1.6.0\retrofit-parent-1.6.0\retrofit\src\main\java\retrofit\RequestInterceptorTape.java,retrofit.RequestInterceptorTape$Command$Anonymous3,anonymous,1,1,1,1,0,NaN,NaN,1,0,1,0,0,0,1,0,0,0,0,0,0,0,0,0,0,0,0,5,0,0,0,0,0,0,0,0,0,0,0,0,0,0,4,-1,0
C:\Users\Win-10\Documents\Mestrado\Sistemas - Git\retrofit-parent-1.6.0\retrofit-parent-1.6.0\retrofit\src\main\java\retrofit\ResponseCallback.java,retrofit.ResponseCallback,class,3,2,1,1,1,0.0,0.0,2,0,2,0,0,0,2,1,0,0,0,0,0,0,0,0,0,0,0,6,0,0,0,0,0,0,0,0,0,0,0,0,0,0,16,1025,0
C:\Users\Win-10\Documents\Mestrado\Sistemas - Git\retrofit-parent-1.6.0\retrofit-parent-1.6.0\retrofit\src\main\java\retrofit\ResponseWrapper.java,retrofit.ResponseWrapper,class,1,1,1,0,0,NaN,NaN,1,0,0,0,0,1,1,0,0,0,2,0,0,0,0,2,2,0,0,8,0,0,0,0,0,0,0,2,0,2,0,0,0,0,22,16,0
C:\Users\Win-10\Documents\Mestrado\Sistemas - Git\retrofit-parent-1.6.0\retrofit-parent-1.6.0\retrofit\src\main\java\retrofit\RestAdapter.java,retrofit.RestAdapter$Log$Anonymous1,anonymous,0,1,1,0,0,NaN,NaN,1,0,1,0,0,0,1,0,0,0,0,0,0,0,0,0,0,0,0,4,0,0,0,0,0,0,0,0,0,0,0,0,0,0,2,-1,0
C:\Users\Win-10\Documents\Mestrado\Sistemas - Git\retrofit-parent-1.6.0\retrofit-parent-1.6.0\retrofit\src\main\java\retrofit\RestAdapter.java,retrofit.RestAdapter,class,23,29,1,30,19,0.0,0.0,10,2,3,3,0,4,7,0,0,0,14,2,0,4,0,10,12,0,11,427,7,2,9,0,4,17,3,42,4,31,4,0,4,0,267,1,0
C:\Users\Win-10\Documents\Mestrado\Sistemas - Git\retrofit-parent-1.6.0\retrofit-parent-1.6.0\retrofit\src\main\java\retrofit\RestAdapter.java,retrofit.RestAdapter$RestHandler,innerclass,26,33,1,40,1,0.0,0.0,3,0,1,1,0,1,2,0,0,0,1,0,0,1,0,0,1,0,13,142,10,0,8,3,0,5,3,27,3,19,4,2,0,0,97,2,0
C:\Users\Win-10\Documents\Mestrado\Sistemas - Git\retrofit-parent-1.6.0\retrofit-parent-1.6.0\retrofit\src\main\java\retrofit\RestAdapter.java,retrofit.RestAdapter$RestHandler$Anonymous2,anonymous,3,1,1,1,0,NaN,NaN,1,0,1,0,0,0,1,0,0,0,0,0,0,0,0,0,0,0,0,5,1,0,0,0,0,0,0,0,0,0,0,0,0,0,6,-1,0
C:\Users\Win-10\Documents\Mestrado\Sistemas - Git\retrofit-parent-1.6.0\retrofit-parent-1.6.0\retrofit\src\main\java\retrofit\RestAdapter.java,retrofit.RestAdapter$RestHandler$Anonymous3,anonymous,2,1,1,1,0,NaN,NaN,1,0,1,0,0,0,1,0,0,0,0,0,0,0,0,0,0,0,0,5,1,0,0,0,0,0,0,0,0,0,0,0,0,0,5,-1,0
C:\Users\Win-10\Documents\Mestrado\Sistemas - Git\retrofit-parent-1.6.0\retrofit-parent-1.6.0\retrofit\src\main\java\retrofit\RestAdapter.java,retrofit.RestAdapter$LogLevel,enum,0,2,1,0,0,NaN,NaN,1,0,1,0,0,0,1,0,0,0,0,0,0,0,0,0,0,0,0,8,1,0,1,0,0,0,0,0,0,0,0,0,0,0,40,1,0
C:\Users\Win-10\Documents\Mestrado\Sistemas - Git\retrofit-parent-1.6.0\retrofit-parent-1.6.0\retrofit\src\main\java\retrofit\RestAdapter.java,retrofit.RestAdapter$Builder$Anonymous4,anonymous,1,1,1,0,0,NaN,NaN,1,0,1,0,0,0,1,0,0,0,0,0,0,0,0,0,0,0,0,5,1,0,0,0,0,0,0,0,0,0,0,0,0,0,3,-1,0
C:\Users\Win-10\Documents\Mestrado\Sistemas - Git\retrofit-parent-1.6.0\retrofit-parent-1.6.0\retrofit\src\main\java\retrofit\RestAdapter.java,retrofit.RestAdapter$Log,interface,1,1,1,0,0,NaN,NaN,1,0,0,0,0,1,1,0,0,0,1,0,0,0,0,1,0,0,0,8,0,0,0,0,0,0,0,1,0,1,0,1,0,0,19,1,0
C:\Users\Win-10\Documents\Mestrado\Sistemas - Git\retrofit-parent-1.6.0\retrofit-parent-1.6.0\retrofit\src\main\java\retrofit\RestAdapter.java,retrofit.RestAdapter$Builder,innerclass,14,34,1,11,42,0.0,0.0,13,0,12,1,0,0,12,0,0,0,10,0,0,10,0,0,0,0,6,127,12,0,21,0,0,12,1,20,0,10,1,1,0,0,108,9,0
C:\Users\Win-10\Documents\Mestrado\Sistemas - Git\retrofit-parent-1.6.0\retrofit-parent-1.6.0\retrofit\src\main\java\retrofit\RestMethodInfo.java,retrofit.RestMethodInfo$ResponseType,enum,0,0,1,0,0,-1.0,-1.0,0,0,0,0,0,0,0,0,0,0,0,0,0,0,0,0,0,0,0,1,0,0,0,0,0,0,0,0,0,0,0,0,0,0,9,2,0
C:\Users\Win-10\Documents\Mestrado\Sistemas - Git\retrofit-parent-1.6.0\retrofit-parent-1.6.0\retrofit\src\main\java\retrofit\RestMethodInfo.java,retrofit.RestMethodInfo$RequestType,enum,0,0,1,0,0,-1.0,-1.0,0,0,0,0,0,0,0,0,0,0,0,0,0,0,0,0,0,0,0,4,0,0,0,0,0,0,0,0,0,0,0,0,0,0,23,0,0
C:\Users\Win-10\Documents\Mestrado\Sistemas - Git\retrofit-parent-1.6.0\retrofit-parent-1.6.0\retrofit\src\main\java\retrofit\RestMethodInfo.java,retrofit.RestMethodInfo$ParamUsage,enum,0,0,1,0,0,-1.0,-1.0,0,0,0,0,0,0,0,0,0,0,0,0,0,0,0,0,0,0,0,1,0,0,0,0,0,0,0,0,0,0,0,0,0,0,8,0,0
C:\Users\Win-10\Documents\Mestrado\Sistemas - Git\retrofit-parent-1.6.0\retrofit-parent-1.6.0\retrofit\src\main\java\retrofit\RestMethodInfo.java,retrofit.RestMethodInfo$RxSupport,innerclass,2,3,1,1,1,0.0,0.0,2,2,2,0,0,0,2,0,0,0,0,0,0,0,0,0,0,0,1,8,2,0,1,0,0,0,0,0,0,0,0,0,0,0,16,26,0
C:\Users\Win-10\Documents\Mestrado\Sistemas - Git\retrofit-parent-1.6.0\retrofit-parent-1.6.0\retrofit\src\main\java\retrofit\RestMethodInfo.java,retrofit.RestMethodInfo,class,26,99,1,60,38,0.0,0.0,12,2,0,8,0,4,4,0,0,1,20,3,0,3,0,17,7,0,11,352,9,7,48,1,13,42,22,105,10,65,5,0,4,0,186,16,0
C:\Users\Win-10\Documents\Mestrado\Sistemas - Git\retrofit-parent-1.6.0\retrofit-parent-1.6.0\retrofit\src\main\java\retrofit\RetrofitError.java,retrofit.RetrofitError,class,5,14,4,6,25,0.0,0.0,11,4,10,0,0,1,11,0,0,0,5,0,0,5,0,0,5,0,0,58,12,0,2,1,0,1,0,7,1,7,1,0,0,0,69,1,0
C:\Users\Win-10\Documents\Mestrado\Sistemas - Git\retrofit-parent-1.6.0\retrofit-parent-1.6.0\retrofit\src\main\java\retrofit\RxSupport.java,retrofit.RxSupport$Anonymous1,anonymous,5,1,1,5,0,NaN,NaN,1,0,1,0,0,0,1,0,0,0,0,0,0,0,0,0,0,0,0,10,0,0,0,0,0,0,0,3,0,3,0,0,0,0,11,-1,0
C:\Users\Win-10\Documents\Mestrado\Sistemas - Git\retrofit-parent-1.6.0\retrofit-parent-1.6.0\retrofit\src\main\java\retrofit\RxSupport.java,retrofit.RxSupport,class,7,3,1,1,3,0.0,0.0,3,0,0,1,0,2,2,0,0,0,3,0,0,3,0,0,3,0,0,44,2,0,0,0,0,0,0,3,0,3,0,2,1,0,31,16,0
C:\Users\Win-10\Documents\Mestrado\Sistemas - Git\retrofit-parent-1.6.0\retrofit-parent-1.6.0\retrofit\src\main\java\retrofit\RxSupport.java,retrofit.RxSupport$Invoker,interface,2,1,1,0,0,NaN,NaN,1,0,0,0,0,1,1,0,0,0,0,0,0,0,0,0,0,0,0,3,0,0,0,0,0,0,0,0,0,0,0,0,0,0,23,0,0
C:\Users\Win-10\Documents\Mestrado\Sistemas - Git\retrofit-parent-1.6.0\retrofit-parent-1.6.0\retrofit\src\main\java\retrofit\RxSupport.java,retrofit.RxSupport$Anonymous2,anonymous,3,3,1,6,0,NaN,NaN,1,0,1,0,0,0,1,0,0,0,0,0,0,0,0,0,0,0,0,15,1,0,0,1,0,0,0,1,0,1,2,0,0,0,9,-1,0
C:\Users\Win-10\Documents\Mestrado\Sistemas - Git\retrofit-parent-1.6.0\retrofit-parent-1.6.0\retrofit\src\main\java\retrofit\Types.java,retrofit.Types$GenericArrayTypeImpl,innerclass,1,5,1,3,0,0.0,0.0,5,0,5,0,0,0,5,0,0,0,1,0,0,1,0,0,1,0,2,18,4,0,0,0,0,1,0,1,1,1,0,0,0,0,16,26,0
C:\Users\Win-10\Documents\Mestrado\Sistemas - Git\retrofit-parent-1.6.0\retrofit-parent-1.6.0\retrofit\src\main\java\retrofit\Types.java,retrofit.Types$ParameterizedTypeImpl,innerclass,1,13,1,10,0,0.0,0.0,7,0,7,0,0,0,7,0,0,0,3,0,0,3,0,0,3,0,7,42,7,2,5,0,4,3,5,5,2,5,2,0,0,0,33,26,0
C:\Users\Win-10\Documents\Mestrado\Sistemas - Git\retrofit-parent-1.6.0\retrofit-parent-1.6.0\retrofit\src\main\java\retrofit\Types.java,retrofit.Types$WildcardTypeImpl,innerclass,1,16,1,4,0,0.0,0.0,6,0,6,0,0,0,6,0,0,0,2,0,0,2,0,0,2,0,5,38,7,0,9,0,2,3,13,4,4,2,2,0,0,0,58,26,0
C:\Users\Win-10\Documents\Mestrado\Sistemas - Git\retrofit-parent-1.6.0\retrofit-parent-1.6.0\retrofit\src\main\java\retrofit\Types.java,retrofit.Types,class,4,69,1,35,78,0.0,0.0,13,12,5,7,0,1,6,0,0,0,1,1,0,1,0,0,1,0,22,290,39,5,20,0,12,4,13,47,2,42,5,0,3,0,121,16,0
C:\Users\Win-10\Documents\Mestrado\Sistemas - Git\retrofit-parent-1.6.0\retrofit-parent-1.6.0\retrofit\src\main\java\retrofit\Utils.java,retrofit.Utils,class,8,16,1,21,15,0.0,0.0,6,5,0,1,0,5,5,0,0,0,1,1,0,1,0,0,1,0,2,65,6,1,5,2,1,2,4,13,0,11,3,0,1,0,77,16,0
C:\Users\Win-10\Documents\Mestrado\Sistemas - Git\retrofit-parent-1.6.0\retrofit-parent-1.6.0\retrofit\src\main\java\retrofit\Utils.java,retrofit.Utils$SynchronousExecutor,innerclass,0,1,1,1,0,NaN,NaN,1,0,1,0,0,0,1,0,0,0,0,0,0,0,0,0,0,0,0,5,0,0,0,0,0,0,0,0,0,0,0,0,0,0,5,8,0
C:\Users\Win-10\Documents\Mestrado\Sistemas - Git\retrofit-parent-1.6.0\retrofit-parent-1.6.0\retrofit-converters\jackson\src\main\java\retrofit\converter\JacksonConverter.java,retrofit.converter.JacksonConverter,class,7,9,1,6,0,0.0,0.0,4,0,4,0,0,0,4,0,0,0,2,1,0,2,0,0,2,0,0,37,2,0,0,2,0,2,0,4,0,4,1,0,0,0,48,1,0
C:\Users\Win-10\Documents\Mestrado\Sistemas - Git\retrofit-parent-1.6.0\retrofit-parent-1.6.0\retrofit-converters\protobuf\src\main\java\retrofit\converter\ProtoConverter.java,retrofit.converter.ProtoConverter,class,7,11,1,10,0,0.0,0.0,2,0,2,0,0,0,2,0,0,0,1,1,0,1,0,0,1,0,0,39,2,0,1,1,4,9,0,5,6,5,1,0,0,0,59,1,0
C:\Users\Win-10\Documents\Mestrado\Sistemas - Git\retrofit-parent-1.6.0\retrofit-parent-1.6.0\retrofit-converters\simplexml\src\main\java\retrofit\converter\SimpleXMLConverter.java,retrofit.converter.SimpleXMLConverter,class,7,8,1,6,0,0.0,0.0,4,0,4,0,0,0,4,0,0,0,3,2,0,3,0,0,3,0,0,42,2,0,1,3,0,2,0,6,1,5,3,0,0,0,51,1,0
C:\Users\Win-10\Documents\Mestrado\Sistemas - Git\retrofit-parent-1.6.0\retrofit-parent-1.6.0\retrofit-converters\wire\src\main\java\retrofit\converter\WireConverter.java,retrofit.converter.WireConverter,class,8,12,1,9,2,0.0,0.0,4,0,4,0,0,0,4,0,0,0,2,1,0,2,0,0,2,0,0,46,2,0,2,2,4,7,0,6,4,5,3,0,0,0,55,1,0
C:\Users\Win-10\Documents\Mestrado\Sistemas - Git\retrofit-parent-1.6.0\retrofit-parent-1.6.0\retrofit-mock\src\main\java\retrofit\android\AndroidMockValuePersistence.java,retrofit.android.AndroidMockValuePersistence,class,4,6,1,10,0,0.0,0.0,3,1,2,1,0,0,2,0,0,0,4,3,0,4,0,0,4,0,0,27,0,0,3,0,0,3,6,7,0,7,1,0,0,0,53,17,0
C:\Users\Win-10\Documents\Mestrado\Sistemas - Git\retrofit-parent-1.6.0\retrofit-parent-1.6.0\retrofit-mock\src\main\java\retrofit\MockHttpException.java,retrofit.MockHttpException,class,5,22,4,4,35,0.0,0.0,10,7,9,0,0,1,10,0,0,0,4,0,0,0,0,4,4,0,0,58,9,0,5,0,0,23,3,4,2,4,1,0,0,0,65,1,0
C:\Users\Win-10\Documents\Mestrado\Sistemas - Git\retrofit-parent-1.6.0\retrofit-parent-1.6.0\retrofit-mock\src\main\java\retrofit\MockHttpRetrofitError.java,retrofit.MockHttpRetrofitError,class,2,3,5,1,0,0.0,0.0,3,0,2,0,0,1,3,0,0,0,1,0,0,1,0,0,1,0,0,13,2,0,0,0,0,0,0,1,0,1,0,0,0,0,12,0,0
C:\Users\Win-10\Documents\Mestrado\Sistemas - Git\retrofit-parent-1.6.0\retrofit-parent-1.6.0\retrofit-mock\src\main\java\retrofit\MockRestAdapter.java,retrofit.MockRestAdapter$MockHandler$Anonymous2,anonymous,1,1,1,1,0,NaN,NaN,1,0,1,0,0,0,1,0,0,0,0,0,0,0,0,0,0,0,0,5,0,0,0,0,0,0,0,0,0,0,0,0,0,0,3,-1,0
C:\Users\Win-10\Documents\Mestrado\Sistemas - Git\retrofit-parent-1.6.0\retrofit-parent-1.6.0\retrofit-mock\src\main\java\retrofit\MockRestAdapter.java,retrofit.MockRestAdapter$ValueChangeListener$Anonymous1,anonymous,0,1,1,0,0,NaN,NaN,1,0,1,0,0,0,1,0,0,0,0,0,0,0,0,0,0,0,0,4,0,0,0,0,0,0,0,0,0,0,0,0,0,0,6,-1,0
C:\Users\Win-10\Documents\Mestrado\Sistemas - Git\retrofit-parent-1.6.0\retrofit-parent-1.6.0\retrofit-mock\src\main\java\retrofit\MockRestAdapter.java,retrofit.MockRestAdapter$MockHandler,innerclass,19,27,1,31,6,0.0,0.0,5,0,2,3,0,0,2,0,0,0,2,0,0,2,0,0,2,0,14,179,8,0,6,3,1,12,1,31,7,29,3,4,0,0,90,2,0
C:\Users\Win-10\Documents\Mestrado\Sistemas - Git\retrofit-parent-1.6.0\retrofit-parent-1.6.0\retrofit-mock\src\main\java\retrofit\MockRestAdapter.java,retrofit.MockRestAdapter$MockRxSupport$Anonymous6,anonymous,3,2,1,2,0,NaN,NaN,1,0,1,0,0,0,1,0,0,0,0,0,0,0,0,0,0,0,0,21,1,0,0,0,0,0,0,0,0,0,1,1,0,0,4,-1,0
C:\Users\Win-10\Documents\Mestrado\Sistemas - Git\retrofit-parent-1.6.0\retrofit-parent-1.6.0\retrofit-mock\src\main\java\retrofit\MockRestAdapter.java,retrofit.MockRestAdapter$MockRxSupport$Anonymous6$Anonymous7,anonymous,2,4,1,5,0,NaN,NaN,1,0,1,0,0,0,1,0,0,0,0,0,0,0,0,0,0,0,0,15,1,0,0,1,0,0,0,1,0,1,2,0,0,0,8,-1,0
C:\Users\Win-10\Documents\Mestrado\Sistemas - Git\retrofit-parent-1.6.0\retrofit-parent-1.6.0\retrofit-mock\src\main\java\retrofit\MockRestAdapter.java,retrofit.MockRestAdapter$MockRxSupport,innerclass,6,2,1,1,1,0.0,0.0,2,0,0,0,0,2,2,0,0,0,2,0,0,2,0,0,2,0,0,32,1,0,0,0,0,0,0,2,0,2,0,1,0,0,23,10,0
C:\Users\Win-10\Documents\Mestrado\Sistemas - Git\retrofit-parent-1.6.0\retrofit-parent-1.6.0\retrofit-mock\src\main\java\retrofit\MockRestAdapter.java,retrofit.MockRestAdapter$MockHandler$Anonymous5,anonymous,8,8,1,13,0,NaN,NaN,1,0,1,0,0,0,1,0,0,0,0,0,0,0,0,0,0,0,4,34,0,0,1,1,1,3,0,8,0,8,3,0,0,0,28,-1,0
C:\Users\Win-10\Documents\Mestrado\Sistemas - Git\retrofit-parent-1.6.0\retrofit-parent-1.6.0\retrofit-mock\src\main\java\retrofit\MockRestAdapter.java,retrofit.MockRestAdapter$ValueChangeListener,interface,1,1,1,0,0,NaN,NaN,1,0,0,0,0,1,1,0,0,0,1,0,0,0,0,1,0,0,0,8,0,0,0,0,0,0,0,1,0,1,0,1,0,0,25,1,0
C:\Users\Win-10\Documents\Mestrado\Sistemas - Git\retrofit-parent-1.6.0\retrofit-parent-1.6.0\retrofit-mock\src\main\java\retrofit\MockRestAdapter.java,retrofit.MockRestAdapter$MockHandler$Anonymous3,anonymous,0,1,1,0,0,NaN,NaN,1,0,1,0,0,0,1,0,0,0,0,0,0,0,0,0,0,0,0,5,0,0,0,0,0,0,0,0,0,0,0,0,0,0,4,-1,0
C:\Users\Win-10\Documents\Mestrado\Sistemas - Git\retrofit-parent-1.6.0\retrofit-parent-1.6.0\retrofit-mock\src\main\java\retrofit\MockRestAdapter.java,retrofit.MockRestAdapter,class,7,29,1,13,44,0.0,0.0,16,3,12,4,0,0,12,0,0,0,11,4,0,10,0,1,6,0,7,322,9,1,3,1,2,5,16,25,13,20,2,0,3,0,240,17,0
C:\Users\Win-10\Documents\Mestrado\Sistemas - Git\retrofit-parent-1.6.0\retrofit-parent-1.6.0\retrofit-mock\src\main\java\retrofit\MockRestAdapter.java,retrofit.MockRestAdapter$MockHandler$Anonymous4,anonymous,1,1,1,1,0,NaN,NaN,1,0,1,0,0,0,1,0,0,0,0,0,0,0,0,0,0,0,0,5,0,0,0,0,0,0,0,0,0,0,0,0,0,0,2,-1,0
C:\Users\Win-10\Documents\Mestrado\Sistemas - Git\retrofit-parent-1.6.0\retrofit-parent-1.6.0\retrofit-mock\src\main\java\retrofit\MockTypedInput.java,retrofit.MockTypedInput,class,5,7,1,4,2,0.0,0.0,5,0,3,1,0,1,4,0,0,1,3,0,0,3,0,0,2,0,0,32,3,0,1,1,0,1,0,4,0,4,1,0,0,0,25,0,0
