nomeSistema;class;cbo;wmc;dit;rfc;maxNested;loc;nom
retrofit;retrofit.android.AndroidApacheClient;1;1;2;1;0;5;1
retrofit;retrofit.android.AndroidLog;2;5;1;6;1;19;4
retrofit;retrofit.android.MainThreadExecutor;1;1;1;2;0;6;1
retrofit;retrofit.appengine.UrlFetchClient;13;18;1;27;2;76;7
retrofit;retrofit.Callback;3;2;1;0;0;4;2
retrofit;retrofit.CallbackRunnable;6;5;1;5;1;32;3
retrofit;retrofit.CallbackRunnable$Anonymous1;2;1;1;1;0;5;1
retrofit;retrofit.CallbackRunnable$Anonymous2;1;1;1;1;0;5;1
retrofit;retrofit.client.ApacheClient$GenericHttpRequest;4;3;2;8;1;13;2
retrofit;retrofit.client.ApacheClient;20;11;4;19;2;103;7
retrofit;retrofit.client.ApacheClient$GenericEntityHttpRequest;5;3;2;10;1;15;2
retrofit;retrofit.client.ApacheClient$TypedOutputEntity;2;6;2;5;0;24;6
retrofit;retrofit.client.Client$Provider;1;1;1;0;0;3;1
retrofit;retrofit.client.Client;2;1;1;0;0;6;1
retrofit;retrofit.client.Defaults;0;1;1;0;0;6;1
retrofit;retrofit.client.Header;1;15;1;3;1;30;6
retrofit;retrofit.client.OkClient;5;4;2;5;0;18;4
retrofit;retrofit.client.Request;2;8;1;2;1;35;5
retrofit;retrofit.client.Response;2;10;1;1;1;41;6
retrofit;retrofit.client.UrlConnectionClient$TypedInputStream;1;4;1;0;0;19;4
retrofit;retrofit.client.UrlConnectionClient;8;12;1;36;2;79;5
retrofit;retrofit.converter.ConversionException;0;3;3;0;0;11;3
retrofit;retrofit.converter.Converter;2;2;1;0;0;4;2
retrofit;retrofit.converter.GsonConverter;7;10;1;7;3;65;4
retrofit;retrofit.converter.GsonConverter$JsonTypedOutput;2;5;1;1;0;20;5
retrofit;retrofit.Endpoint;0;2;1;0;0;4;2
retrofit;retrofit.Endpoints$FixedEndpoint;1;3;1;0;0;14;3
retrofit;retrofit.Endpoints;2;3;1;0;0;25;3
retrofit;retrofit.ErrorHandler;2;1;1;0;0;9;1
retrofit;retrofit.ErrorHandler$Anonymous1;1;1;1;0;0;5;1
retrofit;retrofit.ExceptionCatchingTypedInput;2;7;2;3;0;99;6
retrofit;retrofit.ExceptionCatchingTypedInput$ExceptionCatchingInputStream;1;17;2;9;1;76;10
retrofit;retrofit.mime.FormUrlEncodedTypedOutput;1;9;1;6;1;36;5
retrofit;retrofit.mime.MimeUtil;0;3;1;5;1;12;2
retrofit;retrofit.mime.MultipartTypedOutput;4;23;1;18;2;135;11
retrofit;retrofit.mime.MultipartTypedOutput$MimePart;4;6;1;6;1;36;4
retrofit;retrofit.mime.TypedByteArray;4;16;1;6;1;45;9
retrofit;retrofit.mime.TypedFile;4;18;1;12;2;65;11
retrofit;retrofit.mime.TypedInput;0;3;1;0;0;5;3
retrofit;retrofit.mime.TypedOutput;0;4;1;0;0;6;4
retrofit;retrofit.mime.TypedString;3;3;2;2;1;13;2
retrofit;retrofit.Platform$Base$Anonymous4;0;1;1;1;0;5;1
retrofit;retrofit.Platform$Android;13;7;2;3;1;43;5
retrofit;retrofit.Platform;7;16;5;4;2;159;9
retrofit;retrofit.Platform$Android$Anonymous6$Anonymous7;0;1;1;2;0;6;1
retrofit;retrofit.Platform$Base$Anonymous2;0;1;1;0;0;11;1
retrofit;retrofit.Platform$AppEngine$Anonymous8;2;1;1;0;0;5;1
retrofit;retrofit.Platform$Base$Anonymous1;1;1;1;0;0;5;1
retrofit;retrofit.Platform$Base;11;6;2;3;1;45;5
retrofit;retrofit.Platform$OkClientInstantiator;2;1;1;0;0;5;1
retrofit;retrofit.Platform$Base$Anonymous2$Anonymous3;0;1;1;3;0;6;1
retrofit;retrofit.Platform$Android$Anonymous6;0;1;1;0;0;11;1
retrofit;retrofit.Platform$Android$Anonymous5;1;1;1;0;0;5;1
retrofit;retrofit.Platform$AppEngine;4;1;3;0;0;11;1
retrofit;retrofit.Profiler;2;2;1;0;0;33;2
retrofit;retrofit.Profiler$RequestInformation;0;6;1;0;0;29;6
retrofit;retrofit.RequestBuilder$MimeOverridingTypedOutput;1;5;1;3;0;20;5
retrofit;retrofit.RequestBuilder;12;83;1;29;6;307;10
retrofit;retrofit.RequestInterceptor$Anonymous1;1;1;1;0;0;4;1
retrofit;retrofit.RequestInterceptor$RequestFacade;0;5;1;0;0;7;5
retrofit;retrofit.RequestInterceptor;2;1;1;0;0;15;1
retrofit;retrofit.RequestInterceptorTape;4;7;1;2;1;60;6
retrofit;retrofit.RequestInterceptorTape$Command$Anonymous5;1;1;1;1;0;5;1
retrofit;retrofit.RequestInterceptorTape$Command$Anonymous2;1;1;1;1;0;5;1
retrofit;retrofit.RequestInterceptorTape$Command$Anonymous1;1;1;1;1;0;5;1
retrofit;retrofit.RequestInterceptorTape$Command;1;1;1;0;0;27;1
retrofit;retrofit.RequestInterceptorTape$CommandWithParams;1;1;1;0;0;10;1
retrofit;retrofit.RequestInterceptorTape$Command$Anonymous4;1;1;1;1;0;5;1
retrofit;retrofit.RequestInterceptorTape$Command$Anonymous3;1;1;1;1;0;5;1
retrofit;retrofit.ResponseCallback;3;2;1;1;0;6;2
retrofit;retrofit.ResponseWrapper;1;1;1;0;0;8;1
retrofit;retrofit.RestAdapter$Log$Anonymous1;0;1;1;0;0;4;1
retrofit;retrofit.RestAdapter;23;29;1;30;4;427;10
retrofit;retrofit.RestAdapter$RestHandler;26;33;1;40;4;142;3
retrofit;retrofit.RestAdapter$RestHandler$Anonymous2;3;1;1;1;0;5;1
retrofit;retrofit.RestAdapter$RestHandler$Anonymous3;2;1;1;1;0;5;1
retrofit;retrofit.RestAdapter$LogLevel;0;2;1;0;0;8;1
retrofit;retrofit.RestAdapter$Builder$Anonymous4;1;1;1;0;0;5;1
retrofit;retrofit.RestAdapter$Log;1;1;1;0;0;8;1
retrofit;retrofit.RestAdapter$Builder;14;34;1;11;1;127;13
retrofit;retrofit.RestMethodInfo$ResponseType;0;0;1;0;0;1;0
retrofit;retrofit.RestMethodInfo$RequestType;0;0;1;0;0;4;0
retrofit;retrofit.RestMethodInfo$ParamUsage;0;0;1;0;0;1;0
retrofit;retrofit.RestMethodInfo$RxSupport;2;3;1;1;0;8;2
retrofit;retrofit.RestMethodInfo;26;99;1;60;5;352;12
retrofit;retrofit.RetrofitError;5;14;4;6;1;58;11
retrofit;retrofit.RxSupport$Anonymous1;5;1;1;5;0;10;1
retrofit;retrofit.RxSupport;7;3;1;1;0;44;3
retrofit;retrofit.RxSupport$Invoker;2;1;1;0;0;3;1
retrofit;retrofit.RxSupport$Anonymous2;3;3;1;6;2;15;1
retrofit;retrofit.Types$GenericArrayTypeImpl;1;5;1;3;0;18;5
retrofit;retrofit.Types$ParameterizedTypeImpl;1;13;1;10;2;42;7
retrofit;retrofit.Types$WildcardTypeImpl;1;16;1;4;2;38;6
retrofit;retrofit.Types;4;69;1;35;5;290;13
retrofit;retrofit.Utils;8;16;1;21;3;65;6
retrofit;retrofit.Utils$SynchronousExecutor;0;1;1;1;0;5;1
retrofit;retrofit.converter.JacksonConverter;7;9;1;6;1;37;4
retrofit;retrofit.converter.ProtoConverter;7;11;1;10;1;39;2
retrofit;retrofit.converter.SimpleXMLConverter;7;8;1;6;3;42;4
retrofit;retrofit.converter.WireConverter;8;12;1;9;3;46;4
retrofit;retrofit.android.AndroidMockValuePersistence;4;6;1;10;1;27;3
retrofit;retrofit.MockHttpException;5;22;4;4;1;58;10
retrofit;retrofit.MockHttpRetrofitError;2;3;5;1;0;13;3
retrofit;retrofit.MockRestAdapter$MockHandler$Anonymous2;1;1;1;1;0;5;1
retrofit;retrofit.MockRestAdapter$ValueChangeListener$Anonymous1;0;1;1;0;0;4;1
retrofit;retrofit.MockRestAdapter$MockHandler;19;27;1;31;3;179;5
retrofit;retrofit.MockRestAdapter$MockRxSupport$Anonymous6;3;2;1;2;1;21;1
retrofit;retrofit.MockRestAdapter$MockRxSupport$Anonymous6$Anonymous7;2;4;1;5;2;15;1
retrofit;retrofit.MockRestAdapter$MockRxSupport;6;2;1;1;0;32;2
retrofit;retrofit.MockRestAdapter$MockHandler$Anonymous5;8;8;1;13;3;34;1
retrofit;retrofit.MockRestAdapter$ValueChangeListener;1;1;1;0;0;8;1
retrofit;retrofit.MockRestAdapter$MockHandler$Anonymous3;0;1;1;0;0;5;1
retrofit;retrofit.MockRestAdapter;7;29;1;13;2;322;16
retrofit;retrofit.MockRestAdapter$MockHandler$Anonymous4;1;1;1;1;0;5;1
retrofit;retrofit.MockTypedInput;5;7;1;4;1;32;5
