file,class,type,cbo,wmc,dit,rfc,lcom,tcc,lcc,totalMethodsQty,staticMethodsQty,publicMethodsQty,privateMethodsQty,protectedMethodsQty,defaultMethodsQty,visibleMethodsQty,abstractMethodsQty,finalMethodsQty,synchronizedMethodsQty,totalFieldsQty,staticFieldsQty,publicFieldsQty,privateFieldsQty,protectedFieldsQty,defaultFieldsQty,finalFieldsQty,synchronizedFieldsQty,nosi,loc,returnQty,loopQty,comparisonsQty,tryCatchQty,parenthesizedExpsQty,stringLiteralsQty,numbersQty,assignmentsQty,mathOperationsQty,variablesQty,maxNestedBlocksQty,anonymousClassesQty,innerClassesQty,lambdasQty,uniqueWordsQty,modifiers,logStatementsQty
C:\Users\Win-10\Documents\Mestrado\Sistemas - Git\retrofit-parent-1.6.0\retrofit-parent-1.6.0\retrofit\src\main\java\retrofit\android\AndroidApacheClient.java,retrofit.android.AndroidApacheClient,class,1,1,2,1,0,NaN,NaN,1,0,1,0,0,0,1,0,0,0,0,0,0,0,0,0,0,0,0,5,0,0,0,0,0,1,0,0,0,0,0,0,0,0,22,17,0
C:\Users\Win-10\Documents\Mestrado\Sistemas - Git\retrofit-parent-1.6.0\retrofit-parent-1.6.0\retrofit\src\main\java\retrofit\android\AndroidLog.java,retrofit.android.AndroidLog,class,2,5,1,6,4,0.0,0.0,4,0,4,0,0,0,4,0,1,0,2,1,0,2,0,0,2,0,1,19,1,1,0,0,0,0,2,6,1,5,1,0,0,0,44,1,0
C:\Users\Win-10\Documents\Mestrado\Sistemas - Git\retrofit-parent-1.6.0\retrofit-parent-1.6.0\retrofit\src\main\java\retrofit\android\MainThreadExecutor.java,retrofit.android.MainThreadExecutor,class,1,1,1,2,0,NaN,NaN,1,0,1,0,0,0,1,0,0,0,1,0,0,1,0,0,1,0,0,6,0,0,0,0,0,0,0,1,0,1,0,0,0,0,13,17,0
C:\Users\Win-10\Documents\Mestrado\Sistemas - Git\retrofit-parent-1.6.0\retrofit-parent-1.6.0\retrofit\src\main\java\retrofit\appengine\UrlFetchClient.java,retrofit.appengine.UrlFetchClient,class,13,18,1,27,9,0.0,0.0,7,3,3,1,1,2,6,0,0,0,1,0,0,1,0,0,1,0,3,76,10,2,2,0,0,10,0,19,1,17,2,0,0,0,58,1,0
C:\Users\Win-10\Documents\Mestrado\Sistemas - Git\retrofit-parent-1.6.0\retrofit-parent-1.6.0\retrofit\src\main\java\retrofit\Callback.java,retrofit.Callback,interface,3,2,1,0,1,0.0,0.0,2,0,0,0,0,2,2,0,0,0,0,0,0,0,0,0,0,0,0,4,0,0,0,0,0,0,0,0,0,0,0,0,0,0,63,1,0
C:\Users\Win-10\Documents\Mestrado\Sistemas - Git\retrofit-parent-1.6.0\retrofit-parent-1.6.0\retrofit\src\main\java\retrofit\CallbackRunnable.java,retrofit.CallbackRunnable,class,6,5,1,5,1,0.0,0.0,3,0,2,0,0,1,3,1,1,0,3,0,0,3,0,0,3,0,1,32,0,0,1,1,0,1,0,6,0,6,1,2,0,0,48,1024,0
C:\Users\Win-10\Documents\Mestrado\Sistemas - Git\retrofit-parent-1.6.0\retrofit-parent-1.6.0\retrofit\src\main\java\retrofit\CallbackRunnable.java,retrofit.CallbackRunnable$Anonymous1,anonymous,2,1,1,1,0,NaN,NaN,1,0,1,0,0,0,1,0,0,0,0,0,0,0,0,0,0,0,0,5,0,0,0,0,0,0,0,0,0,0,0,0,0,0,2,-1,0
C:\Users\Win-10\Documents\Mestrado\Sistemas - Git\retrofit-parent-1.6.0\retrofit-parent-1.6.0\retrofit\src\main\java\retrofit\CallbackRunnable.java,retrofit.CallbackRunnable$Anonymous2,anonymous,1,1,1,1,0,NaN,NaN,1,0,1,0,0,0,1,0,0,0,0,0,0,0,0,0,0,0,0,5,0,0,0,0,0,0,0,0,0,0,0,0,0,0,2,-1,0
C:\Users\Win-10\Documents\Mestrado\Sistemas - Git\retrofit-parent-1.6.0\retrofit-parent-1.6.0\retrofit\src\main\java\retrofit\client\ApacheClient.java,retrofit.client.ApacheClient$GenericHttpRequest,innerclass,4,3,2,8,0,0.0,0.0,2,0,2,0,0,0,2,0,0,0,1,0,0,1,0,0,1,0,1,13,1,1,0,0,0,0,0,1,0,1,1,0,0,0,16,10,0
C:\Users\Win-10\Documents\Mestrado\Sistemas - Git\retrofit-parent-1.6.0\retrofit-parent-1.6.0\retrofit\src\main\java\retrofit\client\ApacheClient.java,retrofit.client.ApacheClient,class,20,11,4,19,9,0.0,0.0,7,3,3,1,1,2,6,0,0,0,1,0,0,1,0,0,1,0,3,103,6,1,2,0,0,2,0,16,0,14,2,0,3,0,56,1,0
C:\Users\Win-10\Documents\Mestrado\Sistemas - Git\retrofit-parent-1.6.0\retrofit-parent-1.6.0\retrofit\src\main\java\retrofit\client\ApacheClient.java,retrofit.client.ApacheClient$GenericEntityHttpRequest,innerclass,5,3,2,10,0,0.0,0.0,2,0,1,0,0,1,2,0,0,0,1,0,0,1,0,0,1,0,1,15,1,1,0,0,0,0,0,1,0,1,1,0,0,0,20,10,0
C:\Users\Win-10\Documents\Mestrado\Sistemas - Git\retrofit-parent-1.6.0\retrofit-parent-1.6.0\retrofit\src\main\java\retrofit\client\ApacheClient.java,retrofit.client.ApacheClient$TypedOutputEntity,innerclass,2,6,2,5,3,0.0,0.0,6,0,5,0,0,1,6,0,0,0,1,0,0,0,0,1,1,0,0,24,4,0,0,0,0,0,0,2,0,2,0,0,0,0,31,8,0
C:\Users\Win-10\Documents\Mestrado\Sistemas - Git\retrofit-parent-1.6.0\retrofit-parent-1.6.0\retrofit\src\main\java\retrofit\client\Client.java,retrofit.client.Client$Provider,interface,1,1,1,0,0,NaN,NaN,1,0,0,0,0,1,1,0,0,0,0,0,0,0,0,0,0,0,0,3,0,0,0,0,0,0,0,0,0,0,0,0,0,0,25,0,0
C:\Users\Win-10\Documents\Mestrado\Sistemas - Git\retrofit-parent-1.6.0\retrofit-parent-1.6.0\retrofit\src\main\java\retrofit\client\Client.java,retrofit.client.Client,interface,2,1,1,0,0,NaN,NaN,1,0,0,0,0,1,1,0,0,0,0,0,0,0,0,0,0,0,0,6,0,0,0,0,0,0,0,0,0,0,0,0,1,0,68,1,0
C:\Users\Win-10\Documents\Mestrado\Sistemas - Git\retrofit-parent-1.6.0\retrofit-parent-1.6.0\retrofit\src\main\java\retrofit\client\Defaults.java,retrofit.client.Defaults,class,0,1,1,0,0,-1.0,-1.0,1,0,0,1,0,0,0,0,0,0,2,2,0,0,0,2,2,0,0,6,0,0,0,0,0,0,4,2,2,2,0,0,0,0,15,16,0
C:\Users\Win-10\Documents\Mestrado\Sistemas - Git\retrofit-parent-1.6.0\retrofit-parent-1.6.0\retrofit\src\main\java\retrofit\client\Header.java,retrofit.client.Header,class,1,15,1,3,0,0.0,0.0,6,0,6,0,0,0,6,0,0,0,2,0,0,2,0,0,2,0,0,30,9,0,11,0,3,3,3,5,3,4,1,0,0,0,24,17,0
C:\Users\Win-10\Documents\Mestrado\Sistemas - Git\retrofit-parent-1.6.0\retrofit-parent-1.6.0\retrofit\src\main\java\retrofit\client\OkClient.java,retrofit.client.OkClient,class,5,4,2,5,0,0.0,0.0,4,1,2,1,1,0,3,0,0,0,1,0,0,1,0,0,1,0,1,18,2,0,0,0,0,0,0,2,0,2,0,0,0,0,22,1,0
C:\Users\Win-10\Documents\Mestrado\Sistemas - Git\retrofit-parent-1.6.0\retrofit-parent-1.6.0\retrofit\src\main\java\retrofit\client\Request.java,retrofit.client.Request,class,2,8,1,2,2,0.0,0.0,5,0,5,0,0,0,5,0,0,0,4,0,0,4,0,0,4,0,2,35,4,0,3,0,0,2,0,5,0,4,1,0,0,0,38,17,0
C:\Users\Win-10\Documents\Mestrado\Sistemas - Git\retrofit-parent-1.6.0\retrofit-parent-1.6.0\retrofit\src\main\java\retrofit\client\Response.java,retrofit.client.Response,class,2,10,1,1,5,0.0,0.0,6,0,6,0,0,0,6,0,0,0,5,0,0,5,0,0,5,0,1,41,5,0,3,0,0,4,1,5,1,5,1,0,0,0,48,17,0
C:\Users\Win-10\Documents\Mestrado\Sistemas - Git\retrofit-parent-1.6.0\retrofit-parent-1.6.0\retrofit\src\main\java\retrofit\client\UrlConnectionClient.java,retrofit.client.UrlConnectionClient$TypedInputStream,innerclass,1,4,1,0,0,0.0,0.0,4,0,3,1,0,0,3,0,0,0,3,0,0,3,0,0,3,0,0,19,3,0,0,0,0,0,0,3,0,3,0,0,0,0,11,10,0
C:\Users\Win-10\Documents\Mestrado\Sistemas - Git\retrofit-parent-1.6.0\retrofit-parent-1.6.0\retrofit\src\main\java\retrofit\client\UrlConnectionClient.java,retrofit.client.UrlConnectionClient,class,8,12,1,36,10,0.0,0.0,5,0,2,0,1,2,5,0,0,0,1,1,0,1,0,0,1,0,1,79,3,3,3,0,0,3,3,15,0,13,2,0,1,0,51,1,0
C:\Users\Win-10\Documents\Mestrado\Sistemas - Git\retrofit-parent-1.6.0\retrofit-parent-1.6.0\retrofit\src\main\java\retrofit\converter\ConversionException.java,retrofit.converter.ConversionException,class,0,3,3,0,3,0.0,0.0,3,0,3,0,0,0,3,0,0,0,0,0,0,0,0,0,0,0,0,11,0,0,0,0,0,1,0,0,0,0,0,0,0,0,12,1,0
C:\Users\Win-10\Documents\Mestrado\Sistemas - Git\retrofit-parent-1.6.0\retrofit-parent-1.6.0\retrofit\src\main\java\retrofit\converter\Converter.java,retrofit.converter.Converter,interface,2,2,1,0,1,0.0,0.0,2,0,0,0,0,2,2,0,0,0,0,0,0,0,0,0,0,0,0,4,0,0,0,0,0,0,0,0,0,0,0,0,0,0,65,1,0
C:\Users\Win-10\Documents\Mestrado\Sistemas - Git\retrofit-parent-1.6.0\retrofit-parent-1.6.0\retrofit\src\main\java\retrofit\converter\GsonConverter.java,retrofit.converter.GsonConverter,class,7,10,1,7,0,0.0,0.0,4,0,4,0,0,0,4,0,0,0,2,0,0,2,0,0,1,0,1,65,2,0,2,3,0,2,0,6,0,4,3,0,1,0,63,1,0
C:\Users\Win-10\Documents\Mestrado\Sistemas - Git\retrofit-parent-1.6.0\retrofit-parent-1.6.0\retrofit\src\main\java\retrofit\converter\GsonConverter.java,retrofit.converter.GsonConverter$JsonTypedOutput,innerclass,2,5,1,1,2,0.0,0.0,5,0,4,0,0,1,5,0,0,0,2,0,0,2,0,0,2,0,0,20,3,0,0,0,0,1,0,2,1,2,0,0,0,0,20,10,0
C:\Users\Win-10\Documents\Mestrado\Sistemas - Git\retrofit-parent-1.6.0\retrofit-parent-1.6.0\retrofit\src\main\java\retrofit\Endpoint.java,retrofit.Endpoint,interface,0,2,1,0,1,0.0,0.0,2,0,0,0,0,2,2,0,0,0,0,0,0,0,0,0,0,0,0,4,0,0,0,0,0,0,0,0,0,0,0,0,0,0,35,1,0
C:\Users\Win-10\Documents\Mestrado\Sistemas - Git\retrofit-parent-1.6.0\retrofit-parent-1.6.0\retrofit\src\main\java\retrofit\Endpoints.java,retrofit.Endpoints$FixedEndpoint,innerclass,1,3,1,0,0,0.0,0.0,3,0,2,0,0,1,3,0,0,0,2,0,0,2,0,0,2,0,0,14,2,0,0,0,0,0,0,2,0,2,0,0,0,0,7,10,0
C:\Users\Win-10\Documents\Mestrado\Sistemas - Git\retrofit-parent-1.6.0\retrofit-parent-1.6.0\retrofit\src\main\java\retrofit\Endpoints.java,retrofit.Endpoints,class,2,3,1,0,3,0.0,0.0,3,2,2,1,0,0,2,0,0,0,1,1,0,1,0,0,1,0,0,25,2,0,0,0,0,1,0,1,0,1,0,0,1,0,32,17,0
C:\Users\Win-10\Documents\Mestrado\Sistemas - Git\retrofit-parent-1.6.0\retrofit-parent-1.6.0\retrofit\src\main\java\retrofit\ErrorHandler.java,retrofit.ErrorHandler,interface,2,1,1,0,0,NaN,NaN,1,0,0,0,0,1,1,0,0,0,1,0,0,0,0,1,0,0,0,9,0,0,0,0,0,0,0,1,0,1,0,1,0,0,67,1,0
C:\Users\Win-10\Documents\Mestrado\Sistemas - Git\retrofit-parent-1.6.0\retrofit-parent-1.6.0\retrofit\src\main\java\retrofit\ErrorHandler.java,retrofit.ErrorHandler$Anonymous1,anonymous,1,1,1,0,0,NaN,NaN,1,0,1,0,0,0,1,0,0,0,0,0,0,0,0,0,0,0,0,5,1,0,0,0,0,0,0,0,0,0,0,0,0,0,5,-1,0
C:\Users\Win-10\Documents\Mestrado\Sistemas - Git\retrofit-parent-1.6.0\retrofit-parent-1.6.0\retrofit\src\main\java\retrofit\ExceptionCatchingTypedInput.java,retrofit.ExceptionCatchingTypedInput,class,2,7,2,3,0,0.0,0.0,6,0,3,0,0,3,6,0,0,0,2,0,0,2,0,0,2,0,0,99,5,0,1,0,0,0,0,2,0,2,0,0,1,0,16,0,0
C:\Users\Win-10\Documents\Mestrado\Sistemas - Git\retrofit-parent-1.6.0\retrofit-parent-1.6.0\retrofit\src\main\java\retrofit\ExceptionCatchingTypedInput.java,retrofit.ExceptionCatchingTypedInput$ExceptionCatchingInputStream,innerclass,1,17,2,9,0,0.0,0.0,10,0,9,0,0,1,10,0,0,2,2,0,0,2,0,0,1,0,0,76,6,0,0,7,0,0,0,8,0,2,1,0,0,0,21,10,0
C:\Users\Win-10\Documents\Mestrado\Sistemas - Git\retrofit-parent-1.6.0\retrofit-parent-1.6.0\retrofit\src\main\java\retrofit\mime\FormUrlEncodedTypedOutput.java,retrofit.mime.FormUrlEncodedTypedOutput,class,1,9,1,6,4,0.0,0.0,5,0,5,0,0,0,5,0,0,0,1,0,0,0,0,1,1,0,2,36,3,0,2,1,0,7,1,3,0,1,1,0,0,0,37,17,0
C:\Users\Win-10\Documents\Mestrado\Sistemas - Git\retrofit-parent-1.6.0\retrofit-parent-1.6.0\retrofit\src\main\java\retrofit\mime\MimeUtil.java,retrofit.mime.MimeUtil,class,0,3,1,5,1,NaN,NaN,2,1,1,1,0,0,1,0,0,0,1,1,0,1,0,0,1,0,1,12,2,0,0,0,0,4,1,2,0,2,1,0,0,0,25,17,0
C:\Users\Win-10\Documents\Mestrado\Sistemas - Git\retrofit-parent-1.6.0\retrofit-parent-1.6.0\retrofit\src\main\java\retrofit\mime\MultipartTypedOutput.java,retrofit.mime.MultipartTypedOutput,class,4,23,1,18,19,0.0,0.0,11,2,7,2,0,2,9,0,0,0,4,0,0,4,0,0,3,0,2,135,7,2,6,2,0,16,4,12,1,10,2,0,1,0,55,17,0
C:\Users\Win-10\Documents\Mestrado\Sistemas - Git\retrofit-parent-1.6.0\retrofit-parent-1.6.0\retrofit\src\main\java\retrofit\mime\MultipartTypedOutput.java,retrofit.mime.MultipartTypedOutput$MimePart,innerclass,4,6,1,6,0,0.0,0.0,4,0,3,1,0,0,3,0,0,0,7,0,0,7,0,0,4,0,2,36,3,0,0,0,0,0,2,7,1,7,1,0,0,0,23,26,0
C:\Users\Win-10\Documents\Mestrado\Sistemas - Git\retrofit-parent-1.6.0\retrofit-parent-1.6.0\retrofit\src\main\java\retrofit\mime\TypedByteArray.java,retrofit.mime.TypedByteArray,class,4,16,1,6,0,0.0,0.0,9,0,9,0,0,0,9,0,0,0,2,0,0,2,0,0,2,0,2,45,11,0,5,0,0,2,1,6,2,4,1,0,0,0,47,1,0
C:\Users\Win-10\Documents\Mestrado\Sistemas - Git\retrofit-parent-1.6.0\retrofit-parent-1.6.0\retrofit\src\main\java\retrofit\mime\TypedFile.java,retrofit.mime.TypedFile,class,4,18,1,12,0,0.0,0.0,11,0,11,0,0,0,11,0,0,0,3,1,0,3,0,0,3,0,0,65,10,1,4,1,1,6,3,7,1,7,2,0,0,0,59,1,0
C:\Users\Win-10\Documents\Mestrado\Sistemas - Git\retrofit-parent-1.6.0\retrofit-parent-1.6.0\retrofit\src\main\java\retrofit\mime\TypedInput.java,retrofit.mime.TypedInput,interface,0,3,1,0,3,0.0,0.0,3,0,0,0,0,3,3,0,0,0,0,0,0,0,0,0,0,0,0,5,0,0,0,0,0,0,0,0,0,0,0,0,0,0,37,1,0
C:\Users\Win-10\Documents\Mestrado\Sistemas - Git\retrofit-parent-1.6.0\retrofit-parent-1.6.0\retrofit\src\main\java\retrofit\mime\TypedOutput.java,retrofit.mime.TypedOutput,interface,0,4,1,0,6,0.0,0.0,4,0,0,0,0,4,4,0,0,0,0,0,0,0,0,0,0,0,0,6,0,0,0,0,0,0,0,0,0,0,0,0,0,0,38,1,0
C:\Users\Win-10\Documents\Mestrado\Sistemas - Git\retrofit-parent-1.6.0\retrofit-parent-1.6.0\retrofit\src\main\java\retrofit\mime\TypedString.java,retrofit.mime.TypedString,class,3,3,2,2,1,NaN,NaN,2,1,1,1,0,0,1,0,0,0,0,0,0,0,0,0,0,0,1,13,1,0,0,1,0,2,0,0,0,0,1,0,0,0,18,1,0
C:\Users\Win-10\Documents\Mestrado\Sistemas - Git\retrofit-parent-1.6.0\retrofit-parent-1.6.0\retrofit\src\main\java\retrofit\Platform.java,retrofit.Platform$Base$Anonymous4,anonymous,0,1,1,1,0,NaN,NaN,1,0,1,0,0,0,1,0,0,0,0,0,0,0,0,0,0,0,0,5,0,0,0,0,0,0,0,0,0,0,0,0,0,0,2,-1,0
C:\Users\Win-10\Documents\Mestrado\Sistemas - Git\retrofit-parent-1.6.0\retrofit-parent-1.6.0\retrofit\src\main\java\retrofit\Platform.java,retrofit.Platform$Android,innerclass,13,7,2,3,10,0.0,0.0,5,0,0,0,0,5,5,0,0,0,0,0,0,0,0,0,0,0,3,43,5,0,0,0,0,1,0,3,0,1,1,2,0,0,26,10,0
C:\Users\Win-10\Documents\Mestrado\Sistemas - Git\retrofit-parent-1.6.0\retrofit-parent-1.6.0\retrofit\src\main\java\retrofit\Platform.java,retrofit.Platform,class,7,16,5,4,36,0.0,0.0,9,4,0,3,0,6,6,5,0,0,2,2,0,1,0,1,2,0,7,159,7,0,3,4,0,11,1,6,1,4,2,0,4,0,66,1024,0
C:\Users\Win-10\Documents\Mestrado\Sistemas - Git\retrofit-parent-1.6.0\retrofit-parent-1.6.0\retrofit\src\main\java\retrofit\Platform.java,retrofit.Platform$Android$Anonymous6$Anonymous7,anonymous,0,1,1,2,0,NaN,NaN,1,0,1,0,0,0,1,0,0,0,0,0,0,0,0,0,0,0,0,6,0,0,0,0,0,0,0,0,0,0,0,0,0,0,18,-1,0
C:\Users\Win-10\Documents\Mestrado\Sistemas - Git\retrofit-parent-1.6.0\retrofit-parent-1.6.0\retrofit\src\main\java\retrofit\Platform.java,retrofit.Platform$Base$Anonymous2,anonymous,0,1,1,0,0,NaN,NaN,1,0,1,0,0,0,1,0,0,0,0,0,0,0,0,0,0,0,0,11,1,0,0,0,0,0,0,0,0,0,0,1,0,0,4,-1,0
C:\Users\Win-10\Documents\Mestrado\Sistemas - Git\retrofit-parent-1.6.0\retrofit-parent-1.6.0\retrofit\src\main\java\retrofit\Platform.java,retrofit.Platform$AppEngine$Anonymous8,anonymous,2,1,1,0,0,NaN,NaN,1,0,1,0,0,0,1,0,0,0,0,0,0,0,0,0,0,0,0,5,1,0,0,0,0,0,0,0,0,0,0,0,0,0,3,-1,0
C:\Users\Win-10\Documents\Mestrado\Sistemas - Git\retrofit-parent-1.6.0\retrofit-parent-1.6.0\retrofit\src\main\java\retrofit\Platform.java,retrofit.Platform$Base$Anonymous1,anonymous,1,1,1,0,0,NaN,NaN,1,0,1,0,0,0,1,0,0,0,0,0,0,0,0,0,0,0,0,5,1,0,0,0,0,0,0,0,0,0,0,0,0,0,3,-1,0
C:\Users\Win-10\Documents\Mestrado\Sistemas - Git\retrofit-parent-1.6.0\retrofit-parent-1.6.0\retrofit\src\main\java\retrofit\Platform.java,retrofit.Platform$Base,innerclass,11,6,2,3,10,0.0,0.0,5,0,0,0,0,5,5,0,0,0,0,0,0,0,0,0,0,0,3,45,5,0,0,0,0,0,0,2,0,1,1,3,0,0,25,10,0
C:\Users\Win-10\Documents\Mestrado\Sistemas - Git\retrofit-parent-1.6.0\retrofit-parent-1.6.0\retrofit\src\main\java\retrofit\Platform.java,retrofit.Platform$OkClientInstantiator,innerclass,2,1,1,0,0,NaN,NaN,1,1,0,0,0,1,1,0,0,0,0,0,0,0,0,0,0,0,0,5,1,0,0,0,0,0,0,0,0,0,0,0,0,0,19,10,0
C:\Users\Win-10\Documents\Mestrado\Sistemas - Git\retrofit-parent-1.6.0\retrofit-parent-1.6.0\retrofit\src\main\java\retrofit\Platform.java,retrofit.Platform$Base$Anonymous2$Anonymous3,anonymous,0,1,1,3,0,NaN,NaN,1,0,1,0,0,0,1,0,0,0,0,0,0,0,0,0,0,0,1,6,0,0,0,0,0,0,0,0,0,0,0,0,0,0,10,-1,0
C:\Users\Win-10\Documents\Mestrado\Sistemas - Git\retrofit-parent-1.6.0\retrofit-parent-1.6.0\retrofit\src\main\java\retrofit\Platform.java,retrofit.Platform$Android$Anonymous6,anonymous,0,1,1,0,0,NaN,NaN,1,0,1,0,0,0,1,0,0,0,0,0,0,0,0,0,0,0,0,11,1,0,0,0,0,0,0,0,0,0,0,1,0,0,4,-1,0
C:\Users\Win-10\Documents\Mestrado\Sistemas - Git\retrofit-parent-1.6.0\retrofit-parent-1.6.0\retrofit\src\main\java\retrofit\Platform.java,retrofit.Platform$Android$Anonymous5,anonymous,1,1,1,0,0,NaN,NaN,1,0,1,0,0,0,1,0,0,0,0,0,0,0,0,0,0,0,0,5,1,0,0,0,0,0,0,0,0,0,0,0,0,0,3,-1,0
C:\Users\Win-10\Documents\Mestrado\Sistemas - Git\retrofit-parent-1.6.0\retrofit-parent-1.6.0\retrofit\src\main\java\retrofit\Platform.java,retrofit.Platform$AppEngine,innerclass,4,1,3,0,0,NaN,NaN,1,0,0,0,0,1,1,0,0,0,0,0,0,0,0,0,0,0,0,11,1,0,0,0,0,0,0,1,0,1,0,1,0,0,8,10,0
C:\Users\Win-10\Documents\Mestrado\Sistemas - Git\retrofit-parent-1.6.0\retrofit-parent-1.6.0\retrofit\src\main\java\retrofit\Profiler.java,retrofit.Profiler,interface,2,2,1,0,1,0.0,0.0,2,0,0,0,0,2,2,0,0,0,0,0,0,0,0,0,0,0,0,33,0,0,0,0,0,0,0,0,0,0,0,0,1,0,63,1,0
C:\Users\Win-10\Documents\Mestrado\Sistemas - Git\retrofit-parent-1.6.0\retrofit-parent-1.6.0\retrofit\src\main\java\retrofit\Profiler.java,retrofit.Profiler$RequestInformation,innerclass,0,6,1,0,5,0.0,0.0,6,0,6,0,0,0,6,0,0,0,5,0,0,5,0,0,5,0,0,29,5,0,0,0,0,0,0,5,0,5,0,0,0,0,37,25,0
C:\Users\Win-10\Documents\Mestrado\Sistemas - Git\retrofit-parent-1.6.0\retrofit-parent-1.6.0\retrofit\src\main\java\retrofit\RequestBuilder.java,retrofit.RequestBuilder$MimeOverridingTypedOutput,innerclass,1,5,1,3,0,0.0,0.0,5,0,4,0,0,1,5,0,0,0,2,0,0,2,0,0,2,0,0,20,3,0,0,0,0,0,0,2,0,2,0,0,0,0,17,10,0
C:\Users\Win-10\Documents\Mestrado\Sistemas - Git\retrofit-parent-1.6.0\retrofit-parent-1.6.0\retrofit\src\main\java\retrofit\RequestBuilder.java,retrofit.RequestBuilder,class,12,83,1,29,27,0.0,0.0,10,0,5,2,0,3,8,0,0,0,14,0,0,14,0,0,9,0,9,307,3,8,34,2,3,29,8,57,11,39,6,0,1,0,103,16,0
C:\Users\Win-10\Documents\Mestrado\Sistemas - Git\retrofit-parent-1.6.0\retrofit-parent-1.6.0\retrofit\src\main\java\retrofit\RequestInterceptor.java,retrofit.RequestInterceptor$Anonymous1,anonymous,1,1,1,0,0,NaN,NaN,1,0,1,0,0,0,1,0,0,0,0,0,0,0,0,0,0,0,0,4,0,0,0,0,0,0,0,0,0,0,0,0,0,0,4,-1,0
C:\Users\Win-10\Documents\Mestrado\Sistemas - Git\retrofit-parent-1.6.0\retrofit-parent-1.6.0\retrofit\src\main\java\retrofit\RequestInterceptor.java,retrofit.RequestInterceptor$RequestFacade,interface,0,5,1,0,10,0.0,0.0,5,0,0,0,0,5,5,0,0,0,0,0,0,0,0,0,0,0,0,7,0,0,0,0,0,0,0,0,0,0,0,0,0,0,36,0,0
C:\Users\Win-10\Documents\Mestrado\Sistemas - Git\retrofit-parent-1.6.0\retrofit-parent-1.6.0\retrofit\src\main\java\retrofit\RequestInterceptor.java,retrofit.RequestInterceptor,interface,2,1,1,0,0,NaN,NaN,1,0,0,0,0,1,1,0,0,0,1,0,0,0,0,1,0,0,0,15,0,0,0,0,0,0,0,1,0,1,0,1,1,0,33,1,0
C:\Users\Win-10\Documents\Mestrado\Sistemas - Git\retrofit-parent-1.6.0\retrofit-parent-1.6.0\retrofit\src\main\java\retrofit\RequestInterceptorTape.java,retrofit.RequestInterceptorTape,class,4,7,1,2,0,0.0,0.0,6,0,6,0,0,0,6,0,0,0,1,0,0,1,0,0,1,0,0,60,0,1,0,0,0,0,0,1,0,1,1,0,2,0,45,16,0
C:\Users\Win-10\Documents\Mestrado\Sistemas - Git\retrofit-parent-1.6.0\retrofit-parent-1.6.0\retrofit\src\main\java\retrofit\RequestInterceptorTape.java,retrofit.RequestInterceptorTape$Command$Anonymous5,anonymous,1,1,1,1,0,NaN,NaN,1,0,1,0,0,0,1,0,0,0,0,0,0,0,0,0,0,0,0,5,0,0,0,0,0,0,0,0,0,0,0,0,0,0,4,-1,0
C:\Users\Win-10\Documents\Mestrado\Sistemas - Git\retrofit-parent-1.6.0\retrofit-parent-1.6.0\retrofit\src\main\java\retrofit\RequestInterceptorTape.java,retrofit.RequestInterceptorTape$Command$Anonymous2,anonymous,1,1,1,1,0,NaN,NaN,1,0,1,0,0,0,1,0,0,0,0,0,0,0,0,0,0,0,0,5,0,0,0,0,0,0,0,0,0,0,0,0,0,0,4,-1,0
C:\Users\Win-10\Documents\Mestrado\Sistemas - Git\retrofit-parent-1.6.0\retrofit-parent-1.6.0\retrofit\src\main\java\retrofit\RequestInterceptorTape.java,retrofit.RequestInterceptorTape$Command$Anonymous1,anonymous,1,1,1,1,0,NaN,NaN,1,0,1,0,0,0,1,0,0,0,0,0,0,0,0,0,0,0,0,5,0,0,0,0,0,0,0,0,0,0,0,0,0,0,4,-1,0
C:\Users\Win-10\Documents\Mestrado\Sistemas - Git\retrofit-parent-1.6.0\retrofit-parent-1.6.0\retrofit\src\main\java\retrofit\RequestInterceptorTape.java,retrofit.RequestInterceptorTape$Command,enum,1,1,1,0,0,NaN,NaN,1,0,0,0,0,1,1,1,0,0,0,0,0,0,0,0,0,0,0,27,0,0,0,0,0,0,0,0,0,0,0,5,0,0,21,2,0
C:\Users\Win-10\Documents\Mestrado\Sistemas - Git\retrofit-parent-1.6.0\retrofit-parent-1.6.0\retrofit\src\main\java\retrofit\RequestInterceptorTape.java,retrofit.RequestInterceptorTape$CommandWithParams,innerclass,1,1,1,0,0,NaN,NaN,1,0,0,0,0,1,1,0,0,0,3,0,0,0,0,3,3,0,0,10,0,0,0,0,0,0,0,3,0,3,0,0,0,0,6,26,0
C:\Users\Win-10\Documents\Mestrado\Sistemas - Git\retrofit-parent-1.6.0\retrofit-parent-1.6.0\retrofit\src\main\java\retrofit\RequestInterceptorTape.java,retrofit.RequestInterceptorTape$Command$Anonymous4,anonymous,1,1,1,1,0,NaN,NaN,1,0,1,0,0,0,1,0,0,0,0,0,0,0,0,0,0,0,0,5,0,0,0,0,0,0,0,0,0,0,0,0,0,0,4,-1,0
C:\Users\Win-10\Documents\Mestrado\Sistemas - Git\retrofit-parent-1.6.0\retrofit-parent-1.6.0\retrofit\src\main\java\retrofit\RequestInterceptorTape.java,retrofit.RequestInterceptorTape$Command$Anonymous3,anonymous,1,1,1,1,0,NaN,NaN,1,0,1,0,0,0,1,0,0,0,0,0,0,0,0,0,0,0,0,5,0,0,0,0,0,0,0,0,0,0,0,0,0,0,4,-1,0
C:\Users\Win-10\Documents\Mestrado\Sistemas - Git\retrofit-parent-1.6.0\retrofit-parent-1.6.0\retrofit\src\main\java\retrofit\ResponseCallback.java,retrofit.ResponseCallback,class,3,2,1,1,1,0.0,0.0,2,0,2,0,0,0,2,1,0,0,0,0,0,0,0,0,0,0,0,6,0,0,0,0,0,0,0,0,0,0,0,0,0,0,16,1025,0
C:\Users\Win-10\Documents\Mestrado\Sistemas - Git\retrofit-parent-1.6.0\retrofit-parent-1.6.0\retrofit\src\main\java\retrofit\ResponseWrapper.java,retrofit.ResponseWrapper,class,1,1,1,0,0,NaN,NaN,1,0,0,0,0,1,1,0,0,0,2,0,0,0,0,2,2,0,0,8,0,0,0,0,0,0,0,2,0,2,0,0,0,0,22,16,0
C:\Users\Win-10\Documents\Mestrado\Sistemas - Git\retrofit-parent-1.6.0\retrofit-parent-1.6.0\retrofit\src\main\java\retrofit\RestAdapter.java,retrofit.RestAdapter$Log$Anonymous1,anonymous,0,1,1,0,0,NaN,NaN,1,0,1,0,0,0,1,0,0,0,0,0,0,0,0,0,0,0,0,4,0,0,0,0,0,0,0,0,0,0,0,0,0,0,2,-1,0
C:\Users\Win-10\Documents\Mestrado\Sistemas - Git\retrofit-parent-1.6.0\retrofit-parent-1.6.0\retrofit\src\main\java\retrofit\RestAdapter.java,retrofit.RestAdapter,class,23,29,1,30,19,0.0,0.0,10,2,3,3,0,4,7,0,0,0,14,2,0,4,0,10,12,0,11,427,7,2,9,0,4,17,3,42,4,31,4,0,4,0,267,1,0
C:\Users\Win-10\Documents\Mestrado\Sistemas - Git\retrofit-parent-1.6.0\retrofit-parent-1.6.0\retrofit\src\main\java\retrofit\RestAdapter.java,retrofit.RestAdapter$RestHandler,innerclass,26,33,1,40,1,0.0,0.0,3,0,1,1,0,1,2,0,0,0,1,0,0,1,0,0,1,0,13,142,10,0,8,3,0,5,3,27,3,19,4,2,0,0,97,2,0
C:\Users\Win-10\Documents\Mestrado\Sistemas - Git\retrofit-parent-1.6.0\retrofit-parent-1.6.0\retrofit\src\main\java\retrofit\RestAdapter.java,retrofit.RestAdapter$RestHandler$Anonymous2,anonymous,3,1,1,1,0,NaN,NaN,1,0,1,0,0,0,1,0,0,0,0,0,0,0,0,0,0,0,0,5,1,0,0,0,0,0,0,0,0,0,0,0,0,0,6,-1,0
C:\Users\Win-10\Documents\Mestrado\Sistemas - Git\retrofit-parent-1.6.0\retrofit-parent-1.6.0\retrofit\src\main\java\retrofit\RestAdapter.java,retrofit.RestAdapter$RestHandler$Anonymous3,anonymous,2,1,1,1,0,NaN,NaN,1,0,1,0,0,0,1,0,0,0,0,0,0,0,0,0,0,0,0,5,1,0,0,0,0,0,0,0,0,0,0,0,0,0,5,-1,0
C:\Users\Win-10\Documents\Mestrado\Sistemas - Git\retrofit-parent-1.6.0\retrofit-parent-1.6.0\retrofit\src\main\java\retrofit\RestAdapter.java,retrofit.RestAdapter$LogLevel,enum,0,2,1,0,0,NaN,NaN,1,0,1,0,0,0,1,0,0,0,0,0,0,0,0,0,0,0,0,8,1,0,1,0,0,0,0,0,0,0,0,0,0,0,40,1,0
C:\Users\Win-10\Documents\Mestrado\Sistemas - Git\retrofit-parent-1.6.0\retrofit-parent-1.6.0\retrofit\src\main\java\retrofit\RestAdapter.java,retrofit.RestAdapter$Builder$Anonymous4,anonymous,1,1,1,0,0,NaN,NaN,1,0,1,0,0,0,1,0,0,0,0,0,0,0,0,0,0,0,0,5,1,0,0,0,0,0,0,0,0,0,0,0,0,0,3,-1,0
C:\Users\Win-10\Documents\Mestrado\Sistemas - Git\retrofit-parent-1.6.0\retrofit-parent-1.6.0\retrofit\src\main\java\retrofit\RestAdapter.java,retrofit.RestAdapter$Log,interface,1,1,1,0,0,NaN,NaN,1,0,0,0,0,1,1,0,0,0,1,0,0,0,0,1,0,0,0,8,0,0,0,0,0,0,0,1,0,1,0,1,0,0,19,1,0
C:\Users\Win-10\Documents\Mestrado\Sistemas - Git\retrofit-parent-1.6.0\retrofit-parent-1.6.0\retrofit\src\main\java\retrofit\RestAdapter.java,retrofit.RestAdapter$Builder,innerclass,14,34,1,11,42,0.0,0.0,13,0,12,1,0,0,12,0,0,0,10,0,0,10,0,0,0,0,6,127,12,0,21,0,0,12,1,20,0,10,1,1,0,0,108,9,0
C:\Users\Win-10\Documents\Mestrado\Sistemas - Git\retrofit-parent-1.6.0\retrofit-parent-1.6.0\retrofit\src\main\java\retrofit\RestMethodInfo.java,retrofit.RestMethodInfo$ResponseType,enum,0,0,1,0,0,-1.0,-1.0,0,0,0,0,0,0,0,0,0,0,0,0,0,0,0,0,0,0,0,1,0,0,0,0,0,0,0,0,0,0,0,0,0,0,9,2,0
C:\Users\Win-10\Documents\Mestrado\Sistemas - Git\retrofit-parent-1.6.0\retrofit-parent-1.6.0\retrofit\src\main\java\retrofit\RestMethodInfo.java,retrofit.RestMethodInfo$RequestType,enum,0,0,1,0,0,-1.0,-1.0,0,0,0,0,0,0,0,0,0,0,0,0,0,0,0,0,0,0,0,4,0,0,0,0,0,0,0,0,0,0,0,0,0,0,23,0,0
C:\Users\Win-10\Documents\Mestrado\Sistemas - Git\retrofit-parent-1.6.0\retrofit-parent-1.6.0\retrofit\src\main\java\retrofit\RestMethodInfo.java,retrofit.RestMethodInfo$ParamUsage,enum,0,0,1,0,0,-1.0,-1.0,0,0,0,0,0,0,0,0,0,0,0,0,0,0,0,0,0,0,0,1,0,0,0,0,0,0,0,0,0,0,0,0,0,0,8,0,0
C:\Users\Win-10\Documents\Mestrado\Sistemas - Git\retrofit-parent-1.6.0\retrofit-parent-1.6.0\retrofit\src\main\java\retrofit\RestMethodInfo.java,retrofit.RestMethodInfo$RxSupport,innerclass,2,3,1,1,1,0.0,0.0,2,2,2,0,0,0,2,0,0,0,0,0,0,0,0,0,0,0,1,8,2,0,1,0,0,0,0,0,0,0,0,0,0,0,16,26,0
C:\Users\Win-10\Documents\Mestrado\Sistemas - Git\retrofit-parent-1.6.0\retrofit-parent-1.6.0\retrofit\src\main\java\retrofit\RestMethodInfo.java,retrofit.RestMethodInfo,class,26,99,1,60,38,0.0,0.0,12,2,0,8,0,4,4,0,0,1,20,3,0,3,0,17,7,0,11,352,9,7,48,1,13,42,22,105,10,65,5,0,4,0,186,16,0
C:\Users\Win-10\Documents\Mestrado\Sistemas - Git\retrofit-parent-1.6.0\retrofit-parent-1.6.0\retrofit\src\main\java\retrofit\RetrofitError.java,retrofit.RetrofitError,class,5,14,4,6,25,0.0,0.0,11,4,10,0,0,1,11,0,0,0,5,0,0,5,0,0,5,0,0,58,12,0,2,1,0,1,0,7,1,7,1,0,0,0,69,1,0
C:\Users\Win-10\Documents\Mestrado\Sistemas - Git\retrofit-parent-1.6.0\retrofit-parent-1.6.0\retrofit\src\main\java\retrofit\RxSupport.java,retrofit.RxSupport$Anonymous1,anonymous,5,1,1,5,0,NaN,NaN,1,0,1,0,0,0,1,0,0,0,0,0,0,0,0,0,0,0,0,10,0,0,0,0,0,0,0,3,0,3,0,0,0,0,11,-1,0
C:\Users\Win-10\Documents\Mestrado\Sistemas - Git\retrofit-parent-1.6.0\retrofit-parent-1.6.0\retrofit\src\main\java\retrofit\RxSupport.java,retrofit.RxSupport,class,7,3,1,1,3,0.0,0.0,3,0,0,1,0,2,2,0,0,0,3,0,0,3,0,0,3,0,0,44,2,0,0,0,0,0,0,3,0,3,0,2,1,0,31,16,0
C:\Users\Win-10\Documents\Mestrado\Sistemas - Git\retrofit-parent-1.6.0\retrofit-parent-1.6.0\retrofit\src\main\java\retrofit\RxSupport.java,retrofit.RxSupport$Invoker,interface,2,1,1,0,0,NaN,NaN,1,0,0,0,0,1,1,0,0,0,0,0,0,0,0,0,0,0,0,3,0,0,0,0,0,0,0,0,0,0,0,0,0,0,23,0,0
C:\Users\Win-10\Documents\Mestrado\Sistemas - Git\retrofit-parent-1.6.0\retrofit-parent-1.6.0\retrofit\src\main\java\retrofit\RxSupport.java,retrofit.RxSupport$Anonymous2,anonymous,3,3,1,6,0,NaN,NaN,1,0,1,0,0,0,1,0,0,0,0,0,0,0,0,0,0,0,0,15,1,0,0,1,0,0,0,1,0,1,2,0,0,0,9,-1,0
C:\Users\Win-10\Documents\Mestrado\Sistemas - Git\retrofit-parent-1.6.0\retrofit-parent-1.6.0\retrofit\src\main\java\retrofit\Types.java,retrofit.Types$GenericArrayTypeImpl,innerclass,1,5,1,3,0,0.0,0.0,5,0,5,0,0,0,5,0,0,0,1,0,0,1,0,0,1,0,2,18,4,0,0,0,0,1,0,1,1,1,0,0,0,0,16,26,0
C:\Users\Win-10\Documents\Mestrado\Sistemas - Git\retrofit-parent-1.6.0\retrofit-parent-1.6.0\retrofit\src\main\java\retrofit\Types.java,retrofit.Types$ParameterizedTypeImpl,innerclass,1,13,1,10,0,0.0,0.0,7,0,7,0,0,0,7,0,0,0,3,0,0,3,0,0,3,0,7,42,7,2,5,0,4,3,5,5,2,5,2,0,0,0,33,26,0
C:\Users\Win-10\Documents\Mestrado\Sistemas - Git\retrofit-parent-1.6.0\retrofit-parent-1.6.0\retrofit\src\main\java\retrofit\Types.java,retrofit.Types$WildcardTypeImpl,innerclass,1,16,1,4,0,0.0,0.0,6,0,6,0,0,0,6,0,0,0,2,0,0,2,0,0,2,0,5,38,7,0,9,0,2,3,13,4,4,2,2,0,0,0,58,26,0
C:\Users\Win-10\Documents\Mestrado\Sistemas - Git\retrofit-parent-1.6.0\retrofit-parent-1.6.0\retrofit\src\main\java\retrofit\Types.java,retrofit.Types,class,4,69,1,35,78,0.0,0.0,13,12,5,7,0,1,6,0,0,0,1,1,0,1,0,0,1,0,22,290,39,5,20,0,12,4,13,47,2,42,5,0,3,0,121,16,0
C:\Users\Win-10\Documents\Mestrado\Sistemas - Git\retrofit-parent-1.6.0\retrofit-parent-1.6.0\retrofit\src\main\java\retrofit\Utils.java,retrofit.Utils,class,8,16,1,21,15,0.0,0.0,6,5,0,1,0,5,5,0,0,0,1,1,0,1,0,0,1,0,2,65,6,1,5,2,1,2,4,13,0,11,3,0,1,0,77,16,0
C:\Users\Win-10\Documents\Mestrado\Sistemas - Git\retrofit-parent-1.6.0\retrofit-parent-1.6.0\retrofit\src\main\java\retrofit\Utils.java,retrofit.Utils$SynchronousExecutor,innerclass,0,1,1,1,0,NaN,NaN,1,0,1,0,0,0,1,0,0,0,0,0,0,0,0,0,0,0,0,5,0,0,0,0,0,0,0,0,0,0,0,0,0,0,5,8,0
C:\Users\Win-10\Documents\Mestrado\Sistemas - Git\retrofit-parent-1.6.0\retrofit-parent-1.6.0\retrofit\src\test\java\retrofit\appengine\UrlFetchClientTest.java,retrofit.appengine.UrlFetchClientTest,class,13,7,1,38,0,0.0,0.0,7,1,6,1,0,0,6,0,0,0,1,1,0,1,0,0,1,0,13,75,0,0,0,0,0,55,11,20,11,20,0,0,0,0,46,1,0
C:\Users\Win-10\Documents\Mestrado\Sistemas - Git\retrofit-parent-1.6.0\retrofit-parent-1.6.0\retrofit\src\test\java\retrofit\CallbackRunnableTest.java,retrofit.CallbackRunnableTest,class,8,3,1,14,0,0.0,0.0,3,0,3,0,0,0,3,0,0,0,4,0,0,4,0,0,0,0,1,29,0,0,0,0,0,1,0,6,0,6,0,1,0,0,31,1,0
C:\Users\Win-10\Documents\Mestrado\Sistemas - Git\retrofit-parent-1.6.0\retrofit-parent-1.6.0\retrofit\src\test\java\retrofit\CallbackRunnableTest.java,retrofit.CallbackRunnableTest$Anonymous1,anonymous,1,1,1,0,0,NaN,NaN,1,0,1,0,0,0,1,0,0,0,0,0,0,0,0,0,0,0,0,5,1,0,0,0,0,0,0,0,0,0,0,0,0,0,4,-1,0
C:\Users\Win-10\Documents\Mestrado\Sistemas - Git\retrofit-parent-1.6.0\retrofit-parent-1.6.0\retrofit\src\test\java\retrofit\client\ApacheClientTest.java,retrofit.client.ApacheClientTest,class,19,7,1,32,0,0.0,0.0,6,0,6,0,0,0,6,0,0,0,1,1,0,1,0,0,1,0,9,82,0,0,0,0,0,59,7,26,11,26,1,0,0,0,41,1,0
C:\Users\Win-10\Documents\Mestrado\Sistemas - Git\retrofit-parent-1.6.0\retrofit-parent-1.6.0\retrofit\src\test\java\retrofit\client\DummyHttpUrlConnection.java,retrofit.client.DummyHttpUrlConnection,class,0,22,3,5,137,0.0,0.0,18,0,17,0,1,0,18,0,0,0,7,0,0,7,0,0,3,0,0,77,10,0,3,0,0,2,1,12,0,10,1,0,0,0,55,1,0
C:\Users\Win-10\Documents\Mestrado\Sistemas - Git\retrofit-parent-1.6.0\retrofit-parent-1.6.0\retrofit\src\test\java\retrofit\client\UrlConnectionClientTest.java,retrofit.client.UrlConnectionClientTest,class,11,9,1,39,0,0.0,0.0,9,0,9,0,0,0,9,0,0,0,2,1,0,2,0,0,1,0,6,117,0,0,0,0,0,88,16,25,7,25,0,1,0,0,53,1,0
C:\Users\Win-10\Documents\Mestrado\Sistemas - Git\retrofit-parent-1.6.0\retrofit-parent-1.6.0\retrofit\src\test\java\retrofit\client\UrlConnectionClientTest.java,retrofit.client.UrlConnectionClientTest$Anonymous1,anonymous,2,1,1,1,0,NaN,NaN,1,0,0,0,1,0,1,0,0,0,0,0,0,0,0,0,0,0,0,5,1,0,0,0,0,0,0,0,0,0,0,0,0,0,13,-1,0
C:\Users\Win-10\Documents\Mestrado\Sistemas - Git\retrofit-parent-1.6.0\retrofit-parent-1.6.0\retrofit\src\test\java\retrofit\EndpointsTest.java,retrofit.EndpointsTest,class,3,2,1,6,1,0.0,0.0,2,0,2,0,0,0,2,0,0,0,0,0,0,0,0,0,0,0,2,11,0,0,0,0,0,6,0,2,0,2,0,0,0,0,9,1,0
C:\Users\Win-10\Documents\Mestrado\Sistemas - Git\retrofit-parent-1.6.0\retrofit-parent-1.6.0\retrofit\src\test\java\retrofit\ErrorHandlerTest.java,retrofit.ErrorHandlerTest,class,14,7,3,21,0,0.0,0.0,5,0,5,0,0,0,5,0,0,0,2,0,0,0,0,2,0,0,0,70,0,0,0,2,0,2,0,5,0,5,1,2,3,0,40,1,0
C:\Users\Win-10\Documents\Mestrado\Sistemas - Git\retrofit-parent-1.6.0\retrofit-parent-1.6.0\retrofit\src\test\java\retrofit\ErrorHandlerTest.java,retrofit.ErrorHandlerTest$ExampleClient,interface,4,3,1,0,3,0.0,0.0,3,0,0,0,0,3,3,0,0,0,0,0,0,0,0,0,0,0,0,5,0,0,0,0,0,3,0,0,0,0,0,0,0,0,11,0,0
C:\Users\Win-10\Documents\Mestrado\Sistemas - Git\retrofit-parent-1.6.0\retrofit-parent-1.6.0\retrofit\src\test\java\retrofit\ErrorHandlerTest.java,retrofit.ErrorHandlerTest$MockInvalidResponseClient,innerclass,3,1,1,1,0,NaN,NaN,1,0,1,0,0,0,1,0,0,0,0,0,0,0,0,0,0,0,1,5,1,0,0,0,0,2,1,0,0,0,0,0,0,0,12,8,0
C:\Users\Win-10\Documents\Mestrado\Sistemas - Git\retrofit-parent-1.6.0\retrofit-parent-1.6.0\retrofit\src\test\java\retrofit\ErrorHandlerTest.java,retrofit.ErrorHandlerTest$Anonymous2,anonymous,2,3,1,3,3,0.0,0.0,3,0,3,0,0,0,3,0,0,0,0,0,0,0,0,0,0,0,0,11,0,0,0,0,0,0,0,0,0,0,0,0,0,0,17,-1,0
C:\Users\Win-10\Documents\Mestrado\Sistemas - Git\retrofit-parent-1.6.0\retrofit-parent-1.6.0\retrofit\src\test\java\retrofit\ErrorHandlerTest.java,retrofit.ErrorHandlerTest$Anonymous1,anonymous,3,2,1,4,1,0.0,0.0,2,0,2,0,0,0,2,0,0,0,0,0,0,0,0,0,0,0,0,8,0,0,0,0,0,0,0,0,0,0,0,0,0,0,16,-1,0
C:\Users\Win-10\Documents\Mestrado\Sistemas - Git\retrofit-parent-1.6.0\retrofit-parent-1.6.0\retrofit\src\test\java\retrofit\ErrorHandlerTest.java,retrofit.ErrorHandlerTest$TestException,innerclass,0,0,3,0,0,-1.0,-1.0,0,0,0,0,0,0,0,0,0,0,0,0,0,0,0,0,0,0,0,2,0,0,0,0,0,0,0,0,0,0,0,0,0,0,2,8,0
C:\Users\Win-10\Documents\Mestrado\Sistemas - Git\retrofit-parent-1.6.0\retrofit-parent-1.6.0\retrofit\src\test\java\retrofit\mime\FormUrlEncodingTypedOutputTest.java,retrofit.mime.FormUrlEncodingTypedOutputTest,class,2,3,1,5,3,0.0,0.0,3,0,3,0,0,0,3,0,0,0,0,0,0,0,0,0,0,0,0,33,0,0,0,0,0,20,0,11,0,11,0,0,0,0,29,1,0
C:\Users\Win-10\Documents\Mestrado\Sistemas - Git\retrofit-parent-1.6.0\retrofit-parent-1.6.0\retrofit\src\test\java\retrofit\mime\MimeHelper.java,retrofit.mime.MimeHelper,class,2,2,1,1,0,NaN,NaN,1,1,1,0,0,0,1,0,0,0,0,0,0,0,0,0,0,0,0,10,1,0,0,1,0,0,0,0,0,0,1,0,0,0,11,1,0
C:\Users\Win-10\Documents\Mestrado\Sistemas - Git\retrofit-parent-1.6.0\retrofit-parent-1.6.0\retrofit\src\test\java\retrofit\mime\MimeUtilTest.java,retrofit.mime.MimeUtilTest,class,2,1,1,3,0,NaN,NaN,1,0,1,0,0,0,1,0,0,0,0,0,0,0,0,0,0,0,11,15,0,0,0,0,0,22,0,0,0,0,0,0,0,0,22,1,0
C:\Users\Win-10\Documents\Mestrado\Sistemas - Git\retrofit-parent-1.6.0\retrofit-parent-1.6.0\retrofit\src\test\java\retrofit\mime\MultipartTypedOutputTest.java,retrofit.mime.MultipartTypedOutputTest$Anonymous1,anonymous,0,1,1,0,0,NaN,NaN,1,0,1,0,0,0,1,0,0,0,0,0,0,0,0,0,0,0,0,5,1,0,0,0,0,0,1,0,0,0,0,0,0,0,1,-1,0
C:\Users\Win-10\Documents\Mestrado\Sistemas - Git\retrofit-parent-1.6.0\retrofit-parent-1.6.0\retrofit\src\test\java\retrofit\mime\MultipartTypedOutputTest.java,retrofit.mime.MultipartTypedOutputTest,class,3,3,1,7,3,0.0,0.0,3,0,3,0,0,0,3,0,0,0,0,0,0,0,0,0,0,0,0,35,0,0,0,0,0,51,1,9,2,9,0,1,0,0,35,1,0
C:\Users\Win-10\Documents\Mestrado\Sistemas - Git\retrofit-parent-1.6.0\retrofit-parent-1.6.0\retrofit\src\test\java\retrofit\mime\TypedByteArrayTest.java,retrofit.mime.TypedByteArrayTest,class,3,1,1,4,0,NaN,NaN,1,0,1,0,0,0,1,0,0,0,1,1,0,1,0,0,1,0,0,12,0,0,0,0,0,1,6,4,0,4,0,0,0,0,14,1,0
C:\Users\Win-10\Documents\Mestrado\Sistemas - Git\retrofit-parent-1.6.0\retrofit-parent-1.6.0\retrofit\src\test\java\retrofit\mime\TypedFileTest.java,retrofit.mime.TypedFileTest,class,4,4,1,14,0,0.0,0.0,4,1,3,1,0,0,3,0,0,0,1,1,0,1,0,0,1,0,2,38,0,0,0,2,0,8,7,8,1,8,1,0,0,0,31,1,0
C:\Users\Win-10\Documents\Mestrado\Sistemas - Git\retrofit-parent-1.6.0\retrofit-parent-1.6.0\retrofit\src\test\java\retrofit\RequestBuilderTest.java,retrofit.RequestBuilderTest$Helper,innerclass,10,30,1,26,120,0.0,0.0,25,0,0,1,0,24,24,0,0,0,14,1,0,14,0,0,8,0,2,167,25,3,2,0,0,4,0,30,0,17,1,0,0,0,79,10,0
C:\Users\Win-10\Documents\Mestrado\Sistemas - Git\retrofit-parent-1.6.0\retrofit-parent-1.6.0\retrofit\src\test\java\retrofit\RequestBuilderTest.java,retrofit.RequestBuilderTest,class,11,52,1,49,1176,0.0,0.0,49,1,48,1,0,0,48,0,0,0,0,0,0,0,0,0,0,0,15,529,0,0,0,3,0,431,16,71,0,71,1,0,1,0,110,1,0
C:\Users\Win-10\Documents\Mestrado\Sistemas - Git\retrofit-parent-1.6.0\retrofit-parent-1.6.0\retrofit\src\test\java\retrofit\RestAdapterTest.java,retrofit.RestAdapterTest$Anonymous7,anonymous,0,1,1,1,0,NaN,NaN,1,0,1,0,0,0,1,0,0,0,0,0,0,0,0,0,0,0,0,5,0,0,0,0,0,0,0,0,0,0,0,0,0,0,2,-1,0
C:\Users\Win-10\Documents\Mestrado\Sistemas - Git\retrofit-parent-1.6.0\retrofit-parent-1.6.0\retrofit\src\test\java\retrofit\RestAdapterTest.java,retrofit.RestAdapterTest$Anonymous8,anonymous,0,1,1,1,0,NaN,NaN,1,0,1,0,0,0,1,0,0,0,0,0,0,0,0,0,0,0,0,5,0,0,0,0,0,0,0,0,0,0,0,0,0,0,2,-1,0
C:\Users\Win-10\Documents\Mestrado\Sistemas - Git\retrofit-parent-1.6.0\retrofit-parent-1.6.0\retrofit\src\test\java\retrofit\RestAdapterTest.java,retrofit.RestAdapterTest$Anonymous5,anonymous,0,1,1,1,0,NaN,NaN,1,0,1,0,0,0,1,0,0,0,0,0,0,0,0,0,0,0,0,5,0,0,0,0,0,0,0,0,0,0,0,0,0,0,2,-1,0
C:\Users\Win-10\Documents\Mestrado\Sistemas - Git\retrofit-parent-1.6.0\retrofit-parent-1.6.0\retrofit\src\test\java\retrofit\RestAdapterTest.java,retrofit.RestAdapterTest$Anonymous6,anonymous,0,1,1,1,0,NaN,NaN,1,0,1,0,0,0,1,0,0,0,0,0,0,0,0,0,0,0,0,5,0,0,0,0,0,0,0,0,0,0,0,0,0,0,2,-1,0
C:\Users\Win-10\Documents\Mestrado\Sistemas - Git\retrofit-parent-1.6.0\retrofit-parent-1.6.0\retrofit\src\test\java\retrofit\RestAdapterTest.java,retrofit.RestAdapterTest$Anonymous3,anonymous,0,1,1,1,0,NaN,NaN,1,0,1,0,0,0,1,0,0,0,0,0,0,0,0,0,0,0,0,5,0,0,0,0,0,0,0,0,0,0,0,0,0,0,2,-1,0
C:\Users\Win-10\Documents\Mestrado\Sistemas - Git\retrofit-parent-1.6.0\retrofit-parent-1.6.0\retrofit\src\test\java\retrofit\RestAdapterTest.java,retrofit.RestAdapterTest$Anonymous10,anonymous,0,3,1,0,3,0.0,0.0,3,0,3,0,0,0,3,0,0,0,0,0,0,0,0,0,0,0,0,11,3,0,0,0,0,1,1,0,0,0,0,0,0,0,10,-1,0
C:\Users\Win-10\Documents\Mestrado\Sistemas - Git\retrofit-parent-1.6.0\retrofit-parent-1.6.0\retrofit\src\test\java\retrofit\RestAdapterTest.java,retrofit.RestAdapterTest$Anonymous4,anonymous,0,1,1,1,0,NaN,NaN,1,0,1,0,0,0,1,0,0,0,0,0,0,0,0,0,0,0,0,5,0,0,0,0,0,0,0,0,0,0,0,0,0,0,2,-1,0
C:\Users\Win-10\Documents\Mestrado\Sistemas - Git\retrofit-parent-1.6.0\retrofit-parent-1.6.0\retrofit\src\test\java\retrofit\RestAdapterTest.java,retrofit.RestAdapterTest$Anonymous1,anonymous,0,3,1,1,3,0.0,0.0,3,0,3,0,0,0,3,0,0,0,0,0,0,0,0,0,0,0,0,11,3,0,0,0,0,2,1,0,0,0,0,0,0,0,12,-1,0
C:\Users\Win-10\Documents\Mestrado\Sistemas - Git\retrofit-parent-1.6.0\retrofit-parent-1.6.0\retrofit\src\test\java\retrofit\RestAdapterTest.java,retrofit.RestAdapterTest$Anonymous2,anonymous,0,1,1,1,0,NaN,NaN,1,0,1,0,0,0,1,0,0,0,0,0,0,0,0,0,0,0,0,5,0,0,0,0,0,0,0,0,0,0,0,0,0,0,2,-1,0
C:\Users\Win-10\Documents\Mestrado\Sistemas - Git\retrofit-parent-1.6.0\retrofit-parent-1.6.0\retrofit\src\test\java\retrofit\RestAdapterTest.java,retrofit.RestAdapterTest$Anonymous9,anonymous,1,1,1,0,0,NaN,NaN,1,0,1,0,0,0,1,0,0,0,0,0,0,0,0,0,0,0,0,5,0,0,0,0,0,1,0,0,0,0,0,0,0,0,11,-1,0
C:\Users\Win-10\Documents\Mestrado\Sistemas - Git\retrofit-parent-1.6.0\retrofit-parent-1.6.0\retrofit\src\test\java\retrofit\RestAdapterTest.java,retrofit.RestAdapterTest$InvalidExample,interface,1,0,1,0,0,-1.0,-1.0,0,0,0,0,0,0,0,0,0,0,0,0,0,0,0,0,0,0,0,2,0,0,0,0,0,0,0,0,0,0,0,0,0,0,2,2,0
C:\Users\Win-10\Documents\Mestrado\Sistemas - Git\retrofit-parent-1.6.0\retrofit-parent-1.6.0\retrofit\src\test\java\retrofit\RestAdapterTest.java,retrofit.RestAdapterTest,class,23,37,1,75,0,0.0,0.0,29,0,29,0,0,0,29,0,0,0,8,3,0,8,0,0,3,0,2,409,0,0,0,8,0,159,92,65,0,65,1,10,2,0,160,1,0
C:\Users\Win-10\Documents\Mestrado\Sistemas - Git\retrofit-parent-1.6.0\retrofit-parent-1.6.0\retrofit\src\test\java\retrofit\RestAdapterTest.java,retrofit.RestAdapterTest$Example,interface,10,8,1,0,28,0.0,0.0,8,0,0,0,0,8,8,0,0,0,0,0,0,0,0,0,0,0,0,10,0,0,0,0,0,12,0,0,0,0,0,0,0,0,13,2,0
C:\Users\Win-10\Documents\Mestrado\Sistemas - Git\retrofit-parent-1.6.0\retrofit-parent-1.6.0\retrofit\src\test\java\retrofit\RestMethodInfoTest.java,retrofit.RestMethodInfoTest$19Example,innerclass,2,1,1,0,0,NaN,NaN,1,0,0,0,0,1,1,0,0,0,0,0,0,0,0,0,0,0,0,4,0,0,0,0,0,1,0,0,0,0,0,0,0,0,4,0,0
C:\Users\Win-10\Documents\Mestrado\Sistemas - Git\retrofit-parent-1.6.0\retrofit-parent-1.6.0\retrofit\src\test\java\retrofit\RestMethodInfoTest.java,retrofit.RestMethodInfoTest$49Example,innerclass,4,1,1,0,0,NaN,NaN,1,0,0,0,0,1,1,0,0,0,0,0,0,0,0,0,0,0,0,5,1,0,0,0,0,3,0,0,0,0,0,0,0,0,5,0,0
C:\Users\Win-10\Documents\Mestrado\Sistemas - Git\retrofit-parent-1.6.0\retrofit-parent-1.6.0\retrofit\src\test\java\retrofit\RestMethodInfoTest.java,retrofit.RestMethodInfoTest$32Example,innerclass,2,1,1,0,0,NaN,NaN,1,0,0,0,0,1,1,0,0,0,0,0,0,0,0,0,0,0,0,5,1,0,0,0,0,1,0,0,0,0,0,0,0,0,4,0,0
C:\Users\Win-10\Documents\Mestrado\Sistemas - Git\retrofit-parent-1.6.0\retrofit-parent-1.6.0\retrofit\src\test\java\retrofit\RestMethodInfoTest.java,retrofit.RestMethodInfoTest$62Example,innerclass,3,1,1,0,0,NaN,NaN,1,0,0,0,0,1,1,0,0,0,0,0,0,0,0,0,0,0,0,5,1,0,0,0,0,1,0,0,0,0,0,0,0,0,4,0,0
C:\Users\Win-10\Documents\Mestrado\Sistemas - Git\retrofit-parent-1.6.0\retrofit-parent-1.6.0\retrofit\src\test\java\retrofit\RestMethodInfoTest.java,retrofit.RestMethodInfoTest$34Example,innerclass,3,1,1,0,0,NaN,NaN,1,0,0,0,0,1,1,0,0,0,0,0,0,0,0,0,0,0,0,5,1,0,0,0,0,2,0,0,0,0,0,0,0,0,4,0,0
C:\Users\Win-10\Documents\Mestrado\Sistemas - Git\retrofit-parent-1.6.0\retrofit-parent-1.6.0\retrofit\src\test\java\retrofit\RestMethodInfoTest.java,retrofit.RestMethodInfoTest$3Example,innerclass,3,1,1,0,0,NaN,NaN,1,0,0,0,0,1,1,0,0,0,0,0,0,0,0,0,0,0,0,4,0,0,0,0,0,2,0,0,0,0,0,0,0,0,5,0,0
C:\Users\Win-10\Documents\Mestrado\Sistemas - Git\retrofit-parent-1.6.0\retrofit-parent-1.6.0\retrofit\src\test\java\retrofit\RestMethodInfoTest.java,retrofit.RestMethodInfoTest$66Example,innerclass,3,1,1,0,0,NaN,NaN,1,0,0,0,0,1,1,0,0,0,0,0,0,0,0,0,0,0,0,5,1,0,0,0,0,1,0,0,0,0,0,0,0,0,4,0,0
C:\Users\Win-10\Documents\Mestrado\Sistemas - Git\retrofit-parent-1.6.0\retrofit-parent-1.6.0\retrofit\src\test\java\retrofit\RestMethodInfoTest.java,retrofit.RestMethodInfoTest$1Example,innerclass,2,1,1,0,0,NaN,NaN,1,0,0,0,0,1,1,0,0,0,0,0,0,0,0,0,0,0,0,5,1,0,0,0,0,1,0,0,0,0,0,0,0,0,4,0,0
C:\Users\Win-10\Documents\Mestrado\Sistemas - Git\retrofit-parent-1.6.0\retrofit-parent-1.6.0\retrofit\src\test\java\retrofit\RestMethodInfoTest.java,retrofit.RestMethodInfoTest$30Example,innerclass,2,1,1,0,0,NaN,NaN,1,0,0,0,0,1,1,0,0,0,0,0,0,0,0,0,0,0,0,5,1,0,0,0,0,1,0,0,0,0,0,0,0,0,4,0,0
C:\Users\Win-10\Documents\Mestrado\Sistemas - Git\retrofit-parent-1.6.0\retrofit-parent-1.6.0\retrofit\src\test\java\retrofit\RestMethodInfoTest.java,retrofit.RestMethodInfoTest$36Example,innerclass,3,1,1,0,0,NaN,NaN,1,0,0,0,0,1,1,0,0,0,0,0,0,0,0,0,0,0,0,5,1,0,0,0,0,2,0,0,0,0,0,0,0,0,4,0,0
C:\Users\Win-10\Documents\Mestrado\Sistemas - Git\retrofit-parent-1.6.0\retrofit-parent-1.6.0\retrofit\src\test\java\retrofit\RestMethodInfoTest.java,retrofit.RestMethodInfoTest$7Example,innerclass,2,1,1,0,0,NaN,NaN,1,0,0,0,0,1,1,0,0,0,0,0,0,0,0,0,0,0,0,4,0,0,0,0,0,1,0,0,0,0,0,0,0,0,3,0,0
C:\Users\Win-10\Documents\Mestrado\Sistemas - Git\retrofit-parent-1.6.0\retrofit-parent-1.6.0\retrofit\src\test\java\retrofit\RestMethodInfoTest.java,retrofit.RestMethodInfoTest$68Example,innerclass,3,1,1,0,0,NaN,NaN,1,0,0,0,0,1,1,0,0,0,0,0,0,0,0,0,0,0,0,5,1,0,0,0,0,3,0,0,0,0,0,0,0,0,4,0,0
C:\Users\Win-10\Documents\Mestrado\Sistemas - Git\retrofit-parent-1.6.0\retrofit-parent-1.6.0\retrofit\src\test\java\retrofit\RestMethodInfoTest.java,retrofit.RestMethodInfoTest$38Example,innerclass,3,1,1,0,0,NaN,NaN,1,0,0,0,0,1,1,0,0,0,0,0,0,0,0,0,0,0,0,5,1,0,0,0,0,4,0,0,0,0,0,0,0,0,5,0,0
C:\Users\Win-10\Documents\Mestrado\Sistemas - Git\retrofit-parent-1.6.0\retrofit-parent-1.6.0\retrofit\src\test\java\retrofit\RestMethodInfoTest.java,retrofit.RestMethodInfoTest$MultimapCallback,interface,2,0,1,0,0,-1.0,-1.0,0,0,0,0,0,0,0,0,0,0,0,0,0,0,0,0,0,0,0,2,0,0,0,0,0,0,0,0,0,0,0,0,0,0,0,10,0
C:\Users\Win-10\Documents\Mestrado\Sistemas - Git\retrofit-parent-1.6.0\retrofit-parent-1.6.0\retrofit\src\test\java\retrofit\RestMethodInfoTest.java,retrofit.RestMethodInfoTest,class,10,110,1,18,2850,0.0,0.0,76,1,75,1,0,0,75,0,0,0,1,1,0,1,0,0,0,0,92,1058,0,0,0,33,0,174,21,148,0,149,1,3,76,0,209,1,0
C:\Users\Win-10\Documents\Mestrado\Sistemas - Git\retrofit-parent-1.6.0\retrofit-parent-1.6.0\retrofit\src\test\java\retrofit\RestMethodInfoTest.java,retrofit.RestMethodInfoTest$60Example,innerclass,3,1,1,0,0,NaN,NaN,1,0,0,0,0,1,1,0,0,0,0,0,0,0,0,0,0,0,0,5,1,0,0,0,0,1,0,0,0,0,0,0,0,0,4,0,0
C:\Users\Win-10\Documents\Mestrado\Sistemas - Git\retrofit-parent-1.6.0\retrofit-parent-1.6.0\retrofit\src\test\java\retrofit\RestMethodInfoTest.java,retrofit.RestMethodInfoTest$23Example,innerclass,2,1,1,0,0,NaN,NaN,1,0,0,0,0,1,1,0,0,0,0,0,0,0,0,0,0,0,0,5,1,0,0,0,0,1,0,0,0,0,0,0,0,0,4,0,0
C:\Users\Win-10\Documents\Mestrado\Sistemas - Git\retrofit-parent-1.6.0\retrofit-parent-1.6.0\retrofit\src\test\java\retrofit\RestMethodInfoTest.java,retrofit.RestMethodInfoTest$43Example,innerclass,4,1,1,0,0,NaN,NaN,1,0,0,0,0,1,1,0,0,0,0,0,0,0,0,0,0,0,0,5,1,0,0,0,0,1,0,0,0,0,0,0,0,0,4,0,0
C:\Users\Win-10\Documents\Mestrado\Sistemas - Git\retrofit-parent-1.6.0\retrofit-parent-1.6.0\retrofit\src\test\java\retrofit\RestMethodInfoTest.java,retrofit.RestMethodInfoTest$73Example,innerclass,3,1,1,0,0,NaN,NaN,1,0,0,0,0,1,1,0,0,0,0,0,0,0,0,0,0,0,0,5,1,0,0,0,0,2,0,0,0,0,0,0,0,0,5,0,0
C:\Users\Win-10\Documents\Mestrado\Sistemas - Git\retrofit-parent-1.6.0\retrofit-parent-1.6.0\retrofit\src\test\java\retrofit\RestMethodInfoTest.java,retrofit.RestMethodInfoTest$5Example,innerclass,4,1,1,0,0,NaN,NaN,1,0,0,0,0,1,1,0,0,0,0,0,0,0,0,0,0,0,0,4,0,0,0,0,0,2,0,0,0,0,0,0,0,0,3,0,0
C:\Users\Win-10\Documents\Mestrado\Sistemas - Git\retrofit-parent-1.6.0\retrofit-parent-1.6.0\retrofit\src\test\java\retrofit\RestMethodInfoTest.java,retrofit.RestMethodInfoTest$25Example,innerclass,2,1,1,0,0,NaN,NaN,1,0,0,0,0,1,1,0,0,0,0,0,0,0,0,0,0,0,0,5,1,0,0,0,0,1,0,0,0,0,0,0,0,0,4,0,0
C:\Users\Win-10\Documents\Mestrado\Sistemas - Git\retrofit-parent-1.6.0\retrofit-parent-1.6.0\retrofit\src\test\java\retrofit\RestMethodInfoTest.java,retrofit.RestMethodInfoTest$41Example,innerclass,3,1,1,0,0,NaN,NaN,1,0,0,0,0,1,1,0,0,0,0,0,0,0,0,0,0,0,0,5,1,0,0,0,0,1,0,0,0,0,0,0,0,0,4,0,0
C:\Users\Win-10\Documents\Mestrado\Sistemas - Git\retrofit-parent-1.6.0\retrofit-parent-1.6.0\retrofit\src\test\java\retrofit\RestMethodInfoTest.java,retrofit.RestMethodInfoTest$55Example,innerclass,5,1,1,0,0,NaN,NaN,1,0,0,0,0,1,1,0,0,0,0,0,0,0,0,0,0,0,0,5,1,0,0,0,0,3,0,0,0,0,0,0,0,0,7,0,0
C:\Users\Win-10\Documents\Mestrado\Sistemas - Git\retrofit-parent-1.6.0\retrofit-parent-1.6.0\retrofit\src\test\java\retrofit\RestMethodInfoTest.java,retrofit.RestMethodInfoTest$Anonymous3,anonymous,0,0,1,0,0,-1.0,-1.0,0,0,0,0,0,0,0,0,0,0,0,0,0,0,0,0,0,0,0,2,0,0,0,0,0,0,0,0,0,0,0,0,0,0,0,-1,0
C:\Users\Win-10\Documents\Mestrado\Sistemas - Git\retrofit-parent-1.6.0\retrofit-parent-1.6.0\retrofit\src\test\java\retrofit\RestMethodInfoTest.java,retrofit.RestMethodInfoTest$26Example,innerclass,2,1,1,0,0,NaN,NaN,1,0,0,0,0,1,1,0,0,0,0,0,0,0,0,0,0,0,0,5,1,0,0,0,0,1,0,0,0,0,0,0,0,0,4,0,0
C:\Users\Win-10\Documents\Mestrado\Sistemas - Git\retrofit-parent-1.6.0\retrofit-parent-1.6.0\retrofit\src\test\java\retrofit\RestMethodInfoTest.java,retrofit.RestMethodInfoTest$40Example,innerclass,3,1,1,0,0,NaN,NaN,1,0,0,0,0,1,1,0,0,0,0,0,0,0,0,0,0,0,0,5,1,0,0,0,0,1,0,0,0,0,0,0,0,0,4,0,0
C:\Users\Win-10\Documents\Mestrado\Sistemas - Git\retrofit-parent-1.6.0\retrofit-parent-1.6.0\retrofit\src\test\java\retrofit\RestMethodInfoTest.java,retrofit.RestMethodInfoTest$57Example,innerclass,3,1,1,0,0,NaN,NaN,1,0,0,0,0,1,1,0,0,0,0,0,0,0,0,0,0,0,0,5,1,0,0,0,0,2,0,0,0,0,0,0,0,0,4,0,0
C:\Users\Win-10\Documents\Mestrado\Sistemas - Git\retrofit-parent-1.6.0\retrofit-parent-1.6.0\retrofit\src\test\java\retrofit\RestMethodInfoTest.java,retrofit.RestMethodInfoTest$71Example,innerclass,4,1,1,0,0,NaN,NaN,1,0,0,0,0,1,1,0,0,0,0,0,0,0,0,0,0,0,0,5,1,0,0,0,0,1,0,0,0,0,0,0,0,0,4,0,0
C:\Users\Win-10\Documents\Mestrado\Sistemas - Git\retrofit-parent-1.6.0\retrofit-parent-1.6.0\retrofit\src\test\java\retrofit\RestMethodInfoTest.java,retrofit.RestMethodInfoTest$12Example,innerclass,4,1,1,0,0,NaN,NaN,1,0,0,0,0,1,1,0,0,0,0,0,0,0,0,0,0,0,0,4,0,0,0,0,0,1,0,0,0,0,0,0,0,0,3,0,0
C:\Users\Win-10\Documents\Mestrado\Sistemas - Git\retrofit-parent-1.6.0\retrofit-parent-1.6.0\retrofit\src\test\java\retrofit\RestMethodInfoTest.java,retrofit.RestMethodInfoTest$54Example,innerclass,5,1,1,0,0,NaN,NaN,1,0,0,0,0,1,1,0,0,0,0,0,0,0,0,0,0,0,0,5,1,0,0,0,0,3,0,0,0,0,0,0,0,0,7,0,0
C:\Users\Win-10\Documents\Mestrado\Sistemas - Git\retrofit-parent-1.6.0\retrofit-parent-1.6.0\retrofit\src\test\java\retrofit\RestMethodInfoTest.java,retrofit.RestMethodInfoTest$59Example,innerclass,3,1,1,0,0,NaN,NaN,1,0,0,0,0,1,1,0,0,0,0,0,0,0,0,0,0,0,0,5,1,0,0,0,0,1,0,0,0,0,0,0,0,0,4,0,0
C:\Users\Win-10\Documents\Mestrado\Sistemas - Git\retrofit-parent-1.6.0\retrofit-parent-1.6.0\retrofit\src\test\java\retrofit\RestMethodInfoTest.java,retrofit.RestMethodInfoTest$28Example,innerclass,3,1,1,0,0,NaN,NaN,1,0,0,0,0,1,1,0,0,0,0,0,0,0,0,0,0,0,0,5,1,0,0,0,0,2,0,0,0,0,0,0,0,0,4,0,0
C:\Users\Win-10\Documents\Mestrado\Sistemas - Git\retrofit-parent-1.6.0\retrofit-parent-1.6.0\retrofit\src\test\java\retrofit\RestMethodInfoTest.java,retrofit.RestMethodInfoTest$14Example,innerclass,3,1,1,0,0,NaN,NaN,1,0,0,0,0,1,1,0,0,0,0,0,0,0,0,0,0,0,0,4,0,0,0,0,0,1,0,0,0,0,0,0,0,0,3,0,0
C:\Users\Win-10\Documents\Mestrado\Sistemas - Git\retrofit-parent-1.6.0\retrofit-parent-1.6.0\retrofit\src\test\java\retrofit\RestMethodInfoTest.java,retrofit.RestMethodInfoTest$21Example,innerclass,1,1,1,0,0,NaN,NaN,1,0,0,0,0,1,1,0,0,0,0,0,0,0,0,0,0,0,0,5,1,0,0,0,0,0,0,0,0,0,0,0,0,0,4,0,0
C:\Users\Win-10\Documents\Mestrado\Sistemas - Git\retrofit-parent-1.6.0\retrofit-parent-1.6.0\retrofit\src\test\java\retrofit\RestMethodInfoTest.java,retrofit.RestMethodInfoTest$8Example,innerclass,2,1,1,0,0,NaN,NaN,1,0,0,0,0,1,1,0,0,0,0,0,0,0,0,0,0,0,0,4,0,0,0,0,0,1,0,0,0,0,0,0,0,0,3,0,0
C:\Users\Win-10\Documents\Mestrado\Sistemas - Git\retrofit-parent-1.6.0\retrofit-parent-1.6.0\retrofit\src\test\java\retrofit\RestMethodInfoTest.java,retrofit.RestMethodInfoTest$45Example,innerclass,3,1,1,0,0,NaN,NaN,1,0,0,0,0,1,1,0,0,0,0,0,0,0,0,0,0,0,0,5,1,0,0,0,0,1,0,0,0,0,0,0,0,0,6,0,0
C:\Users\Win-10\Documents\Mestrado\Sistemas - Git\retrofit-parent-1.6.0\retrofit-parent-1.6.0\retrofit\src\test\java\retrofit\RestMethodInfoTest.java,retrofit.RestMethodInfoTest$52Example,innerclass,3,1,1,0,0,NaN,NaN,1,0,0,0,0,1,1,0,0,0,0,0,0,0,0,0,0,0,0,5,1,0,0,0,0,1,0,0,0,0,0,0,0,0,6,0,0
C:\Users\Win-10\Documents\Mestrado\Sistemas - Git\retrofit-parent-1.6.0\retrofit-parent-1.6.0\retrofit\src\test\java\retrofit\RestMethodInfoTest.java,retrofit.RestMethodInfoTest$47Example,innerclass,3,1,1,0,0,NaN,NaN,1,0,0,0,0,1,1,0,0,0,0,0,0,0,0,0,0,0,0,5,1,0,0,0,0,1,0,0,0,0,0,0,0,0,5,0,0
C:\Users\Win-10\Documents\Mestrado\Sistemas - Git\retrofit-parent-1.6.0\retrofit-parent-1.6.0\retrofit\src\test\java\retrofit\RestMethodInfoTest.java,retrofit.RestMethodInfoTest$50Example,innerclass,4,1,1,0,0,NaN,NaN,1,0,0,0,0,1,1,0,0,0,0,0,0,0,0,0,0,0,0,5,1,0,0,0,0,3,0,0,0,0,0,0,0,0,5,0,0
C:\Users\Win-10\Documents\Mestrado\Sistemas - Git\retrofit-parent-1.6.0\retrofit-parent-1.6.0\retrofit\src\test\java\retrofit\RestMethodInfoTest.java,retrofit.RestMethodInfoTest$16Example,innerclass,2,1,1,0,0,NaN,NaN,1,0,0,0,0,1,1,0,0,0,0,0,0,0,0,0,0,0,0,5,1,0,0,0,0,1,0,0,0,0,0,0,0,0,3,0,0
C:\Users\Win-10\Documents\Mestrado\Sistemas - Git\retrofit-parent-1.6.0\retrofit-parent-1.6.0\retrofit\src\test\java\retrofit\RestMethodInfoTest.java,retrofit.RestMethodInfoTest$64Example,innerclass,3,1,1,0,0,NaN,NaN,1,0,0,0,0,1,1,0,0,0,0,0,0,0,0,0,0,0,0,5,1,0,0,0,0,1,0,0,0,0,0,0,0,0,4,0,0
C:\Users\Win-10\Documents\Mestrado\Sistemas - Git\retrofit-parent-1.6.0\retrofit-parent-1.6.0\retrofit\src\test\java\retrofit\RestMethodInfoTest.java,retrofit.RestMethodInfoTest$33Example,innerclass,2,1,1,0,0,NaN,NaN,1,0,0,0,0,1,1,0,0,0,0,0,0,0,0,0,0,0,0,5,1,0,0,0,0,1,0,0,0,0,0,0,0,0,4,0,0
C:\Users\Win-10\Documents\Mestrado\Sistemas - Git\retrofit-parent-1.6.0\retrofit-parent-1.6.0\retrofit\src\test\java\retrofit\RestMethodInfoTest.java,retrofit.RestMethodInfoTest$63Example,innerclass,3,1,1,0,0,NaN,NaN,1,0,0,0,0,1,1,0,0,0,0,0,0,0,0,0,0,0,0,5,1,0,0,0,0,1,0,0,0,0,0,0,0,0,4,0,0
C:\Users\Win-10\Documents\Mestrado\Sistemas - Git\retrofit-parent-1.6.0\retrofit-parent-1.6.0\retrofit\src\test\java\retrofit\RestMethodInfoTest.java,retrofit.RestMethodInfoTest$2Example,innerclass,2,1,1,0,0,NaN,NaN,1,0,0,0,0,1,1,0,0,0,0,0,0,0,0,0,0,0,0,4,0,0,0,0,0,1,0,0,0,0,0,0,0,0,5,0,0
C:\Users\Win-10\Documents\Mestrado\Sistemas - Git\retrofit-parent-1.6.0\retrofit-parent-1.6.0\retrofit\src\test\java\retrofit\RestMethodInfoTest.java,retrofit.RestMethodInfoTest$18Example,innerclass,2,1,1,0,0,NaN,NaN,1,0,0,0,0,1,1,0,0,0,0,0,0,0,0,0,0,0,0,4,0,0,0,0,0,2,0,0,0,0,0,0,0,0,3,0,0
C:\Users\Win-10\Documents\Mestrado\Sistemas - Git\retrofit-parent-1.6.0\retrofit-parent-1.6.0\retrofit\src\test\java\retrofit\RestMethodInfoTest.java,retrofit.RestMethodInfoTest$48Example,innerclass,5,1,1,0,0,NaN,NaN,1,0,0,0,0,1,1,0,0,0,0,0,0,0,0,0,0,0,0,5,1,0,0,0,0,2,0,0,0,0,0,0,0,0,5,0,0
C:\Users\Win-10\Documents\Mestrado\Sistemas - Git\retrofit-parent-1.6.0\retrofit-parent-1.6.0\retrofit\src\test\java\retrofit\RestMethodInfoTest.java,retrofit.RestMethodInfoTest$61Example,innerclass,3,1,1,0,0,NaN,NaN,1,0,0,0,0,1,1,0,0,0,0,0,0,0,0,0,0,0,0,5,1,0,0,0,0,2,0,0,0,0,0,0,0,0,4,0,0
C:\Users\Win-10\Documents\Mestrado\Sistemas - Git\retrofit-parent-1.6.0\retrofit-parent-1.6.0\retrofit\src\test\java\retrofit\RestMethodInfoTest.java,retrofit.RestMethodInfoTest$31Example,innerclass,2,1,1,0,0,NaN,NaN,1,0,0,0,0,1,1,0,0,0,0,0,0,0,0,0,0,0,0,5,1,0,0,0,0,1,0,0,0,0,0,0,0,0,4,0,0
C:\Users\Win-10\Documents\Mestrado\Sistemas - Git\retrofit-parent-1.6.0\retrofit-parent-1.6.0\retrofit\src\test\java\retrofit\RestMethodInfoTest.java,retrofit.RestMethodInfoTest$35Example,innerclass,3,1,1,0,0,NaN,NaN,1,0,0,0,0,1,1,0,0,0,0,0,0,0,0,0,0,0,0,5,1,0,0,0,0,2,0,0,0,0,0,0,0,0,4,0,0
C:\Users\Win-10\Documents\Mestrado\Sistemas - Git\retrofit-parent-1.6.0\retrofit-parent-1.6.0\retrofit\src\test\java\retrofit\RestMethodInfoTest.java,retrofit.RestMethodInfoTest$67Example,innerclass,3,1,1,0,0,NaN,NaN,1,0,0,0,0,1,1,0,0,0,0,0,0,0,0,0,0,0,0,5,1,0,0,0,0,2,0,0,0,0,0,0,0,0,4,0,0
C:\Users\Win-10\Documents\Mestrado\Sistemas - Git\retrofit-parent-1.6.0\retrofit-parent-1.6.0\retrofit\src\test\java\retrofit\RestMethodInfoTest.java,retrofit.RestMethodInfoTest$Anonymous1,anonymous,0,0,1,0,0,-1.0,-1.0,0,0,0,0,0,0,0,0,0,0,0,0,0,0,0,0,0,0,0,2,0,0,0,0,0,0,0,0,0,0,0,0,0,0,0,-1,0
C:\Users\Win-10\Documents\Mestrado\Sistemas - Git\retrofit-parent-1.6.0\retrofit-parent-1.6.0\retrofit\src\test\java\retrofit\RestMethodInfoTest.java,retrofit.RestMethodInfoTest$22Example,innerclass,2,1,1,0,0,NaN,NaN,1,0,0,0,0,1,1,0,0,0,0,0,0,0,0,0,0,0,0,5,1,0,0,0,0,1,0,0,0,0,0,0,0,0,4,0,0
C:\Users\Win-10\Documents\Mestrado\Sistemas - Git\retrofit-parent-1.6.0\retrofit-parent-1.6.0\retrofit\src\test\java\retrofit\RestMethodInfoTest.java,retrofit.RestMethodInfoTest$6Example,innerclass,2,1,1,0,0,NaN,NaN,1,0,0,0,0,1,1,0,0,0,0,0,0,0,0,0,0,0,0,4,0,0,0,0,0,1,0,0,0,0,0,0,0,0,4,0,0
C:\Users\Win-10\Documents\Mestrado\Sistemas - Git\retrofit-parent-1.6.0\retrofit-parent-1.6.0\retrofit\src\test\java\retrofit\RestMethodInfoTest.java,retrofit.RestMethodInfoTest$69Example,innerclass,3,1,1,0,0,NaN,NaN,1,0,0,0,0,1,1,0,0,0,0,0,0,0,0,0,0,0,0,5,1,0,0,0,0,3,0,0,0,0,0,0,0,0,5,0,0
C:\Users\Win-10\Documents\Mestrado\Sistemas - Git\retrofit-parent-1.6.0\retrofit-parent-1.6.0\retrofit\src\test\java\retrofit\RestMethodInfoTest.java,retrofit.RestMethodInfoTest$37Example,innerclass,3,1,1,0,0,NaN,NaN,1,0,0,0,0,1,1,0,0,0,0,0,0,0,0,0,0,0,0,5,1,0,0,0,0,2,0,0,0,0,0,0,0,0,4,0,0
C:\Users\Win-10\Documents\Mestrado\Sistemas - Git\retrofit-parent-1.6.0\retrofit-parent-1.6.0\retrofit\src\test\java\retrofit\RestMethodInfoTest.java,retrofit.RestMethodInfoTest$74Example,innerclass,3,1,1,0,0,NaN,NaN,1,0,0,0,0,1,1,0,0,0,0,0,0,0,0,0,0,0,0,5,1,0,0,0,0,2,0,0,0,0,0,0,0,0,6,0,0
C:\Users\Win-10\Documents\Mestrado\Sistemas - Git\retrofit-parent-1.6.0\retrofit-parent-1.6.0\retrofit\src\test\java\retrofit\RestMethodInfoTest.java,retrofit.RestMethodInfoTest$24Example,innerclass,2,1,1,0,0,NaN,NaN,1,0,0,0,0,1,1,0,0,0,0,0,0,0,0,0,0,0,0,5,1,0,0,0,0,1,0,0,0,0,0,0,0,0,4,0,0
C:\Users\Win-10\Documents\Mestrado\Sistemas - Git\retrofit-parent-1.6.0\retrofit-parent-1.6.0\retrofit\src\test\java\retrofit\RestMethodInfoTest.java,retrofit.RestMethodInfoTest$72Example,innerclass,4,1,1,0,0,NaN,NaN,1,0,0,0,0,1,1,0,0,0,0,0,0,0,0,0,0,0,0,5,1,0,0,0,0,1,0,0,0,0,0,0,0,0,4,0,0
C:\Users\Win-10\Documents\Mestrado\Sistemas - Git\retrofit-parent-1.6.0\retrofit-parent-1.6.0\retrofit\src\test\java\retrofit\RestMethodInfoTest.java,retrofit.RestMethodInfoTest$42Example,innerclass,3,1,1,0,0,NaN,NaN,1,0,0,0,0,1,1,0,0,0,0,0,0,0,0,0,0,0,0,5,1,0,0,0,0,1,0,0,0,0,0,0,0,0,4,0,0
C:\Users\Win-10\Documents\Mestrado\Sistemas - Git\retrofit-parent-1.6.0\retrofit-parent-1.6.0\retrofit\src\test\java\retrofit\RestMethodInfoTest.java,retrofit.RestMethodInfoTest$39Example,innerclass,3,1,1,0,0,NaN,NaN,1,0,0,0,0,1,1,0,0,0,0,0,0,0,0,0,0,0,0,5,1,0,0,0,0,1,0,0,0,0,0,0,0,0,4,0,0
C:\Users\Win-10\Documents\Mestrado\Sistemas - Git\retrofit-parent-1.6.0\retrofit-parent-1.6.0\retrofit\src\test\java\retrofit\RestMethodInfoTest.java,retrofit.RestMethodInfoTest$4Example,innerclass,3,1,1,0,0,NaN,NaN,1,0,0,0,0,1,1,0,0,0,0,0,0,0,0,0,0,0,0,4,0,0,0,0,0,1,0,0,0,0,0,0,0,0,3,0,0
C:\Users\Win-10\Documents\Mestrado\Sistemas - Git\retrofit-parent-1.6.0\retrofit-parent-1.6.0\retrofit\src\test\java\retrofit\RestMethodInfoTest.java,retrofit.RestMethodInfoTest$10Example,innerclass,1,1,1,0,0,NaN,NaN,1,0,0,0,0,1,1,0,0,0,0,0,0,0,0,0,0,0,0,5,1,0,0,0,0,1,0,0,0,0,0,0,0,0,3,0,0
C:\Users\Win-10\Documents\Mestrado\Sistemas - Git\retrofit-parent-1.6.0\retrofit-parent-1.6.0\retrofit\src\test\java\retrofit\RestMethodInfoTest.java,retrofit.RestMethodInfoTest$56Example,innerclass,6,1,1,0,0,NaN,NaN,1,0,0,0,0,1,1,0,0,0,0,0,0,0,0,0,0,0,0,5,1,0,0,0,0,2,0,0,0,0,0,0,0,0,7,0,0
C:\Users\Win-10\Documents\Mestrado\Sistemas - Git\retrofit-parent-1.6.0\retrofit-parent-1.6.0\retrofit\src\test\java\retrofit\RestMethodInfoTest.java,retrofit.RestMethodInfoTest$70Example,innerclass,4,1,1,0,0,NaN,NaN,1,0,0,0,0,1,1,0,0,0,0,0,0,0,0,0,0,0,0,5,1,0,0,0,0,3,0,0,0,0,0,0,0,0,7,0,0
C:\Users\Win-10\Documents\Mestrado\Sistemas - Git\retrofit-parent-1.6.0\retrofit-parent-1.6.0\retrofit\src\test\java\retrofit\RestMethodInfoTest.java,retrofit.RestMethodInfoTest$11Example,innerclass,3,1,1,0,0,NaN,NaN,1,0,0,0,0,1,1,0,0,0,0,0,0,0,0,0,0,0,0,5,1,0,0,0,0,1,0,0,0,0,0,0,0,0,4,0,0
C:\Users\Win-10\Documents\Mestrado\Sistemas - Git\retrofit-parent-1.6.0\retrofit-parent-1.6.0\retrofit\src\test\java\retrofit\RestMethodInfoTest.java,retrofit.RestMethodInfoTest$58Example,innerclass,3,1,1,0,0,NaN,NaN,1,0,0,0,0,1,1,0,0,0,0,0,0,0,0,0,0,0,0,5,1,0,0,0,0,1,0,0,0,0,0,0,0,0,5,0,0
C:\Users\Win-10\Documents\Mestrado\Sistemas - Git\retrofit-parent-1.6.0\retrofit-parent-1.6.0\retrofit\src\test\java\retrofit\RestMethodInfoTest.java,retrofit.RestMethodInfoTest$27Example,innerclass,2,1,1,0,0,NaN,NaN,1,0,0,0,0,1,1,0,0,0,0,0,0,0,0,0,0,0,0,5,1,0,0,0,0,1,0,0,0,0,0,0,0,0,4,0,0
C:\Users\Win-10\Documents\Mestrado\Sistemas - Git\retrofit-parent-1.6.0\retrofit-parent-1.6.0\retrofit\src\test\java\retrofit\RestMethodInfoTest.java,retrofit.RestMethodInfoTest$53Example,innerclass,5,1,1,0,0,NaN,NaN,1,0,0,0,0,1,1,0,0,0,0,0,0,0,0,0,0,0,0,5,1,0,0,0,0,2,0,0,0,0,0,0,0,0,6,0,0
C:\Users\Win-10\Documents\Mestrado\Sistemas - Git\retrofit-parent-1.6.0\retrofit-parent-1.6.0\retrofit\src\test\java\retrofit\RestMethodInfoTest.java,retrofit.RestMethodInfoTest$44Example,innerclass,4,1,1,0,0,NaN,NaN,1,0,0,0,0,1,1,0,0,0,0,0,0,0,0,0,0,0,0,5,1,0,0,0,0,1,0,0,0,0,0,0,0,0,4,0,0
C:\Users\Win-10\Documents\Mestrado\Sistemas - Git\retrofit-parent-1.6.0\retrofit-parent-1.6.0\retrofit\src\test\java\retrofit\RestMethodInfoTest.java,retrofit.RestMethodInfoTest$13Example,innerclass,2,1,1,0,0,NaN,NaN,1,0,0,0,0,1,1,0,0,0,0,0,0,0,0,0,0,0,0,5,1,0,0,0,0,1,0,0,0,0,0,0,0,0,3,0,0
C:\Users\Win-10\Documents\Mestrado\Sistemas - Git\retrofit-parent-1.6.0\retrofit-parent-1.6.0\retrofit\src\test\java\retrofit\RestMethodInfoTest.java,retrofit.RestMethodInfoTest$Anonymous2,anonymous,0,0,1,0,0,-1.0,-1.0,0,0,0,0,0,0,0,0,0,0,0,0,0,0,0,0,0,0,0,2,0,0,0,0,0,0,0,0,0,0,0,0,0,0,0,-1,0
C:\Users\Win-10\Documents\Mestrado\Sistemas - Git\retrofit-parent-1.6.0\retrofit-parent-1.6.0\retrofit\src\test\java\retrofit\RestMethodInfoTest.java,retrofit.RestMethodInfoTest$15Example,innerclass,3,1,1,0,0,NaN,NaN,1,0,0,0,0,1,1,0,0,0,0,0,0,0,0,0,0,0,0,5,1,0,0,0,0,1,0,0,0,0,0,0,0,0,3,0,0
C:\Users\Win-10\Documents\Mestrado\Sistemas - Git\retrofit-parent-1.6.0\retrofit-parent-1.6.0\retrofit\src\test\java\retrofit\RestMethodInfoTest.java,retrofit.RestMethodInfoTest$46Example,innerclass,4,1,1,0,0,NaN,NaN,1,0,0,0,0,1,1,0,0,0,0,0,0,0,0,0,0,0,0,5,1,0,0,0,0,1,0,0,0,0,0,0,0,0,7,0,0
C:\Users\Win-10\Documents\Mestrado\Sistemas - Git\retrofit-parent-1.6.0\retrofit-parent-1.6.0\retrofit\src\test\java\retrofit\RestMethodInfoTest.java,retrofit.RestMethodInfoTest$29Example,innerclass,2,1,1,0,0,NaN,NaN,1,0,0,0,0,1,1,0,0,0,0,0,0,0,0,0,0,0,0,5,1,0,0,0,0,0,1,0,0,0,0,0,0,0,4,0,0
C:\Users\Win-10\Documents\Mestrado\Sistemas - Git\retrofit-parent-1.6.0\retrofit-parent-1.6.0\retrofit\src\test\java\retrofit\RestMethodInfoTest.java,retrofit.RestMethodInfoTest$51Example,innerclass,2,1,1,0,0,NaN,NaN,1,0,0,0,0,1,1,0,0,0,0,0,0,0,0,0,0,0,0,5,1,0,0,0,0,1,0,0,0,0,0,0,0,0,4,0,0
C:\Users\Win-10\Documents\Mestrado\Sistemas - Git\retrofit-parent-1.6.0\retrofit-parent-1.6.0\retrofit\src\test\java\retrofit\RestMethodInfoTest.java,retrofit.RestMethodInfoTest$20Example,innerclass,3,1,1,0,0,NaN,NaN,1,0,0,0,0,1,1,0,0,0,0,0,0,0,0,0,0,0,0,5,1,0,0,0,0,1,0,0,0,0,0,0,0,0,5,0,0
C:\Users\Win-10\Documents\Mestrado\Sistemas - Git\retrofit-parent-1.6.0\retrofit-parent-1.6.0\retrofit\src\test\java\retrofit\RestMethodInfoTest.java,retrofit.RestMethodInfoTest$9Example,innerclass,2,1,1,0,0,NaN,NaN,1,0,0,0,0,1,1,0,0,0,0,0,0,0,0,0,0,0,0,5,1,0,0,0,0,1,0,0,0,0,0,0,0,0,4,0,0
C:\Users\Win-10\Documents\Mestrado\Sistemas - Git\retrofit-parent-1.6.0\retrofit-parent-1.6.0\retrofit\src\test\java\retrofit\RestMethodInfoTest.java,retrofit.RestMethodInfoTest$17Example,innerclass,4,1,1,0,0,NaN,NaN,1,0,0,0,0,1,1,0,0,0,0,0,0,0,0,0,0,0,0,5,1,0,0,0,0,1,0,0,0,0,0,0,0,0,4,0,0
C:\Users\Win-10\Documents\Mestrado\Sistemas - Git\retrofit-parent-1.6.0\retrofit-parent-1.6.0\retrofit\src\test\java\retrofit\RestMethodInfoTest.java,retrofit.RestMethodInfoTest$65Example,innerclass,4,1,1,0,0,NaN,NaN,1,0,0,0,0,1,1,0,0,0,0,0,0,0,0,0,0,0,0,5,1,0,0,0,0,2,0,0,0,0,0,0,0,0,4,0,0
C:\Users\Win-10\Documents\Mestrado\Sistemas - Git\retrofit-parent-1.6.0\retrofit-parent-1.6.0\retrofit\src\test\java\retrofit\RestMethodInfoTest.java,retrofit.RestMethodInfoTest$ResponseCallback,interface,2,0,1,0,0,-1.0,-1.0,0,0,0,0,0,0,0,0,0,0,0,0,0,0,0,0,0,0,0,2,0,0,0,0,0,0,0,0,0,0,0,0,0,0,2,10,0
C:\Users\Win-10\Documents\Mestrado\Sistemas - Git\retrofit-parent-1.6.0\retrofit-parent-1.6.0\retrofit\src\test\java\retrofit\RxSupportTest.java,retrofit.RxSupportTest$QueuedSynchronousExecutor,innerclass,0,4,1,7,0,0.0,0.0,3,0,1,0,0,2,3,0,0,0,1,0,0,0,0,1,0,0,0,17,0,1,0,0,0,0,0,3,0,3,1,0,0,0,40,8,0
C:\Users\Win-10\Documents\Mestrado\Sistemas - Git\retrofit-parent-1.6.0\retrofit-parent-1.6.0\retrofit\src\test\java\retrofit\RxSupportTest.java,retrofit.RxSupportTest$Anonymous2,anonymous,1,1,1,0,0,NaN,NaN,1,0,1,0,0,0,1,0,0,0,0,0,0,0,0,0,0,0,0,4,0,0,0,0,0,0,0,0,0,0,0,0,0,0,4,-1,0
C:\Users\Win-10\Documents\Mestrado\Sistemas - Git\retrofit-parent-1.6.0\retrofit-parent-1.6.0\retrofit\src\test\java\retrofit\RxSupportTest.java,retrofit.RxSupportTest$Anonymous1,anonymous,2,1,1,0,0,NaN,NaN,1,0,1,0,0,0,1,0,0,0,0,0,0,0,0,0,0,0,0,5,1,0,0,0,0,0,0,0,0,0,0,0,0,0,7,-1,0
C:\Users\Win-10\Documents\Mestrado\Sistemas - Git\retrofit-parent-1.6.0\retrofit-parent-1.6.0\retrofit\src\test\java\retrofit\RxSupportTest.java,retrofit.RxSupportTest,class,14,8,1,24,0,0.0,0.0,8,0,8,0,0,0,8,0,0,0,7,0,0,6,0,1,0,0,1,101,0,0,0,0,0,2,15,11,0,12,0,2,1,0,54,1,0
C:\Users\Win-10\Documents\Mestrado\Sistemas - Git\retrofit-parent-1.6.0\retrofit-parent-1.6.0\retrofit\src\test\java\retrofit\TestingUtils.java,retrofit.TestingUtils,class,3,6,1,9,3,0.0,0.0,3,3,3,0,0,0,3,0,0,0,0,0,0,0,0,0,0,0,0,20,2,2,0,0,0,3,0,1,1,1,2,0,0,0,25,1025,0
C:\Users\Win-10\Documents\Mestrado\Sistemas - Git\retrofit-parent-1.6.0\retrofit-parent-1.6.0\retrofit-converters\jackson\src\main\java\retrofit\converter\JacksonConverter.java,retrofit.converter.JacksonConverter,class,7,9,1,6,0,0.0,0.0,4,0,4,0,0,0,4,0,0,0,2,1,0,2,0,0,2,0,0,37,2,0,0,2,0,2,0,4,0,4,1,0,0,0,48,1,0
C:\Users\Win-10\Documents\Mestrado\Sistemas - Git\retrofit-parent-1.6.0\retrofit-parent-1.6.0\retrofit-converters\jackson\src\test\java\retrofit\converter\JacksonConverterTest.java,retrofit.converter.JacksonConverterTest$MyObject,innerclass,2,11,1,3,0,0.0,0.0,5,0,5,0,0,0,5,0,0,0,2,0,0,2,0,0,2,0,0,25,6,0,7,0,1,2,2,5,2,4,1,0,0,0,17,8,0
C:\Users\Win-10\Documents\Mestrado\Sistemas - Git\retrofit-parent-1.6.0\retrofit-parent-1.6.0\retrofit-converters\jackson\src\test\java\retrofit\converter\JacksonConverterTest.java,retrofit.converter.JacksonConverterTest,class,8,5,1,9,0,0.0,0.0,5,0,4,1,0,0,4,0,0,0,4,2,0,4,0,0,4,0,0,54,1,0,0,0,0,4,1,10,0,10,0,0,1,0,44,1,0
C:\Users\Win-10\Documents\Mestrado\Sistemas - Git\retrofit-parent-1.6.0\retrofit-parent-1.6.0\retrofit-converters\protobuf\src\main\java\retrofit\converter\ProtoConverter.java,retrofit.converter.ProtoConverter,class,7,11,1,10,0,0.0,0.0,2,0,2,0,0,0,2,0,0,0,1,1,0,1,0,0,1,0,0,39,2,0,1,1,4,9,0,5,6,5,1,0,0,0,59,1,0
C:\Users\Win-10\Documents\Mestrado\Sistemas - Git\retrofit-parent-1.6.0\retrofit-parent-1.6.0\retrofit-converters\protobuf\src\test\java\retrofit\converter\PhoneProtos.java,retrofit.converter.PhoneProtos,class,8,4,2,1,3,0.0,0.0,3,2,2,1,0,0,3,0,0,0,3,3,0,3,0,0,0,0,0,363,1,0,0,0,0,3,0,2,1,5,0,1,2,0,22,17,0
C:\Users\Win-10\Documents\Mestrado\Sistemas - Git\retrofit-parent-1.6.0\retrofit-parent-1.6.0\retrofit-converters\protobuf\src\test\java\retrofit\converter\PhoneProtos.java,retrofit.converter.PhoneProtos$PhoneOrBuilder,interface,2,3,1,0,3,0.0,0.0,3,0,0,0,0,3,3,0,0,0,0,0,0,0,0,0,0,0,0,5,0,0,0,0,0,0,0,0,0,0,0,0,0,0,11,1,0
C:\Users\Win-10\Documents\Mestrado\Sistemas - Git\retrofit-parent-1.6.0\retrofit-parent-1.6.0\retrofit-converters\protobuf\src\test\java\retrofit\converter\PhoneProtos.java,retrofit.converter.PhoneProtos$Phone,innerclass,14,49,2,29,320,0.0,0.0,32,14,25,4,3,0,29,0,3,0,9,4,2,7,0,0,4,0,4,333,31,1,6,1,6,1,21,33,0,21,4,1,1,0,111,25,0
C:\Users\Win-10\Documents\Mestrado\Sistemas - Git\retrofit-parent-1.6.0\retrofit-parent-1.6.0\retrofit-converters\protobuf\src\test\java\retrofit\converter\PhoneProtos.java,retrofit.converter.PhoneProtos$Anonymous2,anonymous,4,1,1,3,0,NaN,NaN,1,0,1,0,0,0,1,0,0,0,0,0,0,0,0,0,0,0,1,8,1,0,0,0,0,1,1,3,0,0,0,0,0,0,15,-1,0
C:\Users\Win-10\Documents\Mestrado\Sistemas - Git\retrofit-parent-1.6.0\retrofit-parent-1.6.0\retrofit-converters\protobuf\src\test\java\retrofit\converter\PhoneProtos.java,retrofit.converter.PhoneProtos$Phone$Anonymous1,anonymous,1,1,1,0,0,NaN,NaN,1,0,1,0,0,0,1,0,0,0,0,0,0,0,0,0,0,0,0,5,1,0,0,0,0,0,0,0,0,0,0,0,0,0,6,-1,0
C:\Users\Win-10\Documents\Mestrado\Sistemas - Git\retrofit-parent-1.6.0\retrofit-parent-1.6.0\retrofit-converters\protobuf\src\test\java\retrofit\converter\PhoneProtos.java,retrofit.converter.PhoneProtos$Phone$Builder,innerclass,12,36,1,20,193,0.0,0.0,22,2,17,4,1,0,18,0,2,0,2,0,0,2,0,0,0,0,4,145,23,0,6,1,8,2,11,27,0,11,2,0,0,0,62,25,0
C:\Users\Win-10\Documents\Mestrado\Sistemas - Git\retrofit-parent-1.6.0\retrofit-parent-1.6.0\retrofit-converters\protobuf\src\test\java\retrofit\converter\ProtoConverterTest.java,retrofit.converter.ProtoConverterTest,class,9,13,1,19,6,0.0,0.0,9,3,6,3,0,0,6,0,0,0,3,2,0,3,0,0,3,0,10,61,3,0,0,4,0,10,0,6,0,6,1,0,0,0,60,17,0
C:\Users\Win-10\Documents\Mestrado\Sistemas - Git\retrofit-parent-1.6.0\retrofit-parent-1.6.0\retrofit-converters\simplexml\src\main\java\retrofit\converter\SimpleXMLConverter.java,retrofit.converter.SimpleXMLConverter,class,7,8,1,6,0,0.0,0.0,4,0,4,0,0,0,4,0,0,0,3,2,0,3,0,0,3,0,0,42,2,0,1,3,0,2,0,6,1,5,3,0,0,0,51,1,0
C:\Users\Win-10\Documents\Mestrado\Sistemas - Git\retrofit-parent-1.6.0\retrofit-parent-1.6.0\retrofit-converters\simplexml\src\test\java\retrofit\converter\SimpleXMLConverterTest.java,retrofit.converter.SimpleXMLConverterTest,class,12,6,1,14,3,0.0,0.0,6,1,4,2,0,0,4,0,0,0,4,1,0,4,0,0,4,0,2,88,2,0,0,0,0,4,2,13,0,13,0,0,1,0,53,1,0
C:\Users\Win-10\Documents\Mestrado\Sistemas - Git\retrofit-parent-1.6.0\retrofit-parent-1.6.0\retrofit-converters\simplexml\src\test\java\retrofit\converter\SimpleXMLConverterTest.java,retrofit.converter.SimpleXMLConverterTest$MyObject,innerclass,3,16,1,3,0,0.0,0.0,8,0,8,0,0,0,8,0,0,0,2,0,0,2,0,0,0,0,0,53,10,0,7,0,2,0,3,9,4,5,2,0,0,0,20,8,0
C:\Users\Win-10\Documents\Mestrado\Sistemas - Git\retrofit-parent-1.6.0\retrofit-parent-1.6.0\retrofit-converters\wire\src\main\java\retrofit\converter\WireConverter.java,retrofit.converter.WireConverter,class,8,12,1,9,2,0.0,0.0,4,0,4,0,0,0,4,0,0,0,2,1,0,2,0,0,2,0,0,46,2,0,2,2,4,7,0,6,4,5,3,0,0,0,55,1,0
C:\Users\Win-10\Documents\Mestrado\Sistemas - Git\retrofit-parent-1.6.0\retrofit-parent-1.6.0\retrofit-converters\wire\src\test\java\retrofit\converter\Person.java,retrofit.converter.Person$PhoneNumber,innerclass,5,7,2,3,0,0.0,0.0,3,0,2,1,0,0,2,0,0,0,4,2,4,0,0,0,4,0,0,49,3,0,3,0,2,1,6,9,2,6,1,0,1,0,38,25,0
C:\Users\Win-10\Documents\Mestrado\Sistemas - Git\retrofit-parent-1.6.0\retrofit-parent-1.6.0\retrofit-converters\wire\src\test\java\retrofit\converter\Person.java,retrofit.converter.Person,class,5,9,3,6,0,0.0,0.0,3,0,2,1,0,0,2,0,0,0,8,4,8,0,0,0,8,0,1,119,3,0,5,0,4,2,13,15,6,10,1,0,3,0,52,17,0
C:\Users\Win-10\Documents\Mestrado\Sistemas - Git\retrofit-parent-1.6.0\retrofit-parent-1.6.0\retrofit-converters\wire\src\test\java\retrofit\converter\Person.java,retrofit.converter.Person$PhoneNumber$Builder,innerclass,4,6,1,1,6,0.0,0.0,5,0,5,0,0,0,5,0,0,0,2,0,2,0,0,0,0,0,0,24,4,0,1,0,0,0,0,4,0,2,1,0,0,0,12,25,0
C:\Users\Win-10\Documents\Mestrado\Sistemas - Git\retrofit-parent-1.6.0\retrofit-parent-1.6.0\retrofit-converters\wire\src\test\java\retrofit\converter\Person.java,retrofit.converter.Person$Builder,innerclass,4,8,1,2,13,0.0,0.0,7,0,7,0,0,0,7,0,0,0,4,0,4,0,0,0,0,0,0,36,6,0,1,0,0,0,0,8,0,4,1,0,0,0,15,25,0
C:\Users\Win-10\Documents\Mestrado\Sistemas - Git\retrofit-parent-1.6.0\retrofit-parent-1.6.0\retrofit-converters\wire\src\test\java\retrofit\converter\Person.java,retrofit.converter.Person$PhoneType,enum,1,0,1,0,0,-1.0,-1.0,0,0,0,0,0,0,0,0,0,0,0,0,0,0,0,0,0,0,0,1,0,0,0,0,0,0,3,0,0,0,0,0,0,0,7,1,0
C:\Users\Win-10\Documents\Mestrado\Sistemas - Git\retrofit-parent-1.6.0\retrofit-parent-1.6.0\retrofit-converters\wire\src\test\java\retrofit\converter\WireConverterTest.java,retrofit.converter.WireConverterTest,class,9,13,1,21,6,0.0,0.0,9,3,6,3,0,0,6,0,0,0,3,2,0,3,0,0,2,0,9,61,3,0,0,4,0,11,1,6,0,6,1,0,0,0,54,17,0
C:\Users\Win-10\Documents\Mestrado\Sistemas - Git\retrofit-parent-1.6.0\retrofit-parent-1.6.0\retrofit-mock\src\main\java\retrofit\android\AndroidMockValuePersistence.java,retrofit.android.AndroidMockValuePersistence,class,4,6,1,10,0,0.0,0.0,3,1,2,1,0,0,2,0,0,0,4,3,0,4,0,0,4,0,0,27,0,0,3,0,0,3,6,7,0,7,1,0,0,0,53,17,0
C:\Users\Win-10\Documents\Mestrado\Sistemas - Git\retrofit-parent-1.6.0\retrofit-parent-1.6.0\retrofit-mock\src\main\java\retrofit\MockHttpException.java,retrofit.MockHttpException,class,5,22,4,4,35,0.0,0.0,10,7,9,0,0,1,10,0,0,0,4,0,0,0,0,4,4,0,0,58,9,0,5,0,0,23,3,4,2,4,1,0,0,0,65,1,0
C:\Users\Win-10\Documents\Mestrado\Sistemas - Git\retrofit-parent-1.6.0\retrofit-parent-1.6.0\retrofit-mock\src\main\java\retrofit\MockHttpRetrofitError.java,retrofit.MockHttpRetrofitError,class,2,3,5,1,0,0.0,0.0,3,0,2,0,0,1,3,0,0,0,1,0,0,1,0,0,1,0,0,13,2,0,0,0,0,0,0,1,0,1,0,0,0,0,12,0,0
C:\Users\Win-10\Documents\Mestrado\Sistemas - Git\retrofit-parent-1.6.0\retrofit-parent-1.6.0\retrofit-mock\src\main\java\retrofit\MockRestAdapter.java,retrofit.MockRestAdapter$MockHandler$Anonymous2,anonymous,1,1,1,1,0,NaN,NaN,1,0,1,0,0,0,1,0,0,0,0,0,0,0,0,0,0,0,0,5,0,0,0,0,0,0,0,0,0,0,0,0,0,0,3,-1,0
C:\Users\Win-10\Documents\Mestrado\Sistemas - Git\retrofit-parent-1.6.0\retrofit-parent-1.6.0\retrofit-mock\src\main\java\retrofit\MockRestAdapter.java,retrofit.MockRestAdapter$ValueChangeListener$Anonymous1,anonymous,0,1,1,0,0,NaN,NaN,1,0,1,0,0,0,1,0,0,0,0,0,0,0,0,0,0,0,0,4,0,0,0,0,0,0,0,0,0,0,0,0,0,0,6,-1,0
C:\Users\Win-10\Documents\Mestrado\Sistemas - Git\retrofit-parent-1.6.0\retrofit-parent-1.6.0\retrofit-mock\src\main\java\retrofit\MockRestAdapter.java,retrofit.MockRestAdapter$MockHandler,innerclass,19,27,1,31,6,0.0,0.0,5,0,2,3,0,0,2,0,0,0,2,0,0,2,0,0,2,0,14,179,8,0,6,3,1,12,1,31,7,29,3,4,0,0,90,2,0
C:\Users\Win-10\Documents\Mestrado\Sistemas - Git\retrofit-parent-1.6.0\retrofit-parent-1.6.0\retrofit-mock\src\main\java\retrofit\MockRestAdapter.java,retrofit.MockRestAdapter$MockRxSupport$Anonymous6,anonymous,3,2,1,2,0,NaN,NaN,1,0,1,0,0,0,1,0,0,0,0,0,0,0,0,0,0,0,0,21,1,0,0,0,0,0,0,0,0,0,1,1,0,0,4,-1,0
C:\Users\Win-10\Documents\Mestrado\Sistemas - Git\retrofit-parent-1.6.0\retrofit-parent-1.6.0\retrofit-mock\src\main\java\retrofit\MockRestAdapter.java,retrofit.MockRestAdapter$MockRxSupport$Anonymous6$Anonymous7,anonymous,2,4,1,5,0,NaN,NaN,1,0,1,0,0,0,1,0,0,0,0,0,0,0,0,0,0,0,0,15,1,0,0,1,0,0,0,1,0,1,2,0,0,0,8,-1,0
C:\Users\Win-10\Documents\Mestrado\Sistemas - Git\retrofit-parent-1.6.0\retrofit-parent-1.6.0\retrofit-mock\src\main\java\retrofit\MockRestAdapter.java,retrofit.MockRestAdapter$MockRxSupport,innerclass,6,2,1,1,1,0.0,0.0,2,0,0,0,0,2,2,0,0,0,2,0,0,2,0,0,2,0,0,32,1,0,0,0,0,0,0,2,0,2,0,1,0,0,23,10,0
C:\Users\Win-10\Documents\Mestrado\Sistemas - Git\retrofit-parent-1.6.0\retrofit-parent-1.6.0\retrofit-mock\src\main\java\retrofit\MockRestAdapter.java,retrofit.MockRestAdapter$MockHandler$Anonymous5,anonymous,8,8,1,13,0,NaN,NaN,1,0,1,0,0,0,1,0,0,0,0,0,0,0,0,0,0,0,4,34,0,0,1,1,1,3,0,8,0,8,3,0,0,0,28,-1,0
C:\Users\Win-10\Documents\Mestrado\Sistemas - Git\retrofit-parent-1.6.0\retrofit-parent-1.6.0\retrofit-mock\src\main\java\retrofit\MockRestAdapter.java,retrofit.MockRestAdapter$ValueChangeListener,interface,1,1,1,0,0,NaN,NaN,1,0,0,0,0,1,1,0,0,0,1,0,0,0,0,1,0,0,0,8,0,0,0,0,0,0,0,1,0,1,0,1,0,0,25,1,0
C:\Users\Win-10\Documents\Mestrado\Sistemas - Git\retrofit-parent-1.6.0\retrofit-parent-1.6.0\retrofit-mock\src\main\java\retrofit\MockRestAdapter.java,retrofit.MockRestAdapter$MockHandler$Anonymous3,anonymous,0,1,1,0,0,NaN,NaN,1,0,1,0,0,0,1,0,0,0,0,0,0,0,0,0,0,0,0,5,0,0,0,0,0,0,0,0,0,0,0,0,0,0,4,-1,0
C:\Users\Win-10\Documents\Mestrado\Sistemas - Git\retrofit-parent-1.6.0\retrofit-parent-1.6.0\retrofit-mock\src\main\java\retrofit\MockRestAdapter.java,retrofit.MockRestAdapter,class,7,29,1,13,44,0.0,0.0,16,3,12,4,0,0,12,0,0,0,11,4,0,10,0,1,6,0,7,322,9,1,3,1,2,5,16,25,13,20,2,0,3,0,240,17,0
C:\Users\Win-10\Documents\Mestrado\Sistemas - Git\retrofit-parent-1.6.0\retrofit-parent-1.6.0\retrofit-mock\src\main\java\retrofit\MockRestAdapter.java,retrofit.MockRestAdapter$MockHandler$Anonymous4,anonymous,1,1,1,1,0,NaN,NaN,1,0,1,0,0,0,1,0,0,0,0,0,0,0,0,0,0,0,0,5,0,0,0,0,0,0,0,0,0,0,0,0,0,0,2,-1,0
C:\Users\Win-10\Documents\Mestrado\Sistemas - Git\retrofit-parent-1.6.0\retrofit-parent-1.6.0\retrofit-mock\src\main\java\retrofit\MockTypedInput.java,retrofit.MockTypedInput,class,5,7,1,4,2,0.0,0.0,5,0,3,1,0,1,4,0,0,1,3,0,0,3,0,0,2,0,0,32,3,0,1,1,0,1,0,4,0,4,1,0,0,0,25,0,0
C:\Users\Win-10\Documents\Mestrado\Sistemas - Git\retrofit-parent-1.6.0\retrofit-parent-1.6.0\retrofit-mock\src\test\java\retrofit\MockRestAdapterTest.java,retrofit.MockRestAdapterTest$Anonymous12,anonymous,2,2,1,1,1,0.0,0.0,2,0,2,0,0,0,2,0,0,0,0,0,0,0,0,0,0,0,0,8,0,0,0,0,0,0,0,0,0,0,0,0,0,0,9,-1,0
C:\Users\Win-10\Documents\Mestrado\Sistemas - Git\retrofit-parent-1.6.0\retrofit-parent-1.6.0\retrofit-mock\src\test\java\retrofit\MockRestAdapterTest.java,retrofit.MockRestAdapterTest$1MockAsyncExample,innerclass,2,1,1,0,0,NaN,NaN,1,0,1,0,0,0,1,0,0,0,0,0,0,0,0,0,0,0,0,5,0,0,0,0,0,0,0,0,0,0,0,0,0,0,8,0,0
C:\Users\Win-10\Documents\Mestrado\Sistemas - Git\retrofit-parent-1.6.0\retrofit-parent-1.6.0\retrofit-mock\src\test\java\retrofit\MockRestAdapterTest.java,retrofit.MockRestAdapterTest$Anonymous10,anonymous,0,1,1,0,0,NaN,NaN,1,0,1,0,0,0,1,0,0,0,0,0,0,0,0,0,0,0,0,5,0,0,0,0,0,0,0,0,0,0,0,0,0,0,5,-1,0
C:\Users\Win-10\Documents\Mestrado\Sistemas - Git\retrofit-parent-1.6.0\retrofit-parent-1.6.0\retrofit-mock\src\test\java\retrofit\MockRestAdapterTest.java,retrofit.MockRestAdapterTest$1MockAsyncCallbackSubtypeExample,innerclass,3,1,1,1,0,NaN,NaN,1,0,1,0,0,0,1,0,0,0,0,0,0,0,0,0,0,0,0,5,0,0,0,0,0,1,0,0,0,0,0,0,0,0,9,0,0
C:\Users\Win-10\Documents\Mestrado\Sistemas - Git\retrofit-parent-1.6.0\retrofit-parent-1.6.0\retrofit-mock\src\test\java\retrofit\MockRestAdapterTest.java,retrofit.MockRestAdapterTest$AsyncCallbackSubtypeExample$Foo,innerclass,1,0,1,0,0,-1.0,-1.0,0,0,0,0,0,0,0,0,0,0,0,0,0,0,0,0,0,0,0,2,0,0,0,0,0,0,0,0,0,0,0,0,0,0,1,1024,0
C:\Users\Win-10\Documents\Mestrado\Sistemas - Git\retrofit-parent-1.6.0\retrofit-parent-1.6.0\retrofit-mock\src\test\java\retrofit\MockRestAdapterTest.java,retrofit.MockRestAdapterTest$Anonymous1,anonymous,1,2,1,0,0,NaN,NaN,1,0,1,0,0,0,1,0,0,0,0,0,0,0,0,0,0,0,0,10,2,0,1,0,0,0,0,2,0,1,1,0,0,0,8,-1,0
C:\Users\Win-10\Documents\Mestrado\Sistemas - Git\retrofit-parent-1.6.0\retrofit-parent-1.6.0\retrofit-mock\src\test\java\retrofit\MockRestAdapterTest.java,retrofit.MockRestAdapterTest$1MockObservableExample,innerclass,2,1,1,1,0,NaN,NaN,1,0,1,0,0,0,1,0,0,0,0,0,0,0,0,0,0,0,0,5,1,0,0,0,0,0,0,0,0,0,0,0,0,0,6,0,0
C:\Users\Win-10\Documents\Mestrado\Sistemas - Git\retrofit-parent-1.6.0\retrofit-parent-1.6.0\retrofit-mock\src\test\java\retrofit\MockRestAdapterTest.java,retrofit.MockRestAdapterTest$Anonymous5,anonymous,0,1,1,0,0,NaN,NaN,1,0,1,0,0,0,1,0,0,0,0,0,0,0,0,0,0,0,0,5,0,0,0,0,0,0,0,0,0,0,0,0,0,0,5,-1,0
C:\Users\Win-10\Documents\Mestrado\Sistemas - Git\retrofit-parent-1.6.0\retrofit-parent-1.6.0\retrofit-mock\src\test\java\retrofit\MockRestAdapterTest.java,retrofit.MockRestAdapterTest$Anonymous3,anonymous,2,2,1,4,1,0.0,0.0,2,0,2,0,0,0,2,0,0,0,0,0,0,0,0,0,0,0,1,9,0,0,0,0,0,0,0,0,1,0,0,0,0,0,11,-1,0
C:\Users\Win-10\Documents\Mestrado\Sistemas - Git\retrofit-parent-1.6.0\retrofit-parent-1.6.0\retrofit-mock\src\test\java\retrofit\MockRestAdapterTest.java,retrofit.MockRestAdapterTest$ObservableExample,interface,2,1,1,0,0,NaN,NaN,1,0,0,0,0,1,1,0,0,0,0,0,0,0,0,0,0,0,0,3,0,0,0,0,0,1,0,0,0,0,0,0,0,0,4,0,0
C:\Users\Win-10\Documents\Mestrado\Sistemas - Git\retrofit-parent-1.6.0\retrofit-parent-1.6.0\retrofit-mock\src\test\java\retrofit\MockRestAdapterTest.java,retrofit.MockRestAdapterTest$4MockSyncExample,innerclass,2,1,1,1,0,NaN,NaN,1,0,1,0,0,0,1,0,0,0,0,0,0,0,0,0,0,0,1,5,0,0,0,0,0,0,0,0,0,0,0,0,0,0,6,0,0
C:\Users\Win-10\Documents\Mestrado\Sistemas - Git\retrofit-parent-1.6.0\retrofit-parent-1.6.0\retrofit-mock\src\test\java\retrofit\MockRestAdapterTest.java,retrofit.MockRestAdapterTest$Anonymous9,anonymous,2,2,1,4,1,0.0,0.0,2,0,2,0,0,0,2,0,0,0,0,0,0,0,0,0,0,0,0,9,0,0,0,0,0,1,0,0,0,0,0,0,0,0,10,-1,0
C:\Users\Win-10\Documents\Mestrado\Sistemas - Git\retrofit-parent-1.6.0\retrofit-parent-1.6.0\retrofit-mock\src\test\java\retrofit\MockRestAdapterTest.java,retrofit.MockRestAdapterTest$2MockAsyncExample,innerclass,2,1,1,1,0,NaN,NaN,1,0,1,0,0,0,1,0,0,0,0,0,0,0,0,0,0,0,0,5,0,0,0,0,0,0,0,0,0,0,0,0,0,0,6,0,0
C:\Users\Win-10\Documents\Mestrado\Sistemas - Git\retrofit-parent-1.6.0\retrofit-parent-1.6.0\retrofit-mock\src\test\java\retrofit\MockRestAdapterTest.java,retrofit.MockRestAdapterTest$Anonymous7,anonymous,0,1,1,0,0,NaN,NaN,1,0,1,0,0,0,1,0,0,0,0,0,0,0,0,0,0,0,0,5,0,0,0,0,0,0,0,0,0,0,0,0,0,0,5,-1,0
C:\Users\Win-10\Documents\Mestrado\Sistemas - Git\retrofit-parent-1.6.0\retrofit-parent-1.6.0\retrofit-mock\src\test\java\retrofit\MockRestAdapterTest.java,retrofit.MockRestAdapterTest$1MockSyncExample,innerclass,1,1,1,0,0,NaN,NaN,1,0,1,0,0,0,1,0,0,0,0,0,0,0,0,0,0,0,0,5,0,0,0,0,0,0,0,0,0,0,0,0,0,0,8,0,0
C:\Users\Win-10\Documents\Mestrado\Sistemas - Git\retrofit-parent-1.6.0\retrofit-parent-1.6.0\retrofit-mock\src\test\java\retrofit\MockRestAdapterTest.java,retrofit.MockRestAdapterTest,class,20,39,1,63,0,0.0,0.0,20,0,20,0,0,0,20,0,0,0,5,0,0,5,0,0,0,0,9,475,0,5,0,9,0,27,80,78,5,71,2,12,16,0,112,1,0
C:\Users\Win-10\Documents\Mestrado\Sistemas - Git\retrofit-parent-1.6.0\retrofit-parent-1.6.0\retrofit-mock\src\test\java\retrofit\MockRestAdapterTest.java,retrofit.MockRestAdapterTest$2MockSyncExample,innerclass,1,1,1,1,0,NaN,NaN,1,0,1,0,0,0,1,0,0,0,0,0,0,0,0,0,0,0,0,6,1,0,0,0,0,0,0,0,0,0,0,0,0,0,8,0,0
C:\Users\Win-10\Documents\Mestrado\Sistemas - Git\retrofit-parent-1.6.0\retrofit-parent-1.6.0\retrofit-mock\src\test\java\retrofit\MockRestAdapterTest.java,retrofit.MockRestAdapterTest$Anonymous11,anonymous,0,1,1,4,0,NaN,NaN,1,0,1,0,0,0,1,0,0,0,0,0,0,0,0,0,0,0,0,7,0,0,0,0,0,1,0,0,0,0,0,0,0,0,6,-1,0
C:\Users\Win-10\Documents\Mestrado\Sistemas - Git\retrofit-parent-1.6.0\retrofit-parent-1.6.0\retrofit-mock\src\test\java\retrofit\MockRestAdapterTest.java,retrofit.MockRestAdapterTest$3MockAsyncExample,innerclass,3,1,1,0,0,NaN,NaN,1,0,1,0,0,0,1,0,0,0,0,0,0,0,0,0,0,0,0,5,0,0,0,0,0,1,1,0,0,0,0,0,0,0,8,0,0
C:\Users\Win-10\Documents\Mestrado\Sistemas - Git\retrofit-parent-1.6.0\retrofit-parent-1.6.0\retrofit-mock\src\test\java\retrofit\MockRestAdapterTest.java,retrofit.MockRestAdapterTest$SyncExample,interface,1,1,1,0,0,NaN,NaN,1,0,0,0,0,1,1,0,0,0,0,0,0,0,0,0,0,0,0,3,0,0,0,0,0,1,0,0,0,0,0,0,0,0,5,0,0
C:\Users\Win-10\Documents\Mestrado\Sistemas - Git\retrofit-parent-1.6.0\retrofit-parent-1.6.0\retrofit-mock\src\test\java\retrofit\MockRestAdapterTest.java,retrofit.MockRestAdapterTest$Anonymous4,anonymous,0,1,1,4,0,NaN,NaN,1,0,1,0,0,0,1,0,0,0,0,0,0,0,0,0,0,0,1,6,0,0,0,0,0,0,0,0,1,0,0,0,0,0,5,-1,0
C:\Users\Win-10\Documents\Mestrado\Sistemas - Git\retrofit-parent-1.6.0\retrofit-parent-1.6.0\retrofit-mock\src\test\java\retrofit\MockRestAdapterTest.java,retrofit.MockRestAdapterTest$Anonymous2,anonymous,2,2,1,1,1,0.0,0.0,2,0,2,0,0,0,2,0,0,0,0,0,0,0,0,0,0,0,0,8,0,0,0,0,0,0,0,0,0,0,0,0,0,0,8,-1,0
C:\Users\Win-10\Documents\Mestrado\Sistemas - Git\retrofit-parent-1.6.0\retrofit-parent-1.6.0\retrofit-mock\src\test\java\retrofit\MockRestAdapterTest.java,retrofit.MockRestAdapterTest$3MockObservableExample,innerclass,3,1,1,1,0,NaN,NaN,1,0,1,0,0,0,1,0,0,0,0,0,0,0,0,0,0,0,1,5,0,0,0,0,0,0,0,0,0,0,0,0,0,0,6,0,0
C:\Users\Win-10\Documents\Mestrado\Sistemas - Git\retrofit-parent-1.6.0\retrofit-parent-1.6.0\retrofit-mock\src\test\java\retrofit\MockRestAdapterTest.java,retrofit.MockRestAdapterTest$Anonymous8,anonymous,1,1,1,6,0,NaN,NaN,1,0,1,0,0,0,1,0,0,0,0,0,0,0,0,0,0,0,1,7,0,0,0,0,0,0,0,0,1,0,0,0,0,0,9,-1,0
C:\Users\Win-10\Documents\Mestrado\Sistemas - Git\retrofit-parent-1.6.0\retrofit-parent-1.6.0\retrofit-mock\src\test\java\retrofit\MockRestAdapterTest.java,retrofit.MockRestAdapterTest$AsyncExample,interface,2,1,1,0,0,NaN,NaN,1,0,0,0,0,1,1,0,0,0,0,0,0,0,0,0,0,0,0,3,0,0,0,0,0,1,0,0,0,0,0,0,0,0,5,0,0
C:\Users\Win-10\Documents\Mestrado\Sistemas - Git\retrofit-parent-1.6.0\retrofit-parent-1.6.0\retrofit-mock\src\test\java\retrofit\MockRestAdapterTest.java,retrofit.MockRestAdapterTest$Anonymous6,anonymous,2,2,1,4,1,0.0,0.0,2,0,2,0,0,0,2,0,0,0,0,0,0,0,0,0,0,0,1,9,0,0,0,0,0,0,0,0,1,0,0,0,0,0,10,-1,0
C:\Users\Win-10\Documents\Mestrado\Sistemas - Git\retrofit-parent-1.6.0\retrofit-parent-1.6.0\retrofit-mock\src\test\java\retrofit\MockRestAdapterTest.java,retrofit.MockRestAdapterTest$4MockAsyncExample,innerclass,3,1,1,1,0,NaN,NaN,1,0,1,0,0,0,1,0,0,0,0,0,0,0,0,0,0,0,1,5,0,0,0,0,0,0,0,0,0,0,0,0,0,0,7,0,0
C:\Users\Win-10\Documents\Mestrado\Sistemas - Git\retrofit-parent-1.6.0\retrofit-parent-1.6.0\retrofit-mock\src\test\java\retrofit\MockRestAdapterTest.java,retrofit.MockRestAdapterTest$2MockObservableExample,innerclass,3,1,1,0,0,NaN,NaN,1,0,1,0,0,0,1,0,0,0,0,0,0,0,0,0,0,0,0,5,0,0,0,0,0,1,1,0,0,0,0,0,0,0,7,0,0
C:\Users\Win-10\Documents\Mestrado\Sistemas - Git\retrofit-parent-1.6.0\retrofit-parent-1.6.0\retrofit-mock\src\test\java\retrofit\MockRestAdapterTest.java,retrofit.MockRestAdapterTest$3MockSyncExample,innerclass,2,1,1,0,0,NaN,NaN,1,0,1,0,0,0,1,0,0,0,0,0,0,0,0,0,0,0,0,5,0,0,0,0,0,1,1,0,0,0,0,0,0,0,7,0,0
C:\Users\Win-10\Documents\Mestrado\Sistemas - Git\retrofit-parent-1.6.0\retrofit-parent-1.6.0\retrofit-mock\src\test\java\retrofit\MockRestAdapterTest.java,retrofit.MockRestAdapterTest$AsyncCallbackSubtypeExample,interface,3,1,1,0,0,NaN,NaN,1,0,0,0,0,1,1,0,0,0,0,0,0,0,0,0,0,0,0,5,0,0,0,0,0,1,0,0,0,0,0,0,1,0,8,0,0
C:\Users\Win-10\Documents\Mestrado\Sistemas - Git\retrofit-parent-1.6.0\retrofit-parent-1.6.0\retrofit-samples\github-client\src\main\java\com\example\retrofit\GitHubClient.java,com.example.retrofit.GitHubClient,class,4,2,1,5,0,NaN,NaN,1,1,1,0,0,0,1,0,0,0,1,1,0,1,0,0,1,0,0,18,0,1,0,0,0,5,0,4,1,4,1,0,2,0,19,1,0
C:\Users\Win-10\Documents\Mestrado\Sistemas - Git\retrofit-parent-1.6.0\retrofit-parent-1.6.0\retrofit-samples\github-client\src\main\java\com\example\retrofit\GitHubClient.java,com.example.retrofit.GitHubClient$GitHub,interface,3,1,1,0,0,NaN,NaN,1,0,0,0,0,1,1,0,0,0,0,0,0,0,0,0,0,0,0,3,0,0,0,0,0,3,0,0,0,0,0,0,0,0,6,0,0
C:\Users\Win-10\Documents\Mestrado\Sistemas - Git\retrofit-parent-1.6.0\retrofit-parent-1.6.0\retrofit-samples\github-client\src\main\java\com\example\retrofit\GitHubClient.java,com.example.retrofit.GitHubClient$Contributor,innerclass,0,0,1,0,0,-1.0,-1.0,0,0,0,0,0,0,0,0,0,0,2,0,0,0,0,2,0,0,0,4,0,0,0,0,0,0,0,0,0,2,0,0,0,0,3,8,0
C:\Users\Win-10\Documents\Mestrado\Sistemas - Git\retrofit-parent-1.6.0\retrofit-parent-1.6.0\retrofit-samples\mock-github-client\src\main\java\com\example\retrofit\GitHubClient.java,Contributor,innerclass,1,1,1,0,0,NaN,NaN,1,0,0,0,0,1,1,0,0,0,2,0,2,0,0,0,2,0,0,8,0,0,0,0,0,0,0,2,0,2,0,0,0,0,3,8,0
C:\Users\Win-10\Documents\Mestrado\Sistemas - Git\retrofit-parent-1.6.0\retrofit-parent-1.6.0\retrofit-samples\mock-github-client\src\main\java\com\example\retrofit\GitHubClient.java,GitHubClient,class,7,3,1,9,1,NaN,NaN,2,2,1,1,0,0,1,0,0,0,1,1,0,1,0,0,1,0,0,70,0,1,0,0,0,19,2,6,1,6,1,0,3,0,25,1,0
C:\Users\Win-10\Documents\Mestrado\Sistemas - Git\retrofit-parent-1.6.0\retrofit-parent-1.6.0\retrofit-samples\mock-github-client\src\main\java\com\example\retrofit\GitHubClient.java,GitHub,interface,3,1,1,0,0,NaN,NaN,1,0,0,0,0,1,1,0,0,0,0,0,0,0,0,0,0,0,0,3,0,0,0,0,0,3,0,0,0,0,0,0,0,0,6,1,0
C:\Users\Win-10\Documents\Mestrado\Sistemas - Git\retrofit-parent-1.6.0\retrofit-parent-1.6.0\retrofit-samples\mock-github-client\src\main\java\com\example\retrofit\GitHubClient.java,MockGitHub,innerclass,7,7,1,5,0,0.0,0.0,3,0,3,0,0,0,3,0,0,0,1,0,0,1,0,0,1,0,0,35,3,0,4,0,0,15,5,7,0,5,1,0,0,0,19,8,0
