file,class,type,cbo,wmc,dit,rfc,lcom,tcc,lcc,totalMethodsQty,staticMethodsQty,publicMethodsQty,privateMethodsQty,protectedMethodsQty,defaultMethodsQty,visibleMethodsQty,abstractMethodsQty,finalMethodsQty,synchronizedMethodsQty,totalFieldsQty,staticFieldsQty,publicFieldsQty,privateFieldsQty,protectedFieldsQty,defaultFieldsQty,finalFieldsQty,synchronizedFieldsQty,nosi,loc,returnQty,loopQty,comparisonsQty,tryCatchQty,parenthesizedExpsQty,stringLiteralsQty,numbersQty,assignmentsQty,mathOperationsQty,variablesQty,maxNestedBlocksQty,anonymousClassesQty,innerClassesQty,lambdasQty,uniqueWordsQty,modifiers,logStatementsQty
C:\Users\Win-10\Documents\Mestrado\Sistema\commons-codec\src\main\java\org\apache\commons\codec\binary\Base32.java,org.apache.commons.codec.binary.Base32,class,5,53,2,6,35,0.0,0.0,11,0,9,0,0,2,11,0,0,0,14,9,0,14,0,0,14,0,5,229,4,2,8,0,66,7,331,105,58,25,4,0,0,0,259,1,0
C:\Users\Win-10\Documents\Mestrado\Sistema\commons-codec\src\main\java\org\apache\commons\codec\binary\Base32InputStream.java,org.apache.commons.codec.binary.Base32InputStream,class,3,3,4,0,3,0.0,0.0,3,0,3,0,0,0,3,0,0,0,0,0,0,0,0,0,0,0,0,11,0,0,0,0,0,0,0,0,0,0,0,0,0,0,104,1,0
C:\Users\Win-10\Documents\Mestrado\Sistema\commons-codec\src\main\java\org\apache\commons\codec\binary\Base32OutputStream.java,org.apache.commons.codec.binary.Base32OutputStream,class,3,3,4,0,3,0.0,0.0,3,0,3,0,0,0,3,0,0,0,0,0,0,0,0,0,0,0,0,11,0,0,0,0,0,0,0,0,0,0,0,0,0,0,119,1,0
C:\Users\Win-10\Documents\Mestrado\Sistema\commons-codec\src\main\java\org\apache\commons\codec\binary\Base64.java,org.apache.commons.codec.binary.Base64,class,5,79,2,20,303,0.0,0.0,26,17,22,0,1,3,26,0,0,0,13,8,0,12,0,1,13,0,22,248,25,3,20,0,33,7,196,72,39,33,4,0,0,0,396,1,0
C:\Users\Win-10\Documents\Mestrado\Sistema\commons-codec\src\main\java\org\apache\commons\codec\binary\Base64InputStream.java,org.apache.commons.codec.binary.Base64InputStream,class,3,3,4,0,3,0.0,0.0,3,0,3,0,0,0,3,0,0,0,0,0,0,0,0,0,0,0,0,11,0,0,0,0,0,0,0,0,0,0,0,0,0,0,119,1,0
C:\Users\Win-10\Documents\Mestrado\Sistema\commons-codec\src\main\java\org\apache\commons\codec\binary\Base64OutputStream.java,org.apache.commons.codec.binary.Base64OutputStream,class,3,3,4,0,3,0.0,0.0,3,0,3,0,0,0,3,0,0,0,0,0,0,0,0,0,0,0,0,11,0,0,0,0,0,0,0,0,0,0,0,0,0,0,135,1,0
C:\Users\Win-10\Documents\Mestrado\Sistema\commons-codec\src\main\java\org\apache\commons\codec\binary\BaseNCodec.java,org.apache.commons.codec.binary.BaseNCodec$Context,innerclass,1,2,1,4,1,0.0,0.0,2,0,1,0,0,1,2,0,0,0,8,0,0,0,0,8,0,0,2,15,1,0,0,0,0,3,0,0,1,8,0,0,0,0,105,8,0
C:\Users\Win-10\Documents\Mestrado\Sistema\commons-codec\src\main\java\org\apache\commons\codec\binary\BaseNCodec.java,org.apache.commons.codec.binary.BaseNCodec,class,8,58,1,17,258,0.0,0.0,24,1,11,1,7,5,23,3,0,0,13,7,2,5,5,1,13,0,8,178,29,2,14,0,10,2,26,28,14,21,2,0,1,0,276,1025,0
C:\Users\Win-10\Documents\Mestrado\Sistema\commons-codec\src\main\java\org\apache\commons\codec\binary\BaseNCodecInputStream.java,org.apache.commons.codec.binary.BaseNCodecInputStream,class,4,25,3,7,24,0.0,0.0,8,0,7,0,1,0,8,0,0,2,4,0,0,4,0,0,4,0,1,80,7,3,5,0,0,2,26,16,4,12,4,0,0,0,114,1,0
C:\Users\Win-10\Documents\Mestrado\Sistema\commons-codec\src\main\java\org\apache\commons\codec\binary\BaseNCodecOutputStream.java,org.apache.commons.codec.binary.BaseNCodecOutputStream,class,4,18,3,11,7,0.0,0.0,7,0,6,1,0,0,6,0,0,0,4,0,0,4,0,0,4,0,0,64,0,0,1,0,0,0,13,8,1,7,2,0,0,0,109,1,0
C:\Users\Win-10\Documents\Mestrado\Sistema\commons-codec\src\main\java\org\apache\commons\codec\binary\BinaryCodec.java,org.apache.commons.codec.binary.BinaryCodec,class,8,38,1,6,29,0.0,0.0,11,6,10,1,0,0,10,0,0,0,11,11,0,11,0,0,11,0,11,114,19,8,10,0,4,2,34,37,14,27,3,0,0,0,111,1,0
C:\Users\Win-10\Documents\Mestrado\Sistema\commons-codec\src\main\java\org\apache\commons\codec\binary\CharSequenceUtils.java,org.apache.commons.codec.binary.CharSequenceUtils,class,0,8,1,4,0,NaN,NaN,1,1,0,0,0,1,1,0,0,0,0,0,0,0,0,0,0,0,4,24,4,1,3,0,1,0,1,5,0,5,2,0,0,0,51,1,0
C:\Users\Win-10\Documents\Mestrado\Sistema\commons-codec\src\main\java\org\apache\commons\codec\binary\Hex.java,org.apache.commons.codec.binary.Hex,class,7,39,1,22,256,0.0,0.0,25,13,22,0,3,0,25,0,0,0,5,4,2,3,0,0,5,0,20,135,25,2,2,2,6,5,15,23,6,16,2,0,0,0,163,1,0
C:\Users\Win-10\Documents\Mestrado\Sistema\commons-codec\src\main\java\org\apache\commons\codec\binary\StringUtils.java,org.apache.commons.codec.binary.StringUtils,class,3,33,1,10,190,0.0,0.0,20,20,16,4,0,0,16,0,0,0,0,0,0,0,0,0,0,0,17,93,27,0,9,2,0,1,2,0,1,0,1,0,0,0,153,1,0
C:\Users\Win-10\Documents\Mestrado\Sistema\commons-codec\src\main\java\org\apache\commons\codec\BinaryDecoder.java,org.apache.commons.codec.BinaryDecoder,interface,2,1,1,0,0,NaN,NaN,1,0,0,0,0,1,1,0,0,0,0,0,0,0,0,0,0,0,0,3,0,0,0,0,0,0,0,0,0,0,0,0,0,0,37,1,0
C:\Users\Win-10\Documents\Mestrado\Sistema\commons-codec\src\main\java\org\apache\commons\codec\BinaryEncoder.java,org.apache.commons.codec.BinaryEncoder,interface,2,1,1,0,0,NaN,NaN,1,0,0,0,0,1,1,0,0,0,0,0,0,0,0,0,0,0,0,3,0,0,0,0,0,0,0,0,0,0,0,0,0,0,27,1,0
C:\Users\Win-10\Documents\Mestrado\Sistema\commons-codec\src\main\java\org\apache\commons\codec\CharEncoding.java,org.apache.commons.codec.CharEncoding,class,0,0,1,0,0,-1.0,-1.0,0,0,0,0,0,0,0,0,0,0,6,6,6,0,0,0,6,0,0,8,0,0,0,0,0,6,0,6,0,6,0,0,0,0,107,1,0
C:\Users\Win-10\Documents\Mestrado\Sistema\commons-codec\src\main\java\org\apache\commons\codec\Charsets.java,org.apache.commons.codec.Charsets,class,0,4,1,2,1,0.0,0.0,2,2,2,0,0,0,2,0,0,0,6,6,6,0,0,0,6,0,9,14,2,0,2,0,0,0,0,6,0,6,0,0,0,0,122,1,0
C:\Users\Win-10\Documents\Mestrado\Sistema\commons-codec\src\main\java\org\apache\commons\codec\cli\Digest.java,org.apache.commons.codec.cli.Digest,class,5,26,1,30,31,0.0,0.0,10,1,2,8,0,0,2,0,0,0,3,0,0,3,0,0,3,0,15,86,3,3,6,0,1,10,6,8,4,7,3,0,0,0,70,1,0
C:\Users\Win-10\Documents\Mestrado\Sistema\commons-codec\src\main\java\org\apache\commons\codec\Decoder.java,org.apache.commons.codec.Decoder,interface,0,1,1,0,0,NaN,NaN,1,0,0,0,0,1,1,0,0,0,0,0,0,0,0,0,0,0,0,3,0,0,0,0,0,0,0,0,0,0,0,0,0,0,68,1,0
C:\Users\Win-10\Documents\Mestrado\Sistema\commons-codec\src\main\java\org\apache\commons\codec\DecoderException.java,org.apache.commons.codec.DecoderException,class,0,4,3,0,6,0.0,0.0,4,0,4,0,0,0,4,0,0,0,1,1,0,1,0,0,1,0,0,15,0,0,0,0,0,0,1,1,0,1,0,0,0,0,83,1,0
C:\Users\Win-10\Documents\Mestrado\Sistema\commons-codec\src\main\java\org\apache\commons\codec\digest\B64.java,org.apache.commons.codec.digest.B64,class,2,5,1,7,3,0.0,0.0,3,3,0,0,0,3,3,0,0,0,2,2,0,0,0,2,2,0,1,22,2,2,0,0,5,1,9,7,2,6,1,0,0,0,70,0,0
C:\Users\Win-10\Documents\Mestrado\Sistema\commons-codec\src\main\java\org\apache\commons\codec\digest\Crypt.java,org.apache.commons.codec.digest.Crypt,class,5,8,1,9,6,0.0,0.0,4,4,4,0,0,0,4,0,0,0,0,0,0,0,0,0,0,0,8,28,8,0,1,0,0,0,0,0,0,0,1,0,0,0,163,1,0
C:\Users\Win-10\Documents\Mestrado\Sistema\commons-codec\src\main\java\org\apache\commons\codec\digest\DigestUtils.java,org.apache.commons.codec.digest.DigestUtils,class,4,107,1,65,5181,0.0,0.0,103,89,103,0,0,0,103,0,0,0,2,1,0,2,0,0,2,0,145,335,101,1,1,3,0,0,5,7,0,5,1,0,0,0,215,1,0
C:\Users\Win-10\Documents\Mestrado\Sistema\commons-codec\src\main\java\org\apache\commons\codec\digest\HmacAlgorithms.java,org.apache.commons.codec.digest.HmacAlgorithms,enum,0,3,1,0,0,0.0,0.0,3,0,2,1,0,0,2,0,0,0,1,0,0,1,0,0,1,0,0,17,2,0,0,0,0,6,0,1,0,1,0,0,0,0,88,1,0
C:\Users\Win-10\Documents\Mestrado\Sistema\commons-codec\src\main\java\org\apache\commons\codec\digest\HmacUtils.java,org.apache.commons.codec.digest.HmacUtils,class,5,65,1,22,1621,0.0,0.0,58,42,57,1,0,0,57,0,0,0,2,1,0,2,0,0,2,0,19,223,54,2,1,4,1,1,8,10,0,9,1,0,0,0,186,17,0
C:\Users\Win-10\Documents\Mestrado\Sistema\commons-codec\src\main\java\org\apache\commons\codec\digest\Md5Crypt.java,org.apache.commons.codec.digest.Md5Crypt,class,4,26,1,23,33,0.0,0.0,10,10,10,0,0,0,10,0,0,0,4,4,0,2,0,2,4,0,28,114,10,3,7,0,3,8,57,24,10,16,2,0,0,0,163,1,0
C:\Users\Win-10\Documents\Mestrado\Sistema\commons-codec\src\main\java\org\apache\commons\codec\digest\MessageDigestAlgorithms.java,org.apache.commons.codec.digest.MessageDigestAlgorithms,class,0,2,1,0,1,NaN,NaN,2,1,1,1,0,0,1,0,0,0,11,11,11,0,0,0,11,0,0,18,1,0,0,0,0,11,0,11,0,11,0,0,0,0,62,1,0
C:\Users\Win-10\Documents\Mestrado\Sistema\commons-codec\src\main\java\org\apache\commons\codec\digest\PureJavaCrc32.java,org.apache.commons.codec.digest.PureJavaCrc32,class,3,14,1,1,3,0.0,0.0,6,0,5,1,0,0,5,0,1,0,2,1,0,2,0,0,1,0,0,46,1,1,0,0,57,0,2119,18,65,7,1,0,0,0,92,1,0
C:\Users\Win-10\Documents\Mestrado\Sistema\commons-codec\src\main\java\org\apache\commons\codec\digest\PureJavaCrc32C.java,org.apache.commons.codec.digest.PureJavaCrc32C,class,3,13,1,1,0,0.0,0.0,5,0,5,0,0,0,5,0,1,0,10,9,0,10,0,0,9,0,0,61,1,1,0,0,36,0,2111,36,40,20,1,0,0,0,92,1,0
C:\Users\Win-10\Documents\Mestrado\Sistema\commons-codec\src\main\java\org\apache\commons\codec\digest\Sha2Crypt.java,org.apache.commons.codec.digest.Sha2Crypt,class,4,32,1,24,17,0.0,0.0,7,7,6,1,0,0,6,0,0,0,9,9,0,7,0,2,9,0,61,185,7,7,12,0,4,8,184,47,13,28,2,0,0,0,195,1,0
C:\Users\Win-10\Documents\Mestrado\Sistema\commons-codec\src\main\java\org\apache\commons\codec\digest\UnixCrypt.java,org.apache.commons.codec.digest.UnixCrypt,class,3,27,1,18,66,0.0,0.0,12,12,4,8,0,0,4,0,0,0,6,6,0,6,0,0,6,0,27,186,10,7,3,0,12,6,1412,114,62,47,3,0,0,0,165,1,0
C:\Users\Win-10\Documents\Mestrado\Sistema\commons-codec\src\main\java\org\apache\commons\codec\digest\XXHash32.java,org.apache.commons.codec.digest.XXHash32,class,3,20,1,7,23,0.0,0.0,10,2,6,4,0,0,6,0,0,0,13,7,0,13,0,0,11,0,19,116,5,4,0,0,5,1,62,55,38,25,1,0,0,0,123,1,0
C:\Users\Win-10\Documents\Mestrado\Sistema\commons-codec\src\main\java\org\apache\commons\codec\Encoder.java,org.apache.commons.codec.Encoder,interface,0,1,1,0,0,NaN,NaN,1,0,0,0,0,1,1,0,0,0,0,0,0,0,0,0,0,0,0,3,0,0,0,0,0,0,0,0,0,0,0,0,0,0,57,1,0
C:\Users\Win-10\Documents\Mestrado\Sistema\commons-codec\src\main\java\org\apache\commons\codec\EncoderException.java,org.apache.commons.codec.EncoderException,class,0,4,3,0,6,0.0,0.0,4,0,4,0,0,0,4,0,0,0,1,1,0,1,0,0,1,0,0,15,0,0,0,0,0,0,1,1,0,1,0,0,0,0,88,1,0
C:\Users\Win-10\Documents\Mestrado\Sistema\commons-codec\src\main\java\org\apache\commons\codec\language\AbstractCaverphone.java,org.apache.commons.codec.language.AbstractCaverphone,class,2,4,1,2,3,0.0,0.0,3,0,3,0,0,0,3,0,0,0,0,0,0,0,0,0,0,0,0,14,2,0,0,0,1,1,0,0,0,0,1,0,0,0,79,1025,0
C:\Users\Win-10\Documents\Mestrado\Sistema\commons-codec\src\main\java\org\apache\commons\codec\language\bm\BeiderMorseEncoder.java,org.apache.commons.codec.language.bm.BeiderMorseEncoder,class,6,11,1,6,0,0.0,0.0,9,0,9,0,0,0,9,0,0,0,1,0,0,1,0,0,0,0,0,36,6,0,1,0,1,1,0,5,0,1,1,0,0,0,270,1,0
C:\Users\Win-10\Documents\Mestrado\Sistema\commons-codec\src\main\java\org\apache\commons\codec\language\bm\Lang.java,org.apache.commons.codec.language.bm.Lang$LangRule,innerclass,0,2,1,2,0,NaN,NaN,2,0,1,1,0,0,1,0,0,0,3,0,0,3,0,0,3,0,0,13,1,0,0,0,0,0,0,3,0,3,0,0,0,0,10,26,0
C:\Users\Win-10\Documents\Mestrado\Sistema\commons-codec\src\main\java\org\apache\commons\codec\language\bm\Lang.java,org.apache.commons.codec.language.bm.Lang,class,6,19,1,32,4,0.0,0.0,5,2,4,1,0,0,5,0,0,0,4,2,0,4,0,0,4,0,9,90,4,3,2,1,0,7,7,22,1,18,5,0,1,0,182,1,0
C:\Users\Win-10\Documents\Mestrado\Sistema\commons-codec\src\main\java\org\apache\commons\codec\language\bm\Languages.java,org.apache.commons.codec.language.bm.Languages$LanguageSet,innerclass,2,8,1,1,21,0.0,0.0,7,1,6,0,0,1,7,6,0,0,0,0,0,0,0,0,0,0,0,11,1,0,0,0,0,0,0,0,0,0,0,0,0,0,28,1033,0
C:\Users\Win-10\Documents\Mestrado\Sistema\commons-codec\src\main\java\org\apache\commons\codec\language\bm\Languages.java,org.apache.commons.codec.language.bm.Languages,class,4,12,2,16,4,0.0,0.0,5,3,3,2,0,0,4,0,0,0,5,4,3,2,0,0,5,0,6,162,4,2,0,1,0,2,1,11,0,9,4,2,2,0,100,1,0
C:\Users\Win-10\Documents\Mestrado\Sistema\commons-codec\src\main\java\org\apache\commons\codec\language\bm\Languages.java,org.apache.commons.codec.language.bm.Languages$Anonymous1,anonymous,2,7,1,0,21,0.0,0.0,7,0,7,0,0,0,7,0,0,0,0,0,0,0,0,0,0,0,0,23,6,0,0,0,0,2,0,0,0,0,0,0,0,0,26,-1,0
C:\Users\Win-10\Documents\Mestrado\Sistema\commons-codec\src\main\java\org\apache\commons\codec\language\bm\Languages.java,org.apache.commons.codec.language.bm.Languages$SomeLanguages,innerclass,2,17,2,10,0,0.0,0.0,9,0,8,1,0,0,8,0,0,0,1,0,0,1,0,0,1,0,4,58,12,2,5,0,0,2,1,5,1,5,3,0,0,0,33,25,0
C:\Users\Win-10\Documents\Mestrado\Sistema\commons-codec\src\main\java\org\apache\commons\codec\language\bm\Languages.java,org.apache.commons.codec.language.bm.Languages$Anonymous2,anonymous,1,7,1,0,21,0.0,0.0,7,0,7,0,0,0,7,0,0,0,0,0,0,0,0,0,0,0,0,23,6,0,0,0,0,2,0,0,0,0,0,0,0,0,25,-1,0
C:\Users\Win-10\Documents\Mestrado\Sistema\commons-codec\src\main\java\org\apache\commons\codec\language\bm\NameType.java,org.apache.commons.codec.language.bm.NameType,enum,0,2,1,0,0,0.0,0.0,2,0,1,0,0,1,2,0,0,0,1,0,0,1,0,0,1,0,0,11,1,0,0,0,0,3,0,1,0,1,0,0,0,0,55,1,0
C:\Users\Win-10\Documents\Mestrado\Sistema\commons-codec\src\main\java\org\apache\commons\codec\language\bm\PhoneticEngine.java,org.apache.commons.codec.language.bm.PhoneticEngine,class,9,35,1,50,0,0.0,0.0,11,1,9,2,0,0,10,0,0,0,7,2,0,7,0,0,7,0,14,251,13,8,4,0,0,53,12,42,10,33,3,0,2,0,191,1,0
C:\Users\Win-10\Documents\Mestrado\Sistema\commons-codec\src\main\java\org\apache\commons\codec\language\bm\PhoneticEngine.java,org.apache.commons.codec.language.bm.PhoneticEngine$PhonemeBuilder,innerclass,4,15,1,14,0,0.0,0.0,7,1,5,2,0,0,5,0,0,0,1,0,0,1,0,0,1,0,0,50,3,4,0,0,0,2,1,6,0,5,5,0,0,0,115,24,0
C:\Users\Win-10\Documents\Mestrado\Sistema\commons-codec\src\main\java\org\apache\commons\codec\language\bm\PhoneticEngine.java,org.apache.commons.codec.language.bm.PhoneticEngine$RulesApplication,innerclass,3,10,1,7,0,0.0,0.0,5,0,5,0,0,0,5,0,0,0,6,0,0,6,0,0,4,0,0,48,4,1,2,0,0,1,2,13,1,9,3,0,0,0,109,26,0
C:\Users\Win-10\Documents\Mestrado\Sistema\commons-codec\src\main\java\org\apache\commons\codec\language\bm\ResourceConstants.java,org.apache.commons.codec.language.bm.ResourceConstants,class,0,0,1,0,0,-1.0,-1.0,0,0,0,0,0,0,0,0,0,0,4,4,0,0,0,4,4,0,0,6,0,0,0,0,0,3,0,4,0,4,0,0,0,0,26,0,0
C:\Users\Win-10\Documents\Mestrado\Sistema\commons-codec\src\main\java\org\apache\commons\codec\language\bm\Rule.java,org.apache.commons.codec.language.bm.Rule$Anonymous10,anonymous,1,3,1,3,0,NaN,NaN,1,0,1,0,0,0,1,0,0,0,0,0,0,0,0,0,0,0,1,5,1,0,1,0,0,0,2,0,1,0,0,0,0,0,7,-1,0
C:\Users\Win-10\Documents\Mestrado\Sistema\commons-codec\src\main\java\org\apache\commons\codec\language\bm\Rule.java,org.apache.commons.codec.language.bm.Rule$Anonymous11,anonymous,0,1,1,3,0,NaN,NaN,1,0,1,0,0,0,1,0,0,0,1,0,0,0,0,1,0,0,1,7,1,0,0,0,0,0,0,2,0,2,0,0,0,0,10,-1,0
C:\Users\Win-10\Documents\Mestrado\Sistema\commons-codec\src\main\java\org\apache\commons\codec\language\bm\Rule.java,org.apache.commons.codec.language.bm.Rule$Phoneme,innerclass,3,10,1,5,0,0.0,0.0,10,0,10,0,0,0,10,0,0,0,3,1,1,2,0,0,3,0,1,56,7,0,0,0,0,2,0,3,2,3,0,1,0,0,47,25,0
C:\Users\Win-10\Documents\Mestrado\Sistema\commons-codec\src\main\java\org\apache\commons\codec\language\bm\Rule.java,org.apache.commons.codec.language.bm.Rule$PhonemeExpr,interface,1,1,1,0,0,NaN,NaN,1,0,0,0,0,1,1,0,0,0,0,0,0,0,0,0,0,0,0,3,0,0,0,0,0,0,0,0,0,0,0,0,0,0,4,1,0
C:\Users\Win-10\Documents\Mestrado\Sistema\commons-codec\src\main\java\org\apache\commons\codec\language\bm\Rule.java,org.apache.commons.codec.language.bm.Rule,class,11,84,1,55,182,0.0,0.0,21,15,10,11,0,0,11,0,0,0,9,5,2,7,0,0,9,0,37,416,38,9,9,4,1,41,35,66,16,58,6,10,4,0,262,1,0
C:\Users\Win-10\Documents\Mestrado\Sistema\commons-codec\src\main\java\org\apache\commons\codec\language\bm\Rule.java,org.apache.commons.codec.language.bm.Rule$Anonymous2,anonymous,0,1,1,0,0,NaN,NaN,1,0,1,0,0,0,1,0,0,0,0,0,0,0,0,0,0,0,0,5,1,0,0,0,0,0,0,0,0,0,0,0,0,0,6,-1,0
C:\Users\Win-10\Documents\Mestrado\Sistema\commons-codec\src\main\java\org\apache\commons\codec\language\bm\Rule.java,org.apache.commons.codec.language.bm.Rule$Anonymous3,anonymous,0,1,1,4,0,NaN,NaN,1,0,1,0,0,0,1,0,0,0,2,0,0,2,0,0,2,0,0,15,1,0,0,0,0,6,0,3,0,3,0,0,0,0,16,-1,0
C:\Users\Win-10\Documents\Mestrado\Sistema\commons-codec\src\main\java\org\apache\commons\codec\language\bm\Rule.java,org.apache.commons.codec.language.bm.Rule$Anonymous4,anonymous,0,2,1,1,0,NaN,NaN,1,0,1,0,0,0,1,0,0,0,0,0,0,0,0,0,0,0,0,5,1,0,1,0,0,0,1,0,0,0,0,0,0,0,5,-1,0
C:\Users\Win-10\Documents\Mestrado\Sistema\commons-codec\src\main\java\org\apache\commons\codec\language\bm\Rule.java,org.apache.commons.codec.language.bm.Rule$Phoneme$Anonymous1,anonymous,1,5,1,2,0,NaN,NaN,1,0,1,0,0,0,1,0,0,0,0,0,0,0,0,0,0,0,0,17,4,1,1,0,0,0,5,2,1,2,2,0,0,0,5,-1,0
C:\Users\Win-10\Documents\Mestrado\Sistema\commons-codec\src\main\java\org\apache\commons\codec\language\bm\Rule.java,org.apache.commons.codec.language.bm.Rule$Anonymous5,anonymous,0,1,1,1,0,NaN,NaN,1,0,1,0,0,0,1,0,0,0,0,0,0,0,0,0,0,0,0,5,1,0,0,0,0,0,0,0,0,0,0,0,0,0,6,-1,0
C:\Users\Win-10\Documents\Mestrado\Sistema\commons-codec\src\main\java\org\apache\commons\codec\language\bm\Rule.java,org.apache.commons.codec.language.bm.Rule$Anonymous6,anonymous,1,1,1,1,0,NaN,NaN,1,0,1,0,0,0,1,0,0,0,0,0,0,0,0,0,0,0,1,5,1,0,0,0,0,0,0,0,0,0,0,0,0,0,7,-1,0
C:\Users\Win-10\Documents\Mestrado\Sistema\commons-codec\src\main\java\org\apache\commons\codec\language\bm\Rule.java,org.apache.commons.codec.language.bm.Rule$Anonymous7,anonymous,1,1,1,1,0,NaN,NaN,1,0,1,0,0,0,1,0,0,0,0,0,0,0,0,0,0,0,1,5,1,0,0,0,0,0,0,0,0,0,0,0,0,0,7,-1,0
C:\Users\Win-10\Documents\Mestrado\Sistema\commons-codec\src\main\java\org\apache\commons\codec\language\bm\Rule.java,org.apache.commons.codec.language.bm.Rule$Anonymous8,anonymous,1,3,1,3,0,NaN,NaN,1,0,1,0,0,0,1,0,0,0,0,0,0,0,0,0,0,0,1,5,1,0,2,0,0,0,2,0,0,0,0,0,0,0,7,-1,0
C:\Users\Win-10\Documents\Mestrado\Sistema\commons-codec\src\main\java\org\apache\commons\codec\language\bm\Rule.java,org.apache.commons.codec.language.bm.Rule$Anonymous9,anonymous,1,3,1,3,0,NaN,NaN,1,0,1,0,0,0,1,0,0,0,0,0,0,0,0,0,0,0,1,5,1,0,1,0,0,0,2,0,0,0,0,0,0,0,7,-1,0
C:\Users\Win-10\Documents\Mestrado\Sistema\commons-codec\src\main\java\org\apache\commons\codec\language\bm\Rule.java,org.apache.commons.codec.language.bm.Rule$RPattern,interface,0,1,1,0,0,NaN,NaN,1,0,0,0,0,1,1,0,0,0,0,0,0,0,0,0,0,0,0,3,0,0,0,0,0,0,0,0,0,0,0,0,0,0,19,1,0
C:\Users\Win-10\Documents\Mestrado\Sistema\commons-codec\src\main\java\org\apache\commons\codec\language\bm\Rule.java,org.apache.commons.codec.language.bm.Rule$PhonemeList,innerclass,2,2,1,0,0,0.0,0.0,2,0,2,0,0,0,2,0,0,0,1,0,0,1,0,0,1,0,0,9,1,0,0,0,0,0,0,1,0,1,0,0,0,0,6,25,0
C:\Users\Win-10\Documents\Mestrado\Sistema\commons-codec\src\main\java\org\apache\commons\codec\language\bm\RuleType.java,org.apache.commons.codec.language.bm.RuleType,enum,0,2,1,0,0,0.0,0.0,2,0,1,0,0,1,2,0,0,0,1,0,0,1,0,0,1,0,0,11,1,0,0,0,0,3,0,1,0,1,0,0,0,0,38,1,0
C:\Users\Win-10\Documents\Mestrado\Sistema\commons-codec\src\main\java\org\apache\commons\codec\language\Caverphone.java,org.apache.commons.codec.language.Caverphone,class,4,6,1,3,10,0.0,0.0,5,0,5,0,0,0,5,0,0,0,1,0,0,1,0,0,1,0,0,21,4,0,0,0,1,1,0,1,0,1,1,0,0,0,79,1,0
C:\Users\Win-10\Documents\Mestrado\Sistema\commons-codec\src\main\java\org\apache\commons\codec\language\Caverphone1.java,org.apache.commons.codec.language.Caverphone1,class,1,3,2,4,0,NaN,NaN,1,0,1,0,0,0,1,0,0,0,1,1,0,1,0,0,1,0,0,66,2,0,2,0,0,109,2,58,1,2,1,0,0,0,42,1,0
C:\Users\Win-10\Documents\Mestrado\Sistema\commons-codec\src\main\java\org\apache\commons\codec\language\Caverphone2.java,org.apache.commons.codec.language.Caverphone2,class,1,3,2,4,0,NaN,NaN,1,0,1,0,0,0,1,0,0,0,1,1,0,1,0,0,1,0,0,69,2,0,2,0,0,115,2,61,1,2,1,0,0,0,42,1,0
C:\Users\Win-10\Documents\Mestrado\Sistema\commons-codec\src\main\java\org\apache\commons\codec\language\ColognePhonetic.java,org.apache.commons.codec.language.ColognePhonetic$CologneInputBuffer,innerclass,3,6,2,3,15,0.0,0.0,6,0,4,0,2,0,6,0,0,0,0,0,0,0,0,0,0,0,1,25,4,0,0,0,0,0,1,3,3,2,0,0,0,0,16,2,0
C:\Users\Win-10\Documents\Mestrado\Sistema\commons-codec\src\main\java\org\apache\commons\codec\language\ColognePhonetic.java,org.apache.commons.codec.language.ColognePhonetic$CologneOutputBuffer,innerclass,2,3,2,1,3,0.0,0.0,3,0,2,0,1,0,3,0,0,0,0,0,0,0,0,0,0,0,1,14,1,0,0,0,0,0,1,2,0,1,0,0,0,0,12,2,0
C:\Users\Win-10\Documents\Mestrado\Sistema\commons-codec\src\main\java\org\apache\commons\codec\language\ColognePhonetic.java,org.apache.commons.codec.language.ColognePhonetic,class,7,48,3,16,15,0.0,0.0,6,1,4,2,0,0,4,0,0,0,9,9,0,9,0,0,9,0,9,195,8,3,21,0,5,3,4,41,2,20,4,0,3,0,186,1,0
C:\Users\Win-10\Documents\Mestrado\Sistema\commons-codec\src\main\java\org\apache\commons\codec\language\ColognePhonetic.java,org.apache.commons.codec.language.ColognePhonetic$CologneBuffer,innerclass,2,5,1,1,0,0.0,0.0,5,0,4,0,1,0,5,1,0,0,2,0,0,0,2,0,1,0,0,19,2,0,0,0,0,0,3,5,0,2,0,0,0,0,26,1026,0
C:\Users\Win-10\Documents\Mestrado\Sistema\commons-codec\src\main\java\org\apache\commons\codec\language\DaitchMokotoffSoundex.java,org.apache.commons.codec.language.DaitchMokotoffSoundex$Rule,innerclass,1,14,1,8,0,0.0,0.0,6,0,4,1,1,0,5,0,0,0,4,0,0,4,0,0,4,0,4,35,7,0,5,0,0,4,0,6,0,6,1,0,0,0,26,26,0
C:\Users\Win-10\Documents\Mestrado\Sistema\commons-codec\src\main\java\org\apache\commons\codec\language\DaitchMokotoffSoundex.java,org.apache.commons.codec.language.DaitchMokotoffSoundex,class,6,48,1,47,30,0.0,0.0,9,2,5,4,0,0,6,0,0,0,9,8,0,9,0,0,9,0,11,284,8,9,14,2,3,20,27,57,7,45,6,1,2,0,241,1,0
C:\Users\Win-10\Documents\Mestrado\Sistema\commons-codec\src\main\java\org\apache\commons\codec\language\DaitchMokotoffSoundex.java,org.apache.commons.codec.language.DaitchMokotoffSoundex$Anonymous1,anonymous,1,1,1,1,0,NaN,NaN,1,0,1,0,0,0,1,0,0,0,0,0,0,0,0,0,0,0,0,5,1,0,0,0,0,0,0,0,1,0,0,0,0,0,3,-1,0
C:\Users\Win-10\Documents\Mestrado\Sistema\commons-codec\src\main\java\org\apache\commons\codec\language\DaitchMokotoffSoundex.java,org.apache.commons.codec.language.DaitchMokotoffSoundex$Branch,innerclass,1,15,1,9,1,0.0,0.0,7,0,6,1,0,0,6,0,0,0,3,0,0,3,0,0,1,0,0,51,6,1,3,0,2,0,0,10,0,5,2,0,0,0,61,26,0
C:\Users\Win-10\Documents\Mestrado\Sistema\commons-codec\src\main\java\org\apache\commons\codec\language\DoubleMetaphone.java,org.apache.commons.codec.language.DoubleMetaphone,class,5,262,1,52,701,0.0,0.0,38,1,9,27,2,0,11,0,0,0,6,5,0,6,0,0,5,0,97,723,54,3,62,0,29,234,327,83,144,13,3,0,1,0,191,1,0
C:\Users\Win-10\Documents\Mestrado\Sistema\commons-codec\src\main\java\org\apache\commons\codec\language\DoubleMetaphone.java,org.apache.commons.codec.language.DoubleMetaphone$DoubleMetaphoneResult,innerclass,2,18,1,11,0,0.0,0.0,12,0,12,0,0,0,12,0,0,0,3,0,0,3,0,0,3,0,0,61,3,0,0,0,0,0,2,5,2,5,1,0,0,0,27,1,0
C:\Users\Win-10\Documents\Mestrado\Sistema\commons-codec\src\main\java\org\apache\commons\codec\language\MatchRatingApproachEncoder.java,org.apache.commons.codec.language.MatchRatingApproachEncoder,class,4,44,1,23,27,0.0,0.0,11,0,3,0,0,8,11,0,2,0,6,6,0,6,0,0,6,0,4,169,21,4,8,0,1,59,28,78,21,42,2,0,0,0,231,1,0
C:\Users\Win-10\Documents\Mestrado\Sistema\commons-codec\src\main\java\org\apache\commons\codec\language\Metaphone.java,org.apache.commons.codec.language.Metaphone,class,4,111,1,21,64,0.0,0.0,12,0,7,5,0,0,7,0,0,0,4,3,0,4,0,0,3,0,0,280,12,1,13,0,3,15,54,24,22,16,5,0,0,0,199,1,0
C:\Users\Win-10\Documents\Mestrado\Sistema\commons-codec\src\main\java\org\apache\commons\codec\language\Nysiis.java,org.apache.commons.codec.language.Nysiis,class,5,45,1,19,22,0.0,0.0,8,2,6,2,0,0,6,0,0,0,19,18,0,19,0,0,19,0,15,125,19,1,26,0,2,15,20,38,12,29,3,0,0,0,179,1,0
C:\Users\Win-10\Documents\Mestrado\Sistema\commons-codec\src\main\java\org\apache\commons\codec\language\RefinedSoundex.java,org.apache.commons.codec.language.RefinedSoundex,class,5,15,1,12,16,0.0,0.0,8,0,7,0,0,1,8,0,0,0,4,3,2,2,0,0,4,0,5,58,8,1,4,0,1,2,7,12,1,8,2,0,0,0,180,1,0
C:\Users\Win-10\Documents\Mestrado\Sistema\commons-codec\src\main\java\org\apache\commons\codec\language\Soundex.java,org.apache.commons.codec.language.Soundex,class,5,27,1,9,30,0.0,0.0,12,0,10,2,0,0,10,0,0,0,9,6,5,4,0,0,8,0,3,90,10,2,8,0,3,6,8,28,2,17,2,0,0,0,255,1,0
C:\Users\Win-10\Documents\Mestrado\Sistema\commons-codec\src\main\java\org\apache\commons\codec\language\SoundexUtils.java,org.apache.commons.codec.language.SoundexUtils,class,3,12,1,7,3,0.0,0.0,3,3,0,0,0,3,3,0,0,0,0,0,0,0,0,0,0,0,3,35,6,2,6,0,0,0,7,8,0,7,2,0,0,0,101,16,0
C:\Users\Win-10\Documents\Mestrado\Sistema\commons-codec\src\main\java\org\apache\commons\codec\net\BCodec.java,org.apache.commons.codec.net.BCodec,class,8,26,2,14,79,0.0,0.0,14,0,11,0,3,0,14,0,0,0,1,0,0,1,0,0,1,0,3,89,19,0,8,2,0,5,0,1,2,1,1,0,0,0,128,1,0
C:\Users\Win-10\Documents\Mestrado\Sistema\commons-codec\src\main\java\org\apache\commons\codec\net\PercentCodec.java,org.apache.commons.codec.net.PercentCodec,class,7,49,1,20,63,0.0,0.0,15,0,6,9,0,0,6,0,0,0,4,1,0,4,0,0,3,0,6,150,17,6,11,1,5,5,13,26,6,20,3,0,0,0,176,1,0
C:\Users\Win-10\Documents\Mestrado\Sistema\commons-codec\src\main\java\org\apache\commons\codec\net\QCodec.java,org.apache.commons.codec.net.QCodec,class,8,40,2,15,100,0.0,0.0,16,0,13,0,3,0,17,0,0,0,5,3,0,5,0,0,4,0,4,169,21,6,11,2,0,5,5,19,2,14,3,0,0,0,187,1,0
C:\Users\Win-10\Documents\Mestrado\Sistema\commons-codec\src\main\java\org\apache\commons\codec\net\QuotedPrintableCodec.java,org.apache.commons.codec.net.QuotedPrintableCodec,class,10,58,1,27,246,0.0,0.0,24,7,20,4,0,0,21,0,4,0,9,7,0,9,0,0,9,0,24,214,30,6,15,1,4,5,28,35,13,27,4,0,0,0,261,1,0
C:\Users\Win-10\Documents\Mestrado\Sistema\commons-codec\src\main\java\org\apache\commons\codec\net\RFC1522Codec.java,org.apache.commons.codec.net.RFC1522Codec,class,4,15,1,19,13,0.0,0.0,6,0,0,0,6,0,6,3,0,0,3,3,0,0,3,0,3,0,3,61,6,0,5,0,0,9,4,16,4,11,1,0,0,0,138,1024,0
C:\Users\Win-10\Documents\Mestrado\Sistema\commons-codec\src\main\java\org\apache\commons\codec\net\URLCodec.java,org.apache.commons.codec.net.URLCodec,class,10,41,1,22,81,0.0,0.0,14,2,14,0,0,0,15,0,2,0,4,3,0,1,3,0,3,0,8,159,22,5,12,3,2,5,6,19,6,16,3,0,0,0,152,1,0
C:\Users\Win-10\Documents\Mestrado\Sistema\commons-codec\src\main\java\org\apache\commons\codec\net\Utils.java,org.apache.commons.codec.net.Utils,class,1,3,1,3,0,0.0,0.0,2,2,0,0,0,2,2,0,0,0,1,1,0,1,0,0,1,0,3,13,2,0,1,0,0,2,3,2,1,2,1,0,0,0,51,0,0
C:\Users\Win-10\Documents\Mestrado\Sistema\commons-codec\src\main\java\org\apache\commons\codec\Resources.java,org.apache.commons.codec.Resources,class,1,2,1,2,0,NaN,NaN,1,1,1,0,0,0,1,0,0,0,0,0,0,0,0,0,0,0,0,9,1,0,1,0,0,1,0,1,1,1,1,0,0,0,24,1,0
C:\Users\Win-10\Documents\Mestrado\Sistema\commons-codec\src\main\java\org\apache\commons\codec\StringDecoder.java,org.apache.commons.codec.StringDecoder,interface,1,1,1,0,0,NaN,NaN,1,0,0,0,0,1,1,0,0,0,0,0,0,0,0,0,0,0,0,3,0,0,0,0,0,0,0,0,0,0,0,0,0,0,24,1,0
C:\Users\Win-10\Documents\Mestrado\Sistema\commons-codec\src\main\java\org\apache\commons\codec\StringEncoder.java,org.apache.commons.codec.StringEncoder,interface,1,1,1,0,0,NaN,NaN,1,0,0,0,0,1,1,0,0,0,0,0,0,0,0,0,0,0,0,3,0,0,0,0,0,0,0,0,0,0,0,0,0,0,23,1,0
C:\Users\Win-10\Documents\Mestrado\Sistema\commons-codec\src\main\java\org\apache\commons\codec\StringEncoderComparator.java,org.apache.commons.codec.StringEncoderComparator,class,2,4,1,2,0,0.0,0.0,3,0,3,0,0,0,3,0,0,0,1,0,0,1,0,0,1,0,0,21,1,0,0,1,0,2,2,7,0,4,1,0,0,0,73,1,0
