nomeSistema;class;cbo;wmc;dit;rfc;maxNested;loc;nom
commons-codec;org.apache.commons.codec.binary.Base32;5;53;2;6;4;229;11
commons-codec;org.apache.commons.codec.binary.Base32InputStream;3;3;4;0;0;11;3
commons-codec;org.apache.commons.codec.binary.Base32OutputStream;3;3;4;0;0;11;3
commons-codec;org.apache.commons.codec.binary.Base64;5;79;2;20;4;248;26
commons-codec;org.apache.commons.codec.binary.Base64InputStream;3;3;4;0;0;11;3
commons-codec;org.apache.commons.codec.binary.Base64OutputStream;3;3;4;0;0;11;3
commons-codec;org.apache.commons.codec.binary.BaseNCodec$Context;1;2;1;4;0;15;2
commons-codec;org.apache.commons.codec.binary.BaseNCodec;8;58;1;17;2;178;24
commons-codec;org.apache.commons.codec.binary.BaseNCodecInputStream;4;25;3;7;4;80;8
commons-codec;org.apache.commons.codec.binary.BaseNCodecOutputStream;4;18;3;11;2;64;7
commons-codec;org.apache.commons.codec.binary.BinaryCodec;8;38;1;6;3;114;11
commons-codec;org.apache.commons.codec.binary.CharSequenceUtils;0;8;1;4;2;24;1
commons-codec;org.apache.commons.codec.binary.Hex;7;39;1;22;2;135;25
commons-codec;org.apache.commons.codec.binary.StringUtils;3;33;1;10;1;93;20
commons-codec;org.apache.commons.codec.BinaryDecoder;2;1;1;0;0;3;1
commons-codec;org.apache.commons.codec.BinaryEncoder;2;1;1;0;0;3;1
commons-codec;org.apache.commons.codec.CharEncoding;0;0;1;0;0;8;0
commons-codec;org.apache.commons.codec.Charsets;0;4;1;2;0;14;2
commons-codec;org.apache.commons.codec.cli.Digest;5;26;1;30;3;86;10
commons-codec;org.apache.commons.codec.Decoder;0;1;1;0;0;3;1
commons-codec;org.apache.commons.codec.DecoderException;0;4;3;0;0;15;4
commons-codec;org.apache.commons.codec.digest.B64;2;5;1;7;1;22;3
commons-codec;org.apache.commons.codec.digest.Crypt;5;8;1;9;1;28;4
commons-codec;org.apache.commons.codec.digest.DigestUtils;4;107;1;65;1;335;103
commons-codec;org.apache.commons.codec.digest.HmacAlgorithms;0;3;1;0;0;17;3
commons-codec;org.apache.commons.codec.digest.HmacUtils;5;65;1;22;1;223;58
commons-codec;org.apache.commons.codec.digest.Md5Crypt;4;26;1;23;2;114;10
commons-codec;org.apache.commons.codec.digest.MessageDigestAlgorithms;0;2;1;0;0;18;2
commons-codec;org.apache.commons.codec.digest.PureJavaCrc32;3;14;1;1;1;46;6
commons-codec;org.apache.commons.codec.digest.PureJavaCrc32C;3;13;1;1;1;61;5
commons-codec;org.apache.commons.codec.digest.Sha2Crypt;4;32;1;24;2;185;7
commons-codec;org.apache.commons.codec.digest.UnixCrypt;3;27;1;18;3;186;12
commons-codec;org.apache.commons.codec.digest.XXHash32;3;20;1;7;1;116;10
commons-codec;org.apache.commons.codec.Encoder;0;1;1;0;0;3;1
commons-codec;org.apache.commons.codec.EncoderException;0;4;3;0;0;15;4
commons-codec;org.apache.commons.codec.language.AbstractCaverphone;2;4;1;2;1;14;3
commons-codec;org.apache.commons.codec.language.bm.BeiderMorseEncoder;6;11;1;6;1;36;9
commons-codec;org.apache.commons.codec.language.bm.Lang$LangRule;0;2;1;2;0;13;2
commons-codec;org.apache.commons.codec.language.bm.Lang;6;19;1;32;5;90;5
commons-codec;org.apache.commons.codec.language.bm.Languages$LanguageSet;2;8;1;1;0;11;7
commons-codec;org.apache.commons.codec.language.bm.Languages;4;12;2;16;4;162;5
commons-codec;org.apache.commons.codec.language.bm.Languages$Anonymous1;2;7;1;0;0;23;7
commons-codec;org.apache.commons.codec.language.bm.Languages$SomeLanguages;2;17;2;10;3;58;9
commons-codec;org.apache.commons.codec.language.bm.Languages$Anonymous2;1;7;1;0;0;23;7
commons-codec;org.apache.commons.codec.language.bm.NameType;0;2;1;0;0;11;2
commons-codec;org.apache.commons.codec.language.bm.PhoneticEngine;9;35;1;50;3;251;11
commons-codec;org.apache.commons.codec.language.bm.PhoneticEngine$PhonemeBuilder;4;15;1;14;5;50;7
commons-codec;org.apache.commons.codec.language.bm.PhoneticEngine$RulesApplication;3;10;1;7;3;48;5
commons-codec;org.apache.commons.codec.language.bm.ResourceConstants;0;0;1;0;0;6;0
commons-codec;org.apache.commons.codec.language.bm.Rule$Anonymous10;1;3;1;3;0;5;1
commons-codec;org.apache.commons.codec.language.bm.Rule$Anonymous11;0;1;1;3;0;7;1
commons-codec;org.apache.commons.codec.language.bm.Rule$Phoneme;3;10;1;5;0;56;10
commons-codec;org.apache.commons.codec.language.bm.Rule$PhonemeExpr;1;1;1;0;0;3;1
commons-codec;org.apache.commons.codec.language.bm.Rule;11;84;1;55;6;416;21
commons-codec;org.apache.commons.codec.language.bm.Rule$Anonymous2;0;1;1;0;0;5;1
commons-codec;org.apache.commons.codec.language.bm.Rule$Anonymous3;0;1;1;4;0;15;1
commons-codec;org.apache.commons.codec.language.bm.Rule$Anonymous4;0;2;1;1;0;5;1
commons-codec;org.apache.commons.codec.language.bm.Rule$Phoneme$Anonymous1;1;5;1;2;2;17;1
commons-codec;org.apache.commons.codec.language.bm.Rule$Anonymous5;0;1;1;1;0;5;1
commons-codec;org.apache.commons.codec.language.bm.Rule$Anonymous6;1;1;1;1;0;5;1
commons-codec;org.apache.commons.codec.language.bm.Rule$Anonymous7;1;1;1;1;0;5;1
commons-codec;org.apache.commons.codec.language.bm.Rule$Anonymous8;1;3;1;3;0;5;1
commons-codec;org.apache.commons.codec.language.bm.Rule$Anonymous9;1;3;1;3;0;5;1
commons-codec;org.apache.commons.codec.language.bm.Rule$RPattern;0;1;1;0;0;3;1
commons-codec;org.apache.commons.codec.language.bm.Rule$PhonemeList;2;2;1;0;0;9;2
commons-codec;org.apache.commons.codec.language.bm.RuleType;0;2;1;0;0;11;2
commons-codec;org.apache.commons.codec.language.Caverphone;4;6;1;3;1;21;5
commons-codec;org.apache.commons.codec.language.Caverphone1;1;3;2;4;1;66;1
commons-codec;org.apache.commons.codec.language.Caverphone2;1;3;2;4;1;69;1
commons-codec;org.apache.commons.codec.language.ColognePhonetic$CologneInputBuffer;3;6;2;3;0;25;6
commons-codec;org.apache.commons.codec.language.ColognePhonetic$CologneOutputBuffer;2;3;2;1;0;14;3
commons-codec;org.apache.commons.codec.language.ColognePhonetic;7;48;3;16;4;195;6
commons-codec;org.apache.commons.codec.language.ColognePhonetic$CologneBuffer;2;5;1;1;0;19;5
commons-codec;org.apache.commons.codec.language.DaitchMokotoffSoundex$Rule;1;14;1;8;1;35;6
commons-codec;org.apache.commons.codec.language.DaitchMokotoffSoundex;6;48;1;47;6;284;9
commons-codec;org.apache.commons.codec.language.DaitchMokotoffSoundex$Anonymous1;1;1;1;1;0;5;1
commons-codec;org.apache.commons.codec.language.DaitchMokotoffSoundex$Branch;1;15;1;9;2;51;7
commons-codec;org.apache.commons.codec.language.DoubleMetaphone;5;262;1;52;3;723;38
commons-codec;org.apache.commons.codec.language.DoubleMetaphone$DoubleMetaphoneResult;2;18;1;11;1;61;12
commons-codec;org.apache.commons.codec.language.MatchRatingApproachEncoder;4;44;1;23;2;169;11
commons-codec;org.apache.commons.codec.language.Metaphone;4;111;1;21;5;280;12
commons-codec;org.apache.commons.codec.language.Nysiis;5;45;1;19;3;125;8
commons-codec;org.apache.commons.codec.language.RefinedSoundex;5;15;1;12;2;58;8
commons-codec;org.apache.commons.codec.language.Soundex;5;27;1;9;2;90;12
commons-codec;org.apache.commons.codec.language.SoundexUtils;3;12;1;7;2;35;3
commons-codec;org.apache.commons.codec.net.BCodec;8;26;2;14;1;89;14
commons-codec;org.apache.commons.codec.net.PercentCodec;7;49;1;20;3;150;15
commons-codec;org.apache.commons.codec.net.QCodec;8;40;2;15;3;169;16
commons-codec;org.apache.commons.codec.net.QuotedPrintableCodec;10;58;1;27;4;214;24
commons-codec;org.apache.commons.codec.net.RFC1522Codec;4;15;1;19;1;61;6
commons-codec;org.apache.commons.codec.net.URLCodec;10;41;1;22;3;159;14
commons-codec;org.apache.commons.codec.net.Utils;1;3;1;3;1;13;2
commons-codec;org.apache.commons.codec.Resources;1;2;1;2;1;9;1
commons-codec;org.apache.commons.codec.StringDecoder;1;1;1;0;0;3;1
commons-codec;org.apache.commons.codec.StringEncoder;1;1;1;0;0;3;1
commons-codec;org.apache.commons.codec.StringEncoderComparator;2;4;1;2;1;21;3
