nomeSistema;class;cbo;wmc;dit;rfc;maxNested;loc;nom
quartz;org.quartz.Calendar;1;7;1;0;0;10;7
quartz;org.quartz.core.jmx.JobDataMapSupport;4;8;1;17;1;43;3
quartz;org.quartz.core.jmx.JobDetailSupport;3;9;1;26;2;58;3
quartz;org.quartz.core.jmx.JobExecutionContextSupport;7;11;1;31;3;52;3
quartz;org.quartz.core.jmx.QuartzSchedulerMBean;0;49;1;0;0;69;49
quartz;org.quartz.core.jmx.TriggerSupport;3;7;1;22;2;40;2
quartz;org.quartz.core.JobRunShell;16;48;4;44;5;251;14
quartz;org.quartz.core.JobRunShell$VetoedException;0;1;3;0;0;4;1
quartz;org.quartz.core.JobRunShellFactory;3;3;1;0;0;5;3
quartz;org.quartz.core.NullSampledStatisticsImpl;1;4;1;0;0;13;4
quartz;org.quartz.core.QuartzScheduler$Anonymous1;1;3;1;4;1;15;1
quartz;org.quartz.core.QuartzScheduler;35;282;1;223;4;1151;119
quartz;org.quartz.core.ErrorLogger;2;2;2;2;0;7;2
quartz;org.quartz.core.ExecutingJobsManager;4;8;1;9;1;35;8
quartz;org.quartz.core.QuartzSchedulerMBeanImpl$Emitter;1;1;2;1;0;5;1
quartz;org.quartz.core.QuartzSchedulerMBeanImpl;19;88;3;85;2;317;75
quartz;org.quartz.core.QuartzSchedulerResources;5;61;1;9;1;191;42
quartz;org.quartz.core.QuartzSchedulerThread;11;71;2;52;9;328;19
quartz;org.quartz.core.RemotableQuartzScheduler;9;70;1;0;0;72;70
quartz;org.quartz.core.SampledStatistics;0;4;1;0;0;6;4
quartz;org.quartz.core.SampledStatisticsImpl;18;14;2;9;0;59;14
quartz;org.quartz.core.SchedulerSignalerImpl;6;5;1;9;1;25;4
quartz;org.quartz.core.SchedulingContext;1;4;1;1;0;14;4
quartz;org.quartz.CriticalSchedulerException;1;1;4;1;0;6;1
quartz;org.quartz.CronExpression;2;338;1;67;6;1134;31
quartz;org.quartz.ValueSet;0;0;1;0;0;4;0
quartz;org.quartz.CronTrigger;6;105;2;43;3;293;38
quartz;org.quartz.DateIntervalTrigger$IntervalUnit;0;0;1;0;0;1;0
quartz;org.quartz.DateIntervalTrigger;7;118;2;31;4;323;31
quartz;org.quartz.ee.jta.JTAJobRunShell;8;15;3;10;3;75;5
quartz;org.quartz.ee.jta.JTAJobRunShellFactory;5;4;1;1;0;16;4
quartz;org.quartz.ee.jta.UserTransactionHelper$UserTransactionWithContext;4;16;1;13;2;66;10
quartz;org.quartz.ee.jta.UserTransactionHelper;4;8;1;2;1;90;5
quartz;org.quartz.ee.servlet.QuartzInitializerListener;6;20;1;18;3;78;2
quartz;org.quartz.ee.servlet.QuartzInitializerServlet;7;17;2;17;3;78;4
quartz;org.quartz.helpers.VersionPrinter;1;2;1;4;0;7;2
quartz;org.quartz.impl.calendar.AnnualCalendar;4;35;2;17;2;124;13
quartz;org.quartz.impl.calendar.CalendarComparator;0;6;1;1;1;25;2
quartz;org.quartz.impl.calendar.BaseCalendar;2;26;1;15;2;93;17
quartz;org.quartz.impl.calendar.CronCalendar;4;20;2;15;2;74;12
quartz;org.quartz.impl.calendar.DailyCalendar;3;56;2;35;3;269;24
quartz;org.quartz.impl.calendar.HolidayCalendar;3;14;2;12;1;49;10
quartz;org.quartz.impl.calendar.MonthlyCalendar;4;27;2;12;2;88;12
quartz;org.quartz.impl.calendar.WeeklyCalendar;4;20;2;12;1;75;12
quartz;org.quartz.impl.DirectSchedulerFactory;21;21;1;46;2;101;15
quartz;org.quartz.impl.jdbcjobstore.AttributeRestoringConnectionInvocationHandler;2;19;1;18;2;73;8
quartz;org.quartz.impl.jdbcjobstore.CloudscapeDelegate;3;5;2;3;2;23;3
quartz;org.quartz.impl.jdbcjobstore.Constants;0;0;1;0;0;66;0
quartz;org.quartz.impl.jdbcjobstore.DB2v6Delegate;2;10;2;8;2;83;6
quartz;org.quartz.impl.jdbcjobstore.DB2v7Delegate;2;6;2;3;0;14;4
quartz;org.quartz.impl.jdbcjobstore.DB2v8Delegate;2;4;2;1;0;11;3
quartz;org.quartz.impl.jdbcjobstore.DBSemaphore;7;24;1;23;2;82;13
quartz;org.quartz.impl.jdbcjobstore.DriverDelegate;9;91;1;0;0;93;91
quartz;org.quartz.impl.jdbcjobstore.FiredTriggerRecord;1;20;1;0;0;72;20
quartz;org.quartz.impl.jdbcjobstore.HSQLDBDelegate;3;7;2;6;1;30;4
quartz;org.quartz.impl.jdbcjobstore.InvalidConfigurationException;0;2;3;0;0;8;2
quartz;org.quartz.impl.jdbcjobstore.JobStoreCMT;9;24;2;24;3;102;10
quartz;org.quartz.impl.jdbcjobstore.JobStoreSupport$MisfireHandler;3;14;2;20;4;56;5
quartz;org.quartz.impl.jdbcjobstore.JobStoreSupport$Anonymous1;1;1;1;1;0;5;1
quartz;org.quartz.impl.jdbcjobstore.JobStoreSupport$Anonymous40;1;1;1;1;0;6;1
quartz;org.quartz.impl.jdbcjobstore.JobStoreSupport$Anonymous30;1;1;1;1;0;5;1
quartz;org.quartz.impl.jdbcjobstore.JobStoreSupport$Anonymous22;1;1;1;1;0;5;1
quartz;org.quartz.impl.jdbcjobstore.JobStoreSupport$TransactionCallback;0;1;1;0;0;3;1
quartz;org.quartz.impl.jdbcjobstore.JobStoreSupport$Anonymous7;2;1;1;1;0;5;1
quartz;org.quartz.impl.jdbcjobstore.JobStoreSupport$Anonymous12;1;1;1;1;0;5;1
quartz;org.quartz.impl.jdbcjobstore.JobStoreSupport$Anonymous34;1;1;1;1;0;5;1
quartz;org.quartz.impl.jdbcjobstore.JobStoreSupport$Anonymous20;1;1;1;1;0;5;1
quartz;org.quartz.impl.jdbcjobstore.JobStoreSupport$Anonymous9;1;2;1;1;0;5;1
quartz;org.quartz.impl.jdbcjobstore.JobStoreSupport$Anonymous10;2;1;1;1;0;5;1
quartz;org.quartz.impl.jdbcjobstore.JobStoreSupport$Anonymous32;1;1;1;1;0;5;1
quartz;org.quartz.impl.jdbcjobstore.JobStoreSupport$Anonymous26;2;3;1;5;2;11;1
quartz;org.quartz.impl.jdbcjobstore.JobStoreSupport$Anonymous3;5;3;1;5;1;11;1
quartz;org.quartz.impl.jdbcjobstore.JobStoreSupport$Anonymous16;1;1;1;1;0;5;1
quartz;org.quartz.impl.jdbcjobstore.JobStoreSupport$Anonymous38;4;3;1;2;2;15;1
quartz;org.quartz.impl.jdbcjobstore.JobStoreSupport$Anonymous24;1;1;1;1;0;5;1
quartz;org.quartz.impl.jdbcjobstore.JobStoreSupport$Anonymous5;1;1;1;1;0;5;1
quartz;org.quartz.impl.jdbcjobstore.JobStoreSupport$Anonymous14;2;1;1;1;0;5;1
quartz;org.quartz.impl.jdbcjobstore.JobStoreSupport$Anonymous36;2;1;1;1;0;5;1
quartz;org.quartz.impl.jdbcjobstore.JobStoreSupport$Anonymous28;2;2;1;4;1;8;1
quartz;org.quartz.impl.jdbcjobstore.JobStoreSupport$Anonymous18;1;1;1;1;0;5;1
quartz;org.quartz.impl.jdbcjobstore.JobStoreSupport$ClusterManager;2;14;2;18;3;55;5
quartz;org.quartz.impl.jdbcjobstore.JobStoreSupport;36;443;3;263;7;1991;157
quartz;org.quartz.impl.jdbcjobstore.JobStoreSupport$VoidTransactionCallback;0;1;1;0;0;3;1
quartz;org.quartz.impl.jdbcjobstore.JobStoreSupport$Anonymous41;1;1;1;1;0;6;1
quartz;org.quartz.impl.jdbcjobstore.JobStoreSupport$Anonymous6;1;2;1;1;0;5;1
quartz;org.quartz.impl.jdbcjobstore.JobStoreSupport$Anonymous11;1;1;1;1;0;5;1
quartz;org.quartz.impl.jdbcjobstore.JobStoreSupport$Anonymous33;1;1;1;1;0;5;1
quartz;org.quartz.impl.jdbcjobstore.JobStoreSupport$Anonymous23;2;1;1;1;0;5;1
quartz;org.quartz.impl.jdbcjobstore.JobStoreSupport$Anonymous8;1;2;1;1;0;5;1
quartz;org.quartz.impl.jdbcjobstore.JobStoreSupport$Anonymous31;1;1;1;1;0;5;1
quartz;org.quartz.impl.jdbcjobstore.JobStoreSupport$Anonymous21;1;1;1;1;0;5;1
quartz;org.quartz.impl.jdbcjobstore.JobStoreSupport$Anonymous2;1;1;1;1;0;5;1
quartz;org.quartz.impl.jdbcjobstore.JobStoreSupport$Anonymous15;1;1;1;1;0;5;1
quartz;org.quartz.impl.jdbcjobstore.JobStoreSupport$Anonymous37;1;1;1;1;0;5;1
quartz;org.quartz.impl.jdbcjobstore.JobStoreSupport$Anonymous27;1;1;1;1;0;5;1
quartz;org.quartz.impl.jdbcjobstore.JobStoreSupport$Anonymous4;1;1;1;1;0;5;1
quartz;org.quartz.impl.jdbcjobstore.JobStoreSupport$Anonymous13;1;2;1;1;0;5;1
quartz;org.quartz.impl.jdbcjobstore.JobStoreSupport$Anonymous35;2;1;1;1;0;5;1
quartz;org.quartz.impl.jdbcjobstore.JobStoreSupport$Anonymous25;2;2;1;4;1;8;1
quartz;org.quartz.impl.jdbcjobstore.JobStoreSupport$Anonymous19;1;1;1;1;0;5;1
quartz;org.quartz.impl.jdbcjobstore.JobStoreSupport$Anonymous17;1;1;1;1;0;5;1
quartz;org.quartz.impl.jdbcjobstore.JobStoreSupport$Anonymous39;1;1;1;1;0;5;1
quartz;org.quartz.impl.jdbcjobstore.JobStoreSupport$Anonymous29;2;3;1;5;2;11;1
quartz;org.quartz.impl.jdbcjobstore.JobStoreSupport$RecoverMisfiredJobsResult;1;4;1;0;0;20;4
quartz;org.quartz.impl.jdbcjobstore.JobStoreTX;4;3;2;5;0;12;3
quartz;org.quartz.impl.jdbcjobstore.JTANonClusteredSemaphore;8;30;1;23;4;132;9
quartz;org.quartz.impl.jdbcjobstore.JTANonClusteredSemaphore$SemaphoreSynchronization;2;4;1;1;1;15;3
quartz;org.quartz.impl.jdbcjobstore.LockException;1;2;5;0;0;8;2
quartz;org.quartz.impl.jdbcjobstore.MSSQLDelegate;3;7;2;6;1;30;4
quartz;org.quartz.impl.jdbcjobstore.NoSuchDelegateException;1;1;5;0;0;5;1
quartz;org.quartz.impl.jdbcjobstore.PointbaseDelegate;8;40;2;52;2;252;11
quartz;org.quartz.impl.jdbcjobstore.PostgreSQLDelegate;4;9;2;5;2;36;4
quartz;org.quartz.impl.jdbcjobstore.SchedulerStateRecord;0;6;1;0;0;23;6
quartz;org.quartz.impl.jdbcjobstore.Semaphore;0;4;1;0;0;6;4
quartz;org.quartz.impl.jdbcjobstore.SimpleSemaphore;3;18;1;17;4;68;6
quartz;org.quartz.impl.jdbcjobstore.StdJDBCConstants;1;0;1;0;0;104;0
quartz;org.quartz.impl.jdbcjobstore.StdJDBCDelegate;19;250;1;164;6;2072;110
quartz;org.quartz.impl.jdbcjobstore.StdRowLockSemaphore;3;13;2;16;3;52;5
quartz;org.quartz.impl.jdbcjobstore.TablePrefixAware;0;1;1;0;0;3;1
quartz;org.quartz.impl.jdbcjobstore.UpdateLockRowSemaphore;3;10;2;14;3;41;4
quartz;org.quartz.impl.jdbcjobstore.Util;0;4;1;2;0;13;4
quartz;org.quartz.impl.QuartzServer;6;14;2;13;3;58;5
quartz;org.quartz.impl.RemoteMBeanScheduler;16;81;1;22;1;241;77
quartz;org.quartz.impl.RemoteScheduler;17;119;1;67;1;468;70
quartz;org.quartz.impl.SchedulerDetailsSetter;3;8;1;12;1;36;3
quartz;org.quartz.impl.SchedulerRepository;3;9;1;6;1;28;6
quartz;org.quartz.impl.StdJobRunShellFactory;4;3;1;1;0;14;3
quartz;org.quartz.impl.StdScheduler;14;69;1;79;0;209;68
quartz;org.quartz.impl.StdSchedulerFactory;37;166;1;142;6;870;21
quartz;org.quartz.InterruptableJob;1;1;1;0;0;3;1
quartz;org.quartz.Job;1;1;1;0;0;3;1
quartz;org.quartz.JobDataMap;3;36;3;25;1;151;31
quartz;org.quartz.JobDetail;7;57;1;28;2;173;31
quartz;org.quartz.JobExecutionContext;9;21;1;23;0;92;21
quartz;org.quartz.JobExecutionException;1;14;4;0;0;49;14
quartz;org.quartz.JobListener;2;4;1;0;0;6;4
quartz;org.quartz.JobPersistenceException;1;4;4;1;0;16;4
quartz;org.quartz.jobs.ee.ejb.EJBInvokerJob;10;23;1;16;4;121;3
quartz;org.quartz.jobs.ee.jms.JmsHelper;4;22;1;9;1;83;6
quartz;org.quartz.jobs.ee.jms.JmsJobException;1;4;4;0;0;14;4
quartz;org.quartz.jobs.ee.jms.JmsMessageFactory;3;1;1;0;0;3;1
quartz;org.quartz.jobs.ee.jms.SendDestinationMessageJob;14;3;1;15;2;38;1
quartz;org.quartz.jobs.ee.jms.SendQueueMessageJob;14;5;1;17;2;48;1
quartz;org.quartz.jobs.ee.jms.SendTopicMessageJob;14;3;1;15;2;38;1
quartz;org.quartz.jobs.ee.jmx.JMXInvokerJob;7;26;1;29;5;109;4
quartz;org.quartz.jobs.ee.mail.SendMailJob$MailInfo;1;17;1;2;0;61;17
quartz;org.quartz.jobs.ee.mail.SendMailJob;12;16;1;42;1;146;9
quartz;org.quartz.jobs.FileScanJob;12;15;1;27;1;63;3
quartz;org.quartz.jobs.FileScanListener;0;1;1;0;0;3;1
quartz;org.quartz.jobs.NativeJob$StreamConsumer;1;7;2;7;3;35;2
quartz;org.quartz.jobs.NativeJob;9;15;2;19;3;113;3
quartz;org.quartz.jobs.NoOpJob;2;2;1;0;0;6;2
quartz;org.quartz.listeners.BroadcastSchedulerListener;4;33;1;21;1;117;19
quartz;org.quartz.listeners.FilterAndBroadcastJobListener;5;32;1;19;2;109;15
quartz;org.quartz.listeners.FilterAndBroadcastTriggerListener;4;36;1;19;2;121;16
quartz;org.quartz.listeners.JobChainingJobListener;7;13;2;16;2;41;4
quartz;org.quartz.listeners.JobListenerSupport;4;4;1;2;0;12;4
quartz;org.quartz.listeners.SchedulerListenerSupport;5;15;1;2;0;34;15
quartz;org.quartz.listeners.TriggerListenerSupport;4;5;1;2;0;15;5
quartz;org.quartz.NthIncludedDayTrigger;5;118;2;38;4;395;33
quartz;org.quartz.ObjectAlreadyExistsException;3;3;5;4;0;11;3
quartz;org.quartz.plugins.history.LoggingJobHistoryPlugin;9;22;1;25;2;84;17
quartz;org.quartz.plugins.history.LoggingTriggerHistoryPlugin;8;24;1;20;1;81;16
quartz;org.quartz.plugins.management.ShutdownHookPlugin;4;7;1;7;0;39;7
quartz;org.quartz.plugins.management.ShutdownHookPlugin$Anonymous1;2;2;1;5;1;11;1
quartz;org.quartz.plugins.SchedulerPluginWithUserTransactionSupport;6;17;1;15;3;81;12
quartz;org.quartz.plugins.xml.XMLSchedulingDataProcessorPlugin$JobFile;5;16;1;13;4;76;6
quartz;org.quartz.plugins.xml.XMLSchedulingDataProcessorPlugin;14;28;2;39;4;193;14
quartz;org.quartz.Scheduler;10;67;1;0;0;76;67
quartz;org.quartz.SchedulerConfigException;1;2;4;1;0;9;2
quartz;org.quartz.SchedulerContext;1;2;3;1;0;9;2
quartz;org.quartz.SchedulerException;1;30;3;4;1;79;16
quartz;org.quartz.SchedulerFactory;1;3;1;0;0;5;3
quartz;org.quartz.SchedulerListener;3;14;1;0;0;16;14
quartz;org.quartz.SchedulerMetaData;1;26;1;20;2;155;19
quartz;org.quartz.simpl.CascadingClassLoadHelper;5;21;1;12;2;89;5
quartz;org.quartz.simpl.HostnameInstanceIdGenerator;2;2;1;2;1;10;1
quartz;org.quartz.simpl.InitThreadContextClassLoadHelper;1;5;1;5;0;18;5
quartz;org.quartz.simpl.LoadingLoaderClassLoadHelper;2;5;1;6;0;16;5
quartz;org.quartz.simpl.PropertySettingJobFactory;10;54;2;38;6;176;9
quartz;org.quartz.simpl.JobWrapper;2;8;1;5;2;30;6
quartz;org.quartz.simpl.TriggerWrapper;3;8;1;8;2;40;6
quartz;org.quartz.simpl.RAMJobStore;17;196;1;93;5;775;55
quartz;org.quartz.simpl.TriggerComparator;3;4;1;4;1;18;2
quartz;org.quartz.simpl.SimpleClassLoadHelper;2;6;1;9;1;24;5
quartz;org.quartz.simpl.SimpleInstanceIdGenerator;2;2;1;3;1;10;1
quartz;org.quartz.simpl.SimpleJobFactory;6;4;1;9;2;20;2
quartz;org.quartz.simpl.SimpleThreadPool;5;56;2;39;4;299;26
quartz;org.quartz.simpl.SimpleThreadPool$WorkerThread;1;19;2;12;4;91;5
quartz;org.quartz.simpl.SimpleTimeBroker;1;3;1;0;0;9;3
quartz;org.quartz.simpl.ThreadContextClassLoadHelper;2;5;1;6;0;16;5
quartz;org.quartz.simpl.ZeroSizeThreadPool;3;10;1;5;0;29;10
quartz;org.quartz.SimpleTrigger;6;127;2;28;3;344;37
quartz;org.quartz.spi.ClassLoadHelper;0;5;1;0;0;7;5
quartz;org.quartz.spi.InstanceIdGenerator;0;1;1;0;0;3;1
quartz;org.quartz.spi.JobFactory;2;1;1;0;0;3;1
quartz;org.quartz.spi.JobStore;7;44;1;0;0;46;44
quartz;org.quartz.spi.SchedulerPlugin;1;3;1;0;0;5;3
quartz;org.quartz.spi.SchedulerSignaler;1;3;1;0;0;5;3
quartz;org.quartz.spi.ThreadPool;0;7;1;0;0;9;7
quartz;org.quartz.spi.TimeBroker;0;3;1;0;0;5;3
quartz;org.quartz.spi.TriggerFiredBundle;3;9;1;0;0;44;9
quartz;org.quartz.StatefulJob;1;0;1;0;0;2;0
quartz;org.quartz.Trigger;8;89;1;29;2;253;54
quartz;org.quartz.TriggerListener;2;5;1;0;0;7;5
quartz;org.quartz.TriggerUtils;5;100;1;48;3;460;50
quartz;org.quartz.UnableToInterruptJobException;1;2;4;0;0;8;2
quartz;org.quartz.utils.CircularLossyQueue;2;15;1;8;1;47;8
quartz;org.quartz.utils.ConnectionProvider;0;2;1;0;0;4;2
quartz;org.quartz.utils.counter.Counter;0;7;1;0;0;9;7
quartz;org.quartz.utils.counter.CounterConfig;2;3;1;0;0;12;3
quartz;org.quartz.utils.counter.CounterImpl;1;9;1;6;0;30;9
quartz;org.quartz.utils.counter.CounterManager;2;3;1;0;0;5;3
quartz;org.quartz.utils.counter.CounterManagerImpl;5;13;1;7;3;48;4
quartz;org.quartz.utils.counter.sampled.SampledCounter;2;4;1;0;0;6;4
quartz;org.quartz.utils.counter.sampled.SampledCounterConfig;3;7;2;0;1;29;5
quartz;org.quartz.utils.counter.sampled.SampledCounterImpl$Anonymous1;1;1;1;1;0;5;1
quartz;org.quartz.utils.counter.sampled.SampledCounterImpl;7;10;2;14;1;52;8
quartz;org.quartz.utils.counter.sampled.SampledRateCounter;1;5;1;0;0;7;5
quartz;org.quartz.utils.counter.sampled.SampledRateCounterConfig;3;3;3;1;0;17;3
quartz;org.quartz.utils.counter.sampled.SampledRateCounterImpl;4;17;3;2;0;58;16
quartz;org.quartz.utils.counter.sampled.TimeStampedCounterValue;0;4;1;0;0;17;4
quartz;org.quartz.utils.DBConnectionManager;2;7;1;4;1;27;5
quartz;org.quartz.utils.DirtyFlagMap$DirtyFlagSet;1;2;2;1;0;8;2
quartz;org.quartz.utils.DirtyFlagMap$DirtyFlagIterator;0;4;1;3;0;16;4
quartz;org.quartz.utils.DirtyFlagMap$DirtyFlagMapEntrySet;3;8;3;10;1;26;4
quartz;org.quartz.utils.DirtyFlagMap$DirtyFlagCollection;1;19;1;13;1;63;15
quartz;org.quartz.utils.DirtyFlagMap;5;28;5;17;2;229;21
quartz;org.quartz.utils.DirtyFlagMap$DirtyFlagMapEntryIterator;2;2;2;1;0;8;2
quartz;org.quartz.utils.DirtyFlagMap$DirtyFlagMapEntry;0;4;1;3;0;16;4
quartz;org.quartz.utils.JNDIConnectionProvider;3;23;1;13;4;88;8
quartz;org.quartz.utils.Key;2;4;2;6;0;16;4
quartz;org.quartz.utils.Pair;1;18;1;4;5;45;8
quartz;org.quartz.utils.PoolingConnectionProvider;4;10;1;12;1;46;6
quartz;org.quartz.utils.PropertiesParser;2;75;1;38;4;276;28
quartz;org.quartz.utils.StringKeyDirtyFlagMap;2;47;2;28;2;152;24
quartz;org.quartz.utils.TriggerStatus;3;8;2;6;0;30;8
quartz;org.quartz.utils.UpdateChecker;3;28;2;41;3;129;13
quartz;org.quartz.xml.ValidationException;1;9;3;13;2;38;6
quartz;org.quartz.xml.XMLSchedulingDataProcessor;20;158;1;132;7;600;40
quartz;org.quartz.xml.XMLSchedulingDataProcessor$Anonymous1;0;7;1;1;1;15;3
quartz;org.quartz.ee.jmx.jboss.JBoss4RMIRemoteMBeanScheduler;3;13;2;9;3;61;7
quartz;org.quartz.ee.jmx.jboss.QuartzService;6;35;2;21;3;182;16
quartz;org.quartz.ee.jmx.jboss.QuartzServiceMBean;1;5;1;0;0;7;5
quartz;org.quartz.impl.jdbcjobstore.oracle.OracleDelegate;11;53;2;64;3;406;12
quartz;org.quartz.impl.jdbcjobstore.oracle.weblogic.WebLogicOracleDelegate;4;8;3;9;3;37;3
quartz;org.quartz.impl.jdbcjobstore.WebLogicDelegate;3;12;2;7;3;45;4
quartz;org.quartz.utils.weblogic.WeblogicConnectionProvider;3;5;1;5;2;22;3
