file,class,type,cbo,wmc,dit,rfc,lcom,tcc,lcc,totalMethodsQty,staticMethodsQty,publicMethodsQty,privateMethodsQty,protectedMethodsQty,defaultMethodsQty,visibleMethodsQty,abstractMethodsQty,finalMethodsQty,synchronizedMethodsQty,totalFieldsQty,staticFieldsQty,publicFieldsQty,privateFieldsQty,protectedFieldsQty,defaultFieldsQty,finalFieldsQty,synchronizedFieldsQty,nosi,loc,returnQty,loopQty,comparisonsQty,tryCatchQty,parenthesizedExpsQty,stringLiteralsQty,numbersQty,assignmentsQty,mathOperationsQty,variablesQty,maxNestedBlocksQty,anonymousClassesQty,innerClassesQty,lambdasQty,uniqueWordsQty,modifiers,logStatementsQty
C:\Users\Win-10\Documents\Mestrado\Sistema\quartz-1.8.3\quartz-1.8.3\examples\src\main\java\org\quartz\examples\example1\HelloJob.java,org.quartz.examples.example1.HelloJob,class,4,2,1,2,1,0.0,0.0,2,0,2,0,0,0,2,0,0,0,1,1,0,1,0,0,0,0,0,8,0,0,0,0,0,1,0,1,1,1,0,0,0,0,47,1,1
C:\Users\Win-10\Documents\Mestrado\Sistema\quartz-1.8.3\quartz-1.8.3\examples\src\main\java\org\quartz\examples\example1\SimpleExample.java,org.quartz.examples.example1.SimpleExample,class,9,3,1,10,1,0.0,0.0,2,1,2,0,0,0,2,0,0,0,0,0,0,0,0,0,0,0,2,30,0,0,0,1,0,12,2,7,2,7,1,0,0,0,52,1,8
C:\Users\Win-10\Documents\Mestrado\Sistema\quartz-1.8.3\quartz-1.8.3\examples\src\main\java\org\quartz\examples\example10\PlugInExample.java,org.quartz.examples.example10.PlugInExample,class,6,3,1,9,1,0.0,0.0,2,1,2,0,0,0,2,0,0,0,0,0,0,0,0,0,0,0,1,27,0,0,0,1,0,9,2,5,2,5,1,0,0,0,53,1,8
C:\Users\Win-10\Documents\Mestrado\Sistema\quartz-1.8.3\quartz-1.8.3\examples\src\main\java\org\quartz\examples\example10\SimpleJob.java,org.quartz.examples.example10.SimpleJob,class,8,4,1,14,1,0.0,0.0,2,0,2,0,0,0,2,0,0,0,1,1,0,1,0,0,0,0,0,19,0,1,0,0,0,6,1,6,2,6,2,0,0,0,51,1,2
C:\Users\Win-10\Documents\Mestrado\Sistema\quartz-1.8.3\quartz-1.8.3\examples\src\main\java\org\quartz\examples\example11\LoadExample.java,org.quartz.examples.example11.LoadExample,class,10,8,1,20,1,0.0,0.0,3,1,3,0,0,0,3,0,0,0,1,0,0,1,0,0,0,0,4,51,1,1,2,1,2,16,13,14,10,12,2,0,0,0,61,1,8
C:\Users\Win-10\Documents\Mestrado\Sistema\quartz-1.8.3\quartz-1.8.3\examples\src\main\java\org\quartz\examples\example11\SimpleJob.java,org.quartz.examples.example11.SimpleJob,class,6,3,1,7,1,0.0,0.0,2,0,2,0,0,0,2,0,0,0,2,2,1,1,0,0,1,0,1,17,0,0,0,1,0,5,0,4,2,4,1,0,0,0,56,1,2
C:\Users\Win-10\Documents\Mestrado\Sistema\quartz-1.8.3\quartz-1.8.3\examples\src\main\java\org\quartz\examples\example12\RemoteClientExample.java,org.quartz.examples.example12.RemoteClientExample,class,10,2,1,7,1,0.0,0.0,2,1,2,0,0,0,2,0,0,0,0,0,0,0,0,0,0,0,0,18,0,0,0,0,0,10,0,7,0,7,0,0,0,0,55,1,1
C:\Users\Win-10\Documents\Mestrado\Sistema\quartz-1.8.3\quartz-1.8.3\examples\src\main\java\org\quartz\examples\example12\RemoteServerExample.java,org.quartz.examples.example12.RemoteServerExample,class,6,3,1,9,1,0.0,0.0,2,1,2,0,0,0,2,0,0,0,0,0,0,0,0,0,0,0,1,27,0,0,0,1,0,9,2,5,2,5,1,0,0,0,70,1,8
C:\Users\Win-10\Documents\Mestrado\Sistema\quartz-1.8.3\quartz-1.8.3\examples\src\main\java\org\quartz\examples\example12\SimpleJob.java,org.quartz.examples.example12.SimpleJob,class,6,2,1,6,1,0.0,0.0,2,0,2,0,0,0,2,0,0,0,2,2,1,1,0,0,1,0,0,12,0,0,0,0,0,4,0,4,2,4,0,0,0,0,51,1,2
C:\Users\Win-10\Documents\Mestrado\Sistema\quartz-1.8.3\quartz-1.8.3\examples\src\main\java\org\quartz\examples\example13\ClusterExample.java,org.quartz.examples.example13.ClusterExample,class,9,13,1,25,1,0.0,0.0,3,1,3,0,0,0,3,0,0,0,1,1,0,1,0,0,0,0,6,93,0,5,0,1,0,38,26,29,27,18,2,0,0,0,165,1,13
C:\Users\Win-10\Documents\Mestrado\Sistema\quartz-1.8.3\quartz-1.8.3\examples\src\main\java\org\quartz\examples\example13\SimpleRecoveryJob.java,org.quartz.examples.example13.SimpleRecoveryJob,class,8,5,1,10,1,0.0,0.0,2,0,2,0,0,0,2,0,0,0,2,2,0,2,0,0,1,0,1,32,0,0,0,1,0,8,3,7,4,6,1,0,0,0,68,1,3
C:\Users\Win-10\Documents\Mestrado\Sistema\quartz-1.8.3\quartz-1.8.3\examples\src\main\java\org\quartz\examples\example13\SimpleRecoveryStatefulJob.java,org.quartz.examples.example13.SimpleRecoveryStatefulJob,class,2,1,2,0,0,NaN,NaN,1,0,1,0,0,0,1,0,0,0,0,0,0,0,0,0,0,0,0,5,0,0,0,0,0,0,0,0,0,0,0,0,0,0,15,1,0
C:\Users\Win-10\Documents\Mestrado\Sistema\quartz-1.8.3\quartz-1.8.3\examples\src\main\java\org\quartz\examples\example14\PriorityExample.java,org.quartz.examples.example14.PriorityExample,class,9,3,1,14,1,0.0,0.0,2,1,2,0,0,0,2,0,0,0,0,0,0,0,0,0,0,0,2,39,0,0,0,1,0,15,14,9,4,9,1,0,0,0,51,1,7
C:\Users\Win-10\Documents\Mestrado\Sistema\quartz-1.8.3\quartz-1.8.3\examples\src\main\java\org\quartz\examples\example14\TriggerEchoJob.java,org.quartz.examples.example14.TriggerEchoJob,class,5,2,1,4,1,0.0,0.0,2,0,2,0,0,0,2,0,0,0,1,1,0,1,0,0,1,0,0,8,0,0,0,0,0,1,0,1,1,1,0,0,0,0,48,1,1
C:\Users\Win-10\Documents\Mestrado\Sistema\quartz-1.8.3\quartz-1.8.3\examples\src\main\java\org\quartz\examples\example15\ClusterExample.java,org.quartz.examples.example15.ClusterExample,class,9,13,1,25,1,0.0,0.0,3,1,3,0,0,0,3,0,0,0,1,1,0,1,0,0,0,0,6,93,0,5,0,1,0,38,26,29,27,18,2,0,0,0,158,1,13
C:\Users\Win-10\Documents\Mestrado\Sistema\quartz-1.8.3\quartz-1.8.3\examples\src\main\java\org\quartz\examples\example15\SimpleRecoveryJob.java,org.quartz.examples.example15.SimpleRecoveryJob,class,8,5,1,10,1,0.0,0.0,2,0,2,0,0,0,2,0,0,0,2,2,0,2,0,0,1,0,1,32,0,0,0,1,0,8,3,7,4,6,1,0,0,0,68,1,3
C:\Users\Win-10\Documents\Mestrado\Sistema\quartz-1.8.3\quartz-1.8.3\examples\src\main\java\org\quartz\examples\example15\SimpleRecoveryStatefulJob.java,org.quartz.examples.example15.SimpleRecoveryStatefulJob,class,2,1,2,0,0,NaN,NaN,1,0,1,0,0,0,1,0,0,0,0,0,0,0,0,0,0,0,0,5,0,0,0,0,0,0,0,0,0,0,0,0,0,0,15,1,0
C:\Users\Win-10\Documents\Mestrado\Sistema\quartz-1.8.3\quartz-1.8.3\examples\src\main\java\org\quartz\examples\example2\SimpleJob.java,org.quartz.examples.example2.SimpleJob,class,5,2,1,4,1,0.0,0.0,2,0,2,0,0,0,2,0,0,0,1,1,0,1,0,0,0,0,0,9,0,0,0,0,0,2,0,2,1,2,0,0,0,0,43,1,1
C:\Users\Win-10\Documents\Mestrado\Sistema\quartz-1.8.3\quartz-1.8.3\examples\src\main\java\org\quartz\examples\example2\SimpleTriggerExample.java,org.quartz.examples.example2.SimpleTriggerExample,class,10,4,1,20,1,0.0,0.0,2,1,2,0,0,0,2,0,0,0,0,0,0,0,0,0,0,0,3,75,0,0,0,2,0,100,29,32,29,9,1,0,0,0,62,1,21
C:\Users\Win-10\Documents\Mestrado\Sistema\quartz-1.8.3\quartz-1.8.3\examples\src\main\java\org\quartz\examples\example3\CronTriggerExample.java,org.quartz.examples.example3.CronTriggerExample,class,9,3,1,13,1,0.0,0.0,2,1,2,0,0,0,2,0,0,0,0,0,0,0,0,0,0,0,1,63,0,0,0,1,0,73,2,26,9,8,1,0,0,0,66,1,16
C:\Users\Win-10\Documents\Mestrado\Sistema\quartz-1.8.3\quartz-1.8.3\examples\src\main\java\org\quartz\examples\example3\SimpleJob.java,org.quartz.examples.example3.SimpleJob,class,5,2,1,4,1,0.0,0.0,2,0,2,0,0,0,2,0,0,0,1,1,0,1,0,0,0,0,0,9,0,0,0,0,0,2,0,2,1,2,0,0,0,0,50,1,1
C:\Users\Win-10\Documents\Mestrado\Sistema\quartz-1.8.3\quartz-1.8.3\examples\src\main\java\org\quartz\examples\example4\ColorJob.java,org.quartz.examples.example4.ColorJob,class,7,2,1,8,1,0.0,0.0,2,0,2,0,0,0,2,0,0,0,4,3,2,2,0,0,2,0,0,18,0,0,0,0,0,10,1,8,1,8,0,0,0,0,78,1,1
C:\Users\Win-10\Documents\Mestrado\Sistema\quartz-1.8.3\quartz-1.8.3\examples\src\main\java\org\quartz\examples\example4\JobStateExample.java,org.quartz.examples.example4.JobStateExample,class,11,3,1,18,1,0.0,0.0,2,1,2,0,0,0,2,0,0,0,0,0,0,0,0,0,0,0,2,41,0,0,0,1,0,32,12,12,9,12,1,0,0,0,63,1,11
C:\Users\Win-10\Documents\Mestrado\Sistema\quartz-1.8.3\quartz-1.8.3\examples\src\main\java\org\quartz\examples\example5\MisfireExample.java,org.quartz.examples.example5.MisfireExample,class,12,3,1,18,1,0.0,0.0,2,1,2,0,0,0,2,0,0,0,0,0,0,0,0,0,0,0,2,39,0,0,0,1,0,25,9,12,8,9,1,0,0,0,119,1,10
C:\Users\Win-10\Documents\Mestrado\Sistema\quartz-1.8.3\quartz-1.8.3\examples\src\main\java\org\quartz\examples\example5\MisfireJob.java,org.quartz.examples.example5.MisfireJob,class,8,4,1,8,1,0.0,0.0,2,0,2,0,0,0,2,0,0,0,3,3,2,1,0,0,2,0,1,22,0,0,0,1,0,6,1,7,2,6,1,0,0,0,61,1,2
C:\Users\Win-10\Documents\Mestrado\Sistema\quartz-1.8.3\quartz-1.8.3\examples\src\main\java\org\quartz\examples\example5\StatefulDumbJob.java,org.quartz.examples.example5.StatefulDumbJob,class,6,5,1,9,1,0.0,0.0,2,0,2,0,0,0,2,0,0,0,2,2,2,0,0,0,2,0,1,26,0,0,0,1,0,8,2,7,2,5,1,0,0,0,54,1,0
C:\Users\Win-10\Documents\Mestrado\Sistema\quartz-1.8.3\quartz-1.8.3\examples\src\main\java\org\quartz\examples\example6\BadJob1.java,org.quartz.examples.example6.BadJob1,class,6,3,1,5,1,0.0,0.0,2,0,2,0,0,0,2,0,0,0,1,1,0,1,0,0,0,0,0,20,0,0,0,1,0,5,2,5,3,5,1,0,0,0,48,1,3
C:\Users\Win-10\Documents\Mestrado\Sistema\quartz-1.8.3\quartz-1.8.3\examples\src\main\java\org\quartz\examples\example6\BadJob2.java,org.quartz.examples.example6.BadJob2,class,6,3,1,5,1,0.0,0.0,2,0,2,0,0,0,2,0,0,0,1,1,0,1,0,0,0,0,0,20,0,0,0,1,0,5,2,5,3,5,1,0,0,0,48,1,3
C:\Users\Win-10\Documents\Mestrado\Sistema\quartz-1.8.3\quartz-1.8.3\examples\src\main\java\org\quartz\examples\example6\JobExceptionExample.java,org.quartz.examples.example6.JobExceptionExample,class,11,3,1,15,1,0.0,0.0,2,1,2,0,0,0,2,0,0,0,0,0,0,0,0,0,0,0,2,36,0,0,0,1,0,25,7,12,8,9,1,0,0,0,57,1,10
C:\Users\Win-10\Documents\Mestrado\Sistema\quartz-1.8.3\quartz-1.8.3\examples\src\main\java\org\quartz\examples\example7\DumbInterruptableJob.java,org.quartz.examples.example7.DumbInterruptableJob,class,5,6,1,6,1,0.0,0.0,3,0,3,0,0,0,3,0,0,0,3,1,0,3,0,0,0,0,1,32,1,1,0,2,0,9,3,6,4,4,3,0,0,0,70,1,4
C:\Users\Win-10\Documents\Mestrado\Sistema\quartz-1.8.3\quartz-1.8.3\examples\src\main\java\org\quartz\examples\example7\InterruptExample.java,org.quartz.examples.example7.InterruptExample,class,10,4,1,18,1,0.0,0.0,2,1,2,0,0,0,2,0,0,0,0,0,0,0,0,0,0,0,2,35,0,1,0,1,0,17,6,10,4,10,2,0,0,0,121,1,9
C:\Users\Win-10\Documents\Mestrado\Sistema\quartz-1.8.3\quartz-1.8.3\examples\src\main\java\org\quartz\examples\example8\CalendarExample.java,org.quartz.examples.example8.CalendarExample,class,12,3,1,17,1,0.0,0.0,2,1,2,0,0,0,2,0,0,0,0,0,0,0,0,0,0,0,2,41,0,0,0,1,0,19,20,13,6,13,1,0,0,0,71,1,9
C:\Users\Win-10\Documents\Mestrado\Sistema\quartz-1.8.3\quartz-1.8.3\examples\src\main\java\org\quartz\examples\example8\SimpleJob.java,org.quartz.examples.example8.SimpleJob,class,5,2,1,4,1,0.0,0.0,2,0,2,0,0,0,2,0,0,0,1,1,0,1,0,0,0,0,0,9,0,0,0,0,0,2,0,2,1,2,0,0,0,0,43,1,1
C:\Users\Win-10\Documents\Mestrado\Sistema\quartz-1.8.3\quartz-1.8.3\examples\src\main\java\org\quartz\examples\example9\Job1Listener.java,org.quartz.examples.example9.Job1Listener,class,9,5,1,6,0,0.0,0.0,4,0,4,0,0,0,4,0,0,0,1,1,0,1,0,0,0,0,0,24,1,0,0,1,0,7,2,3,0,3,1,0,0,0,48,1,4
C:\Users\Win-10\Documents\Mestrado\Sistema\quartz-1.8.3\quartz-1.8.3\examples\src\main\java\org\quartz\examples\example9\ListenerExample.java,org.quartz.examples.example9.ListenerExample,class,11,3,1,13,1,0.0,0.0,2,1,2,0,0,0,2,0,0,0,0,0,0,0,0,0,0,0,1,33,0,0,0,1,0,13,4,8,2,8,1,0,0,0,55,1,8
C:\Users\Win-10\Documents\Mestrado\Sistema\quartz-1.8.3\quartz-1.8.3\examples\src\main\java\org\quartz\examples\example9\SimpleJob1.java,org.quartz.examples.example9.SimpleJob1,class,5,2,1,4,1,0.0,0.0,2,0,2,0,0,0,2,0,0,0,1,1,0,1,0,0,0,0,0,9,0,0,0,0,0,2,0,2,1,2,0,0,0,0,44,1,1
C:\Users\Win-10\Documents\Mestrado\Sistema\quartz-1.8.3\quartz-1.8.3\examples\src\main\java\org\quartz\examples\example9\SimpleJob2.java,org.quartz.examples.example9.SimpleJob2,class,5,2,1,4,1,0.0,0.0,2,0,2,0,0,0,2,0,0,0,1,1,0,1,0,0,0,0,0,9,0,0,0,0,0,2,0,2,1,2,0,0,0,0,44,1,1
C:\Users\Win-10\Documents\Mestrado\Sistema\quartz-1.8.3\quartz-1.8.3\quartz\src\main\java\org\quartz\Calendar.java,org.quartz.Calendar,interface,1,7,1,0,21,0.0,0.0,7,0,0,0,0,7,7,0,0,0,1,0,0,0,0,1,0,0,0,10,0,0,0,0,0,0,1,1,0,1,0,0,0,0,119,1,0
C:\Users\Win-10\Documents\Mestrado\Sistema\quartz-1.8.3\quartz-1.8.3\quartz\src\main\java\org\quartz\core\jmx\JobDataMapSupport.java,org.quartz.core.jmx.JobDataMapSupport,class,4,8,1,17,3,0.0,0.0,3,3,3,0,0,0,4,0,0,0,5,5,1,4,0,0,5,0,2,43,3,2,0,2,0,6,0,12,0,12,1,0,0,0,41,1,0
C:\Users\Win-10\Documents\Mestrado\Sistema\quartz-1.8.3\quartz-1.8.3\quartz\src\main\java\org\quartz\core\jmx\JobDetailSupport.java,org.quartz.core.jmx.JobDetailSupport,class,3,9,1,26,1,0.0,0.0,3,3,3,0,0,0,4,0,0,0,10,10,0,10,0,0,10,0,4,58,3,1,1,3,0,22,1,15,0,15,2,0,0,0,44,1,0
C:\Users\Win-10\Documents\Mestrado\Sistema\quartz-1.8.3\quartz-1.8.3\quartz\src\main\java\org\quartz\core\jmx\JobExecutionContextSupport.java,org.quartz.core.jmx.JobExecutionContextSupport,class,7,11,1,31,3,0.0,0.0,3,3,2,1,0,0,3,0,0,0,10,10,0,10,0,0,10,0,6,52,4,2,1,3,0,32,0,15,0,15,3,0,0,0,54,1,0
C:\Users\Win-10\Documents\Mestrado\Sistema\quartz-1.8.3\quartz-1.8.3\quartz\src\main\java\org\quartz\core\jmx\QuartzSchedulerMBean.java,org.quartz.core.jmx.QuartzSchedulerMBean,interface,0,49,1,0,1176,0.0,0.0,49,0,0,0,0,49,49,0,0,0,18,18,0,0,0,18,18,0,0,69,0,0,0,0,0,18,0,18,0,18,0,0,0,0,100,1,0
C:\Users\Win-10\Documents\Mestrado\Sistema\quartz-1.8.3\quartz-1.8.3\quartz\src\main\java\org\quartz\core\jmx\TriggerSupport.java,org.quartz.core.jmx.TriggerSupport,class,3,7,1,22,1,0.0,0.0,2,2,2,0,0,0,3,0,0,0,10,10,0,10,0,0,10,0,2,40,2,1,1,2,0,38,0,12,0,12,2,0,0,0,34,1,0
C:\Users\Win-10\Documents\Mestrado\Sistema\quartz-1.8.3\quartz-1.8.3\quartz\src\main\java\org\quartz\core\JobRunShell.java,org.quartz.core.JobRunShell,class,16,48,4,44,21,0.0,0.0,14,0,8,3,3,0,11,0,0,0,7,0,0,1,6,0,1,0,6,251,13,3,3,20,0,46,7,38,28,22,5,0,1,0,151,1,3
C:\Users\Win-10\Documents\Mestrado\Sistema\quartz-1.8.3\quartz-1.8.3\quartz\src\main\java\org\quartz\core\JobRunShell.java,org.quartz.core.JobRunShell$VetoedException,innerclass,0,1,3,0,0,NaN,NaN,1,0,1,0,0,0,1,0,0,0,0,0,0,0,0,0,0,0,0,4,0,0,0,0,0,0,0,0,0,0,0,0,0,0,2,0,0
C:\Users\Win-10\Documents\Mestrado\Sistema\quartz-1.8.3\quartz-1.8.3\quartz\src\main\java\org\quartz\core\JobRunShellFactory.java,org.quartz.core.JobRunShellFactory,interface,3,3,1,0,3,0.0,0.0,3,0,0,0,0,3,3,0,0,0,0,0,0,0,0,0,0,0,0,5,0,0,0,0,0,0,0,0,0,0,0,0,0,0,70,1,0
C:\Users\Win-10\Documents\Mestrado\Sistema\quartz-1.8.3\quartz-1.8.3\quartz\src\main\java\org\quartz\core\NullSampledStatisticsImpl.java,org.quartz.core.NullSampledStatisticsImpl,class,1,4,1,0,6,0.0,0.0,4,0,4,0,0,0,4,0,0,0,0,0,0,0,0,0,0,0,0,13,3,0,0,0,0,0,3,0,0,0,0,0,0,0,13,1,0
C:\Users\Win-10\Documents\Mestrado\Sistema\quartz-1.8.3\quartz-1.8.3\quartz\src\main\java\org\quartz\core\QuartzScheduler.java,org.quartz.core.QuartzScheduler$Anonymous1,anonymous,1,3,1,4,0,NaN,NaN,1,0,1,0,0,0,1,0,0,0,0,0,0,0,0,0,0,0,1,15,0,0,0,2,0,1,1,0,1,0,1,0,0,0,16,-1,1
C:\Users\Win-10\Documents\Mestrado\Sistema\quartz-1.8.3\quartz-1.8.3\quartz\src\main\java\org\quartz\core\QuartzScheduler.java,org.quartz.core.QuartzScheduler,class,35,282,1,223,4171,0.0,0.0,119,3,106,10,3,0,110,0,0,0,26,3,0,24,0,2,2,0,18,1151,66,30,62,34,11,100,48,195,39,141,4,1,0,0,423,1,27
C:\Users\Win-10\Documents\Mestrado\Sistema\quartz-1.8.3\quartz-1.8.3\quartz\src\main\java\org\quartz\core\QuartzScheduler.java,org.quartz.core.ErrorLogger,class,2,2,2,2,1,0.0,0.0,2,0,1,0,0,1,2,0,0,0,0,0,0,0,0,0,0,0,0,7,0,0,0,0,0,0,0,0,0,0,0,0,0,0,10,0,1
C:\Users\Win-10\Documents\Mestrado\Sistema\quartz-1.8.3\quartz-1.8.3\quartz\src\main\java\org\quartz\core\QuartzScheduler.java,org.quartz.core.ExecutingJobsManager,class,4,8,1,9,14,0.0,0.0,8,0,7,0,0,1,8,0,0,0,2,0,0,0,0,2,0,0,1,35,4,0,0,0,0,0,1,2,0,2,1,0,0,0,27,0,0
C:\Users\Win-10\Documents\Mestrado\Sistema\quartz-1.8.3\quartz-1.8.3\quartz\src\main\java\org\quartz\core\QuartzSchedulerMBeanImpl.java,org.quartz.core.QuartzSchedulerMBeanImpl$Emitter,innerclass,1,1,2,1,0,NaN,NaN,1,0,1,0,0,0,1,0,0,0,0,0,0,0,0,0,0,0,0,5,1,0,0,0,0,0,0,0,0,0,0,0,0,0,7,2,0
C:\Users\Win-10\Documents\Mestrado\Sistema\quartz-1.8.3\quartz-1.8.3\quartz\src\main\java\org\quartz\core\QuartzSchedulerMBeanImpl.java,org.quartz.core.QuartzSchedulerMBeanImpl,class,19,88,3,85,671,0.0,0.0,75,0,74,0,1,0,76,0,0,1,7,2,0,5,2,0,5,0,17,317,33,4,4,3,0,19,0,27,4,24,2,0,1,0,152,1,0
C:\Users\Win-10\Documents\Mestrado\Sistema\quartz-1.8.3\quartz-1.8.3\quartz\src\main\java\org\quartz\core\QuartzSchedulerResources.java,org.quartz.core.QuartzSchedulerResources,class,5,61,1,9,801,0.0,0.0,42,2,42,0,0,0,42,0,0,0,22,3,3,19,0,0,3,0,2,191,22,0,14,0,2,20,7,37,5,22,1,0,0,0,163,1,0
C:\Users\Win-10\Documents\Mestrado\Sistema\quartz-1.8.3\quartz-1.8.3\quartz\src\main\java\org\quartz\core\QuartzSchedulerThread.java,org.quartz.core.QuartzSchedulerThread,class,11,71,2,52,49,0.0,0.0,19,0,9,4,0,6,15,0,0,0,14,1,0,14,0,0,1,0,11,328,10,5,9,15,2,27,27,57,29,30,9,0,0,0,194,1,12
C:\Users\Win-10\Documents\Mestrado\Sistema\quartz-1.8.3\quartz-1.8.3\quartz\src\main\java\org\quartz\core\RemotableQuartzScheduler.java,org.quartz.core.RemotableQuartzScheduler,interface,9,70,1,0,2415,0.0,0.0,70,0,0,0,0,70,70,0,0,0,0,0,0,0,0,0,0,0,0,72,0,0,0,0,0,0,0,0,0,0,0,0,0,0,85,1,0
C:\Users\Win-10\Documents\Mestrado\Sistema\quartz-1.8.3\quartz-1.8.3\quartz\src\main\java\org\quartz\core\SampledStatistics.java,org.quartz.core.SampledStatistics,interface,0,4,1,0,6,0.0,0.0,4,0,0,0,0,4,4,0,0,0,0,0,0,0,0,0,0,0,0,6,0,0,0,0,0,0,0,0,0,0,0,0,0,0,11,1,0
C:\Users\Win-10\Documents\Mestrado\Sistema\quartz-1.8.3\quartz-1.8.3\quartz\src\main\java\org\quartz\core\SampledStatisticsImpl.java,org.quartz.core.SampledStatisticsImpl,class,18,14,2,9,51,0.0,0.0,14,0,12,1,0,1,13,0,0,0,10,5,0,10,0,0,9,0,0,59,5,0,0,0,0,2,3,10,1,10,0,0,0,0,76,1,0
C:\Users\Win-10\Documents\Mestrado\Sistema\quartz-1.8.3\quartz-1.8.3\quartz\src\main\java\org\quartz\core\SchedulerSignalerImpl.java,org.quartz.core.SchedulerSignalerImpl,class,6,5,1,9,0,0.0,0.0,4,0,4,0,0,0,4,0,0,0,3,0,0,0,2,1,0,0,0,25,0,0,0,1,0,3,0,3,1,3,1,0,0,0,44,1,2
C:\Users\Win-10\Documents\Mestrado\Sistema\quartz-1.8.3\quartz-1.8.3\quartz\src\main\java\org\quartz\core\SchedulingContext.java,org.quartz.core.SchedulingContext,class,1,4,1,1,0,0.0,0.0,4,0,4,0,0,0,4,0,0,0,1,0,0,1,0,0,0,0,0,14,1,0,0,0,0,0,0,1,0,1,0,0,0,0,27,1,0
C:\Users\Win-10\Documents\Mestrado\Sistema\quartz-1.8.3\quartz-1.8.3\quartz\src\main\java\org\quartz\CriticalSchedulerException.java,org.quartz.CriticalSchedulerException,class,1,1,4,1,0,NaN,NaN,1,0,1,0,0,0,1,0,0,0,0,0,0,0,0,0,0,0,0,6,0,0,0,0,0,0,0,0,0,0,0,0,0,0,38,1,0
C:\Users\Win-10\Documents\Mestrado\Sistema\quartz-1.8.3\quartz-1.8.3\quartz\src\main\java\org\quartz\CronExpression.java,org.quartz.CronExpression,class,2,338,1,67,379,0.0,0.0,31,1,12,1,18,0,31,0,0,0,28,14,0,3,25,0,14,0,18,1134,72,11,151,6,65,103,300,268,73,128,6,0,0,0,445,1,0
C:\Users\Win-10\Documents\Mestrado\Sistema\quartz-1.8.3\quartz-1.8.3\quartz\src\main\java\org\quartz\CronExpression.java,org.quartz.ValueSet,class,0,0,1,0,0,-1.0,-1.0,0,0,0,0,0,0,0,0,0,0,2,0,2,0,0,0,0,0,0,4,0,0,0,0,0,0,0,0,0,2,0,0,0,0,4,0,0
C:\Users\Win-10\Documents\Mestrado\Sistema\quartz-1.8.3\quartz-1.8.3\quartz\src\main\java\org\quartz\CronTrigger.java,org.quartz.CronTrigger,class,6,105,2,43,537,0.0,0.0,38,0,35,0,3,0,38,0,0,0,10,4,2,7,1,0,4,0,10,293,32,5,47,0,9,3,14,55,5,28,3,0,0,0,372,1,0
C:\Users\Win-10\Documents\Mestrado\Sistema\quartz-1.8.3\quartz-1.8.3\quartz\src\main\java\org\quartz\DateIntervalTrigger.java,org.quartz.DateIntervalTrigger$IntervalUnit,enum,0,0,1,0,0,-1.0,-1.0,0,0,0,0,0,0,0,0,0,0,0,0,0,0,0,0,0,0,0,1,0,0,0,0,0,0,0,0,0,0,0,0,0,0,7,1,0
C:\Users\Win-10\Documents\Mestrado\Sistema\quartz-1.8.3\quartz-1.8.3\quartz\src\main\java\org\quartz\DateIntervalTrigger.java,org.quartz.DateIntervalTrigger,class,7,118,2,31,333,0.0,0.0,31,0,29,0,2,0,31,0,0,0,12,4,2,10,0,0,4,0,7,323,28,8,32,0,23,5,47,72,38,36,4,0,1,0,287,1,0
C:\Users\Win-10\Documents\Mestrado\Sistema\quartz-1.8.3\quartz-1.8.3\quartz\src\main\java\org\quartz\ee\jta\JTAJobRunShell.java,org.quartz.ee.jta.JTAJobRunShell,class,8,15,3,10,4,0.0,0.0,5,0,2,1,2,0,4,0,0,0,1,0,0,1,0,0,0,0,2,75,1,0,4,5,0,9,0,5,0,2,3,0,0,0,73,1,5
C:\Users\Win-10\Documents\Mestrado\Sistema\quartz-1.8.3\quartz-1.8.3\quartz\src\main\java\org\quartz\ee\jta\JTAJobRunShellFactory.java,org.quartz.ee.jta.JTAJobRunShellFactory,class,5,4,1,1,4,0.0,0.0,4,0,4,0,0,0,4,0,0,0,2,0,0,2,0,0,0,0,0,16,1,0,0,0,0,0,0,2,0,2,0,0,0,0,65,1,0
C:\Users\Win-10\Documents\Mestrado\Sistema\quartz-1.8.3\quartz-1.8.3\quartz\src\main\java\org\quartz\ee\jta\UserTransactionHelper.java,org.quartz.ee.jta.UserTransactionHelper$UserTransactionWithContext,innerclass,4,16,1,13,0,0.0,0.0,10,1,8,1,1,0,9,0,0,0,2,0,0,0,0,2,0,0,2,66,2,0,3,4,0,5,0,3,0,2,2,0,0,0,67,10,2
C:\Users\Win-10\Documents\Mestrado\Sistema\quartz-1.8.3\quartz-1.8.3\quartz\src\main\java\org\quartz\ee\jta\UserTransactionHelper.java,org.quartz.ee.jta.UserTransactionHelper,class,4,8,1,2,8,0.0,0.0,5,4,4,1,0,0,4,0,0,0,3,3,1,2,0,0,1,0,0,90,2,0,2,0,2,1,0,5,0,4,1,0,1,0,92,1,0
C:\Users\Win-10\Documents\Mestrado\Sistema\quartz-1.8.3\quartz-1.8.3\quartz\src\main\java\org\quartz\ee\servlet\QuartzInitializerListener.java,org.quartz.ee.servlet.QuartzInitializerListener,class,6,20,1,18,0,0.0,0.0,2,0,2,0,0,0,2,0,0,0,4,1,1,3,0,0,2,0,3,78,1,0,11,3,1,22,4,23,5,12,3,0,0,0,161,1,9
C:\Users\Win-10\Documents\Mestrado\Sistema\quartz-1.8.3\quartz-1.8.3\quartz\src\main\java\org\quartz\ee\servlet\QuartzInitializerServlet.java,org.quartz.ee.servlet.QuartzInitializerServlet,class,7,17,2,17,4,0.0,0.0,4,0,4,0,0,0,4,0,0,0,3,1,1,2,0,0,1,0,3,78,1,0,6,3,1,17,4,16,5,10,3,0,0,0,176,1,0
C:\Users\Win-10\Documents\Mestrado\Sistema\quartz-1.8.3\quartz-1.8.3\quartz\src\main\java\org\quartz\helpers\VersionPrinter.java,org.quartz.helpers.VersionPrinter,class,1,2,1,4,1,NaN,NaN,2,1,1,1,0,0,1,0,0,0,0,0,0,0,0,0,0,0,3,7,0,0,0,0,0,3,0,0,1,0,0,0,0,0,20,1,0
C:\Users\Win-10\Documents\Mestrado\Sistema\quartz-1.8.3\quartz-1.8.3\quartz\src\main\java\org\quartz\impl\calendar\AnnualCalendar.java,org.quartz.impl.calendar.AnnualCalendar,class,4,35,2,17,48,0.0,0.0,13,0,12,1,0,0,12,0,0,0,3,1,0,2,0,1,1,0,1,124,14,3,10,0,3,1,3,23,0,15,2,0,0,0,111,1,0
C:\Users\Win-10\Documents\Mestrado\Sistema\quartz-1.8.3\quartz-1.8.3\quartz\src\main\java\org\quartz\impl\calendar\AnnualCalendar.java,org.quartz.impl.calendar.CalendarComparator,class,0,6,1,1,1,0.0,0.0,2,0,2,0,0,0,2,0,0,0,0,0,0,0,0,0,0,0,0,25,5,0,0,0,0,0,5,6,0,6,1,0,0,0,12,0,0
C:\Users\Win-10\Documents\Mestrado\Sistema\quartz-1.8.3\quartz-1.8.3\quartz\src\main\java\org\quartz\impl\calendar\BaseCalendar.java,org.quartz.impl.calendar.BaseCalendar,class,2,26,1,15,74,0.0,0.0,17,0,13,0,4,0,17,0,0,0,4,1,0,3,0,1,1,0,2,93,12,0,6,1,1,3,11,10,0,8,2,0,0,0,160,1,0
C:\Users\Win-10\Documents\Mestrado\Sistema\quartz-1.8.3\quartz-1.8.3\quartz\src\main\java\org\quartz\impl\calendar\CronCalendar.java,org.quartz.impl.calendar.CronCalendar,class,4,20,2,15,0,0.0,0.0,12,0,12,0,0,0,12,0,0,0,2,1,0,0,0,2,1,0,0,74,7,1,5,0,6,5,2,11,1,6,2,0,0,0,150,1,0
C:\Users\Win-10\Documents\Mestrado\Sistema\quartz-1.8.3\quartz-1.8.3\quartz\src\main\java\org\quartz\impl\calendar\DailyCalendar.java,org.quartz.impl.calendar.DailyCalendar,class,3,56,2,35,216,0.0,0.0,24,0,22,2,0,0,22,0,0,0,18,9,0,17,0,1,9,0,9,269,10,2,7,0,18,29,36,53,10,42,3,0,0,0,249,1,0
C:\Users\Win-10\Documents\Mestrado\Sistema\quartz-1.8.3\quartz-1.8.3\quartz\src\main\java\org\quartz\impl\calendar\HolidayCalendar.java,org.quartz.impl.calendar.HolidayCalendar,class,3,14,2,12,25,0.0,0.0,10,0,10,0,0,0,10,0,0,0,2,1,0,1,0,1,1,0,1,49,5,1,2,0,3,0,3,10,0,8,1,0,0,0,96,1,0
C:\Users\Win-10\Documents\Mestrado\Sistema\quartz-1.8.3\quartz-1.8.3\quartz\src\main\java\org\quartz\impl\calendar\MonthlyCalendar.java,org.quartz.impl.calendar.MonthlyCalendar,class,4,27,2,12,22,0.0,0.0,12,0,12,0,0,0,12,0,0,0,4,2,0,3,0,1,2,0,0,88,11,2,6,0,7,5,10,19,5,11,2,0,0,0,128,1,0
C:\Users\Win-10\Documents\Mestrado\Sistema\quartz-1.8.3\quartz-1.8.3\quartz\src\main\java\org\quartz\impl\calendar\WeeklyCalendar.java,org.quartz.impl.calendar.WeeklyCalendar,class,4,20,2,12,22,0.0,0.0,12,0,12,0,0,0,12,0,0,0,3,1,0,2,0,1,1,0,0,75,11,1,5,0,3,0,5,19,0,9,1,0,0,0,115,1,0
C:\Users\Win-10\Documents\Mestrado\Sistema\quartz-1.8.3\quartz-1.8.3\quartz\src\main\java\org\quartz\impl\DirectSchedulerFactory.java,org.quartz.impl.DirectSchedulerFactory,class,21,21,1,46,99,0.0,0.0,15,1,13,0,2,0,15,0,0,0,5,3,2,3,0,0,3,0,7,101,5,2,3,0,2,5,3,24,2,22,2,0,0,0,206,1,2
C:\Users\Win-10\Documents\Mestrado\Sistema\quartz-1.8.3\quartz-1.8.3\quartz\src\main\java\org\quartz\impl\jdbcjobstore\AttributeRestoringConnectionInvocationHandler.java,org.quartz.impl.jdbcjobstore.AttributeRestoringConnectionInvocationHandler,class,2,19,1,18,0,0.0,0.0,8,0,7,0,1,0,8,0,0,0,5,0,0,5,0,0,0,0,0,73,4,0,4,2,2,5,2,7,0,7,2,0,0,0,114,1,2
C:\Users\Win-10\Documents\Mestrado\Sistema\quartz-1.8.3\quartz-1.8.3\quartz\src\main\java\org\quartz\impl\jdbcjobstore\CloudscapeDelegate.java,org.quartz.impl.jdbcjobstore.CloudscapeDelegate,class,3,5,2,3,3,0.0,0.0,3,0,2,0,1,0,3,0,0,0,0,0,0,0,0,0,0,0,0,23,1,0,2,1,0,0,1,5,0,4,2,0,0,0,111,1,0
C:\Users\Win-10\Documents\Mestrado\Sistema\quartz-1.8.3\quartz-1.8.3\quartz\src\main\java\org\quartz\impl\jdbcjobstore\Constants.java,org.quartz.impl.jdbcjobstore.Constants,interface,0,0,1,0,0,-1.0,-1.0,0,0,0,0,0,0,0,0,0,0,64,0,0,0,0,64,0,0,0,66,0,0,0,0,0,64,0,64,0,64,0,0,0,0,69,1,0
C:\Users\Win-10\Documents\Mestrado\Sistema\quartz-1.8.3\quartz-1.8.3\quartz\src\main\java\org\quartz\impl\jdbcjobstore\DB2v6Delegate.java,org.quartz.impl.jdbcjobstore.DB2v6Delegate,class,2,10,2,8,15,0.0,0.0,6,0,6,0,0,0,6,0,0,0,4,4,4,0,0,0,4,0,0,83,5,0,0,4,0,7,10,26,4,15,2,0,0,0,69,1,0
C:\Users\Win-10\Documents\Mestrado\Sistema\quartz-1.8.3\quartz-1.8.3\quartz\src\main\java\org\quartz\impl\jdbcjobstore\DB2v7Delegate.java,org.quartz.impl.jdbcjobstore.DB2v7Delegate,class,2,6,2,3,6,0.0,0.0,4,0,2,0,2,0,4,0,0,0,0,0,0,0,0,0,0,0,0,14,0,0,1,0,4,2,0,0,0,0,0,0,0,0,72,1,0
C:\Users\Win-10\Documents\Mestrado\Sistema\quartz-1.8.3\quartz-1.8.3\quartz\src\main\java\org\quartz\impl\jdbcjobstore\DB2v8Delegate.java,org.quartz.impl.jdbcjobstore.DB2v8Delegate,class,2,4,2,1,3,0.0,0.0,3,0,2,0,1,0,3,0,0,0,0,0,0,0,0,0,0,0,0,11,0,0,0,0,2,0,2,0,0,0,0,0,0,0,47,1,0
C:\Users\Win-10\Documents\Mestrado\Sistema\quartz-1.8.3\quartz-1.8.3\quartz\src\main\java\org\quartz\impl\jdbcjobstore\DBSemaphore.java,org.quartz.impl.jdbcjobstore.DBSemaphore,class,7,24,1,23,52,0.0,0.0,13,0,6,2,5,0,11,1,0,0,5,0,0,4,0,1,1,0,6,82,7,0,4,0,2,12,1,13,5,7,2,0,0,0,97,1025,5
C:\Users\Win-10\Documents\Mestrado\Sistema\quartz-1.8.3\quartz-1.8.3\quartz\src\main\java\org\quartz\impl\jdbcjobstore\DriverDelegate.java,org.quartz.impl.jdbcjobstore.DriverDelegate,interface,9,91,1,0,4095,0.0,0.0,91,0,0,0,0,91,91,0,0,0,0,0,0,0,0,0,0,0,0,93,0,0,0,0,0,0,0,0,0,0,0,0,0,0,294,1,0
C:\Users\Win-10\Documents\Mestrado\Sistema\quartz-1.8.3\quartz-1.8.3\quartz\src\main\java\org\quartz\impl\jdbcjobstore\FiredTriggerRecord.java,org.quartz.impl.jdbcjobstore.FiredTriggerRecord,class,1,20,1,0,170,0.0,0.0,20,0,20,0,0,0,20,0,0,0,10,0,0,10,0,0,0,0,0,72,10,0,0,0,0,0,0,10,0,10,0,0,0,0,38,1,0
C:\Users\Win-10\Documents\Mestrado\Sistema\quartz-1.8.3\quartz-1.8.3\quartz\src\main\java\org\quartz\impl\jdbcjobstore\HSQLDBDelegate.java,org.quartz.impl.jdbcjobstore.HSQLDBDelegate,class,3,7,2,6,6,0.0,0.0,4,0,2,0,2,0,4,0,0,0,0,0,0,0,0,0,0,0,0,30,4,0,2,1,0,0,1,5,0,4,1,0,0,0,97,1,0
C:\Users\Win-10\Documents\Mestrado\Sistema\quartz-1.8.3\quartz-1.8.3\quartz\src\main\java\org\quartz\impl\jdbcjobstore\InvalidConfigurationException.java,org.quartz.impl.jdbcjobstore.InvalidConfigurationException,class,0,2,3,0,1,0.0,0.0,2,0,2,0,0,0,2,0,0,0,0,0,0,0,0,0,0,0,0,8,0,0,0,0,0,0,0,0,0,0,0,0,0,0,17,1,0
C:\Users\Win-10\Documents\Mestrado\Sistema\quartz-1.8.3\quartz-1.8.3\quartz\src\main\java\org\quartz\impl\jdbcjobstore\JobStoreCMT.java,org.quartz.impl.jdbcjobstore.JobStoreCMT,class,9,24,2,24,35,0.0,0.0,10,0,8,0,2,0,10,0,0,0,3,0,0,0,3,0,0,0,2,102,5,0,5,6,0,15,0,13,4,6,3,0,0,0,167,1,3
C:\Users\Win-10\Documents\Mestrado\Sistema\quartz-1.8.3\quartz-1.8.3\quartz\src\main\java\org\quartz\impl\jdbcjobstore\JobStoreSupport.java,org.quartz.impl.jdbcjobstore.JobStoreSupport$MisfireHandler,innerclass,3,14,2,20,6,0.0,0.0,5,0,3,1,0,1,4,0,0,0,2,0,0,2,0,0,0,0,4,56,2,1,1,2,1,5,9,11,5,6,4,0,0,0,47,0,2
C:\Users\Win-10\Documents\Mestrado\Sistema\quartz-1.8.3\quartz-1.8.3\quartz\src\main\java\org\quartz\impl\jdbcjobstore\JobStoreSupport.java,org.quartz.impl.jdbcjobstore.JobStoreSupport$Anonymous1,anonymous,1,1,1,1,0,NaN,NaN,1,0,1,0,0,0,1,0,0,0,0,0,0,0,0,0,0,0,0,5,0,0,0,0,0,0,0,0,0,0,0,0,0,0,11,-1,0
C:\Users\Win-10\Documents\Mestrado\Sistema\quartz-1.8.3\quartz-1.8.3\quartz\src\main\java\org\quartz\impl\jdbcjobstore\JobStoreSupport.java,org.quartz.impl.jdbcjobstore.JobStoreSupport$Anonymous40,anonymous,1,1,1,1,0,NaN,NaN,1,0,1,0,0,0,1,0,0,0,0,0,0,0,0,0,0,0,0,6,1,0,0,0,0,0,0,0,0,0,0,0,0,0,8,-1,0
C:\Users\Win-10\Documents\Mestrado\Sistema\quartz-1.8.3\quartz-1.8.3\quartz\src\main\java\org\quartz\impl\jdbcjobstore\JobStoreSupport.java,org.quartz.impl.jdbcjobstore.JobStoreSupport$Anonymous30,anonymous,1,1,1,1,0,NaN,NaN,1,0,1,0,0,0,1,0,0,0,0,0,0,0,0,0,0,0,0,5,0,0,0,0,0,0,0,0,0,0,0,0,0,0,9,-1,0
C:\Users\Win-10\Documents\Mestrado\Sistema\quartz-1.8.3\quartz-1.8.3\quartz\src\main\java\org\quartz\impl\jdbcjobstore\JobStoreSupport.java,org.quartz.impl.jdbcjobstore.JobStoreSupport$Anonymous22,anonymous,1,1,1,1,0,NaN,NaN,1,0,1,0,0,0,1,0,0,0,0,0,0,0,0,0,0,0,0,5,1,0,0,0,0,0,0,0,0,0,0,0,0,0,10,-1,0
C:\Users\Win-10\Documents\Mestrado\Sistema\quartz-1.8.3\quartz-1.8.3\quartz\src\main\java\org\quartz\impl\jdbcjobstore\JobStoreSupport.java,org.quartz.impl.jdbcjobstore.JobStoreSupport$TransactionCallback,interface,0,1,1,0,0,NaN,NaN,1,0,0,0,0,1,1,0,0,0,0,0,0,0,0,0,0,0,0,3,0,0,0,0,0,0,0,0,0,0,0,0,0,0,23,4,0
C:\Users\Win-10\Documents\Mestrado\Sistema\quartz-1.8.3\quartz-1.8.3\quartz\src\main\java\org\quartz\impl\jdbcjobstore\JobStoreSupport.java,org.quartz.impl.jdbcjobstore.JobStoreSupport$Anonymous7,anonymous,2,1,1,1,0,NaN,NaN,1,0,1,0,0,0,1,0,0,0,0,0,0,0,0,0,0,0,0,5,1,0,0,0,0,0,0,0,0,0,0,0,0,0,8,-1,0
C:\Users\Win-10\Documents\Mestrado\Sistema\quartz-1.8.3\quartz-1.8.3\quartz\src\main\java\org\quartz\impl\jdbcjobstore\JobStoreSupport.java,org.quartz.impl.jdbcjobstore.JobStoreSupport$Anonymous12,anonymous,1,1,1,1,0,NaN,NaN,1,0,1,0,0,0,1,0,0,0,0,0,0,0,0,0,0,0,0,5,0,0,0,0,0,0,0,0,0,0,0,0,0,0,8,-1,0
C:\Users\Win-10\Documents\Mestrado\Sistema\quartz-1.8.3\quartz-1.8.3\quartz\src\main\java\org\quartz\impl\jdbcjobstore\JobStoreSupport.java,org.quartz.impl.jdbcjobstore.JobStoreSupport$Anonymous34,anonymous,1,1,1,1,0,NaN,NaN,1,0,1,0,0,0,1,0,0,0,0,0,0,0,0,0,0,0,0,5,0,0,0,0,0,0,0,0,0,0,0,0,0,0,8,-1,0
C:\Users\Win-10\Documents\Mestrado\Sistema\quartz-1.8.3\quartz-1.8.3\quartz\src\main\java\org\quartz\impl\jdbcjobstore\JobStoreSupport.java,org.quartz.impl.jdbcjobstore.JobStoreSupport$Anonymous20,anonymous,1,1,1,1,0,NaN,NaN,1,0,1,0,0,0,1,0,0,0,0,0,0,0,0,0,0,0,0,5,1,0,0,0,0,0,0,0,0,0,0,0,0,0,10,-1,0
C:\Users\Win-10\Documents\Mestrado\Sistema\quartz-1.8.3\quartz-1.8.3\quartz\src\main\java\org\quartz\impl\jdbcjobstore\JobStoreSupport.java,org.quartz.impl.jdbcjobstore.JobStoreSupport$Anonymous9,anonymous,1,2,1,1,0,NaN,NaN,1,0,1,0,0,0,1,0,0,0,0,0,0,0,0,0,0,0,0,5,1,0,0,0,0,0,0,0,0,0,0,0,0,0,9,-1,0
C:\Users\Win-10\Documents\Mestrado\Sistema\quartz-1.8.3\quartz-1.8.3\quartz\src\main\java\org\quartz\impl\jdbcjobstore\JobStoreSupport.java,org.quartz.impl.jdbcjobstore.JobStoreSupport$Anonymous10,anonymous,2,1,1,1,0,NaN,NaN,1,0,1,0,0,0,1,0,0,0,0,0,0,0,0,0,0,0,0,5,1,0,0,0,0,0,0,0,0,0,0,0,0,0,9,-1,0
C:\Users\Win-10\Documents\Mestrado\Sistema\quartz-1.8.3\quartz-1.8.3\quartz\src\main\java\org\quartz\impl\jdbcjobstore\JobStoreSupport.java,org.quartz.impl.jdbcjobstore.JobStoreSupport$Anonymous32,anonymous,1,1,1,1,0,NaN,NaN,1,0,1,0,0,0,1,0,0,0,0,0,0,0,0,0,0,0,0,5,0,0,0,0,0,0,0,0,0,0,0,0,0,0,9,-1,0
C:\Users\Win-10\Documents\Mestrado\Sistema\quartz-1.8.3\quartz-1.8.3\quartz\src\main\java\org\quartz\impl\jdbcjobstore\JobStoreSupport.java,org.quartz.impl.jdbcjobstore.JobStoreSupport$Anonymous26,anonymous,2,3,1,5,0,NaN,NaN,1,0,1,0,0,0,1,0,0,0,0,0,0,0,0,0,0,0,0,11,0,2,0,0,0,0,2,4,0,4,2,0,0,0,16,-1,0
C:\Users\Win-10\Documents\Mestrado\Sistema\quartz-1.8.3\quartz-1.8.3\quartz\src\main\java\org\quartz\impl\jdbcjobstore\JobStoreSupport.java,org.quartz.impl.jdbcjobstore.JobStoreSupport$Anonymous3,anonymous,5,3,1,5,0,NaN,NaN,1,0,1,0,0,0,1,0,0,0,0,0,0,0,0,0,0,0,0,11,0,0,0,0,0,1,0,1,0,1,1,0,0,0,15,-1,0
C:\Users\Win-10\Documents\Mestrado\Sistema\quartz-1.8.3\quartz-1.8.3\quartz\src\main\java\org\quartz\impl\jdbcjobstore\JobStoreSupport.java,org.quartz.impl.jdbcjobstore.JobStoreSupport$Anonymous16,anonymous,1,1,1,1,0,NaN,NaN,1,0,1,0,0,0,1,0,0,0,0,0,0,0,0,0,0,0,0,5,1,0,0,0,0,0,0,0,0,0,0,0,0,0,12,-1,0
C:\Users\Win-10\Documents\Mestrado\Sistema\quartz-1.8.3\quartz-1.8.3\quartz\src\main\java\org\quartz\impl\jdbcjobstore\JobStoreSupport.java,org.quartz.impl.jdbcjobstore.JobStoreSupport$Anonymous38,anonymous,4,3,1,2,0,NaN,NaN,1,0,1,0,0,0,1,0,0,0,0,0,0,0,0,0,0,0,0,15,2,0,1,1,0,0,0,0,0,0,2,0,0,0,11,-1,0
C:\Users\Win-10\Documents\Mestrado\Sistema\quartz-1.8.3\quartz-1.8.3\quartz\src\main\java\org\quartz\impl\jdbcjobstore\JobStoreSupport.java,org.quartz.impl.jdbcjobstore.JobStoreSupport$Anonymous24,anonymous,1,1,1,1,0,NaN,NaN,1,0,1,0,0,0,1,0,0,0,0,0,0,0,0,0,0,0,0,5,0,0,0,0,0,0,0,0,0,0,0,0,0,0,8,-1,0
C:\Users\Win-10\Documents\Mestrado\Sistema\quartz-1.8.3\quartz-1.8.3\quartz\src\main\java\org\quartz\impl\jdbcjobstore\JobStoreSupport.java,org.quartz.impl.jdbcjobstore.JobStoreSupport$Anonymous5,anonymous,1,1,1,1,0,NaN,NaN,1,0,1,0,0,0,1,0,0,0,0,0,0,0,0,0,0,0,0,5,0,0,0,0,0,0,0,0,0,0,0,0,0,0,8,-1,0
C:\Users\Win-10\Documents\Mestrado\Sistema\quartz-1.8.3\quartz-1.8.3\quartz\src\main\java\org\quartz\impl\jdbcjobstore\JobStoreSupport.java,org.quartz.impl.jdbcjobstore.JobStoreSupport$Anonymous14,anonymous,2,1,1,1,0,NaN,NaN,1,0,1,0,0,0,1,0,0,0,0,0,0,0,0,0,0,0,0,5,1,0,0,0,0,0,0,0,0,0,0,0,0,0,9,-1,0
C:\Users\Win-10\Documents\Mestrado\Sistema\quartz-1.8.3\quartz-1.8.3\quartz\src\main\java\org\quartz\impl\jdbcjobstore\JobStoreSupport.java,org.quartz.impl.jdbcjobstore.JobStoreSupport$Anonymous36,anonymous,2,1,1,1,0,NaN,NaN,1,0,1,0,0,0,1,0,0,0,0,0,0,0,0,0,0,0,0,5,1,0,0,0,0,0,0,0,0,0,0,0,0,0,10,-1,0
C:\Users\Win-10\Documents\Mestrado\Sistema\quartz-1.8.3\quartz-1.8.3\quartz\src\main\java\org\quartz\impl\jdbcjobstore\JobStoreSupport.java,org.quartz.impl.jdbcjobstore.JobStoreSupport$Anonymous28,anonymous,2,2,1,4,0,NaN,NaN,1,0,1,0,0,0,1,0,0,0,0,0,0,0,0,0,0,0,0,8,0,1,0,0,0,0,1,2,0,2,1,0,0,0,13,-1,0
C:\Users\Win-10\Documents\Mestrado\Sistema\quartz-1.8.3\quartz-1.8.3\quartz\src\main\java\org\quartz\impl\jdbcjobstore\JobStoreSupport.java,org.quartz.impl.jdbcjobstore.JobStoreSupport$Anonymous18,anonymous,1,1,1,1,0,NaN,NaN,1,0,1,0,0,0,1,0,0,0,0,0,0,0,0,0,0,0,0,5,1,0,0,0,0,0,0,0,0,0,0,0,0,0,9,-1,0
C:\Users\Win-10\Documents\Mestrado\Sistema\quartz-1.8.3\quartz-1.8.3\quartz\src\main\java\org\quartz\impl\jdbcjobstore\JobStoreSupport.java,org.quartz.impl.jdbcjobstore.JobStoreSupport$ClusterManager,innerclass,2,14,2,18,6,0.0,0.0,5,0,3,1,0,1,4,0,0,0,2,0,0,2,0,0,0,0,3,55,1,1,1,2,1,5,9,11,6,5,3,0,0,0,45,0,2
C:\Users\Win-10\Documents\Mestrado\Sistema\quartz-1.8.3\quartz-1.8.3\quartz\src\main\java\org\quartz\impl\jdbcjobstore\JobStoreSupport.java,org.quartz.impl.jdbcjobstore.JobStoreSupport,class,36,443,3,263,11418,0.0,0.0,157,0,91,4,62,0,153,2,0,1,39,6,0,22,17,0,6,0,20,1991,109,20,71,65,37,170,55,236,96,167,7,41,5,0,700,1025,32
C:\Users\Win-10\Documents\Mestrado\Sistema\quartz-1.8.3\quartz-1.8.3\quartz\src\main\java\org\quartz\impl\jdbcjobstore\JobStoreSupport.java,org.quartz.impl.jdbcjobstore.JobStoreSupport$VoidTransactionCallback,interface,0,1,1,0,0,NaN,NaN,1,0,0,0,0,1,1,0,0,0,0,0,0,0,0,0,0,0,0,3,0,0,0,0,0,0,0,0,0,0,0,0,0,0,21,4,0
C:\Users\Win-10\Documents\Mestrado\Sistema\quartz-1.8.3\quartz-1.8.3\quartz\src\main\java\org\quartz\impl\jdbcjobstore\JobStoreSupport.java,org.quartz.impl.jdbcjobstore.JobStoreSupport$Anonymous41,anonymous,1,1,1,1,0,NaN,NaN,1,0,1,0,0,0,1,0,0,0,0,0,0,0,0,0,0,0,0,6,1,0,0,0,0,0,0,0,0,0,0,0,0,0,8,-1,0
C:\Users\Win-10\Documents\Mestrado\Sistema\quartz-1.8.3\quartz-1.8.3\quartz\src\main\java\org\quartz\impl\jdbcjobstore\JobStoreSupport.java,org.quartz.impl.jdbcjobstore.JobStoreSupport$Anonymous6,anonymous,1,2,1,1,0,NaN,NaN,1,0,1,0,0,0,1,0,0,0,0,0,0,0,0,0,0,0,0,5,1,0,0,0,0,0,0,0,0,0,0,0,0,0,8,-1,0
C:\Users\Win-10\Documents\Mestrado\Sistema\quartz-1.8.3\quartz-1.8.3\quartz\src\main\java\org\quartz\impl\jdbcjobstore\JobStoreSupport.java,org.quartz.impl.jdbcjobstore.JobStoreSupport$Anonymous11,anonymous,1,1,1,1,0,NaN,NaN,1,0,1,0,0,0,1,0,0,0,0,0,0,0,0,0,0,0,0,5,1,0,0,0,0,0,0,0,0,0,0,0,0,0,11,-1,0
C:\Users\Win-10\Documents\Mestrado\Sistema\quartz-1.8.3\quartz-1.8.3\quartz\src\main\java\org\quartz\impl\jdbcjobstore\JobStoreSupport.java,org.quartz.impl.jdbcjobstore.JobStoreSupport$Anonymous33,anonymous,1,1,1,1,0,NaN,NaN,1,0,1,0,0,0,1,0,0,0,0,0,0,0,0,0,0,0,0,5,0,0,0,0,0,0,0,0,0,0,0,0,0,0,8,-1,0
C:\Users\Win-10\Documents\Mestrado\Sistema\quartz-1.8.3\quartz-1.8.3\quartz\src\main\java\org\quartz\impl\jdbcjobstore\JobStoreSupport.java,org.quartz.impl.jdbcjobstore.JobStoreSupport$Anonymous23,anonymous,2,1,1,1,0,NaN,NaN,1,0,1,0,0,0,1,0,0,0,0,0,0,0,0,0,0,0,0,5,1,0,0,0,0,0,0,0,0,0,0,0,0,0,10,-1,0
C:\Users\Win-10\Documents\Mestrado\Sistema\quartz-1.8.3\quartz-1.8.3\quartz\src\main\java\org\quartz\impl\jdbcjobstore\JobStoreSupport.java,org.quartz.impl.jdbcjobstore.JobStoreSupport$Anonymous8,anonymous,1,2,1,1,0,NaN,NaN,1,0,1,0,0,0,1,0,0,0,0,0,0,0,0,0,0,0,0,5,1,0,0,0,0,0,0,0,0,0,0,0,0,0,9,-1,0
C:\Users\Win-10\Documents\Mestrado\Sistema\quartz-1.8.3\quartz-1.8.3\quartz\src\main\java\org\quartz\impl\jdbcjobstore\JobStoreSupport.java,org.quartz.impl.jdbcjobstore.JobStoreSupport$Anonymous31,anonymous,1,1,1,1,0,NaN,NaN,1,0,1,0,0,0,1,0,0,0,0,0,0,0,0,0,0,0,0,5,1,0,0,0,0,0,0,0,0,0,0,0,0,0,11,-1,0
C:\Users\Win-10\Documents\Mestrado\Sistema\quartz-1.8.3\quartz-1.8.3\quartz\src\main\java\org\quartz\impl\jdbcjobstore\JobStoreSupport.java,org.quartz.impl.jdbcjobstore.JobStoreSupport$Anonymous21,anonymous,1,1,1,1,0,NaN,NaN,1,0,1,0,0,0,1,0,0,0,0,0,0,0,0,0,0,0,0,5,1,0,0,0,0,0,0,0,0,0,0,0,0,0,11,-1,0
C:\Users\Win-10\Documents\Mestrado\Sistema\quartz-1.8.3\quartz-1.8.3\quartz\src\main\java\org\quartz\impl\jdbcjobstore\JobStoreSupport.java,org.quartz.impl.jdbcjobstore.JobStoreSupport$Anonymous2,anonymous,1,1,1,1,0,NaN,NaN,1,0,1,0,0,0,1,0,0,0,0,0,0,0,0,0,0,0,0,5,0,0,0,0,0,0,0,0,0,0,0,0,0,0,8,-1,0
C:\Users\Win-10\Documents\Mestrado\Sistema\quartz-1.8.3\quartz-1.8.3\quartz\src\main\java\org\quartz\impl\jdbcjobstore\JobStoreSupport.java,org.quartz.impl.jdbcjobstore.JobStoreSupport$Anonymous15,anonymous,1,1,1,1,0,NaN,NaN,1,0,1,0,0,0,1,0,0,0,0,0,0,0,0,0,0,0,0,5,1,0,0,0,0,0,0,0,0,0,0,0,0,0,12,-1,0
C:\Users\Win-10\Documents\Mestrado\Sistema\quartz-1.8.3\quartz-1.8.3\quartz\src\main\java\org\quartz\impl\jdbcjobstore\JobStoreSupport.java,org.quartz.impl.jdbcjobstore.JobStoreSupport$Anonymous37,anonymous,1,1,1,1,0,NaN,NaN,1,0,1,0,0,0,1,0,0,0,0,0,0,0,0,0,0,0,0,5,0,0,0,0,0,0,0,0,0,0,0,0,0,0,9,-1,0
C:\Users\Win-10\Documents\Mestrado\Sistema\quartz-1.8.3\quartz-1.8.3\quartz\src\main\java\org\quartz\impl\jdbcjobstore\JobStoreSupport.java,org.quartz.impl.jdbcjobstore.JobStoreSupport$Anonymous27,anonymous,1,1,1,1,0,NaN,NaN,1,0,1,0,0,0,1,0,0,0,0,0,0,0,0,0,0,0,0,5,0,0,0,0,0,0,0,0,0,0,0,0,0,0,8,-1,0
C:\Users\Win-10\Documents\Mestrado\Sistema\quartz-1.8.3\quartz-1.8.3\quartz\src\main\java\org\quartz\impl\jdbcjobstore\JobStoreSupport.java,org.quartz.impl.jdbcjobstore.JobStoreSupport$Anonymous4,anonymous,1,1,1,1,0,NaN,NaN,1,0,1,0,0,0,1,0,0,0,0,0,0,0,0,0,0,0,0,5,0,0,0,0,0,0,0,0,0,0,0,0,0,0,7,-1,0
C:\Users\Win-10\Documents\Mestrado\Sistema\quartz-1.8.3\quartz-1.8.3\quartz\src\main\java\org\quartz\impl\jdbcjobstore\JobStoreSupport.java,org.quartz.impl.jdbcjobstore.JobStoreSupport$Anonymous13,anonymous,1,2,1,1,0,NaN,NaN,1,0,1,0,0,0,1,0,0,0,0,0,0,0,0,0,0,0,0,5,1,0,0,0,0,0,0,0,0,0,0,0,0,0,9,-1,0
C:\Users\Win-10\Documents\Mestrado\Sistema\quartz-1.8.3\quartz-1.8.3\quartz\src\main\java\org\quartz\impl\jdbcjobstore\JobStoreSupport.java,org.quartz.impl.jdbcjobstore.JobStoreSupport$Anonymous35,anonymous,2,1,1,1,0,NaN,NaN,1,0,1,0,0,0,1,0,0,0,0,0,0,0,0,0,0,0,0,5,1,0,0,0,0,0,0,0,0,0,0,0,0,0,10,-1,0
C:\Users\Win-10\Documents\Mestrado\Sistema\quartz-1.8.3\quartz-1.8.3\quartz\src\main\java\org\quartz\impl\jdbcjobstore\JobStoreSupport.java,org.quartz.impl.jdbcjobstore.JobStoreSupport$Anonymous25,anonymous,2,2,1,4,0,NaN,NaN,1,0,1,0,0,0,1,0,0,0,0,0,0,0,0,0,0,0,0,8,0,1,0,0,0,0,1,2,0,2,1,0,0,0,13,-1,0
C:\Users\Win-10\Documents\Mestrado\Sistema\quartz-1.8.3\quartz-1.8.3\quartz\src\main\java\org\quartz\impl\jdbcjobstore\JobStoreSupport.java,org.quartz.impl.jdbcjobstore.JobStoreSupport$Anonymous19,anonymous,1,1,1,1,0,NaN,NaN,1,0,1,0,0,0,1,0,0,0,0,0,0,0,0,0,0,0,0,5,1,0,0,0,0,0,0,0,0,0,0,0,0,0,10,-1,0
C:\Users\Win-10\Documents\Mestrado\Sistema\quartz-1.8.3\quartz-1.8.3\quartz\src\main\java\org\quartz\impl\jdbcjobstore\JobStoreSupport.java,org.quartz.impl.jdbcjobstore.JobStoreSupport$Anonymous17,anonymous,1,1,1,1,0,NaN,NaN,1,0,1,0,0,0,1,0,0,0,0,0,0,0,0,0,0,0,0,5,1,0,0,0,0,0,0,0,0,0,0,0,0,0,12,-1,0
C:\Users\Win-10\Documents\Mestrado\Sistema\quartz-1.8.3\quartz-1.8.3\quartz\src\main\java\org\quartz\impl\jdbcjobstore\JobStoreSupport.java,org.quartz.impl.jdbcjobstore.JobStoreSupport$Anonymous39,anonymous,1,1,1,1,0,NaN,NaN,1,0,1,0,0,0,1,0,0,0,0,0,0,0,0,0,0,0,0,5,0,0,0,0,0,0,0,0,0,0,0,0,0,0,8,-1,0
C:\Users\Win-10\Documents\Mestrado\Sistema\quartz-1.8.3\quartz-1.8.3\quartz\src\main\java\org\quartz\impl\jdbcjobstore\JobStoreSupport.java,org.quartz.impl.jdbcjobstore.JobStoreSupport$Anonymous29,anonymous,2,3,1,5,0,NaN,NaN,1,0,1,0,0,0,1,0,0,0,0,0,0,0,0,0,0,0,0,11,0,2,0,0,0,0,2,4,0,4,2,0,0,0,16,-1,0
C:\Users\Win-10\Documents\Mestrado\Sistema\quartz-1.8.3\quartz-1.8.3\quartz\src\main\java\org\quartz\impl\jdbcjobstore\JobStoreSupport.java,org.quartz.impl.jdbcjobstore.JobStoreSupport$RecoverMisfiredJobsResult,innerclass,1,4,1,0,0,0.0,0.0,4,0,4,0,0,0,4,0,0,0,4,1,1,3,0,0,1,0,0,20,3,0,0,0,0,0,1,4,0,4,0,0,0,0,33,12,0
C:\Users\Win-10\Documents\Mestrado\Sistema\quartz-1.8.3\quartz-1.8.3\quartz\src\main\java\org\quartz\impl\jdbcjobstore\JobStoreTX.java,org.quartz.impl.jdbcjobstore.JobStoreTX,class,4,3,2,5,3,0.0,0.0,3,0,1,0,2,0,3,0,0,0,0,0,0,0,0,0,0,0,0,12,2,0,0,0,0,1,0,0,0,0,0,0,0,0,93,1,1
C:\Users\Win-10\Documents\Mestrado\Sistema\quartz-1.8.3\quartz-1.8.3\quartz\src\main\java\org\quartz\impl\jdbcjobstore\JTANonClusteredSemaphore.java,org.quartz.impl.jdbcjobstore.JTANonClusteredSemaphore,class,8,30,1,23,30,0.0,0.0,9,0,5,1,3,0,8,0,0,4,5,1,1,2,0,2,2,0,8,132,7,1,5,4,0,25,0,17,9,11,4,0,1,0,173,1,8
C:\Users\Win-10\Documents\Mestrado\Sistema\quartz-1.8.3\quartz-1.8.3\quartz\src\main\java\org\quartz\impl\jdbcjobstore\JTANonClusteredSemaphore.java,org.quartz.impl.jdbcjobstore.JTANonClusteredSemaphore$SemaphoreSynchronization,innerclass,2,4,1,1,1,0.0,0.0,3,0,3,0,0,0,3,0,0,0,1,0,0,1,0,0,0,0,0,15,0,0,0,1,0,0,0,1,0,1,1,0,0,0,26,2,0
C:\Users\Win-10\Documents\Mestrado\Sistema\quartz-1.8.3\quartz-1.8.3\quartz\src\main\java\org\quartz\impl\jdbcjobstore\LockException.java,org.quartz.impl.jdbcjobstore.LockException,class,1,2,5,0,1,0.0,0.0,2,0,2,0,0,0,2,0,0,0,0,0,0,0,0,0,0,0,0,8,0,0,0,0,0,0,0,0,0,0,0,0,0,0,20,1,0
C:\Users\Win-10\Documents\Mestrado\Sistema\quartz-1.8.3\quartz-1.8.3\quartz\src\main\java\org\quartz\impl\jdbcjobstore\MSSQLDelegate.java,org.quartz.impl.jdbcjobstore.MSSQLDelegate,class,3,7,2,6,6,0.0,0.0,4,0,2,0,2,0,4,0,0,0,0,0,0,0,0,0,0,0,0,30,4,0,2,1,0,0,1,5,0,4,1,0,0,0,93,1,0
C:\Users\Win-10\Documents\Mestrado\Sistema\quartz-1.8.3\quartz-1.8.3\quartz\src\main\java\org\quartz\impl\jdbcjobstore\NoSuchDelegateException.java,org.quartz.impl.jdbcjobstore.NoSuchDelegateException,class,1,1,5,0,0,NaN,NaN,1,0,1,0,0,0,1,0,0,0,0,0,0,0,0,0,0,0,0,5,0,0,0,0,0,0,0,0,0,0,0,0,0,0,20,1,0
C:\Users\Win-10\Documents\Mestrado\Sistema\quartz-1.8.3\quartz-1.8.3\quartz\src\main\java\org\quartz\impl\jdbcjobstore\PointbaseDelegate.java,org.quartz.impl.jdbcjobstore.PointbaseDelegate,class,8,40,2,52,55,0.0,0.0,11,0,9,0,2,0,11,0,0,0,0,0,0,0,0,0,0,0,8,252,11,4,16,8,4,0,79,68,0,51,2,0,0,0,156,1,0
C:\Users\Win-10\Documents\Mestrado\Sistema\quartz-1.8.3\quartz-1.8.3\quartz\src\main\java\org\quartz\impl\jdbcjobstore\PostgreSQLDelegate.java,org.quartz.impl.jdbcjobstore.PostgreSQLDelegate,class,4,9,2,5,6,0.0,0.0,4,0,2,0,2,0,4,0,0,0,0,0,0,0,0,0,0,0,0,36,4,0,4,1,0,0,2,9,0,6,2,0,0,0,97,1,0
C:\Users\Win-10\Documents\Mestrado\Sistema\quartz-1.8.3\quartz-1.8.3\quartz\src\main\java\org\quartz\impl\jdbcjobstore\SchedulerStateRecord.java,org.quartz.impl.jdbcjobstore.SchedulerStateRecord,class,0,6,1,0,9,0.0,0.0,6,0,6,0,0,0,6,0,0,0,3,0,0,3,0,0,0,0,0,23,3,0,0,0,0,0,0,3,0,3,0,0,0,0,21,1,0
C:\Users\Win-10\Documents\Mestrado\Sistema\quartz-1.8.3\quartz-1.8.3\quartz\src\main\java\org\quartz\impl\jdbcjobstore\Semaphore.java,org.quartz.impl.jdbcjobstore.Semaphore,interface,0,4,1,0,6,0.0,0.0,4,0,0,0,0,4,4,0,0,0,0,0,0,0,0,0,0,0,0,6,0,0,0,0,0,0,0,0,0,0,0,0,0,0,62,1,0
C:\Users\Win-10\Documents\Mestrado\Sistema\quartz-1.8.3\quartz-1.8.3\quartz\src\main\java\org\quartz\impl\jdbcjobstore\SimpleSemaphore.java,org.quartz.impl.jdbcjobstore.SimpleSemaphore,class,3,18,1,17,11,0.0,0.0,6,0,4,1,1,0,5,0,0,3,3,0,0,1,0,2,1,0,7,68,5,1,1,1,0,18,0,9,7,5,4,0,0,0,84,1,7
C:\Users\Win-10\Documents\Mestrado\Sistema\quartz-1.8.3\quartz-1.8.3\quartz\src\main\java\org\quartz\impl\jdbcjobstore\StdJDBCConstants.java,org.quartz.impl.jdbcjobstore.StdJDBCConstants,interface,1,0,1,0,0,-1.0,-1.0,0,0,0,0,0,0,0,0,0,0,102,0,0,0,0,102,0,0,0,104,0,0,0,0,0,555,0,102,107,102,0,0,0,0,44,1,0
C:\Users\Win-10\Documents\Mestrado\Sistema\quartz-1.8.3\quartz-1.8.3\quartz\src\main\java\org\quartz\impl\jdbcjobstore\StdJDBCDelegate.java,org.quartz.impl.jdbcjobstore.StdJDBCDelegate,class,19,250,1,164,5899,0.0,0.0,110,0,93,2,15,0,108,0,1,0,4,0,0,0,4,0,0,0,38,2072,120,32,43,99,12,23,333,519,9,326,6,0,0,0,451,1,3
C:\Users\Win-10\Documents\Mestrado\Sistema\quartz-1.8.3\quartz-1.8.3\quartz\src\main\java\org\quartz\impl\jdbcjobstore\StdRowLockSemaphore.java,org.quartz.impl.jdbcjobstore.StdRowLockSemaphore,class,3,13,2,16,8,0.0,0.0,5,0,3,0,2,0,5,0,0,0,1,1,1,0,0,0,1,0,3,52,1,0,2,3,0,10,1,5,5,3,3,0,0,0,90,1,2
C:\Users\Win-10\Documents\Mestrado\Sistema\quartz-1.8.3\quartz-1.8.3\quartz\src\main\java\org\quartz\impl\jdbcjobstore\TablePrefixAware.java,org.quartz.impl.jdbcjobstore.TablePrefixAware,interface,0,1,1,0,0,NaN,NaN,1,0,0,0,0,1,1,0,0,0,0,0,0,0,0,0,0,0,0,3,0,0,0,0,0,0,0,0,0,0,0,0,0,0,26,1,0
C:\Users\Win-10\Documents\Mestrado\Sistema\quartz-1.8.3\quartz-1.8.3\quartz\src\main\java\org\quartz\impl\jdbcjobstore\UpdateLockRowSemaphore.java,org.quartz.impl.jdbcjobstore.UpdateLockRowSemaphore,class,3,10,2,14,6,0.0,0.0,4,0,2,0,2,0,4,0,0,0,1,1,1,0,0,0,1,0,3,41,1,0,1,2,0,12,2,4,5,3,3,0,0,0,91,1,2
C:\Users\Win-10\Documents\Mestrado\Sistema\quartz-1.8.3\quartz-1.8.3\quartz\src\main\java\org\quartz\impl\jdbcjobstore\Util.java,org.quartz.impl.jdbcjobstore.Util,class,0,4,1,2,6,0.0,0.0,4,3,1,1,0,2,3,0,0,0,0,0,0,0,0,0,0,0,1,13,3,0,0,0,2,2,0,0,2,0,0,0,0,0,49,17,0
C:\Users\Win-10\Documents\Mestrado\Sistema\quartz-1.8.3\quartz-1.8.3\quartz\src\main\java\org\quartz\impl\QuartzServer.java,org.quartz.impl.QuartzServer,class,6,14,2,13,8,0.0,0.0,5,1,4,0,0,1,5,0,0,0,1,0,0,1,0,0,0,0,3,58,0,1,3,2,0,12,4,5,1,3,3,0,0,0,137,1,0
C:\Users\Win-10\Documents\Mestrado\Sistema\quartz-1.8.3\quartz-1.8.3\quartz\src\main\java\org\quartz\impl\RemoteMBeanScheduler.java,org.quartz.impl.RemoteMBeanScheduler,class,16,81,1,22,1864,0.0,0.0,77,0,72,0,5,0,77,4,0,0,2,0,0,2,0,0,0,0,2,241,28,0,1,2,15,77,8,6,1,5,1,0,0,0,163,1025,0
C:\Users\Win-10\Documents\Mestrado\Sistema\quartz-1.8.3\quartz-1.8.3\quartz\src\main\java\org\quartz\impl\RemoteScheduler.java,org.quartz.impl.RemoteScheduler,class,17,119,1,67,1355,0.0,0.0,70,0,68,0,2,0,70,0,0,0,5,0,0,5,0,0,0,0,3,468,29,0,2,46,1,66,0,12,1,11,1,0,0,0,149,1,0
C:\Users\Win-10\Documents\Mestrado\Sistema\quartz-1.8.3\quartz-1.8.3\quartz\src\main\java\org\quartz\impl\SchedulerDetailsSetter.java,org.quartz.impl.SchedulerDetailsSetter,class,3,8,1,12,3,NaN,NaN,3,2,0,2,0,1,1,0,0,0,1,1,0,1,0,0,1,0,3,36,3,0,0,2,0,7,0,2,3,2,1,0,0,0,70,0,3
C:\Users\Win-10\Documents\Mestrado\Sistema\quartz-1.8.3\quartz-1.8.3\quartz\src\main\java\org\quartz\impl\SchedulerRepository.java,org.quartz.impl.SchedulerRepository,class,3,9,1,6,0,0.0,0.0,6,1,5,1,0,0,5,0,0,5,2,1,0,2,0,0,0,0,1,28,4,0,3,0,1,2,0,2,1,2,1,0,0,0,38,1,0
C:\Users\Win-10\Documents\Mestrado\Sistema\quartz-1.8.3\quartz-1.8.3\quartz\src\main\java\org\quartz\impl\StdJobRunShellFactory.java,org.quartz.impl.StdJobRunShellFactory,class,4,3,1,1,1,0.0,0.0,3,0,3,0,0,0,3,0,0,0,2,0,0,2,0,0,0,0,0,14,1,0,0,0,0,0,0,2,0,2,0,0,0,0,62,1,0
C:\Users\Win-10\Documents\Mestrado\Sistema\quartz-1.8.3\quartz-1.8.3\quartz\src\main\java\org\quartz\impl\StdScheduler.java,org.quartz.impl.StdScheduler,class,14,69,1,79,0,0.0,0.0,68,0,68,0,0,0,68,0,0,0,2,0,0,2,0,0,0,0,0,209,40,0,1,0,1,0,0,2,0,2,0,0,0,0,125,1,0
C:\Users\Win-10\Documents\Mestrado\Sistema\quartz-1.8.3\quartz-1.8.3\quartz\src\main\java\org\quartz\impl\StdSchedulerFactory.java,org.quartz.impl.StdSchedulerFactory,class,37,166,1,142,138,0.0,0.0,21,1,12,8,1,0,13,0,0,0,63,59,59,4,0,0,60,0,20,870,21,11,64,35,5,183,26,294,54,194,6,0,0,0,421,1,5
C:\Users\Win-10\Documents\Mestrado\Sistema\quartz-1.8.3\quartz-1.8.3\quartz\src\main\java\org\quartz\InterruptableJob.java,org.quartz.InterruptableJob,interface,1,1,1,0,0,NaN,NaN,1,0,0,0,0,1,1,0,0,0,0,0,0,0,0,0,0,0,0,3,0,0,0,0,0,0,0,0,0,0,0,0,0,0,148,1,0
C:\Users\Win-10\Documents\Mestrado\Sistema\quartz-1.8.3\quartz-1.8.3\quartz\src\main\java\org\quartz\Job.java,org.quartz.Job,interface,1,1,1,0,0,NaN,NaN,1,0,0,0,0,1,1,0,0,0,0,0,0,0,0,0,0,0,0,3,0,0,0,0,0,0,0,0,0,0,0,0,0,0,65,1,0
C:\Users\Win-10\Documents\Mestrado\Sistema\quartz-1.8.3\quartz-1.8.3\quartz\src\main\java\org\quartz\JobDataMap.java,org.quartz.JobDataMap,class,3,36,3,25,465,0.0,0.0,31,0,31,0,0,0,31,0,0,0,1,1,0,1,0,0,1,0,0,151,22,0,0,0,2,0,4,30,0,30,1,0,0,0,115,1,0
C:\Users\Win-10\Documents\Mestrado\Sistema\quartz-1.8.3\quartz-1.8.3\quartz\src\main\java\org\quartz\JobDetail.java,org.quartz.JobDetail,class,7,57,1,28,309,0.0,0.0,31,0,31,0,0,0,31,0,0,0,10,0,0,10,0,0,0,0,0,173,23,0,21,1,4,17,2,21,3,12,2,0,0,0,194,1,0
C:\Users\Win-10\Documents\Mestrado\Sistema\quartz-1.8.3\quartz-1.8.3\quartz\src\main\java\org\quartz\JobExecutionContext.java,org.quartz.JobExecutionContext,class,9,21,1,23,180,0.0,0.0,21,0,21,0,0,0,21,0,0,0,15,0,0,15,0,0,0,0,0,92,16,0,0,0,0,9,2,17,2,15,0,0,0,0,203,1,0
C:\Users\Win-10\Documents\Mestrado\Sistema\quartz-1.8.3\quartz-1.8.3\quartz\src\main\java\org\quartz\JobExecutionException.java,org.quartz.JobExecutionException,class,1,14,4,0,57,0.0,0.0,14,0,14,0,0,0,14,0,0,0,3,0,0,3,0,0,0,0,0,49,3,0,0,0,0,0,0,10,0,3,0,0,0,0,65,1,0
C:\Users\Win-10\Documents\Mestrado\Sistema\quartz-1.8.3\quartz-1.8.3\quartz\src\main\java\org\quartz\JobListener.java,org.quartz.JobListener,interface,2,4,1,0,6,0.0,0.0,4,0,0,0,0,4,4,0,0,0,0,0,0,0,0,0,0,0,0,6,0,0,0,0,0,0,0,0,0,0,0,0,0,0,57,1,0
C:\Users\Win-10\Documents\Mestrado\Sistema\quartz-1.8.3\quartz-1.8.3\quartz\src\main\java\org\quartz\JobPersistenceException.java,org.quartz.JobPersistenceException,class,1,4,4,1,6,0.0,0.0,4,0,4,0,0,0,4,0,0,0,0,0,0,0,0,0,0,0,0,16,0,0,0,0,0,0,0,0,0,0,0,0,0,0,46,1,0
C:\Users\Win-10\Documents\Mestrado\Sistema\quartz-1.8.3\quartz-1.8.3\quartz\src\main\java\org\quartz\jobs\ee\ejb\EJBInvokerJob.java,org.quartz.jobs.ee.ejb.EJBInvokerJob,class,10,23,1,16,3,0.0,0.0,3,0,2,1,0,0,2,0,0,0,8,8,8,0,0,0,8,0,0,121,1,1,9,9,3,9,4,39,0,29,4,0,0,0,142,1,0
C:\Users\Win-10\Documents\Mestrado\Sistema\quartz-1.8.3\quartz-1.8.3\quartz\src\main\java\org\quartz\jobs\ee\jms\JmsHelper.java,org.quartz.jobs.ee.jms.JmsHelper,class,4,22,1,9,15,0.0,0.0,6,5,5,1,0,0,5,0,0,0,11,11,11,0,0,0,11,0,1,83,6,0,8,2,1,12,4,21,0,21,1,0,0,0,94,1,0
C:\Users\Win-10\Documents\Mestrado\Sistema\quartz-1.8.3\quartz-1.8.3\quartz\src\main\java\org\quartz\jobs\ee\jms\JmsJobException.java,org.quartz.jobs.ee.jms.JmsJobException,class,1,4,4,0,6,0.0,0.0,4,0,4,0,0,0,4,0,0,0,1,1,0,1,0,0,1,0,0,14,0,0,0,0,0,0,1,1,0,1,0,0,0,0,28,1,0
C:\Users\Win-10\Documents\Mestrado\Sistema\quartz-1.8.3\quartz-1.8.3\quartz\src\main\java\org\quartz\jobs\ee\jms\JmsMessageFactory.java,org.quartz.jobs.ee.jms.JmsMessageFactory,interface,3,1,1,0,0,NaN,NaN,1,0,0,0,0,1,1,0,0,0,0,0,0,0,0,0,0,0,0,3,0,0,0,0,0,0,0,0,0,0,0,0,0,0,39,1,0
C:\Users\Win-10\Documents\Mestrado\Sistema\quartz-1.8.3\quartz-1.8.3\quartz\src\main\java\org\quartz\jobs\ee\jms\SendDestinationMessageJob.java,org.quartz.jobs.ee.jms.SendDestinationMessageJob,class,14,3,1,15,0,NaN,NaN,1,0,1,0,0,0,1,0,0,0,0,0,0,0,0,0,0,0,7,38,0,0,0,1,0,0,0,19,0,15,2,0,0,0,83,17,0
C:\Users\Win-10\Documents\Mestrado\Sistema\quartz-1.8.3\quartz-1.8.3\quartz\src\main\java\org\quartz\jobs\ee\jms\SendQueueMessageJob.java,org.quartz.jobs.ee.jms.SendQueueMessageJob,class,14,5,1,17,0,NaN,NaN,1,0,1,0,0,0,1,0,0,0,0,0,0,0,0,0,0,0,7,48,0,0,0,1,0,0,0,23,0,16,2,0,0,0,84,1,0
C:\Users\Win-10\Documents\Mestrado\Sistema\quartz-1.8.3\quartz-1.8.3\quartz\src\main\java\org\quartz\jobs\ee\jms\SendTopicMessageJob.java,org.quartz.jobs.ee.jms.SendTopicMessageJob,class,14,3,1,15,0,NaN,NaN,1,0,1,0,0,0,1,0,0,0,0,0,0,0,0,0,0,0,7,38,0,0,0,1,0,0,0,19,0,15,2,0,0,0,78,17,0
C:\Users\Win-10\Documents\Mestrado\Sistema\quartz-1.8.3\quartz-1.8.3\quartz\src\main\java\org\quartz\jobs\ee\jmx\JMXInvokerJob.java,org.quartz.jobs.ee.jmx.JMXInvokerJob,class,7,26,1,29,6,0.0,0.0,4,0,1,2,1,0,2,0,0,0,1,0,0,1,0,0,1,0,1,109,3,3,3,1,0,11,17,44,3,18,5,0,0,0,131,1,2
C:\Users\Win-10\Documents\Mestrado\Sistema\quartz-1.8.3\quartz-1.8.3\quartz\src\main\java\org\quartz\jobs\ee\mail\SendMailJob.java,org.quartz.jobs.ee.mail.SendMailJob$MailInfo,innerclass,1,17,1,2,120,0.0,0.0,17,0,17,0,0,0,17,0,0,0,8,0,0,8,0,0,0,0,0,61,9,0,0,0,0,2,0,8,1,8,0,0,0,0,23,12,0
C:\Users\Win-10\Documents\Mestrado\Sistema\quartz-1.8.3\quartz-1.8.3\quartz\src\main\java\org\quartz\jobs\ee\mail\SendMailJob.java,org.quartz.jobs.ee.mail.SendMailJob,class,12,16,1,42,36,0.0,0.0,9,0,1,0,8,0,9,0,0,0,9,8,8,1,0,0,9,0,0,146,8,0,6,1,2,17,1,19,3,19,1,0,1,0,96,1,1
C:\Users\Win-10\Documents\Mestrado\Sistema\quartz-1.8.3\quartz-1.8.3\quartz\src\main\java\org\quartz\jobs\FileScanJob.java,org.quartz.jobs.FileScanJob,class,12,15,1,27,3,0.0,0.0,3,0,2,0,1,0,3,0,0,0,4,3,2,2,0,0,4,0,2,63,3,0,5,1,2,16,6,18,6,15,1,0,0,0,85,1,3
C:\Users\Win-10\Documents\Mestrado\Sistema\quartz-1.8.3\quartz-1.8.3\quartz\src\main\java\org\quartz\jobs\FileScanListener.java,org.quartz.jobs.FileScanListener,interface,0,1,1,0,0,NaN,NaN,1,0,0,0,0,1,1,0,0,0,0,0,0,0,0,0,0,0,0,3,0,0,0,0,0,0,0,0,0,0,0,0,0,0,15,1,0
C:\Users\Win-10\Documents\Mestrado\Sistema\quartz-1.8.3\quartz-1.8.3\quartz\src\main\java\org\quartz\jobs\NativeJob.java,org.quartz.jobs.NativeJob$StreamConsumer,innerclass,1,7,2,7,0,0.0,0.0,2,0,2,0,0,0,2,0,0,0,2,0,0,0,0,2,0,0,0,35,0,1,2,2,1,5,0,6,3,4,3,0,0,0,50,0,3
C:\Users\Win-10\Documents\Mestrado\Sistema\quartz-1.8.3\quartz-1.8.3\quartz\src\main\java\org\quartz\jobs\NativeJob.java,org.quartz.jobs.NativeJob,class,9,15,2,19,3,0.0,0.0,3,0,1,1,1,0,2,0,0,0,5,4,4,1,0,0,5,0,2,113,2,1,2,1,1,23,19,36,4,20,3,0,1,0,119,1,1
C:\Users\Win-10\Documents\Mestrado\Sistema\quartz-1.8.3\quartz-1.8.3\quartz\src\main\java\org\quartz\jobs\NoOpJob.java,org.quartz.jobs.NoOpJob,class,2,2,1,0,1,0.0,0.0,2,0,2,0,0,0,2,0,0,0,0,0,0,0,0,0,0,0,0,6,0,0,0,0,0,0,0,0,0,0,0,0,0,0,33,1,0
C:\Users\Win-10\Documents\Mestrado\Sistema\quartz-1.8.3\quartz-1.8.3\quartz\src\main\java\org\quartz\listeners\BroadcastSchedulerListener.java,org.quartz.listeners.BroadcastSchedulerListener,class,4,33,1,21,0,0.0,0.0,19,0,19,0,0,0,19,0,0,0,1,0,0,1,0,0,0,0,1,117,2,14,0,0,0,0,0,29,0,29,1,0,0,0,85,1,0
C:\Users\Win-10\Documents\Mestrado\Sistema\quartz-1.8.3\quartz-1.8.3\quartz\src\main\java\org\quartz\listeners\FilterAndBroadcastJobListener.java,org.quartz.listeners.FilterAndBroadcastJobListener,class,5,32,1,19,15,0.0,0.0,15,0,14,0,1,0,15,0,0,0,4,0,0,4,0,0,0,0,1,109,14,6,5,0,0,3,2,17,0,16,2,0,0,0,123,1,0
C:\Users\Win-10\Documents\Mestrado\Sistema\quartz-1.8.3\quartz-1.8.3\quartz\src\main\java\org\quartz\listeners\FilterAndBroadcastTriggerListener.java,org.quartz.listeners.FilterAndBroadcastTriggerListener,class,4,36,1,19,12,0.0,0.0,16,0,15,0,1,0,16,0,0,0,4,0,0,4,0,0,0,0,1,121,17,7,5,0,0,3,2,18,0,17,2,0,0,0,124,1,0
C:\Users\Win-10\Documents\Mestrado\Sistema\quartz-1.8.3\quartz-1.8.3\quartz\src\main\java\org\quartz\listeners\JobChainingJobListener.java,org.quartz.listeners.JobChainingJobListener,class,7,13,2,16,0,0.0,0.0,4,0,4,0,0,0,4,0,0,0,2,0,0,2,0,0,0,0,0,41,2,0,6,1,0,8,0,3,2,3,2,0,0,0,127,1,2
C:\Users\Win-10\Documents\Mestrado\Sistema\quartz-1.8.3\quartz-1.8.3\quartz\src\main\java\org\quartz\listeners\JobListenerSupport.java,org.quartz.listeners.JobListenerSupport,class,4,4,1,2,6,0.0,0.0,4,0,3,0,1,0,4,0,0,0,1,0,0,1,0,0,1,0,0,12,1,0,0,0,0,0,0,1,0,1,0,0,0,0,53,1025,0
C:\Users\Win-10\Documents\Mestrado\Sistema\quartz-1.8.3\quartz-1.8.3\quartz\src\main\java\org\quartz\listeners\SchedulerListenerSupport.java,org.quartz.listeners.SchedulerListenerSupport,class,5,15,1,2,105,0.0,0.0,15,0,14,0,1,0,15,0,0,0,1,0,0,1,0,0,1,0,0,34,1,0,0,0,0,0,0,1,0,1,0,0,0,0,64,1025,0
C:\Users\Win-10\Documents\Mestrado\Sistema\quartz-1.8.3\quartz-1.8.3\quartz\src\main\java\org\quartz\listeners\TriggerListenerSupport.java,org.quartz.listeners.TriggerListenerSupport,class,4,5,1,2,10,0.0,0.0,5,0,4,0,1,0,5,0,0,0,1,0,0,1,0,0,1,0,0,15,2,0,0,0,0,0,0,1,0,1,0,0,0,0,55,1025,0
C:\Users\Win-10\Documents\Mestrado\Sistema\quartz-1.8.3\quartz-1.8.3\quartz\src\main\java\org\quartz\NthIncludedDayTrigger.java,org.quartz.NthIncludedDayTrigger,class,5,118,2,38,296,0.0,0.0,33,0,29,3,1,0,30,0,0,0,18,6,5,12,0,1,6,0,12,395,34,9,42,1,40,20,61,84,13,47,4,0,0,0,402,1,0
C:\Users\Win-10\Documents\Mestrado\Sistema\quartz-1.8.3\quartz-1.8.3\quartz\src\main\java\org\quartz\ObjectAlreadyExistsException.java,org.quartz.ObjectAlreadyExistsException,class,3,3,5,4,3,0.0,0.0,3,0,3,0,0,0,3,0,0,0,0,0,0,0,0,0,0,0,0,11,0,0,0,0,0,6,0,0,2,0,0,0,0,0,49,1,0
C:\Users\Win-10\Documents\Mestrado\Sistema\quartz-1.8.3\quartz-1.8.3\quartz\src\main\java\org\quartz\plugins\history\LoggingJobHistoryPlugin.java,org.quartz.plugins.history.LoggingJobHistoryPlugin,class,9,22,1,25,126,0.0,0.0,17,0,16,0,1,0,17,0,0,0,6,0,0,6,0,0,1,0,5,84,10,0,1,0,0,4,0,20,0,14,2,0,0,0,136,1,4
C:\Users\Win-10\Documents\Mestrado\Sistema\quartz-1.8.3\quartz-1.8.3\quartz\src\main\java\org\quartz\plugins\history\LoggingTriggerHistoryPlugin.java,org.quartz.plugins.history.LoggingTriggerHistoryPlugin,class,8,24,1,20,112,0.0,0.0,16,0,15,0,1,0,16,0,0,0,5,0,0,5,0,0,1,0,3,81,9,0,5,0,0,9,0,17,0,9,1,0,0,0,140,1,3
C:\Users\Win-10\Documents\Mestrado\Sistema\quartz-1.8.3\quartz-1.8.3\quartz\src\main\java\org\quartz\plugins\management\ShutdownHookPlugin.java,org.quartz.plugins.management.ShutdownHookPlugin,class,4,7,1,7,19,0.0,0.0,7,0,6,0,1,0,7,0,0,0,4,0,0,4,0,0,1,0,1,39,2,0,0,0,0,2,0,6,1,5,0,1,0,0,81,1,1
C:\Users\Win-10\Documents\Mestrado\Sistema\quartz-1.8.3\quartz-1.8.3\quartz\src\main\java\org\quartz\plugins\management\ShutdownHookPlugin.java,org.quartz.plugins.management.ShutdownHookPlugin$Anonymous1,anonymous,2,2,1,5,0,NaN,NaN,1,0,1,0,0,0,1,0,0,0,0,0,0,0,0,0,0,0,0,11,0,0,0,1,0,2,0,0,1,0,1,0,0,0,11,-1,2
C:\Users\Win-10\Documents\Mestrado\Sistema\quartz-1.8.3\quartz-1.8.3\quartz\src\main\java\org\quartz\plugins\SchedulerPluginWithUserTransactionSupport.java,org.quartz.plugins.SchedulerPluginWithUserTransactionSupport,class,6,17,1,15,56,0.0,0.0,12,0,5,2,5,0,10,0,0,0,4,0,0,4,0,0,1,0,3,81,6,0,3,4,0,2,0,10,2,7,3,0,0,0,132,1025,2
C:\Users\Win-10\Documents\Mestrado\Sistema\quartz-1.8.3\quartz-1.8.3\quartz\src\main\java\org\quartz\plugins\xml\XMLSchedulingDataProcessorPlugin.java,org.quartz.plugins.xml.XMLSchedulingDataProcessorPlugin$JobFile,innerclass,5,16,1,13,7,0.0,0.0,6,0,0,1,5,0,5,0,0,0,4,0,0,4,0,0,0,0,1,76,4,0,4,5,1,6,0,13,3,8,4,0,0,0,38,0,2
C:\Users\Win-10\Documents\Mestrado\Sistema\quartz-1.8.3\quartz-1.8.3\quartz\src\main\java\org\quartz\plugins\xml\XMLSchedulingDataProcessorPlugin.java,org.quartz.plugins.xml.XMLSchedulingDataProcessorPlugin,class,14,28,2,39,61,0.0,0.0,14,0,12,2,0,0,12,0,0,0,10,3,0,8,1,1,3,0,0,193,5,3,3,2,2,7,11,31,9,22,4,0,1,0,196,1,4
C:\Users\Win-10\Documents\Mestrado\Sistema\quartz-1.8.3\quartz-1.8.3\quartz\src\main\java\org\quartz\Scheduler.java,org.quartz.Scheduler,interface,10,67,1,0,2211,0.0,0.0,67,0,0,0,0,67,67,0,0,0,7,0,0,0,0,7,0,0,0,76,0,0,0,0,0,7,0,7,0,7,0,0,0,0,408,1,0
C:\Users\Win-10\Documents\Mestrado\Sistema\quartz-1.8.3\quartz-1.8.3\quartz\src\main\java\org\quartz\SchedulerConfigException.java,org.quartz.SchedulerConfigException,class,1,2,4,1,1,0.0,0.0,2,0,2,0,0,0,2,0,0,0,0,0,0,0,0,0,0,0,0,9,0,0,0,0,0,0,0,0,0,0,0,0,0,0,48,1,0
C:\Users\Win-10\Documents\Mestrado\Sistema\quartz-1.8.3\quartz-1.8.3\quartz\src\main\java\org\quartz\SchedulerContext.java,org.quartz.SchedulerContext,class,1,2,3,1,1,0.0,0.0,2,0,2,0,0,0,2,0,0,0,0,0,0,0,0,0,0,0,0,9,0,0,0,0,0,0,1,0,0,0,0,0,0,0,67,1,0
C:\Users\Win-10\Documents\Mestrado\Sistema\quartz-1.8.3\quartz-1.8.3\quartz\src\main\java\org\quartz\SchedulerException.java,org.quartz.SchedulerException,class,1,30,3,4,30,0.0,0.0,16,0,16,0,0,0,16,0,0,0,21,20,20,1,0,0,20,0,0,79,10,0,2,0,6,2,26,23,7,22,1,0,0,0,90,1,0
C:\Users\Win-10\Documents\Mestrado\Sistema\quartz-1.8.3\quartz-1.8.3\quartz\src\main\java\org\quartz\SchedulerFactory.java,org.quartz.SchedulerFactory,interface,1,3,1,0,3,0.0,0.0,3,0,0,0,0,3,3,0,0,0,0,0,0,0,0,0,0,0,0,5,0,0,0,0,0,0,0,0,0,0,0,0,0,0,37,1,0
C:\Users\Win-10\Documents\Mestrado\Sistema\quartz-1.8.3\quartz-1.8.3\quartz\src\main\java\org\quartz\SchedulerListener.java,org.quartz.SchedulerListener,interface,3,14,1,0,91,0.0,0.0,14,0,0,0,0,14,14,0,0,0,0,0,0,0,0,0,0,0,0,16,0,0,0,0,0,0,0,0,0,0,0,0,0,0,99,1,0
C:\Users\Win-10\Documents\Mestrado\Sistema\quartz-1.8.3\quartz-1.8.3\quartz\src\main\java\org\quartz\SchedulerMetaData.java,org.quartz.SchedulerMetaData,class,1,26,1,20,137,0.0,0.0,19,0,19,0,0,0,19,0,0,0,15,0,0,15,0,0,0,0,0,155,19,0,1,1,0,30,0,16,0,16,2,0,0,0,132,1,0
C:\Users\Win-10\Documents\Mestrado\Sistema\quartz-1.8.3\quartz-1.8.3\quartz\src\main\java\org\quartz\simpl\CascadingClassLoadHelper.java,org.quartz.simpl.CascadingClassLoadHelper,class,5,21,1,12,0,0.0,0.0,5,0,5,0,0,0,5,0,0,0,2,0,0,2,0,0,0,0,2,89,5,4,9,2,1,1,0,28,0,14,2,0,0,0,122,1,0
C:\Users\Win-10\Documents\Mestrado\Sistema\quartz-1.8.3\quartz-1.8.3\quartz\src\main\java\org\quartz\simpl\HostnameInstanceIdGenerator.java,org.quartz.simpl.HostnameInstanceIdGenerator,class,2,2,1,2,0,NaN,NaN,1,0,1,0,0,0,1,0,0,0,0,0,0,0,0,0,0,0,1,10,1,0,0,1,0,1,0,0,0,0,1,0,0,0,44,1,0
C:\Users\Win-10\Documents\Mestrado\Sistema\quartz-1.8.3\quartz-1.8.3\quartz\src\main\java\org\quartz\simpl\InitThreadContextClassLoadHelper.java,org.quartz.simpl.InitThreadContextClassLoadHelper,class,1,5,1,5,0,0.0,0.0,5,0,5,0,0,0,5,0,0,0,1,0,0,1,0,0,0,0,1,18,4,0,0,0,0,0,0,1,0,1,0,0,0,0,64,1,0
C:\Users\Win-10\Documents\Mestrado\Sistema\quartz-1.8.3\quartz-1.8.3\quartz\src\main\java\org\quartz\simpl\LoadingLoaderClassLoadHelper.java,org.quartz.simpl.LoadingLoaderClassLoadHelper,class,2,5,1,6,10,0.0,0.0,5,0,5,0,0,0,5,0,0,0,0,0,0,0,0,0,0,0,0,16,4,0,0,0,0,0,0,0,0,0,0,0,0,0,60,1,0
C:\Users\Win-10\Documents\Mestrado\Sistema\quartz-1.8.3\quartz-1.8.3\quartz\src\main\java\org\quartz\simpl\PropertySettingJobFactory.java,org.quartz.simpl.PropertySettingJobFactory,class,10,54,2,38,32,0.0,0.0,9,0,5,3,1,0,6,0,0,0,2,0,0,2,0,0,0,0,1,176,5,2,9,2,4,26,8,40,8,18,6,0,0,0,129,1,2
C:\Users\Win-10\Documents\Mestrado\Sistema\quartz-1.8.3\quartz-1.8.3\quartz\src\main\java\org\quartz\simpl\RAMJobStore.java,org.quartz.simpl.JobWrapper,class,2,8,1,5,0,0.0,0.0,6,2,2,0,0,4,6,0,0,0,2,0,2,0,0,0,0,0,1,30,5,0,0,0,0,2,0,5,2,3,2,0,0,0,17,0,0
C:\Users\Win-10\Documents\Mestrado\Sistema\quartz-1.8.3\quartz-1.8.3\quartz\src\main\java\org\quartz\simpl\RAMJobStore.java,org.quartz.simpl.TriggerWrapper,class,3,8,1,8,3,0.0,0.0,6,2,3,0,0,3,6,0,0,0,12,8,12,0,0,0,8,0,2,40,6,0,0,0,0,2,8,13,2,13,2,0,0,0,39,0,0
C:\Users\Win-10\Documents\Mestrado\Sistema\quartz-1.8.3\quartz-1.8.3\quartz\src\main\java\org\quartz\simpl\RAMJobStore.java,org.quartz.simpl.RAMJobStore,class,17,196,1,93,41,0.0,0.0,55,0,47,1,7,0,54,0,0,0,15,1,0,2,13,0,2,0,23,775,52,28,76,2,9,15,44,185,4,135,5,0,0,0,313,1,3
C:\Users\Win-10\Documents\Mestrado\Sistema\quartz-1.8.3\quartz-1.8.3\quartz\src\main\java\org\quartz\simpl\RAMJobStore.java,org.quartz.simpl.TriggerComparator,class,3,4,1,4,1,0.0,0.0,2,0,2,0,0,0,2,0,0,0,0,0,0,0,0,0,0,0,0,18,4,0,2,0,1,0,2,4,1,3,1,0,0,0,13,0,0
C:\Users\Win-10\Documents\Mestrado\Sistema\quartz-1.8.3\quartz-1.8.3\quartz\src\main\java\org\quartz\simpl\SimpleClassLoadHelper.java,org.quartz.simpl.SimpleClassLoadHelper,class,2,6,1,9,10,0.0,0.0,5,0,5,0,0,0,5,0,0,0,0,0,0,0,0,0,0,0,2,24,5,0,0,1,0,1,2,2,0,2,1,0,0,0,63,1,0
C:\Users\Win-10\Documents\Mestrado\Sistema\quartz-1.8.3\quartz-1.8.3\quartz\src\main\java\org\quartz\simpl\SimpleInstanceIdGenerator.java,org.quartz.simpl.SimpleInstanceIdGenerator,class,2,2,1,3,0,NaN,NaN,1,0,1,0,0,0,1,0,0,0,0,0,0,0,0,0,0,0,2,10,1,0,0,1,0,1,0,0,1,0,1,0,0,0,34,1,0
C:\Users\Win-10\Documents\Mestrado\Sistema\quartz-1.8.3\quartz-1.8.3\quartz\src\main\java\org\quartz\simpl\SimpleJobFactory.java,org.quartz.simpl.SimpleJobFactory,class,6,4,1,9,0,0.0,0.0,2,0,1,0,1,0,2,0,0,0,1,0,0,1,0,0,1,0,0,20,2,0,0,1,0,4,0,4,2,4,2,0,0,0,35,1,1
C:\Users\Win-10\Documents\Mestrado\Sistema\quartz-1.8.3\quartz-1.8.3\quartz\src\main\java\org\quartz\simpl\SimpleThreadPool.java,org.quartz.simpl.SimpleThreadPool,class,5,56,2,39,257,0.0,0.0,26,0,23,0,3,0,26,0,0,0,15,0,0,15,0,0,2,0,4,299,14,8,5,4,2,11,13,38,5,25,4,0,1,0,158,1,3
C:\Users\Win-10\Documents\Mestrado\Sistema\quartz-1.8.3\quartz-1.8.3\quartz\src\main\java\org\quartz\simpl\SimpleThreadPool.java,org.quartz.simpl.SimpleThreadPool$WorkerThread,innerclass,1,19,2,12,0,0.0,0.0,5,0,2,0,0,3,5,0,0,0,4,0,0,4,0,0,0,0,0,91,0,2,5,4,0,4,1,16,0,6,4,0,0,0,73,0,3
C:\Users\Win-10\Documents\Mestrado\Sistema\quartz-1.8.3\quartz-1.8.3\quartz\src\main\java\org\quartz\simpl\SimpleTimeBroker.java,org.quartz.simpl.SimpleTimeBroker,class,1,3,1,0,3,0.0,0.0,3,0,3,0,0,0,3,0,0,0,0,0,0,0,0,0,0,0,0,9,1,0,0,0,0,0,0,0,0,0,0,0,0,0,76,1,0
C:\Users\Win-10\Documents\Mestrado\Sistema\quartz-1.8.3\quartz-1.8.3\quartz\src\main\java\org\quartz\simpl\ThreadContextClassLoadHelper.java,org.quartz.simpl.ThreadContextClassLoadHelper,class,2,5,1,6,10,0.0,0.0,5,0,5,0,0,0,5,0,0,0,0,0,0,0,0,0,0,0,1,16,4,0,0,0,0,0,0,0,0,0,0,0,0,0,62,1,0
C:\Users\Win-10\Documents\Mestrado\Sistema\quartz-1.8.3\quartz-1.8.3\quartz\src\main\java\org\quartz\simpl\ZeroSizeThreadPool.java,org.quartz.simpl.ZeroSizeThreadPool,class,3,10,1,5,45,0.0,0.0,10,0,10,0,0,0,10,0,0,0,1,0,0,1,0,0,1,0,0,29,2,0,0,0,0,3,1,1,0,1,0,0,0,0,107,1,1
C:\Users\Win-10\Documents\Mestrado\Sistema\quartz-1.8.3\quartz-1.8.3\quartz\src\main\java\org\quartz\SimpleTrigger.java,org.quartz.SimpleTrigger,class,6,127,2,28,368,0.0,0.0,37,0,36,0,1,0,37,0,0,0,16,8,6,10,0,0,8,0,5,344,36,5,54,0,16,7,33,68,17,41,3,0,0,0,321,1,0
C:\Users\Win-10\Documents\Mestrado\Sistema\quartz-1.8.3\quartz-1.8.3\quartz\src\main\java\org\quartz\spi\ClassLoadHelper.java,org.quartz.spi.ClassLoadHelper,interface,0,5,1,0,10,0.0,0.0,5,0,0,0,0,5,5,0,0,0,0,0,0,0,0,0,0,0,0,7,0,0,0,0,0,0,0,0,0,0,0,0,0,0,70,1,0
C:\Users\Win-10\Documents\Mestrado\Sistema\quartz-1.8.3\quartz-1.8.3\quartz\src\main\java\org\quartz\spi\InstanceIdGenerator.java,org.quartz.spi.InstanceIdGenerator,interface,0,1,1,0,0,NaN,NaN,1,0,0,0,0,1,1,0,0,0,0,0,0,0,0,0,0,0,0,3,0,0,0,0,0,0,0,0,0,0,0,0,0,0,40,1,0
C:\Users\Win-10\Documents\Mestrado\Sistema\quartz-1.8.3\quartz-1.8.3\quartz\src\main\java\org\quartz\spi\JobFactory.java,org.quartz.spi.JobFactory,interface,2,1,1,0,0,NaN,NaN,1,0,0,0,0,1,1,0,0,0,0,0,0,0,0,0,0,0,0,3,0,0,0,0,0,0,0,0,0,0,0,0,0,0,98,1,0
C:\Users\Win-10\Documents\Mestrado\Sistema\quartz-1.8.3\quartz-1.8.3\quartz\src\main\java\org\quartz\spi\JobStore.java,org.quartz.spi.JobStore,interface,7,44,1,0,946,0.0,0.0,44,0,0,0,0,44,44,0,0,0,0,0,0,0,0,0,0,0,0,46,0,0,0,0,0,0,0,0,0,0,0,0,0,0,240,1,0
C:\Users\Win-10\Documents\Mestrado\Sistema\quartz-1.8.3\quartz-1.8.3\quartz\src\main\java\org\quartz\spi\SchedulerPlugin.java,org.quartz.spi.SchedulerPlugin,interface,1,3,1,0,3,0.0,0.0,3,0,0,0,0,3,3,0,0,0,0,0,0,0,0,0,0,0,0,5,0,0,0,0,0,0,0,0,0,0,0,0,0,0,101,1,0
C:\Users\Win-10\Documents\Mestrado\Sistema\quartz-1.8.3\quartz-1.8.3\quartz\src\main\java\org\quartz\spi\SchedulerSignaler.java,org.quartz.spi.SchedulerSignaler,interface,1,3,1,0,3,0.0,0.0,3,0,0,0,0,3,3,0,0,0,0,0,0,0,0,0,0,0,0,5,0,0,0,0,0,0,0,0,0,0,0,0,0,0,30,1,0
C:\Users\Win-10\Documents\Mestrado\Sistema\quartz-1.8.3\quartz-1.8.3\quartz\src\main\java\org\quartz\spi\ThreadPool.java,org.quartz.spi.ThreadPool,interface,0,7,1,0,21,0.0,0.0,7,0,0,0,0,7,7,0,0,0,0,0,0,0,0,0,0,0,0,9,0,0,0,0,0,0,0,0,0,0,0,0,0,0,133,1,0
C:\Users\Win-10\Documents\Mestrado\Sistema\quartz-1.8.3\quartz-1.8.3\quartz\src\main\java\org\quartz\spi\TimeBroker.java,org.quartz.spi.TimeBroker,interface,0,3,1,0,3,0.0,0.0,3,0,0,0,0,3,3,0,0,0,0,0,0,0,0,0,0,0,0,5,0,0,0,0,0,0,0,0,0,0,0,0,0,0,96,1,0
C:\Users\Win-10\Documents\Mestrado\Sistema\quartz-1.8.3\quartz-1.8.3\quartz\src\main\java\org\quartz\spi\TriggerFiredBundle.java,org.quartz.spi.TriggerFiredBundle,class,3,9,1,0,20,0.0,0.0,9,0,9,0,0,0,9,0,0,0,8,0,0,8,0,0,0,0,0,44,8,0,0,0,0,0,0,8,0,8,0,0,0,0,40,1,0
C:\Users\Win-10\Documents\Mestrado\Sistema\quartz-1.8.3\quartz-1.8.3\quartz\src\main\java\org\quartz\StatefulJob.java,org.quartz.StatefulJob,interface,1,0,1,0,0,-1.0,-1.0,0,0,0,0,0,0,0,0,0,0,0,0,0,0,0,0,0,0,0,2,0,0,0,0,0,0,0,0,0,0,0,0,0,0,60,1,0
C:\Users\Win-10\Documents\Mestrado\Sistema\quartz-1.8.3\quartz-1.8.3\quartz\src\main\java\org\quartz\Trigger.java,org.quartz.Trigger,class,8,89,1,29,1265,0.0,0.0,54,0,53,0,1,0,54,15,0,0,29,16,15,14,0,0,16,0,0,253,31,0,27,1,1,20,26,47,4,34,2,0,0,0,395,1025,0
C:\Users\Win-10\Documents\Mestrado\Sistema\quartz-1.8.3\quartz-1.8.3\quartz\src\main\java\org\quartz\TriggerListener.java,org.quartz.TriggerListener,interface,2,5,1,0,10,0.0,0.0,5,0,0,0,0,5,5,0,0,0,0,0,0,0,0,0,0,0,0,7,0,0,0,0,0,0,0,0,0,0,0,0,0,0,80,1,0
C:\Users\Win-10\Documents\Mestrado\Sistema\quartz-1.8.3\quartz-1.8.3\quartz\src\main\java\org\quartz\TriggerUtils.java,org.quartz.TriggerUtils,class,5,100,1,48,1217,0.0,0.0,50,49,42,8,0,0,42,0,0,0,12,12,12,0,0,0,12,0,55,460,50,3,20,3,4,22,89,70,30,60,3,0,0,0,300,1,0
C:\Users\Win-10\Documents\Mestrado\Sistema\quartz-1.8.3\quartz-1.8.3\quartz\src\main\java\org\quartz\UnableToInterruptJobException.java,org.quartz.UnableToInterruptJobException,class,1,2,4,0,1,0.0,0.0,2,0,2,0,0,0,2,0,0,0,0,0,0,0,0,0,0,0,0,8,0,0,0,0,0,0,0,0,0,0,0,0,0,0,29,1,0
C:\Users\Win-10\Documents\Mestrado\Sistema\quartz-1.8.3\quartz-1.8.3\quartz\src\main\java\org\quartz\utils\CircularLossyQueue.java,org.quartz.utils.CircularLossyQueue,class,2,15,1,8,0,0.0,0.0,8,0,6,2,0,0,6,0,0,0,3,0,0,3,0,0,3,0,1,47,7,2,2,0,3,1,7,11,6,9,1,0,0,0,88,1,0
C:\Users\Win-10\Documents\Mestrado\Sistema\quartz-1.8.3\quartz-1.8.3\quartz\src\main\java\org\quartz\utils\ConnectionProvider.java,org.quartz.utils.ConnectionProvider,interface,0,2,1,0,1,0.0,0.0,2,0,0,0,0,2,2,0,0,0,0,0,0,0,0,0,0,0,0,4,0,0,0,0,0,0,0,0,0,0,0,0,0,0,30,1,0
C:\Users\Win-10\Documents\Mestrado\Sistema\quartz-1.8.3\quartz-1.8.3\quartz\src\main\java\org\quartz\utils\counter\Counter.java,org.quartz.utils.counter.Counter,interface,0,7,1,0,21,0.0,0.0,7,0,0,0,0,7,7,0,0,0,0,0,0,0,0,0,0,0,0,9,0,0,0,0,0,0,0,0,0,0,0,0,0,0,36,1,0
C:\Users\Win-10\Documents\Mestrado\Sistema\quartz-1.8.3\quartz-1.8.3\quartz\src\main\java\org\quartz\utils\counter\CounterConfig.java,org.quartz.utils.counter.CounterConfig,class,2,3,1,0,0,0.0,0.0,3,0,3,0,0,0,3,0,1,0,1,0,0,1,0,0,1,0,0,12,2,0,0,0,0,0,0,1,0,1,0,0,0,0,28,1,0
C:\Users\Win-10\Documents\Mestrado\Sistema\quartz-1.8.3\quartz-1.8.3\quartz\src\main\java\org\quartz\utils\counter\CounterImpl.java,org.quartz.utils.counter.CounterImpl,class,1,9,1,6,0,0.0,0.0,9,0,9,0,0,0,9,0,0,0,1,0,0,1,0,0,0,0,0,30,6,0,0,0,0,0,2,1,1,1,0,0,0,0,28,1,0
C:\Users\Win-10\Documents\Mestrado\Sistema\quartz-1.8.3\quartz-1.8.3\quartz\src\main\java\org\quartz\utils\counter\CounterManager.java,org.quartz.utils.counter.CounterManager,interface,2,3,1,0,3,0.0,0.0,3,0,0,0,0,3,3,0,0,0,0,0,0,0,0,0,0,0,0,5,0,0,0,0,0,0,0,0,0,0,0,0,0,0,34,1,0
C:\Users\Win-10\Documents\Mestrado\Sistema\quartz-1.8.3\quartz-1.8.3\quartz\src\main\java\org\quartz\utils\counter\CounterManagerImpl.java,org.quartz.utils.counter.CounterManagerImpl,class,5,13,1,7,0,0.0,0.0,4,0,4,0,0,0,4,0,0,2,3,0,0,3,0,0,0,0,0,48,2,1,2,1,1,3,0,6,0,6,3,0,0,0,41,1,0
C:\Users\Win-10\Documents\Mestrado\Sistema\quartz-1.8.3\quartz-1.8.3\quartz\src\main\java\org\quartz\utils\counter\sampled\SampledCounter.java,org.quartz.utils.counter.sampled.SampledCounter,interface,2,4,1,0,6,0.0,0.0,4,0,0,0,0,4,4,0,0,0,0,0,0,0,0,0,0,0,0,6,0,0,0,0,0,0,0,0,0,0,0,0,0,0,42,1,0
C:\Users\Win-10\Documents\Mestrado\Sistema\quartz-1.8.3\quartz-1.8.3\quartz\src\main\java\org\quartz\utils\counter\sampled\SampledCounterConfig.java,org.quartz.utils.counter.sampled.SampledCounterConfig,class,3,7,2,0,4,0.0,0.0,5,0,5,0,0,0,5,0,0,0,3,0,0,3,0,0,3,0,0,29,4,0,0,0,0,4,2,3,2,3,1,0,0,0,67,1,0
C:\Users\Win-10\Documents\Mestrado\Sistema\quartz-1.8.3\quartz-1.8.3\quartz\src\main\java\org\quartz\utils\counter\sampled\SampledCounterImpl.java,org.quartz.utils.counter.sampled.SampledCounterImpl$Anonymous1,anonymous,1,1,1,1,0,NaN,NaN,1,0,1,0,0,0,1,0,0,0,0,0,0,0,0,0,0,0,0,5,0,0,0,0,0,0,0,0,0,0,0,0,0,0,3,-1,0
C:\Users\Win-10\Documents\Mestrado\Sistema\quartz-1.8.3\quartz-1.8.3\quartz\src\main\java\org\quartz\utils\counter\sampled\SampledCounterImpl.java,org.quartz.utils.counter.sampled.SampledCounterImpl,class,7,10,2,14,8,0.0,0.0,8,0,7,0,0,1,8,0,0,0,5,1,0,3,2,0,5,0,1,52,5,0,1,0,0,0,2,9,1,8,1,1,0,0,70,1,0
C:\Users\Win-10\Documents\Mestrado\Sistema\quartz-1.8.3\quartz-1.8.3\quartz\src\main\java\org\quartz\utils\counter\sampled\SampledRateCounter.java,org.quartz.utils.counter.sampled.SampledRateCounter,interface,1,5,1,0,10,0.0,0.0,5,0,5,0,0,0,5,0,0,0,0,0,0,0,0,0,0,0,0,7,0,0,0,0,0,0,0,0,0,0,0,0,0,0,33,1,0
C:\Users\Win-10\Documents\Mestrado\Sistema\quartz-1.8.3\quartz-1.8.3\quartz\src\main\java\org\quartz\utils\counter\sampled\SampledRateCounterConfig.java,org.quartz.utils.counter.sampled.SampledRateCounterConfig,class,3,3,3,1,1,0.0,0.0,3,0,3,0,0,0,3,0,0,0,2,0,0,2,0,0,2,0,0,17,1,0,0,0,0,0,3,3,0,3,0,0,0,0,48,1,0
C:\Users\Win-10\Documents\Mestrado\Sistema\quartz-1.8.3\quartz-1.8.3\quartz\src\main\java\org\quartz\utils\counter\sampled\SampledRateCounterImpl.java,org.quartz.utils.counter.sampled.SampledRateCounterImpl,class,4,17,3,2,36,0.0,0.0,16,0,16,0,0,0,16,0,0,8,3,1,0,3,0,0,1,0,0,58,2,0,1,0,1,1,4,10,1,4,0,0,0,0,55,1,0
C:\Users\Win-10\Documents\Mestrado\Sistema\quartz-1.8.3\quartz-1.8.3\quartz\src\main\java\org\quartz\utils\counter\sampled\TimeStampedCounterValue.java,org.quartz.utils.counter.sampled.TimeStampedCounterValue,class,0,4,1,0,0,0.0,0.0,4,0,4,0,0,0,4,0,0,0,2,0,0,2,0,0,2,0,0,17,3,0,0,0,0,2,0,2,1,2,0,0,0,0,31,1,0
C:\Users\Win-10\Documents\Mestrado\Sistema\quartz-1.8.3\quartz-1.8.3\quartz\src\main\java\org\quartz\utils\DBConnectionManager.java,org.quartz.utils.DBConnectionManager,class,2,7,1,4,4,0.0,0.0,5,1,4,1,0,0,4,0,0,0,3,2,1,2,0,0,1,0,0,27,2,0,2,0,0,5,0,5,2,5,1,0,0,0,72,1,0
C:\Users\Win-10\Documents\Mestrado\Sistema\quartz-1.8.3\quartz-1.8.3\quartz\src\main\java\org\quartz\utils\DirtyFlagMap.java,org.quartz.utils.DirtyFlagMap$DirtyFlagSet,innerclass,1,2,2,1,1,0.0,0.0,2,0,1,0,1,0,2,0,0,0,0,0,0,0,0,0,0,0,0,8,1,0,0,0,0,0,0,0,0,0,0,0,0,0,19,2,0
C:\Users\Win-10\Documents\Mestrado\Sistema\quartz-1.8.3\quartz-1.8.3\quartz\src\main\java\org\quartz\utils\DirtyFlagMap.java,org.quartz.utils.DirtyFlagMap$DirtyFlagIterator,innerclass,0,4,1,3,0,0.0,0.0,4,0,4,0,0,0,4,0,0,0,1,0,0,1,0,0,0,0,0,16,2,0,0,0,0,0,0,2,0,1,0,0,0,0,23,2,0
C:\Users\Win-10\Documents\Mestrado\Sistema\quartz-1.8.3\quartz-1.8.3\quartz\src\main\java\org\quartz\utils\DirtyFlagMap.java,org.quartz.utils.DirtyFlagMap$DirtyFlagMapEntrySet,innerclass,3,8,3,10,6,0.0,0.0,4,0,4,0,0,0,4,0,0,0,0,0,0,0,0,0,0,0,1,26,3,1,1,0,1,1,1,6,0,4,1,0,0,0,44,2,0
C:\Users\Win-10\Documents\Mestrado\Sistema\quartz-1.8.3\quartz-1.8.3\quartz\src\main\java\org\quartz\utils\DirtyFlagMap.java,org.quartz.utils.DirtyFlagMap$DirtyFlagCollection,innerclass,1,19,1,13,0,0.0,0.0,15,0,14,0,1,0,15,0,0,0,1,0,0,1,0,0,0,0,0,63,13,0,1,0,0,0,0,8,0,4,1,0,0,0,38,2,0
C:\Users\Win-10\Documents\Mestrado\Sistema\quartz-1.8.3\quartz-1.8.3\quartz\src\main\java\org\quartz\utils\DirtyFlagMap.java,org.quartz.utils.DirtyFlagMap,class,5,28,5,17,0,0.0,0.0,21,0,21,0,0,0,21,0,0,0,3,1,0,3,0,0,1,0,0,229,16,0,3,1,3,1,1,13,0,5,2,0,6,0,88,1,0
C:\Users\Win-10\Documents\Mestrado\Sistema\quartz-1.8.3\quartz-1.8.3\quartz\src\main\java\org\quartz\utils\DirtyFlagMap.java,org.quartz.utils.DirtyFlagMap$DirtyFlagMapEntryIterator,innerclass,2,2,2,1,1,0.0,0.0,2,0,2,0,0,0,2,0,0,0,0,0,0,0,0,0,0,0,0,8,1,0,0,0,0,0,0,0,0,0,0,0,0,0,24,2,0
C:\Users\Win-10\Documents\Mestrado\Sistema\quartz-1.8.3\quartz-1.8.3\quartz\src\main\java\org\quartz\utils\DirtyFlagMap.java,org.quartz.utils.DirtyFlagMap$DirtyFlagMapEntry,innerclass,0,4,1,3,0,0.0,0.0,4,0,4,0,0,0,4,0,0,0,1,0,0,1,0,0,0,0,0,16,3,0,0,0,0,0,0,2,0,1,0,0,0,0,23,2,0
C:\Users\Win-10\Documents\Mestrado\Sistema\quartz-1.8.3\quartz-1.8.3\quartz\src\main\java\org\quartz\utils\JNDIConnectionProvider.java,org.quartz.utils.JNDIConnectionProvider,class,3,23,1,13,6,0.0,0.0,8,0,6,1,1,0,7,0,0,0,5,0,0,5,0,0,1,0,0,88,4,0,6,4,5,8,0,17,4,8,4,0,0,0,91,1,1
C:\Users\Win-10\Documents\Mestrado\Sistema\quartz-1.8.3\quartz-1.8.3\quartz\src\main\java\org\quartz\utils\Key.java,org.quartz.utils.Key,class,2,4,2,6,6,0.0,0.0,4,0,4,0,0,0,4,0,0,0,0,0,0,0,0,0,0,0,0,16,3,0,0,0,0,0,0,0,1,0,0,0,0,0,37,1,0
C:\Users\Win-10\Documents\Mestrado\Sistema\quartz-1.8.3\quartz-1.8.3\quartz\src\main\java\org\quartz\utils\Pair.java,org.quartz.utils.Pair,class,1,18,1,4,0,0.0,0.0,8,0,8,0,0,0,8,0,4,0,2,0,0,2,0,0,0,0,0,45,12,0,11,1,5,0,2,3,0,3,5,0,0,0,44,1,0
C:\Users\Win-10\Documents\Mestrado\Sistema\quartz-1.8.3\quartz-1.8.3\quartz\src\main\java\org\quartz\utils\PoolingConnectionProvider.java,org.quartz.utils.PoolingConnectionProvider,class,4,10,1,12,3,0.0,0.0,6,0,4,1,1,0,5,0,0,0,8,7,7,1,0,0,7,0,0,46,2,0,3,0,0,15,2,9,2,9,1,0,0,0,127,1,0
C:\Users\Win-10\Documents\Mestrado\Sistema\quartz-1.8.3\quartz-1.8.3\quartz\src\main\java\org\quartz\utils\PropertiesParser.java,org.quartz.utils.PropertiesParser,class,2,75,1,38,358,0.0,0.0,28,0,28,0,0,0,28,0,0,0,1,0,0,0,0,1,0,0,13,276,38,6,21,15,6,39,5,40,13,34,4,0,0,0,111,1,0
C:\Users\Win-10\Documents\Mestrado\Sistema\quartz-1.8.3\quartz-1.8.3\quartz\src\main\java\org\quartz\utils\StringKeyDirtyFlagMap.java,org.quartz.utils.StringKeyDirtyFlagMap,class,2,47,2,28,274,0.0,0.0,24,0,24,0,0,0,24,0,0,0,2,1,0,1,0,1,1,0,5,152,20,3,0,7,10,10,4,18,1,17,2,0,0,0,139,1,0
C:\Users\Win-10\Documents\Mestrado\Sistema\quartz-1.8.3\quartz-1.8.3\quartz\src\main\java\org\quartz\utils\TriggerStatus.java,org.quartz.utils.TriggerStatus,class,3,8,2,6,24,0.0,0.0,8,0,8,0,0,0,8,0,0,0,2,0,0,2,0,0,0,0,0,30,5,0,0,0,0,2,0,2,1,2,0,0,0,0,42,1,0
C:\Users\Win-10\Documents\Mestrado\Sistema\quartz-1.8.3\quartz-1.8.3\quartz\src\main\java\org\quartz\utils\UpdateChecker.java,org.quartz.utils.UpdateChecker,class,3,28,2,41,74,0.0,0.0,13,1,3,10,0,0,3,0,0,0,6,6,0,6,0,0,6,0,11,129,10,1,2,3,1,34,11,24,9,21,3,0,0,0,111,1,5
C:\Users\Win-10\Documents\Mestrado\Sistema\quartz-1.8.3\quartz-1.8.3\quartz\src\main\java\org\quartz\xml\ValidationException.java,org.quartz.xml.ValidationException,class,1,9,3,13,9,0.0,0.0,6,0,6,0,0,0,6,0,0,0,1,0,0,1,0,0,0,0,2,38,3,1,1,0,0,0,1,8,0,5,2,0,0,0,37,1,0
C:\Users\Win-10\Documents\Mestrado\Sistema\quartz-1.8.3\quartz-1.8.3\quartz\src\main\java\org\quartz\xml\XMLSchedulingDataProcessor.java,org.quartz.xml.XMLSchedulingDataProcessor,class,20,158,1,132,656,0.0,0.0,40,0,17,1,22,0,39,0,0,0,22,7,5,5,12,0,8,0,10,600,21,25,53,9,12,131,24,151,34,127,7,1,0,0,364,1,39
C:\Users\Win-10\Documents\Mestrado\Sistema\quartz-1.8.3\quartz-1.8.3\quartz\src\main\java\org\quartz\xml\XMLSchedulingDataProcessor.java,org.quartz.xml.XMLSchedulingDataProcessor$Anonymous1,anonymous,0,7,1,1,3,0.0,0.0,3,0,3,0,0,0,3,0,0,0,0,0,0,0,0,0,0,0,0,15,4,0,1,0,0,2,0,0,0,0,1,0,0,0,23,-1,0
C:\Users\Win-10\Documents\Mestrado\Sistema\quartz-1.8.3\quartz-1.8.3\quartz\src\test\java\org\quartz\AnnualCalendarTest.java,org.quartz.AnnualCalendarTest,class,3,7,3,18,21,0.0,0.0,7,0,4,0,3,0,7,0,0,0,2,2,0,2,0,0,2,0,5,77,2,0,0,0,0,9,23,13,0,13,0,0,0,0,102,1,0
C:\Users\Win-10\Documents\Mestrado\Sistema\quartz-1.8.3\quartz-1.8.3\quartz\src\test\java\org\quartz\CronExpressionTest.java,org.quartz.CronExpressionTest,class,2,17,3,20,28,0.0,0.0,8,0,5,0,3,0,8,0,0,0,2,2,0,2,0,0,2,0,4,112,2,0,0,9,0,39,16,24,0,22,1,0,0,0,110,1,0
C:\Users\Win-10\Documents\Mestrado\Sistema\quartz-1.8.3\quartz-1.8.3\quartz\src\test\java\org\quartz\CronTriggerTest.java,org.quartz.CronTriggerTest,class,5,5,3,21,10,0.0,0.0,5,0,2,0,3,0,5,0,0,0,1,1,0,1,0,0,1,0,0,44,2,0,0,0,0,19,1,9,0,9,0,0,0,0,64,1,0
C:\Users\Win-10\Documents\Mestrado\Sistema\quartz-1.8.3\quartz-1.8.3\quartz\src\test\java\org\quartz\DateIntervalTriggerTest.java,org.quartz.DateIntervalTriggerTest,class,3,9,2,19,36,0.0,0.0,9,0,9,0,0,0,9,0,0,0,0,0,0,0,0,0,0,0,31,188,0,0,0,0,2,14,133,53,3,44,0,0,0,0,53,1,0
C:\Users\Win-10\Documents\Mestrado\Sistema\quartz-1.8.3\quartz-1.8.3\quartz\src\test\java\org\quartz\impl\calendar\BaseCalendarTest.java,org.quartz.impl.calendar.BaseCalendarTest,class,2,1,2,5,0,NaN,NaN,1,0,1,0,0,0,1,0,0,0,0,0,0,0,0,0,0,0,0,9,0,0,0,0,0,0,0,2,0,2,0,0,0,0,10,1,0
C:\Users\Win-10\Documents\Mestrado\Sistema\quartz-1.8.3\quartz-1.8.3\quartz\src\test\java\org\quartz\impl\calendar\DailyCalendarTest.java,org.quartz.impl.calendar.DailyCalendarTest,class,3,10,3,11,10,0.0,0.0,5,0,2,0,3,0,5,0,0,0,1,1,0,1,0,0,1,0,0,34,2,0,0,0,0,15,5,7,0,6,0,0,0,0,61,1,0
C:\Users\Win-10\Documents\Mestrado\Sistema\quartz-1.8.3\quartz-1.8.3\quartz\src\test\java\org\quartz\impl\DirectSchedulerFactoryTest.java,org.quartz.impl.DirectSchedulerFactoryTest$Anonymous1,anonymous,1,3,1,2,3,0.0,0.0,3,0,3,0,0,0,3,0,0,0,0,0,0,0,0,0,0,0,0,11,0,0,0,0,0,3,0,0,0,0,0,0,0,0,5,-1,0
C:\Users\Win-10\Documents\Mestrado\Sistema\quartz-1.8.3\quartz-1.8.3\quartz\src\test\java\org\quartz\impl\DirectSchedulerFactoryTest.java,org.quartz.impl.DirectSchedulerFactoryTest,class,7,1,2,9,0,NaN,NaN,1,0,1,0,0,0,1,0,0,0,0,0,0,0,0,0,0,0,3,24,0,0,0,0,0,5,5,4,0,4,0,1,0,0,26,1,0
C:\Users\Win-10\Documents\Mestrado\Sistema\quartz-1.8.3\quartz-1.8.3\quartz\src\test\java\org\quartz\impl\jdbcjobstore\StdJDBCDelegateTest.java,org.quartz.impl.jdbcjobstore.StdJDBCDelegateTest,class,5,3,2,11,0,NaN,NaN,1,0,1,0,0,0,1,0,0,0,0,0,0,0,0,0,0,0,0,22,0,0,0,1,0,10,1,2,0,2,1,0,0,0,27,1,0
C:\Users\Win-10\Documents\Mestrado\Sistema\quartz-1.8.3\quartz-1.8.3\quartz\src\test\java\org\quartz\impl\SchedulerDetailsSetterTest.java,org.quartz.impl.SchedulerDetailsSetterTest$MyJobStore,innerclass,1,2,2,3,1,0.0,0.0,2,0,2,0,0,0,2,0,0,0,0,0,0,0,0,0,0,0,0,10,0,0,0,0,0,0,0,0,0,0,0,0,0,0,12,9,0
C:\Users\Win-10\Documents\Mestrado\Sistema\quartz-1.8.3\quartz-1.8.3\quartz\src\test\java\org\quartz\impl\SchedulerDetailsSetterTest.java,org.quartz.impl.SchedulerDetailsSetterTest$MyThreadPool,innerclass,1,3,2,3,3,0.0,0.0,3,0,3,0,0,0,3,0,0,0,0,0,0,0,0,0,0,0,0,12,0,0,0,0,0,0,0,0,0,0,0,0,0,0,11,9,0
C:\Users\Win-10\Documents\Mestrado\Sistema\quartz-1.8.3\quartz-1.8.3\quartz\src\test\java\org\quartz\impl\SchedulerDetailsSetterTest.java,org.quartz.impl.SchedulerDetailsSetterTest,class,14,5,4,26,6,0.0,0.0,4,0,3,1,0,0,3,0,0,0,2,2,0,2,0,0,2,0,3,72,1,0,0,1,0,14,8,10,0,10,1,1,2,0,56,1,0
C:\Users\Win-10\Documents\Mestrado\Sistema\quartz-1.8.3\quartz-1.8.3\quartz\src\test\java\org\quartz\impl\SchedulerDetailsSetterTest.java,org.quartz.impl.SchedulerDetailsSetterTest$Anonymous1,anonymous,1,1,1,1,0,NaN,NaN,1,0,0,0,0,1,1,0,0,0,0,0,0,0,0,0,0,0,0,5,1,0,0,0,0,0,1,0,0,0,0,0,0,0,3,-1,0
C:\Users\Win-10\Documents\Mestrado\Sistema\quartz-1.8.3\quartz-1.8.3\quartz\src\test\java\org\quartz\JobDataMapTest.java,org.quartz.JobDataMapTest,class,4,3,3,6,3,0.0,0.0,3,0,0,0,3,0,3,0,0,0,1,1,0,1,0,0,1,0,0,19,2,0,0,0,0,3,1,4,0,4,0,0,0,0,52,1,0
C:\Users\Win-10\Documents\Mestrado\Sistema\quartz-1.8.3\quartz-1.8.3\quartz\src\test\java\org\quartz\JobDetailTest.java,org.quartz.JobDetailTest,class,2,6,2,10,1,0.0,0.0,2,0,2,0,0,0,2,0,0,0,0,0,0,0,0,0,0,0,10,34,0,3,0,1,0,10,4,8,1,8,2,0,0,0,28,1,0
C:\Users\Win-10\Documents\Mestrado\Sistema\quartz-1.8.3\quartz-1.8.3\quartz\src\test\java\org\quartz\MonthlyCalendarTest.java,org.quartz.MonthlyCalendarTest,class,2,2,2,6,0,NaN,NaN,1,0,1,0,0,0,1,0,0,0,0,0,0,0,0,0,0,0,1,11,0,1,0,0,0,0,8,3,0,3,1,0,0,0,28,1,0
C:\Users\Win-10\Documents\Mestrado\Sistema\quartz-1.8.3\quartz-1.8.3\quartz\src\test\java\org\quartz\NthIncludedDayTriggerTest.java,org.quartz.NthIncludedDayTriggerTest,class,3,20,3,38,15,0.0,0.0,6,0,3,0,3,0,6,0,0,0,1,1,0,1,0,0,1,0,9,185,2,3,3,9,0,30,56,24,3,21,2,0,0,0,78,1,0
C:\Users\Win-10\Documents\Mestrado\Sistema\quartz-1.8.3\quartz-1.8.3\quartz\src\test\java\org\quartz\PriorityTest.java,org.quartz.PriorityTest,class,8,3,2,14,0,0.0,0.0,3,0,2,0,1,0,3,0,0,0,2,2,0,2,0,0,0,0,4,46,0,0,0,0,0,8,5,12,0,12,0,0,1,0,31,1,0
C:\Users\Win-10\Documents\Mestrado\Sistema\quartz-1.8.3\quartz-1.8.3\quartz\src\test\java\org\quartz\PriorityTest.java,org.quartz.PriorityTest$TestJob,innerclass,3,1,1,4,0,NaN,NaN,1,0,1,0,0,0,1,0,0,0,0,0,0,0,0,0,0,0,0,6,0,0,0,0,0,0,0,0,0,0,0,0,0,0,8,9,0
C:\Users\Win-10\Documents\Mestrado\Sistema\quartz-1.8.3\quartz-1.8.3\quartz\src\test\java\org\quartz\Quartz601Test.java,org.quartz.Quartz601Test,class,3,13,2,5,45,0.0,0.0,10,0,9,1,0,0,9,0,0,0,0,0,0,0,0,0,0,0,0,48,2,1,1,1,0,15,14,3,2,3,2,0,0,0,41,1,0
C:\Users\Win-10\Documents\Mestrado\Sistema\quartz-1.8.3\quartz-1.8.3\quartz\src\test\java\org\quartz\Quartz601Test.java,org.quartz.TestCronExpression,class,1,2,2,1,1,0.0,0.0,2,0,2,0,0,0,2,0,0,0,0,0,0,0,0,0,0,0,0,8,1,0,0,0,0,0,0,0,0,0,0,0,0,0,10,0,0
C:\Users\Win-10\Documents\Mestrado\Sistema\quartz-1.8.3\quartz-1.8.3\quartz\src\test\java\org\quartz\SerializationTestSupport.java,org.quartz.SerializationTestSupport,class,2,9,2,17,21,0.0,0.0,7,0,2,1,4,0,6,3,0,0,0,0,0,0,0,0,0,0,0,35,2,1,0,0,1,3,4,12,2,11,1,0,0,0,81,1025,0
C:\Users\Win-10\Documents\Mestrado\Sistema\quartz-1.8.3\quartz-1.8.3\quartz\src\test\java\org\quartz\simpl\PropertySettingJobFactoryTest.java,org.quartz.simpl.PropertySettingJobFactoryTest$TestBean,innerclass,0,20,1,0,170,0.0,0.0,20,0,20,0,0,0,20,0,0,0,10,0,0,10,0,0,0,0,0,72,10,0,0,0,0,0,0,10,0,10,0,0,0,0,25,26,0
C:\Users\Win-10\Documents\Mestrado\Sistema\quartz-1.8.3\quartz-1.8.3\quartz\src\test\java\org\quartz\simpl\PropertySettingJobFactoryTest.java,org.quartz.simpl.PropertySettingJobFactoryTest,class,5,16,2,22,0,0.0,0.0,10,0,9,0,1,0,10,0,0,0,1,0,0,1,0,0,0,0,2,193,0,0,0,6,1,42,25,13,0,13,1,0,1,0,45,1,0
C:\Users\Win-10\Documents\Mestrado\Sistema\quartz-1.8.3\quartz-1.8.3\quartz\src\test\java\org\quartz\simpl\RAMJobStoreTest.java,org.quartz.simpl.RAMJobStoreTest$SampleSignaler,innerclass,2,3,1,0,3,0.0,0.0,3,0,3,0,0,0,3,0,0,0,1,0,0,0,0,1,0,0,0,10,0,0,0,0,0,0,1,1,0,1,0,0,0,0,20,9,0
C:\Users\Win-10\Documents\Mestrado\Sistema\quartz-1.8.3\quartz-1.8.3\quartz\src\test\java\org\quartz\simpl\RAMJobStoreTest.java,org.quartz.simpl.RAMJobStoreTest,class,9,6,2,27,0,0.0,0.0,5,0,4,0,1,0,5,0,0,0,3,0,0,3,0,0,0,0,8,102,0,0,0,1,0,23,26,23,16,20,1,0,1,0,68,1,0
C:\Users\Win-10\Documents\Mestrado\Sistema\quartz-1.8.3\quartz-1.8.3\quartz\src\test\java\org\quartz\SimpleTriggerTest.java,org.quartz.SimpleTriggerTest,class,6,12,3,49,28,0.0,0.0,8,0,5,0,3,0,9,0,0,0,4,4,0,4,0,0,4,0,15,120,2,2,0,1,0,36,39,22,0,21,2,0,0,0,95,1,0
C:\Users\Win-10\Documents\Mestrado\Sistema\quartz-1.8.3\quartz-1.8.3\quartz\src\test\java\org\quartz\utils\DirtyFlagMapTest.java,org.quartz.utils.DirtyFlagMapTest,class,2,12,2,27,66,0.0,0.0,12,0,12,0,0,0,12,0,0,0,0,0,0,0,0,0,0,0,2,142,0,0,0,0,0,46,7,29,0,29,0,0,0,0,45,1,0
C:\Users\Win-10\Documents\Mestrado\Sistema\quartz-1.8.3\quartz-1.8.3\quartz\src\test\java\org\quartz\utils\PairTest.java,org.quartz.utils.PairTest,class,2,2,2,8,1,0.0,0.0,2,0,2,0,0,0,2,0,0,0,0,0,0,0,0,0,0,0,0,32,0,0,0,0,0,11,0,7,0,7,0,0,0,0,16,1,0
C:\Users\Win-10\Documents\Mestrado\Sistema\quartz-1.8.3\quartz-1.8.3\quartz\src\test\java\org\quartz\utils\PropertiesParserTest.java,org.quartz.utils.PropertiesParserTest,class,2,1,2,4,0,NaN,NaN,1,0,1,0,0,0,1,0,0,0,0,0,0,0,0,0,0,0,0,9,0,0,0,0,0,5,0,3,0,3,0,0,0,0,20,1,0
C:\Users\Win-10\Documents\Mestrado\Sistema\quartz-1.8.3\quartz-1.8.3\quartz\src\test\java\org\quartz\VersionTest.java,org.quartz.VersionTest,class,3,5,2,10,1,NaN,NaN,2,0,1,1,0,0,1,0,0,0,1,1,0,1,0,0,1,0,4,28,0,0,0,1,0,1,3,6,1,4,1,0,0,0,35,1,0
C:\Users\Win-10\Documents\Mestrado\Sistema\quartz-1.8.3\quartz-1.8.3\quartz-jboss\src\main\java\org\quartz\ee\jmx\jboss\JBoss4RMIRemoteMBeanScheduler.java,org.quartz.ee.jmx.jboss.JBoss4RMIRemoteMBeanScheduler,class,3,13,2,9,7,0.0,0.0,7,0,3,0,4,0,7,0,0,0,4,2,0,4,0,0,2,0,1,61,4,0,1,5,0,8,0,9,3,6,3,0,0,0,101,1,0
C:\Users\Win-10\Documents\Mestrado\Sistema\quartz-1.8.3\quartz-1.8.3\quartz-jboss\src\main\java\org\quartz\ee\jmx\jboss\QuartzService.java,org.quartz.ee.jmx.jboss.QuartzService,class,6,35,2,21,0,0.0,0.0,16,0,14,2,0,0,14,0,0,0,8,0,0,8,0,0,0,0,0,182,8,0,3,11,0,39,0,28,10,17,3,0,0,0,116,1,18
C:\Users\Win-10\Documents\Mestrado\Sistema\quartz-1.8.3\quartz-1.8.3\quartz-jboss\src\main\java\org\quartz\ee\jmx\jboss\QuartzServiceMBean.java,org.quartz.ee.jmx.jboss.QuartzServiceMBean,interface,1,5,1,0,10,0.0,0.0,5,0,0,0,0,5,5,0,0,0,0,0,0,0,0,0,0,0,0,7,0,0,0,0,0,0,0,0,0,0,0,0,0,0,70,1,0
C:\Users\Win-10\Documents\Mestrado\Sistema\quartz-1.8.3\quartz-1.8.3\quartz-oracle\src\main\java\org\quartz\impl\jdbcjobstore\oracle\OracleDelegate.java,org.quartz.impl.jdbcjobstore.oracle.OracleDelegate,class,11,53,2,64,42,0.0,0.0,12,0,9,0,3,0,12,0,0,0,11,11,11,0,0,0,11,0,8,406,15,4,16,8,5,78,126,120,12,73,3,0,0,0,133,1,0
C:\Users\Win-10\Documents\Mestrado\Sistema\quartz-1.8.3\quartz-1.8.3\quartz-weblogic\src\main\java\org\quartz\impl\jdbcjobstore\oracle\weblogic\WebLogicOracleDelegate.java,org.quartz.impl.jdbcjobstore.oracle.weblogic.WebLogicOracleDelegate,class,4,8,3,9,3,0.0,0.0,3,0,2,0,1,0,3,0,0,0,0,0,0,0,0,0,0,0,0,37,3,0,1,2,1,5,3,3,1,3,3,0,0,0,74,1,0
C:\Users\Win-10\Documents\Mestrado\Sistema\quartz-1.8.3\quartz-1.8.3\quartz-weblogic\src\main\java\org\quartz\impl\jdbcjobstore\WebLogicDelegate.java,org.quartz.impl.jdbcjobstore.WebLogicDelegate,class,3,12,2,7,6,0.0,0.0,4,0,2,0,2,0,4,0,0,0,0,0,0,0,0,0,0,0,0,45,3,0,3,3,0,0,2,9,0,6,3,0,0,0,98,1,0
C:\Users\Win-10\Documents\Mestrado\Sistema\quartz-1.8.3\quartz-1.8.3\quartz-weblogic\src\main\java\org\quartz\utils\weblogic\WeblogicConnectionProvider.java,org.quartz.utils.weblogic.WeblogicConnectionProvider,class,3,5,1,5,1,0.0,0.0,3,0,3,0,0,0,3,0,0,0,2,0,0,2,0,0,0,0,0,22,1,0,1,1,0,4,0,4,2,3,2,0,0,0,31,1,0
