Project Name,Package Name,Type Name,Code Smell
gson-master,com.google.gson.codegen,GeneratedTypeAdapterProcessor,Unutilized Abstraction
gson-master,com.google.gson.codegen,JavaWriter,Insufficient Modularization
gson-master,com.google.gson.codegen.functional,CodeGenFunctionalTest,Unutilized Abstraction
gson-master,com.google.gson.examples.android,GsonProguardExampleActivity,Unutilized Abstraction
gson-master,com.google.gson.examples.android.model,Cart,Deficient Encapsulation
gson-master,com.google.gson.examples.android.model,LineItem,Unutilized Abstraction
gson-master,com.google.gson.extras.examples.rawcollections,RawCollectionsExample,Unutilized Abstraction
gson-master,com.google.gson.graph,GraphAdapterBuilder,Unutilized Abstraction
gson-master,com.google.gson.graph,Graph,Cyclic-Dependent Modularization
gson-master,com.google.gson.graph,Element,Cyclic-Dependent Modularization
gson-master,com.google.gson.graph,GraphAdapterBuilderTest,Unutilized Abstraction
gson-master,com.google.gson.interceptors,InterceptorFactory,Unutilized Abstraction
gson-master,com.google.gson.interceptors,InterceptorAdapter,Unutilized Abstraction
gson-master,com.google.gson.interceptors,InterceptorTest,Unutilized Abstraction
gson-master,com.google.gson.interceptors,UserGroup,Unnecessary Abstraction
gson-master,com.google.gson.interceptors,UserValidator,Unutilized Abstraction
gson-master,com.google.gson.interceptors,Address,Broken Modularization
gson-master,com.google.gson.interceptors,AddressValidator,Unutilized Abstraction
gson-master,com.google.gson.typeadapters,PostConstructAdapterFactory,Unutilized Abstraction
gson-master,com.google.gson.typeadapters,PostConstructAdapter,Unutilized Abstraction
gson-master,com.google.gson.typeadapters,PostConstructAdapterFactoryTest,Unutilized Abstraction
gson-master,com.google.gson.typeadapters,PostConstructAdapterFactoryTest,Deficient Encapsulation
gson-master,com.google.gson.typeadapters,Sandwich,Deficient Encapsulation
gson-master,com.google.gson.typeadapters,MultipleSandwiches,Deficient Encapsulation
gson-master,com.google.gson.typeadapters,RuntimeTypeAdapterFactoryTest,Unutilized Abstraction
gson-master,com.google.gson.typeadapters,UtcDateTypeAdapterTest,Unutilized Abstraction
gson-master,com.google.gson,Gson,Cyclic-Dependent Modularization
gson-master,com.google.gson,Gson,Insufficient Modularization
gson-master,com.google.gson,Gson,Hub-like Modularization
gson-master,com.google.gson,FutureTypeAdapter,Cyclic-Dependent Modularization
gson-master,com.google.gson,GsonBuilder,Unexploited Encapsulation
gson-master,com.google.gson,GsonBuilder,Missing Hierarchy
gson-master,com.google.gson,GsonBuilder,Insufficient Modularization
gson-master,com.google.gson,JsonArray,Cyclic-Dependent Modularization
gson-master,com.google.gson,JsonArray,Insufficient Modularization
gson-master,com.google.gson,JsonDeserializationContext,Cyclic-Dependent Modularization
gson-master,com.google.gson,JsonDeserializer,Cyclic-Dependent Modularization
gson-master,com.google.gson,JsonElement,Cyclic-Dependent Modularization
gson-master,com.google.gson,JsonElement,Insufficient Modularization
gson-master,com.google.gson,JsonIOException,Unutilized Abstraction
gson-master,com.google.gson,JsonIOException,Broken Hierarchy
gson-master,com.google.gson,JsonNull,Deficient Encapsulation
gson-master,com.google.gson,JsonObject,Cyclic-Dependent Modularization
gson-master,com.google.gson,JsonParseException,Unutilized Abstraction
gson-master,com.google.gson,JsonPrimitive,Insufficient Modularization
gson-master,com.google.gson,JsonSyntaxException,Unutilized Abstraction
gson-master,com.google.gson,JsonSyntaxException,Broken Hierarchy
gson-master,com.google.gson,TypeAdapter,Cyclic-Dependent Modularization
gson-master,com.google.gson,TypeAdapterFactory,Cyclic-Dependent Modularization
gson-master,com.google.gson,CommentsTest,Unutilized Abstraction
gson-master,com.google.gson,DefaultInetAddressTypeAdapterTest,Unutilized Abstraction
gson-master,com.google.gson,DefaultMapJsonSerializerTest,Unutilized Abstraction
gson-master,com.google.gson,ExposeAnnotationExclusionStrategyTest,Deficient Encapsulation
gson-master,com.google.gson,MockObject,Unnecessary Abstraction
gson-master,com.google.gson,MockObject,Deficient Encapsulation
gson-master,com.google.gson,MockObject,Broken Modularization
gson-master,com.google.gson,FieldAttributesTest,Unutilized Abstraction
gson-master,com.google.gson,FieldAttributesTest,Deficient Encapsulation
gson-master,com.google.gson,Foo,Unnecessary Abstraction
gson-master,com.google.gson,Foo,Deficient Encapsulation
gson-master,com.google.gson,GenericArrayTypeTest,Unutilized Abstraction
gson-master,com.google.gson,GsonBuilderTest,Unutilized Abstraction
gson-master,com.google.gson,HasModifiers,Unnecessary Abstraction
gson-master,com.google.gson,HasModifiers,Unutilized Abstraction
gson-master,com.google.gson,HasTransients,Unnecessary Abstraction
gson-master,com.google.gson,HasTransients,Unutilized Abstraction
gson-master,com.google.gson,GsonTest,Unutilized Abstraction
gson-master,com.google.gson,TestTypeAdapter,Unutilized Abstraction
gson-master,com.google.gson,GsonTypeAdapterTest,Unutilized Abstraction
gson-master,com.google.gson,ExceptionTypeAdapter,Unutilized Abstraction
gson-master,com.google.gson,AtomicIntegerTypeAdapter,Unutilized Abstraction
gson-master,com.google.gson,Abstract,Unnecessary Abstraction
gson-master,com.google.gson,Concrete,Unnecessary Abstraction
gson-master,com.google.gson,InnerClassExclusionStrategyTest,Unutilized Abstraction
gson-master,com.google.gson,InnerClassExclusionStrategyTest,Deficient Encapsulation
gson-master,com.google.gson,InnerClass,Unnecessary Abstraction
gson-master,com.google.gson,InnerClass,Unutilized Abstraction
gson-master,com.google.gson,StaticNestedClass,Unnecessary Abstraction
gson-master,com.google.gson,JavaSerializationTest,Unutilized Abstraction
gson-master,com.google.gson,JsonArrayTest,Unutilized Abstraction
gson-master,com.google.gson,JsonNullTest,Unutilized Abstraction
gson-master,com.google.gson,JsonObjectTest,Unutilized Abstraction
gson-master,com.google.gson,JsonParserTest,Unutilized Abstraction
gson-master,com.google.gson,JsonPrimitiveTest,Unutilized Abstraction
gson-master,com.google.gson,JsonPrimitiveTest,Insufficient Modularization
gson-master,com.google.gson,JsonStreamParserTest,Unutilized Abstraction
gson-master,com.google.gson,LongSerializationPolicyTest,Unutilized Abstraction
gson-master,com.google.gson,MixedStreamTest,Unutilized Abstraction
gson-master,com.google.gson,MockExclusionStrategy,Unutilized Abstraction
gson-master,com.google.gson,ObjectTypeAdapterTest,Unutilized Abstraction
gson-master,com.google.gson,RuntimeType,Unnecessary Abstraction
gson-master,com.google.gson,RuntimeType,Unutilized Abstraction
gson-master,com.google.gson,OverrideCoreTypeAdaptersTest,Unutilized Abstraction
gson-master,com.google.gson,ParameterizedTypeFixtures,Unutilized Abstraction
gson-master,com.google.gson,ParameterizedTypeFixtures,Deficient Encapsulation
gson-master,com.google.gson,MyParameterizedType,Deficient Encapsulation
gson-master,com.google.gson,MyParameterizedTypeInstanceCreator,Unutilized Abstraction
gson-master,com.google.gson,ParameterizedTypeTest,Unutilized Abstraction
gson-master,com.google.gson,VersionExclusionStrategyTest,Unutilized Abstraction
gson-master,com.google.gson,VersionExclusionStrategyTest,Deficient Encapsulation
gson-master,com.google.gson,MockObject,Unnecessary Abstraction
gson-master,com.google.gson,MockObject,Unutilized Abstraction
gson-master,com.google.gson,MockObject,Deficient Encapsulation
gson-master,com.google.gson.internal,$Gson$Types,Insufficient Modularization
gson-master,com.google.gson.internal,ParameterizedTypeImpl,Unutilized Abstraction
gson-master,com.google.gson.internal,GenericArrayTypeImpl,Unutilized Abstraction
gson-master,com.google.gson.internal,WildcardTypeImpl,Unutilized Abstraction
gson-master,com.google.gson.internal,Excluder,Deficient Encapsulation
gson-master,com.google.gson.internal,Excluder,Cyclic-Dependent Modularization
gson-master,com.google.gson.internal,JsonReaderInternalAccess,Deficient Encapsulation
gson-master,com.google.gson.internal,JsonReaderInternalAccess,Cyclic-Dependent Modularization
gson-master,com.google.gson.internal,LinkedHashTreeMap,Insufficient Modularization
gson-master,com.google.gson.internal,LinkedTreeMapIterator,Unutilized Abstraction
gson-master,com.google.gson.internal,LinkedTreeMap,Insufficient Modularization
gson-master,com.google.gson.internal,Node,Unutilized Abstraction
gson-master,com.google.gson.internal,LinkedTreeMapIterator,Unutilized Abstraction
gson-master,com.google.gson.internal,EntrySet,Unutilized Abstraction
gson-master,com.google.gson.internal,KeySet,Unutilized Abstraction
gson-master,com.google.gson.internal,Streams,Cyclic-Dependent Modularization
gson-master,com.google.gson.internal,AppendableWriter,Unutilized Abstraction
gson-master,com.google.gson.internal,GsonBuildConfig,Deficient Encapsulation
gson-master,com.google.gson.internal,GsonBuildConfigTest,Unutilized Abstraction
gson-master,com.google.gson.internal,D,Unnecessary Abstraction
gson-master,com.google.gson.internal,A,Unnecessary Abstraction
gson-master,com.google.gson.internal,B,Unnecessary Abstraction
gson-master,com.google.gson.internal,C,Unnecessary Abstraction
gson-master,com.google.gson.internal,JavaVersionTest,Unutilized Abstraction
gson-master,com.google.gson.internal,LazilyParsedNumberTest,Unutilized Abstraction
gson-master,com.google.gson.internal,LinkedHashTreeMapTest,Unutilized Abstraction
gson-master,com.google.gson.internal,LinkedTreeMapTest,Unutilized Abstraction
gson-master,com.google.gson.internal,UnsafeAllocatorInstantiationTest,Unutilized Abstraction
gson-master,com.google.gson.internal,Interface,Unnecessary Abstraction
gson-master,com.google.gson.internal,AbstractClass,Unnecessary Abstraction
gson-master,com.google.gson.internal,ConcreteClass,Unnecessary Abstraction
gson-master,com.google.gson.internal,GsonBuildConfig,Unutilized Abstraction
gson-master,com.google.gson.internal,GsonBuildConfig,Deficient Encapsulation
gson-master,com.google.gson.internal.bind,ArrayTypeAdapter,Deficient Encapsulation
gson-master,com.google.gson.internal.bind,ArrayTypeAdapter,Cyclic-Dependent Modularization
gson-master,com.google.gson.internal.bind,CollectionTypeAdapterFactory,Unutilized Abstraction
gson-master,com.google.gson.internal.bind,Adapter,Unutilized Abstraction
gson-master,com.google.gson.internal.bind,DateTypeAdapter,Deficient Encapsulation
gson-master,com.google.gson.internal.bind,DateTypeAdapter,Cyclic-Dependent Modularization
gson-master,com.google.gson.internal.bind,JsonAdapterAnnotationTypeAdapterFactory,Cyclic-Dependent Modularization
gson-master,com.google.gson.internal.bind,JsonTreeReader,Insufficient Modularization
gson-master,com.google.gson.internal.bind,JsonTreeWriter,Cyclic-Dependent Modularization
gson-master,com.google.gson.internal.bind,MapTypeAdapterFactory,Unutilized Abstraction
gson-master,com.google.gson.internal.bind,Adapter,Unutilized Abstraction
gson-master,com.google.gson.internal.bind,ObjectTypeAdapter,Deficient Encapsulation
gson-master,com.google.gson.internal.bind,ObjectTypeAdapter,Cyclic-Dependent Modularization
gson-master,com.google.gson.internal.bind,Adapter,Unutilized Abstraction
gson-master,com.google.gson.internal.bind,SqlDateTypeAdapter,Deficient Encapsulation
gson-master,com.google.gson.internal.bind,SqlDateTypeAdapter,Cyclic-Dependent Modularization
gson-master,com.google.gson.internal.bind,TimeTypeAdapter,Deficient Encapsulation
gson-master,com.google.gson.internal.bind,TimeTypeAdapter,Cyclic-Dependent Modularization
gson-master,com.google.gson.internal.bind,SingleTypeFactory,Unutilized Abstraction
gson-master,com.google.gson.internal.bind,TypeAdapterRuntimeTypeWrapper,Unutilized Abstraction
gson-master,com.google.gson.internal.bind,TypeAdapters,Multifaceted Abstraction
gson-master,com.google.gson.internal.bind,TypeAdapters,Deficient Encapsulation
gson-master,com.google.gson.internal.bind,TypeAdapters,Cyclic-Dependent Modularization
gson-master,com.google.gson.internal.bind,TypeAdapters,Insufficient Modularization
gson-master,com.google.gson.internal.bind,EnumTypeAdapter,Unutilized Abstraction
gson-master,com.google.gson.internal.bind,JsonElementReaderTest,Unutilized Abstraction
gson-master,com.google.gson.internal.bind,JsonTreeReaderTest,Unutilized Abstraction
gson-master,com.google.gson.internal.bind,JsonTreeWriterTest,Unutilized Abstraction
gson-master,com.google.gson.internal.bind,RecursiveTypesResolveTest,Unutilized Abstraction
gson-master,com.google.gson.internal.bind,RecursiveTypesResolveTest,Deficient Encapsulation
gson-master,com.google.gson.internal.bind,Foo1,Unnecessary Abstraction
gson-master,com.google.gson.internal.bind,Foo1,Deficient Encapsulation
gson-master,com.google.gson.internal.bind,Foo1,Cyclic-Dependent Modularization
gson-master,com.google.gson.internal.bind,Foo2,Unnecessary Abstraction
gson-master,com.google.gson.internal.bind,Foo2,Deficient Encapsulation
gson-master,com.google.gson.internal.bind,Foo2,Cyclic-Dependent Modularization
gson-master,com.google.gson.internal.bind,TestType,Unnecessary Abstraction
gson-master,com.google.gson.internal.bind,TestType2,Unnecessary Abstraction
gson-master,com.google.gson.internal.bind.util,ISO8601UtilsTest,Unutilized Abstraction
gson-master,com.google.gson.internal.bind.util,ISO8601UtilsTest,Deficient Encapsulation
gson-master,com.google.gson.internal.reflect,PreJava9ReflectionAccessor,Unutilized Abstraction
gson-master,com.google.gson.internal.reflect,UnsafeReflectionAccessorTest,Unutilized Abstraction
gson-master,com.google.gson.reflect,TypeTokenTest,Unutilized Abstraction
gson-master,com.google.gson.stream,JsonReader,Cyclic-Dependent Modularization
gson-master,com.google.gson.stream,JsonReader,Insufficient Modularization
gson-master,com.google.gson.stream,JsonScope,Broken Modularization
gson-master,com.google.gson.stream,JsonWriter,Insufficient Modularization
gson-master,com.google.gson.stream,MalformedJsonException,Unutilized Abstraction
gson-master,com.google.gson.stream,JsonReaderPathTest,Unutilized Abstraction
gson-master,com.google.gson.stream,JsonReaderPathTest,Deficient Encapsulation
gson-master,com.google.gson.stream,JsonReaderTest,Unutilized Abstraction
gson-master,com.google.gson.stream,JsonReaderTest,Insufficient Modularization
gson-master,com.google.gson.stream,JsonWriterTest,Unutilized Abstraction
gson-master,com.google.gson.stream,JsonWriterTest,Insufficient Modularization
gson-master,com.google.gson.common,TestTypes,Deficient Encapsulation
gson-master,com.google.gson.common,TestTypes,Insufficient Modularization
gson-master,com.google.gson.common,Base,Unnecessary Abstraction
gson-master,com.google.gson.common,Base,Deficient Encapsulation
gson-master,com.google.gson.common,Base,Broken Modularization
gson-master,com.google.gson.common,Sub,Unnecessary Abstraction
gson-master,com.google.gson.common,Sub,Deficient Encapsulation
gson-master,com.google.gson.common,ClassWithBaseField,Unutilized Abstraction
gson-master,com.google.gson.common,ClassWithBaseField,Deficient Encapsulation
gson-master,com.google.gson.common,ClassWithBaseArrayField,Unutilized Abstraction
gson-master,com.google.gson.common,ClassWithBaseArrayField,Deficient Encapsulation
gson-master,com.google.gson.common,ClassWithBaseCollectionField,Unutilized Abstraction
gson-master,com.google.gson.common,ClassWithBaseCollectionField,Deficient Encapsulation
gson-master,com.google.gson.common,BaseSerializer,Unutilized Abstraction
gson-master,com.google.gson.common,BaseSerializer,Deficient Encapsulation
gson-master,com.google.gson.common,SubSerializer,Unutilized Abstraction
gson-master,com.google.gson.common,SubSerializer,Deficient Encapsulation
gson-master,com.google.gson.common,StringWrapper,Unutilized Abstraction
gson-master,com.google.gson.common,StringWrapper,Deficient Encapsulation
gson-master,com.google.gson.common,BagOfPrimitives,Deficient Encapsulation
gson-master,com.google.gson.common,BagOfPrimitiveWrappers,Unutilized Abstraction
gson-master,com.google.gson.common,PrimitiveArray,Unutilized Abstraction
gson-master,com.google.gson.common,ClassWithNoFields,Unutilized Abstraction
gson-master,com.google.gson.common,Nested,Unutilized Abstraction
gson-master,com.google.gson.common,ClassWithTransientFields,Unutilized Abstraction
gson-master,com.google.gson.common,ClassWithTransientFields,Deficient Encapsulation
gson-master,com.google.gson.common,ClassWithCustomTypeConverter,Unutilized Abstraction
gson-master,com.google.gson.common,ArrayOfObjects,Unutilized Abstraction
gson-master,com.google.gson.common,ClassOverridingEquals,Deficient Encapsulation
gson-master,com.google.gson.common,ClassWithArray,Unutilized Abstraction
gson-master,com.google.gson.common,ClassWithArray,Deficient Encapsulation
gson-master,com.google.gson.common,ClassWithObjects,Unutilized Abstraction
gson-master,com.google.gson.common,ClassWithObjects,Deficient Encapsulation
gson-master,com.google.gson.common,ClassWithSerializedNameFields,Unutilized Abstraction
gson-master,com.google.gson.common,ClassWithSerializedNameFields,Deficient Encapsulation
gson-master,com.google.gson.common,CrazyLongTypeAdapter,Unutilized Abstraction
gson-master,com.google.gson.common,CrazyLongTypeAdapter,Deficient Encapsulation
gson-master,com.google.gson.functional,ArrayTest,Unutilized Abstraction
gson-master,com.google.gson.functional,ArrayTest,Insufficient Modularization
gson-master,com.google.gson.functional,CircularReferenceTest,Unutilized Abstraction
gson-master,com.google.gson.functional,ContainsReferenceToSelfType,Unnecessary Abstraction
gson-master,com.google.gson.functional,ClassWithSelfReference,Unnecessary Abstraction
gson-master,com.google.gson.functional,ClassWithSelfReferenceArray,Unnecessary Abstraction
gson-master,com.google.gson.functional,CollectionTest,Insufficient Modularization
gson-master,com.google.gson.functional,HasArrayListField,Unnecessary Abstraction
gson-master,com.google.gson.functional,Entry,Unutilized Abstraction
gson-master,com.google.gson.functional,BigClass,Unnecessary Abstraction
gson-master,com.google.gson.functional,SmallClass,Unnecessary Abstraction
gson-master,com.google.gson.functional,ConcurrencyTest,Unutilized Abstraction
gson-master,com.google.gson.functional,CustomDeserializerTest,Unutilized Abstraction
gson-master,com.google.gson.functional,DataHolderDeserializer,Unutilized Abstraction
gson-master,com.google.gson.functional,MyBase,Unnecessary Abstraction
gson-master,com.google.gson.functional,SubType1,Unnecessary Abstraction
gson-master,com.google.gson.functional,SubType2,Unnecessary Abstraction
gson-master,com.google.gson.functional,SubType2,Unutilized Abstraction
gson-master,com.google.gson.functional,ClassWithBaseArray,Unnecessary Abstraction
gson-master,com.google.gson.functional,CustomSerializerTest,Unutilized Abstraction
gson-master,com.google.gson.functional,CustomTypeAdaptersTest,Unutilized Abstraction
gson-master,com.google.gson.functional,CustomTypeAdaptersTest,Insufficient Modularization
gson-master,com.google.gson.functional,Base,Unnecessary Abstraction
gson-master,com.google.gson.functional,Derived,Unnecessary Abstraction
gson-master,com.google.gson.functional,Derived,Unutilized Abstraction
gson-master,com.google.gson.functional,FooTypeAdapter,Unutilized Abstraction
gson-master,com.google.gson.functional,StringHolderTypeAdapter,Unutilized Abstraction
gson-master,com.google.gson.functional,DataHolder,Unutilized Abstraction
gson-master,com.google.gson.functional,DataHolderWrapper,Unutilized Abstraction
gson-master,com.google.gson.functional,DataHolderSerializer,Unutilized Abstraction
gson-master,com.google.gson.functional,DataHolderDeserializer,Unutilized Abstraction
gson-master,com.google.gson.functional,DateTypeAdapter,Unutilized Abstraction
gson-master,com.google.gson.functional,DefaultTypeAdaptersTest,Unutilized Abstraction
gson-master,com.google.gson.functional,DefaultTypeAdaptersTest,Insufficient Modularization
gson-master,com.google.gson.functional,ClassWithUrlField,Unnecessary Abstraction
gson-master,com.google.gson.functional,MyClassTypeAdapter,Unutilized Abstraction
gson-master,com.google.gson.functional,NumberAsStringAdapter,Unutilized Abstraction
gson-master,com.google.gson.functional,DelegateTypeAdapterTest,Unutilized Abstraction
gson-master,com.google.gson.functional,DelegateTypeAdapterTest,Deficient Encapsulation
gson-master,com.google.gson.functional,StatsTypeAdapterFactory,Deficient Encapsulation
gson-master,com.google.gson.functional,EnumTest,Unutilized Abstraction
gson-master,com.google.gson.functional,MyEnumTypeAdapter,Unutilized Abstraction
gson-master,com.google.gson.functional,EscapingTest,Unutilized Abstraction
gson-master,com.google.gson.functional,MyExclusionStrategy,Unutilized Abstraction
gson-master,com.google.gson.functional,ExposeFieldsTest,Unutilized Abstraction
gson-master,com.google.gson.functional,ClassWithNoExposedFields,Unnecessary Abstraction
gson-master,com.google.gson.functional,SomeInterface,Unnecessary Abstraction
gson-master,com.google.gson.functional,SomeObject,Unnecessary Abstraction
gson-master,com.google.gson.functional,SomeObject,Unutilized Abstraction
gson-master,com.google.gson.functional,SomeInterfaceInstanceCreator,Unutilized Abstraction
gson-master,com.google.gson.functional,FieldExclusionTest,Unutilized Abstraction
gson-master,com.google.gson.functional,Inner,Unutilized Abstraction
gson-master,com.google.gson.functional,Inner,Broken Hierarchy
gson-master,com.google.gson.functional,NestedClass,Unutilized Abstraction
gson-master,com.google.gson.functional,FieldNamingTest,Unutilized Abstraction
gson-master,com.google.gson.functional,TestNames,Unutilized Abstraction
gson-master,com.google.gson.functional,TestNames,Broken Modularization
gson-master,com.google.gson.functional,GsonVersionDiagnosticsTest,Unutilized Abstraction
gson-master,com.google.gson.functional,TestType,Unnecessary Abstraction
gson-master,com.google.gson.functional,InheritanceTest,Unutilized Abstraction
gson-master,com.google.gson.functional,InstanceCreatorTest,Unutilized Abstraction
gson-master,com.google.gson.functional,SubArrayList,Unnecessary Abstraction
gson-master,com.google.gson.functional,SubTreeSet,Unnecessary Abstraction
gson-master,com.google.gson.functional,InterfaceTest,Unutilized Abstraction
gson-master,com.google.gson.functional,TestObjectInterface,Unnecessary Abstraction
gson-master,com.google.gson.functional,InternationalizationTest,Unutilized Abstraction
gson-master,com.google.gson.functional,JavaUtilConcurrentAtomicTest,Unutilized Abstraction
gson-master,com.google.gson.functional,AtomicLongHolder,Unnecessary Abstraction
gson-master,com.google.gson.functional,JavaUtilTest,Unutilized Abstraction
gson-master,com.google.gson.functional,CurrencyHolder,Unnecessary Abstraction
gson-master,com.google.gson.functional,JsonAdapterAnnotationOnClassesTest,Unutilized Abstraction
gson-master,com.google.gson.functional,JsonAdapterAnnotationOnClassesTest,Insufficient Modularization
gson-master,com.google.gson.functional,JsonAdapter,Unutilized Abstraction
gson-master,com.google.gson.functional,JsonAdapterFactory,Unutilized Abstraction
gson-master,com.google.gson.functional,ClassWithIncorrectJsonAdapter,Unutilized Abstraction
gson-master,com.google.gson.functional,UserJsonAdapter,Unutilized Abstraction
gson-master,com.google.gson.functional,NullableClass,Unnecessary Abstraction
gson-master,com.google.gson.functional,NullableClassJsonAdapter,Unutilized Abstraction
gson-master,com.google.gson.functional,FooJsonAdapter,Unutilized Abstraction
gson-master,com.google.gson.functional,D,Unnecessary Abstraction
gson-master,com.google.gson.functional,D,Unutilized Abstraction
gson-master,com.google.gson.functional,JsonAdapterAnnotationOnFieldsTest,Unutilized Abstraction
gson-master,com.google.gson.functional,JsonAdapterAnnotationOnFieldsTest,Deficient Encapsulation
gson-master,com.google.gson.functional,JsonAdapterAnnotationOnFieldsTest,Insufficient Modularization
gson-master,com.google.gson.functional,PartJsonFieldAnnotationAdapter,Unutilized Abstraction
gson-master,com.google.gson.functional,GizmoPartTypeAdapterFactory,Unutilized Abstraction
gson-master,com.google.gson.functional,User,Unutilized Abstraction
gson-master,com.google.gson.functional,User,Deficient Encapsulation
gson-master,com.google.gson.functional,UserClassAnnotationAdapter,Unutilized Abstraction
gson-master,com.google.gson.functional,UserFieldAnnotationAdapter,Unutilized Abstraction
gson-master,com.google.gson.functional,RegisteredUserAdapter,Unutilized Abstraction
gson-master,com.google.gson.functional,LongToStringTypeAdapterFactory,Unutilized Abstraction
gson-master,com.google.gson.functional,Gizmo2PartTypeAdapterFactory,Unutilized Abstraction
gson-master,com.google.gson.functional,JsonAdapterSerializerDeserializerTest,Unutilized Abstraction
gson-master,com.google.gson.functional,JsonAdapterSerializerDeserializerTest,Deficient Encapsulation
gson-master,com.google.gson.functional,Computer,Unutilized Abstraction
gson-master,com.google.gson.functional,User,Unutilized Abstraction
gson-master,com.google.gson.functional,User,Deficient Encapsulation
gson-master,com.google.gson.functional,UserSerializer,Unutilized Abstraction
gson-master,com.google.gson.functional,UserDeserializer,Unutilized Abstraction
gson-master,com.google.gson.functional,UserSerializerDeserializer,Unutilized Abstraction
gson-master,com.google.gson.functional,Computer2,Unutilized Abstraction
gson-master,com.google.gson.functional,User2,Deficient Encapsulation
gson-master,com.google.gson.functional,UserSerializerDeserializer2,Unutilized Abstraction
gson-master,com.google.gson.functional,Base,Unutilized Abstraction
gson-master,com.google.gson.functional,BaseStringAdapter,Unutilized Abstraction
gson-master,com.google.gson.functional,BaseIntegerAdapter,Unutilized Abstraction
gson-master,com.google.gson.functional,JsonArrayTest,Unutilized Abstraction
gson-master,com.google.gson.functional,JsonParserTest,Unutilized Abstraction
gson-master,com.google.gson.functional,JsonTreeTest,Unutilized Abstraction
gson-master,com.google.gson.functional,LeniencyTest,Unutilized Abstraction
gson-master,com.google.gson.functional,MapAsArrayTypeAdapterTest,Unutilized Abstraction
gson-master,com.google.gson.functional,PointWithProperty,Unnecessary Abstraction
gson-master,com.google.gson.functional,MapTest,Unutilized Abstraction
gson-master,com.google.gson.functional,MapTest,Insufficient Modularization
gson-master,com.google.gson.functional,ClassWithAMap,Unnecessary Abstraction
gson-master,com.google.gson.functional,MyMap,Unnecessary Abstraction
gson-master,com.google.gson.functional,Point,Unutilized Abstraction
gson-master,com.google.gson.functional,MapWithGeneralMapParameters,Unnecessary Abstraction
gson-master,com.google.gson.functional,MoreSpecificTypeSerializationTest,Unutilized Abstraction
gson-master,com.google.gson.functional,Base,Unutilized Abstraction
gson-master,com.google.gson.functional,ParameterizedSub,Unutilized Abstraction
gson-master,com.google.gson.functional,NamingPolicyTest,Unutilized Abstraction
gson-master,com.google.gson.functional,NamingPolicyTest,Deficient Encapsulation
gson-master,com.google.gson.functional,NamingPolicyTest,Insufficient Modularization
gson-master,com.google.gson.functional,AtName,Unnecessary Abstraction
gson-master,com.google.gson.functional,AtName,Unutilized Abstraction
gson-master,com.google.gson.functional,UpperCaseNamingStrategy,Unutilized Abstraction
gson-master,com.google.gson.functional,ClassWithDuplicateFields,Deficient Encapsulation
gson-master,com.google.gson.functional,ClassWithComplexFieldName,Deficient Encapsulation
gson-master,com.google.gson.functional,NullObjectAndFieldTest,Unutilized Abstraction
gson-master,com.google.gson.functional,NullObjectAndFieldTest,Deficient Encapsulation
gson-master,com.google.gson.functional,NullObjectAndFieldTest,Insufficient Modularization
gson-master,com.google.gson.functional,ClassWithInitializedMembers,Deficient Encapsulation
gson-master,com.google.gson.functional,ClassWithNullWrappedPrimitive,Unnecessary Abstraction
gson-master,com.google.gson.functional,ClassWithMembers,Unnecessary Abstraction
gson-master,com.google.gson.functional,ClassWithObjectsSerializer,Unutilized Abstraction
gson-master,com.google.gson.functional,ObjectWithField,Unnecessary Abstraction
gson-master,com.google.gson.functional,ObjectTest,Unutilized Abstraction
gson-master,com.google.gson.functional,ObjectTest,Deficient Encapsulation
gson-master,com.google.gson.functional,ObjectTest,Insufficient Modularization
gson-master,com.google.gson.functional,ClassWithCollectionField,Unnecessary Abstraction
gson-master,com.google.gson.functional,ClassWithObjectField,Unnecessary Abstraction
gson-master,com.google.gson.functional,Parent,Unnecessary Abstraction
gson-master,com.google.gson.functional,Child,Unnecessary Abstraction
gson-master,com.google.gson.functional,ClassWithPrivateNoArgsConstructor,Deficient Encapsulation
gson-master,com.google.gson.functional,ClassWithEmptyStringFields,Unnecessary Abstraction
gson-master,com.google.gson.functional,HasObjectMap,Unnecessary Abstraction
gson-master,com.google.gson.functional,Department,Unnecessary Abstraction
gson-master,com.google.gson.functional,Department,Unutilized Abstraction
gson-master,com.google.gson.functional,Department,Deficient Encapsulation
gson-master,com.google.gson.functional,Product,Unnecessary Abstraction
gson-master,com.google.gson.functional,ParameterizedTypesTest,Unutilized Abstraction
gson-master,com.google.gson.functional,ParameterizedTypesTest,Insufficient Modularization
gson-master,com.google.gson.functional,Quantity,Unnecessary Abstraction
gson-master,com.google.gson.functional,Quantity,Unutilized Abstraction
gson-master,com.google.gson.functional,MyQuantity,Unnecessary Abstraction
gson-master,com.google.gson.functional,MyQuantity,Unutilized Abstraction
gson-master,com.google.gson.functional,Measurable,Unnecessary Abstraction
gson-master,com.google.gson.functional,Measurable,Unutilized Abstraction
gson-master,com.google.gson.functional,Field,Unnecessary Abstraction
gson-master,com.google.gson.functional,Immutable,Unnecessary Abstraction
gson-master,com.google.gson.functional,Immutable,Unutilized Abstraction
gson-master,com.google.gson.functional,Amount,Unnecessary Abstraction
gson-master,com.google.gson.functional,PrettyPrintingTest,Unutilized Abstraction
gson-master,com.google.gson.functional,ClassWithMap,Unnecessary Abstraction
gson-master,com.google.gson.functional,PrimitiveCharacterTest,Unutilized Abstraction
gson-master,com.google.gson.functional,PrimitiveTest,Unutilized Abstraction
gson-master,com.google.gson.functional,PrimitiveTest,Insufficient Modularization
gson-master,com.google.gson.functional,ClassWithIntegerField,Unnecessary Abstraction
gson-master,com.google.gson.functional,RawSerializationTest,Unutilized Abstraction
gson-master,com.google.gson.functional,Foo,Unutilized Abstraction
gson-master,com.google.gson.functional,ReadersWritersTest,Unutilized Abstraction
gson-master,com.google.gson.functional,RuntimeTypeAdapterFactoryFunctionalTest,Unutilized Abstraction
gson-master,com.google.gson.functional,JsonAdapterFactory,Unutilized Abstraction
gson-master,com.google.gson.functional,JsonAdapterFactory,Broken Hierarchy
gson-master,com.google.gson.functional,Circle,Unutilized Abstraction
gson-master,com.google.gson.functional,Square,Unutilized Abstraction
gson-master,com.google.gson.functional,RuntimeTypeAdapterFactory,Unutilized Abstraction
gson-master,com.google.gson.functional,SecurityTest,Unutilized Abstraction
gson-master,com.google.gson.functional,SerializedNameTest,Unutilized Abstraction
gson-master,com.google.gson.functional,StreamingTypeAdaptersTest,Unutilized Abstraction
gson-master,com.google.gson.functional,StreamingTypeAdaptersTest,Insufficient Modularization
gson-master,com.google.gson.functional,Truck,Unnecessary Abstraction
gson-master,com.google.gson.functional,StringTest,Unutilized Abstraction
gson-master,com.google.gson.functional,ThrowableFunctionalTest,Unutilized Abstraction
gson-master,com.google.gson.functional,MyException,Unnecessary Abstraction
gson-master,com.google.gson.functional,TreeTypeAdaptersTest,Unutilized Abstraction
gson-master,com.google.gson.functional,IdTreeTypeAdapter,Unutilized Abstraction
gson-master,com.google.gson.functional,HistoryCourse,Unnecessary Abstraction
gson-master,com.google.gson.functional,HistoryCourse,Unutilized Abstraction
gson-master,com.google.gson.functional,TypeAdapterPrecedenceTest,Unutilized Abstraction
gson-master,com.google.gson.functional,Foo,Unutilized Abstraction
gson-master,com.google.gson.functional,TypeHierarchyAdapterTest,Unutilized Abstraction
gson-master,com.google.gson.functional,TypeHierarchyAdapterTest,Unexploited Encapsulation
gson-master,com.google.gson.functional,TypeHierarchyAdapterTest,Missing Hierarchy
gson-master,com.google.gson.functional,ManagerAdapter,Unutilized Abstraction
gson-master,com.google.gson.functional,EmployeeAdapter,Unutilized Abstraction
gson-master,com.google.gson.functional,EmployeeAdapter,Unexploited Encapsulation
gson-master,com.google.gson.functional,EmployeeAdapter,Missing Hierarchy
gson-master,com.google.gson.functional,Manager,Unnecessary Abstraction
gson-master,com.google.gson.functional,CEO,Unnecessary Abstraction
gson-master,com.google.gson.functional,Company,Unnecessary Abstraction
gson-master,com.google.gson.functional,TypeVariableTest,Unutilized Abstraction
gson-master,com.google.gson.functional,TypeVariableTest,Deficient Encapsulation
gson-master,com.google.gson.functional,Blue,Unutilized Abstraction
gson-master,com.google.gson.functional,Blue,Broken Hierarchy
gson-master,com.google.gson.functional,Red,Unutilized Abstraction
gson-master,com.google.gson.functional,Foo,Unutilized Abstraction
gson-master,com.google.gson.functional,Foo,Deficient Encapsulation
gson-master,com.google.gson.functional,Foo,Broken Hierarchy
gson-master,com.google.gson.functional,Bar,Unutilized Abstraction
gson-master,com.google.gson.functional,Bar,Broken Hierarchy
gson-master,com.google.gson.functional,UncategorizedTest,Unutilized Abstraction
gson-master,com.google.gson.functional,UncategorizedTest,Unexploited Encapsulation
gson-master,com.google.gson.functional,UncategorizedTest,Missing Hierarchy
gson-master,com.google.gson.functional,Base,Unnecessary Abstraction
gson-master,com.google.gson.functional,Base,Unutilized Abstraction
gson-master,com.google.gson.functional,Derived1,Unutilized Abstraction
gson-master,com.google.gson.functional,Derived2,Unutilized Abstraction
gson-master,com.google.gson.functional,BaseTypeAdapter,Unutilized Abstraction
gson-master,com.google.gson.functional,VersioningTest,Unutilized Abstraction
gson-master,com.google.gson.functional,Version1,Unnecessary Abstraction
gson-master,com.google.gson.functional,Version1_1,Unnecessary Abstraction
gson-master,com.google.gson.functional,Version1_2,Unnecessary Abstraction
gson-master,com.google.gson.functional,SinceUntilMixing,Unnecessary Abstraction
gson-master,com.google.gson.metrics,PerformanceTest,Unutilized Abstraction
gson-master,com.google.gson.metrics,PerformanceTest,Deficient Encapsulation
gson-master,com.google.gson.metrics,ExceptionHolder,Deficient Encapsulation
gson-master,com.google.gson.metrics,CollectionEntry,Unutilized Abstraction
gson-master,com.google.gson.metrics,ClassWithField,Unutilized Abstraction
gson-master,com.google.gson.metrics,ClassWithExposedField,Unutilized Abstraction
gson-master,com.google.gson.metrics,BagOfPrimitives,Deficient Encapsulation
gson-master,com.google.gson.metrics,GsonStreamParser,Unutilized Abstraction
gson-master,com.google.gson.metrics,GsonSkipParser,Unutilized Abstraction
gson-master,com.google.gson.metrics,JacksonStreamParser,Unutilized Abstraction
gson-master,com.google.gson.metrics,GsonDomParser,Unutilized Abstraction
gson-master,com.google.gson.metrics,GsonBindParser,Unutilized Abstraction
gson-master,com.google.gson.metrics,JacksonBindParser,Unutilized Abstraction
gson-master,com.google.gson.metrics,Tweet,Broken Modularization
gson-master,com.google.gson.metrics,User,Broken Modularization
gson-master,com.google.gson.metrics,Feed,Unutilized Abstraction
gson-master,com.google.gson.metrics,Link,Unutilized Abstraction
gson-master,com.google.gson.metrics,Item,Unutilized Abstraction
gson-master,com.google.gson.metrics,ReaderUser,Unutilized Abstraction
gson-master,com.google.gson.regression,JsonAdapterNullSafeTest,Unutilized Abstraction
gson-master,com.google.gson.regression,JsonAdapterFactory,Unutilized Abstraction
gson-master,com.google.gson.protobuf,Builder,Unutilized Abstraction
gson-master,com.google.gson.protobuf.functional,ProtosWithAnnotationsTest,Unutilized Abstraction
gson-master,com.google.gson.protobuf.functional,ProtosWithComplexAndRepeatedFieldsTest,Unutilized Abstraction
gson-master,com.google.gson.protobuf.functional,ProtosWithPrimitiveTypesTest,Unutilized Abstraction
