Project Name,Package Name,Type Name,NOF,NOPF,NOM,NOPM,LOC,WMC,NC,DIT,LCOM,FANIN,FANOUT
gson-master,com.google.gson.codegen,CodeGen,0,0,4,2,26,5,0,0,-1.0,2,1
gson-master,com.google.gson.codegen,GeneratedTypeAdapterProcessor,0,0,2,1,24,3,0,0,-1.0,0,2
gson-master,com.google.gson.codegen,JavaWriter,6,0,27,20,361,70,0,0,0.14814814814814814,1,0
gson-master,com.google.gson.codegen.functional,CodeGenFunctionalTest,0,0,1,1,5,1,0,0,-1.0,0,1
gson-master,com.google.gson.codegen.functional,Order,2,0,3,3,14,3,0,0,0.0,1,0
gson-master,com.google.gson.examples.android,GsonProguardExampleActivity,0,0,2,1,28,2,0,0,-1.0,0,2
gson-master,com.google.gson.examples.android.model,Cart,3,1,6,6,76,15,0,0,0.0,2,1
gson-master,com.google.gson.examples.android.model,LineItem,4,0,6,6,31,6,0,0,0.0,0,0
gson-master,com.google.gson.extras.examples.rawcollections,RawCollectionsExample,2,0,3,2,28,3,0,0,0.6666666666666666,0,4
gson-master,com.google.gson.extras.examples.rawcollections,Event,2,0,2,1,11,2,0,0,0.0,1,0
gson-master,com.google.gson.graph,GraphAdapterBuilder,11,0,15,10,207,45,0,0,0.13333333333333333,0,13
gson-master,com.google.gson.graph,Factory,2,0,5,4,109,31,0,0,0.0,1,9
gson-master,com.google.gson.graph,Graph,3,0,2,1,23,2,0,0,0.0,3,1
gson-master,com.google.gson.graph,Element,4,0,3,0,40,5,0,0,0.0,3,4
gson-master,com.google.gson.graph,GraphAdapterBuilderTest,6,0,11,8,121,11,0,0,0.36363636363636365,0,5
gson-master,com.google.gson.graph,Roshambo,2,0,1,0,7,1,0,0,0.0,2,1
gson-master,com.google.gson.graph,Employee,2,0,1,0,9,1,0,0,0.0,1,1
gson-master,com.google.gson.graph,Company,2,0,1,0,7,1,0,0,0.0,2,0
gson-master,com.google.gson.interceptors,InterceptorFactory,2,0,4,4,34,5,0,0,0.5,0,6
gson-master,com.google.gson.interceptors,InterceptorAdapter,2,0,3,3,21,3,0,0,0.0,0,4
gson-master,com.google.gson.interceptors,JsonPostDeserializer,0,0,1,1,10,1,2,0,-1.0,2,0
gson-master,com.google.gson.interceptors,InterceptorTest,14,0,14,14,119,18,0,0,0.21428571428571427,0,7
gson-master,com.google.gson.interceptors,UserGroup,2,0,0,0,4,0,0,0,-1.0,1,1
gson-master,com.google.gson.interceptors,User,5,0,1,1,11,1,0,0,0.0,3,1
gson-master,com.google.gson.interceptors,UserValidator,0,0,1,1,8,3,0,1,-1.0,0,1
gson-master,com.google.gson.interceptors,Address,6,0,0,0,8,0,0,0,-1.0,3,0
gson-master,com.google.gson.interceptors,AddressValidator,0,0,1,1,8,3,0,1,-1.0,0,1
gson-master,com.google.gson.typeadapters,PostConstructAdapterFactory,2,0,4,4,41,9,0,0,0.5,0,5
gson-master,com.google.gson.typeadapters,PostConstructAdapter,2,0,3,3,27,5,0,0,0.0,0,3
gson-master,com.google.gson.typeadapters,RuntimeTypeAdapterFactory,5,0,9,8,114,28,0,0,0.0,1,8
gson-master,com.google.gson.typeadapters,UtcDateTypeAdapter,2,0,7,2,214,29,0,0,0.2857142857142857,1,3
gson-master,com.google.gson.typeadapters,PostConstructAdapterFactoryTest,3,3,7,6,69,15,0,0,0.5714285714285714,0,3
gson-master,com.google.gson.typeadapters,Sandwich,2,2,3,2,29,8,0,0,0.0,2,1
gson-master,com.google.gson.typeadapters,MultipleSandwiches,1,1,2,2,19,5,0,0,0.0,2,1
gson-master,com.google.gson.typeadapters,RuntimeTypeAdapterFactoryTest,4,0,17,13,146,17,0,0,0.7058823529411765,0,7
gson-master,com.google.gson.typeadapters,BillingInstrumentWrapper,1,0,1,0,6,1,0,0,0.0,1,1
gson-master,com.google.gson.typeadapters,BillingInstrument,1,0,1,0,6,1,2,0,0.0,2,0
gson-master,com.google.gson.typeadapters,CreditCard,1,0,1,0,7,1,0,1,0.0,1,0
gson-master,com.google.gson.typeadapters,BankTransfer,1,0,1,0,7,1,0,1,0.0,1,0
gson-master,com.google.gson.typeadapters,UtcDateTypeAdapterTest,1,0,6,6,48,7,0,0,0.3333333333333333,0,1
gson-master,com.google.gson,DefaultDateTypeAdapter,3,0,10,5,114,25,0,1,0.2,3,6
gson-master,com.google.gson,ExclusionStrategy,0,0,2,2,21,2,1,0,-1.0,3,1
gson-master,com.google.gson,FieldAttributes,1,0,10,8,82,10,0,0,0.0,6,1
gson-master,com.google.gson,FieldNamingStrategy,0,0,1,1,15,1,0,0,-1.0,4,0
gson-master,com.google.gson,Gson,31,0,50,42,666,95,0,0,0.36,114,23
gson-master,com.google.gson,FutureTypeAdapter,1,0,3,3,21,6,0,1,0.0,1,3
gson-master,com.google.gson,GsonBuilder,16,0,27,25,326,35,0,0,0.07407407407407407,10,11
gson-master,com.google.gson,InstanceCreator,0,0,1,1,14,1,1,0,-1.0,4,0
gson-master,com.google.gson,JsonArray,1,0,31,31,286,46,0,1,0.0,17,3
gson-master,com.google.gson,JsonDeserializationContext,0,0,1,1,16,1,0,0,-1.0,33,1
gson-master,com.google.gson,JsonDeserializer,0,0,1,1,16,1,3,0,-1.0,5,2
gson-master,com.google.gson,JsonElement,0,0,22,22,215,26,4,0,-1.0,63,2
gson-master,com.google.gson,JsonIOException,1,0,3,3,21,3,0,1,1.0,0,0
gson-master,com.google.gson,JsonNull,1,1,4,4,37,4,0,1,1.0,15,1
gson-master,com.google.gson,JsonObject,1,0,17,17,136,18,0,1,0.0,37,4
gson-master,com.google.gson,JsonParseException,1,0,3,3,30,3,2,0,1.0,0,0
gson-master,com.google.gson,JsonParser,0,0,7,7,85,8,0,0,-1.0,7,4
gson-master,com.google.gson,JsonPrimitive,1,0,23,22,204,35,0,1,0.08695652173913043,12,2
gson-master,com.google.gson,JsonSerializationContext,0,0,2,2,20,2,0,0,-1.0,38,0
gson-master,com.google.gson,JsonSerializer,0,0,1,1,15,1,3,0,-1.0,5,1
gson-master,com.google.gson,JsonStreamParser,2,0,5,5,74,6,0,0,0.6,2,2
gson-master,com.google.gson,JsonSyntaxException,1,0,3,3,21,3,0,1,1.0,0,0
gson-master,com.google.gson,TypeAdapter,0,0,11,11,110,15,3,0,-1.0,36,4
gson-master,com.google.gson,TypeAdapterFactory,0,0,1,0,10,1,0,0,-1.0,10,2
gson-master,com.google.gson,CommentsTest,0,0,1,1,15,1,0,0,-1.0,0,0
gson-master,com.google.gson,DefaultDateTypeAdapterTest,0,0,15,11,147,15,0,0,-1.0,1,3
gson-master,com.google.gson,DefaultInetAddressTypeAdapterTest,1,0,2,1,18,2,0,0,0.0,0,1
gson-master,com.google.gson,DefaultMapJsonSerializerTest,1,0,3,3,37,3,0,0,0.6666666666666666,0,3
gson-master,com.google.gson,ExposeAnnotationExclusionStrategyTest,6,5,7,6,46,7,0,0,0.0,1,3
gson-master,com.google.gson,MockObject,5,5,0,0,7,0,0,0,-1.0,2,0
gson-master,com.google.gson,FieldAttributesTest,2,1,7,6,48,7,0,0,0.2857142857142857,0,2
gson-master,com.google.gson,Foo,1,1,0,0,3,0,0,0,-1.0,1,0
gson-master,com.google.gson,GenericArrayTypeTest,1,0,3,2,30,3,0,0,0.0,0,1
gson-master,com.google.gson,GsonBuilderTest,6,0,6,6,43,7,0,0,1.0,0,5
gson-master,com.google.gson,HasModifiers,4,0,0,0,6,0,0,0,-1.0,0,0
gson-master,com.google.gson,HasTransients,1,0,0,0,3,0,0,0,-1.0,0,0
gson-master,com.google.gson,GsonTest,2,0,5,5,32,5,0,0,0.8,0,5
gson-master,com.google.gson,TestTypeAdapter,0,0,2,2,7,2,0,1,-1.0,0,2
gson-master,com.google.gson,GsonTypeAdapterTest,3,0,12,10,102,14,0,0,0.5833333333333334,0,8
gson-master,com.google.gson,ExceptionTypeAdapter,0,0,2,2,8,2,0,1,-1.0,0,3
gson-master,com.google.gson,AtomicIntegerTypeAdapter,0,0,2,2,9,2,0,1,-1.0,0,3
gson-master,com.google.gson,Abstract,1,0,0,0,3,0,1,0,-1.0,1,0
gson-master,com.google.gson,Concrete,1,0,0,0,3,0,0,1,-1.0,1,0
gson-master,com.google.gson,InnerClassExclusionStrategyTest,3,2,4,4,29,4,0,0,0.0,0,2
gson-master,com.google.gson,InnerClass,0,0,0,0,2,0,0,0,-1.0,0,0
gson-master,com.google.gson,StaticNestedClass,0,0,0,0,2,0,0,0,-1.0,1,0
gson-master,com.google.gson,JavaSerializationTest,1,0,4,3,43,4,0,0,0.5,0,1
gson-master,com.google.gson,JsonArrayTest,0,0,5,5,71,5,0,0,-1.0,0,4
gson-master,com.google.gson,JsonNullTest,0,0,2,2,15,2,0,0,-1.0,0,2
gson-master,com.google.gson,JsonObjectTest,0,0,14,14,140,14,0,0,-1.0,0,7
gson-master,com.google.gson,JsonParserTest,0,0,10,10,82,10,0,0,-1.0,0,6
gson-master,com.google.gson,JsonPrimitiveTest,0,0,25,25,208,25,0,0,-1.0,0,2
gson-master,com.google.gson,JsonStreamParserTest,1,0,5,4,45,5,0,0,0.0,0,1
gson-master,com.google.gson,LongSerializationPolicyTest,0,0,4,4,33,4,0,0,-1.0,0,3
gson-master,com.google.gson,MixedStreamTest,6,0,16,14,174,16,0,0,0.4375,0,4
gson-master,com.google.gson,Car,2,0,4,2,16,4,0,0,0.5,1,0
gson-master,com.google.gson,MockExclusionStrategy,2,0,3,3,18,3,0,1,0.0,0,1
gson-master,com.google.gson,ObjectTypeAdapterTest,4,0,5,5,32,5,0,0,0.0,0,2
gson-master,com.google.gson,RuntimeType,2,0,0,0,4,0,0,0,-1.0,0,0
gson-master,com.google.gson,OverrideCoreTypeAdaptersTest,2,0,7,7,45,7,0,0,0.8571428571428571,0,4
gson-master,com.google.gson,ParameterizedTypeFixtures,2,1,11,10,132,24,0,0,0.45454545454545453,0,8
gson-master,com.google.gson,MyParameterizedType,1,1,6,5,68,14,0,0,0.0,4,2
gson-master,com.google.gson,MyParameterizedTypeInstanceCreator,1,0,2,2,13,2,0,1,0.0,0,0
gson-master,com.google.gson,MyParameterizedTypeAdapter,0,0,3,3,44,8,0,1,-1.0,1,8
gson-master,com.google.gson,ParameterizedTypeTest,1,0,3,2,29,3,0,0,0.0,0,1
gson-master,com.google.gson,PrimitiveTypeAdapter,0,0,1,1,52,5,0,0,-1.0,2,1
gson-master,com.google.gson,VersionExclusionStrategyTest,2,1,3,3,25,3,0,0,0.0,0,2
gson-master,com.google.gson,MockObject,1,1,0,0,3,0,0,0,-1.0,0,0
gson-master,com.google.gson.internal,$Gson$Preconditions,0,0,3,2,21,5,0,0,-1.0,6,0
gson-master,com.google.gson.internal,$Gson$Types,10,0,40,30,449,101,0,0,0.125,16,1
gson-master,com.google.gson.internal,ParameterizedTypeImpl,4,0,7,7,48,11,0,0,0.2857142857142857,0,1
gson-master,com.google.gson.internal,GenericArrayTypeImpl,2,0,5,5,19,5,0,0,0.4,0,1
gson-master,com.google.gson.internal,WildcardTypeImpl,3,0,6,6,48,9,0,0,0.3333333333333333,0,1
gson-master,com.google.gson.internal,ConstructorConstructor,3,0,20,17,189,39,0,0,0.85,6,5
gson-master,com.google.gson.internal,Excluder,9,1,20,10,179,47,0,0,0.0,8,8
gson-master,com.google.gson.internal,JavaVersion,1,0,7,2,67,12,0,0,0.42857142857142855,7,1
gson-master,com.google.gson.internal,JsonReaderInternalAccess,1,1,1,1,10,1,0,0,0.0,4,2
gson-master,com.google.gson.internal,LazilyParsedNumber,1,0,9,8,62,11,0,0,0.0,2,1
gson-master,com.google.gson.internal,LinkedHashTreeMap,26,0,56,34,646,113,0,0,0.10714285714285714,2,6
gson-master,com.google.gson.internal,Node,9,0,10,8,80,13,0,0,0.3,11,1
gson-master,com.google.gson.internal,AvlIterator,1,0,2,1,32,5,0,0,0.0,2,1
gson-master,com.google.gson.internal,AvlBuilder,4,0,3,0,69,10,0,0,0.0,2,1
gson-master,com.google.gson.internal,LinkedTreeMapIterator,3,0,4,2,29,7,0,0,0.5,0,1
gson-master,com.google.gson.internal,EntrySet,0,0,6,6,30,8,0,0,-1.0,1,1
gson-master,com.google.gson.internal,KeySet,0,0,6,6,22,6,0,0,-1.0,2,0
gson-master,com.google.gson.internal,LinkedTreeMap,19,0,48,33,474,87,0,0,0.125,2,2
gson-master,com.google.gson.internal,Node,8,0,10,8,77,13,0,0,0.3,0,1
gson-master,com.google.gson.internal,LinkedTreeMapIterator,3,0,4,2,29,7,0,0,0.5,0,1
gson-master,com.google.gson.internal,EntrySet,0,0,6,6,30,8,0,0,-1.0,0,1
gson-master,com.google.gson.internal,KeySet,0,0,6,6,22,6,0,0,-1.0,0,0
gson-master,com.google.gson.internal,ObjectConstructor,0,0,1,1,11,1,0,0,-1.0,8,0
gson-master,com.google.gson.internal,PreJava9DateFormatProvider,0,0,5,2,59,17,0,0,-1.0,3,1
gson-master,com.google.gson.internal,Primitives,0,0,5,4,51,23,0,0,-1.0,6,0
gson-master,com.google.gson.internal,Streams,3,0,12,10,79,13,0,0,0.5,12,6
gson-master,com.google.gson.internal,AppendableWriter,3,0,8,7,36,8,0,0,0.375,0,1
gson-master,com.google.gson.internal,CurrentWrite,1,0,3,3,15,3,0,0,0.0,2,0
gson-master,com.google.gson.internal,UnsafeAllocator,0,0,7,6,74,9,0,0,-1.0,3,1
gson-master,com.google.gson.internal,GsonBuildConfig,1,1,1,0,12,1,0,0,0.0,2,0
gson-master,com.google.gson.internal,GsonBuildConfigTest,0,0,1,1,9,1,0,0,-1.0,0,1
gson-master,com.google.gson.internal,GsonTypesTest,0,0,3,3,39,5,0,0,-1.0,1,6
gson-master,com.google.gson.internal,D,0,0,0,0,2,0,0,0,-1.0,1,0
gson-master,com.google.gson.internal,A,0,0,0,0,2,0,0,0,-1.0,1,0
gson-master,com.google.gson.internal,B,0,0,0,0,2,0,0,0,-1.0,1,0
gson-master,com.google.gson.internal,C,0,0,0,0,2,0,0,0,-1.0,1,0
gson-master,com.google.gson.internal,JavaVersionTest,0,0,7,7,38,7,0,0,-1.0,0,1
gson-master,com.google.gson.internal,LazilyParsedNumberTest,0,0,2,2,12,2,0,0,-1.0,0,1
gson-master,com.google.gson.internal,LinkedHashTreeMapTest,1,0,23,15,223,38,0,0,0.6086956521739131,0,5
gson-master,com.google.gson.internal,LinkedTreeMapTest,0,0,12,11,109,15,0,0,-1.0,0,2
gson-master,com.google.gson.internal,UnsafeAllocatorInstantiationTest,0,0,3,3,50,3,0,0,-1.0,0,4
gson-master,com.google.gson.internal,Interface,0,0,0,0,2,0,0,0,-1.0,1,0
gson-master,com.google.gson.internal,AbstractClass,0,0,0,0,2,0,0,0,-1.0,1,0
gson-master,com.google.gson.internal,ConcreteClass,0,0,0,0,2,0,0,0,-1.0,1,0
gson-master,com.google.gson.internal,GsonBuildConfig,1,1,1,0,12,1,0,0,0.0,0,0
gson-master,com.google.gson.internal.bind,ArrayTypeAdapter,3,1,4,4,54,10,0,0,0.5,1,7
gson-master,com.google.gson.internal.bind,CollectionTypeAdapterFactory,3,0,5,5,54,10,0,0,0.4,0,8
gson-master,com.google.gson.internal.bind,Adapter,2,0,3,3,33,7,0,0,0.0,0,5
gson-master,com.google.gson.internal.bind,DateTypeAdapter,2,1,5,4,54,10,0,0,0.4,1,8
gson-master,com.google.gson.internal.bind,JsonAdapterAnnotationTypeAdapterFactory,1,0,3,2,40,8,0,0,0.0,2,6
gson-master,com.google.gson.internal.bind,JsonTreeReader,6,0,26,21,254,62,0,0,0.15384615384615385,2,4
gson-master,com.google.gson.internal.bind,JsonTreeWriter,5,0,21,19,171,40,0,0,0.2857142857142857,3,5
gson-master,com.google.gson.internal.bind,MapTypeAdapterFactory,5,0,7,5,143,26,0,0,0.2857142857142857,0,13
gson-master,com.google.gson.internal.bind,Adapter,3,0,4,3,112,22,0,0,0.5,0,9
gson-master,com.google.gson.internal.bind,ObjectTypeAdapter,2,1,4,3,63,15,0,0,0.5,1,6
gson-master,com.google.gson.internal.bind,ReflectiveTypeAdapterFactory,10,0,17,6,183,41,0,0,0.35294117647058826,2,15
gson-master,com.google.gson.internal.bind,BoundField,3,0,4,0,13,4,0,0,1.0,2,2
gson-master,com.google.gson.internal.bind,Adapter,2,0,3,2,55,9,0,0,0.0,0,4
gson-master,com.google.gson.internal.bind,SqlDateTypeAdapter,2,1,3,3,28,4,0,0,0.6666666666666666,1,5
gson-master,com.google.gson.internal.bind,TimeTypeAdapter,2,1,3,3,28,4,0,0,0.6666666666666666,1,5
gson-master,com.google.gson.internal.bind,TreeTypeAdapter,12,0,12,10,97,16,0,0,0.0,1,12
gson-master,com.google.gson.internal.bind,SingleTypeFactory,5,0,2,1,19,2,0,0,0.0,0,5
gson-master,com.google.gson.internal.bind,GsonContextImpl,0,0,3,3,11,3,0,0,-1.0,1,1
gson-master,com.google.gson.internal.bind,TypeAdapterRuntimeTypeWrapper,3,0,4,2,39,8,0,0,0.0,0,6
gson-master,com.google.gson.internal.bind,TypeAdapters,60,52,80,79,766,160,0,0,0.875,5,12
gson-master,com.google.gson.internal.bind,EnumTypeAdapter,2,0,3,3,33,7,0,0,0.0,0,2
gson-master,com.google.gson.internal.bind,JsonElementReaderTest,0,0,17,17,289,17,0,0,-1.0,0,3
gson-master,com.google.gson.internal.bind,JsonTreeReaderTest,0,0,2,2,24,2,0,0,-1.0,0,4
gson-master,com.google.gson.internal.bind,JsonTreeWriterTest,0,0,17,17,172,17,0,0,-1.0,0,2
gson-master,com.google.gson.internal.bind,RecursiveTypesResolveTest,4,2,9,9,61,9,0,0,1.0,0,6
gson-master,com.google.gson.internal.bind,Foo1,1,1,0,0,3,0,0,0,-1.0,2,1
gson-master,com.google.gson.internal.bind,Foo2,1,1,0,0,3,0,0,0,-1.0,2,1
gson-master,com.google.gson.internal.bind,TestType,1,0,0,0,6,0,0,0,-1.0,2,1
gson-master,com.google.gson.internal.bind,TestType2,1,0,0,0,3,0,0,0,-1.0,2,1
gson-master,com.google.gson.internal.bind.util,ISO8601Utils,2,0,8,4,266,37,0,0,0.0,4,1
gson-master,com.google.gson.internal.bind.util,ISO8601UtilsTest,1,1,7,7,76,7,0,0,1.0,0,1
gson-master,com.google.gson.internal.reflect,PreJava9ReflectionAccessor,0,0,1,1,11,1,0,1,-1.0,0,0
gson-master,com.google.gson.internal.reflect,ReflectionAccessor,1,0,2,2,16,2,2,0,1.0,3,1
gson-master,com.google.gson.internal.reflect,UnsafeReflectionAccessor,3,0,4,1,55,6,0,1,0.5,1,0
gson-master,com.google.gson.internal.reflect,UnsafeReflectionAccessorTest,1,0,2,2,23,2,0,0,1.0,0,2
gson-master,com.google.gson.internal.reflect,ClassWithPrivateFinalFields,1,0,1,1,6,1,0,0,0.0,1,0
gson-master,com.google.gson.reflect,TypeToken,3,0,20,12,211,43,0,0,0.15,40,3
gson-master,com.google.gson.reflect,TypeTokenTest,6,0,6,6,70,6,0,0,1.0,0,1
gson-master,com.google.gson.stream,JsonReader,42,0,39,21,1254,309,0,0,0.0,74,3
gson-master,com.google.gson.stream,JsonScope,8,0,0,0,39,0,0,0,-1.0,1,0
gson-master,com.google.gson.stream,JsonWriter,11,0,33,23,428,71,0,0,0.0,65,0
gson-master,com.google.gson.stream,MalformedJsonException,1,0,3,3,16,3,0,0,1.0,0,0
gson-master,com.google.gson.stream,JsonReaderPathTest,1,1,14,13,191,14,0,0,0.35714285714285715,0,3
gson-master,com.google.gson.stream,JsonReaderTest,0,0,129,124,1604,145,0,0,-1.0,0,1
gson-master,com.google.gson.stream,JsonWriterTest,0,0,39,39,534,43,0,0,-1.0,0,1
gson-master,com.google.gson.common,MoreAsserts,0,0,2,2,26,4,0,0,-1.0,7,0
gson-master,com.google.gson.common,TestTypes,40,30,46,46,317,64,0,0,0.45652173913043476,2,8
gson-master,com.google.gson.common,Base,5,5,0,0,7,0,1,0,-1.0,4,0
gson-master,com.google.gson.common,Sub,3,3,0,0,5,0,0,1,-1.0,2,0
gson-master,com.google.gson.common,ClassWithBaseField,2,2,1,1,7,1,0,0,0.0,0,1
gson-master,com.google.gson.common,ClassWithBaseArrayField,2,2,1,1,7,1,0,0,0.0,0,0
gson-master,com.google.gson.common,ClassWithBaseCollectionField,2,2,1,1,7,1,0,0,0.0,0,0
gson-master,com.google.gson.common,BaseSerializer,1,1,1,1,8,1,0,0,0.0,0,3
gson-master,com.google.gson.common,SubSerializer,1,1,1,1,8,1,0,0,0.0,0,4
gson-master,com.google.gson.common,StringWrapper,1,1,1,1,6,1,0,0,0.0,0,0
gson-master,com.google.gson.common,BagOfPrimitives,5,5,7,7,55,16,0,0,0.2857142857142857,6,1
gson-master,com.google.gson.common,BagOfPrimitiveWrappers,3,0,2,2,19,2,0,0,0.0,0,0
gson-master,com.google.gson.common,PrimitiveArray,1,0,3,3,25,5,0,0,0.6666666666666666,0,0
gson-master,com.google.gson.common,ClassWithNoFields,0,0,1,1,5,1,0,0,-1.0,0,0
gson-master,com.google.gson.common,Nested,2,0,4,4,29,7,0,0,0.5,0,1
gson-master,com.google.gson.common,ClassWithTransientFields,3,2,3,3,19,3,0,0,0.6666666666666666,0,0
gson-master,com.google.gson.common,ClassWithCustomTypeConverter,2,0,6,6,23,6,0,0,0.3333333333333333,0,1
gson-master,com.google.gson.common,ArrayOfObjects,1,0,2,2,24,5,0,0,0.0,0,0
gson-master,com.google.gson.common,ClassOverridingEquals,1,1,3,3,15,4,0,0,1.0,2,1
gson-master,com.google.gson.common,ClassWithArray,1,1,2,2,9,2,0,0,0.0,0,0
gson-master,com.google.gson.common,ClassWithObjects,1,1,2,2,9,2,0,0,1.0,0,1
gson-master,com.google.gson.common,ClassWithSerializedNameFields,2,2,3,3,14,3,0,0,0.6666666666666666,0,0
gson-master,com.google.gson.common,CrazyLongTypeAdapter,1,1,2,2,9,2,0,0,0.0,0,3
gson-master,com.google.gson.functional,ArrayTest,1,0,27,26,197,30,0,0,0.07407407407407407,0,1
gson-master,com.google.gson.functional,CircularReferenceTest,4,0,8,7,83,8,0,0,0.25,0,6
gson-master,com.google.gson.functional,ContainsReferenceToSelfType,1,0,0,0,3,0,0,0,-1.0,1,0
gson-master,com.google.gson.functional,ClassWithSelfReference,1,0,0,0,3,0,0,0,-1.0,2,1
gson-master,com.google.gson.functional,ClassWithSelfReferenceArray,1,0,0,0,3,0,0,0,-1.0,1,0
gson-master,com.google.gson.functional,CollectionTest,6,0,35,32,351,45,0,0,0.11428571428571428,1,8
gson-master,com.google.gson.functional,HasArrayListField,1,0,0,0,3,0,0,0,-1.0,1,0
gson-master,com.google.gson.functional,ObjectWithWildcardCollection,1,0,2,2,9,2,0,0,0.0,1,0
gson-master,com.google.gson.functional,Entry,1,0,1,0,6,1,0,0,0.0,0,0
gson-master,com.google.gson.functional,BigClass,1,0,0,0,3,0,0,0,-1.0,1,0
gson-master,com.google.gson.functional,SmallClass,1,0,0,0,3,0,0,0,-1.0,1,0
gson-master,com.google.gson.functional,ConcurrencyTest,4,0,9,7,105,17,0,0,0.2222222222222222,0,2
gson-master,com.google.gson.functional,MyObject,3,0,2,1,13,2,0,0,1.0,1,0
gson-master,com.google.gson.functional,CustomDeserializerTest,10,0,22,18,134,22,0,0,0.5909090909090909,0,10
gson-master,com.google.gson.functional,DataHolder,1,0,3,2,12,3,0,0,0.6666666666666666,5,0
gson-master,com.google.gson.functional,DataHolderWrapper,1,0,3,2,12,3,0,0,0.6666666666666666,2,1
gson-master,com.google.gson.functional,DataHolderDeserializer,0,0,1,1,7,1,0,0,-1.0,0,3
gson-master,com.google.gson.functional,MyBase,1,0,0,0,3,0,2,0,-1.0,1,0
gson-master,com.google.gson.functional,SubType1,1,0,0,0,3,0,0,1,-1.0,1,0
gson-master,com.google.gson.functional,SubType2,1,0,0,0,3,0,0,1,-1.0,0,0
gson-master,com.google.gson.functional,ClassWithBaseArray,1,0,0,0,3,0,0,0,-1.0,1,1
gson-master,com.google.gson.functional,CustomSerializerTest,0,0,6,6,47,7,0,0,-1.0,0,7
gson-master,com.google.gson.functional,CustomTypeAdaptersTest,9,0,48,46,334,54,0,0,0.7083333333333334,0,11
gson-master,com.google.gson.functional,Base,1,0,0,0,3,0,4,0,-1.0,13,0
gson-master,com.google.gson.functional,Derived,1,0,0,0,3,0,0,1,-1.0,0,0
gson-master,com.google.gson.functional,Foo,2,0,2,2,11,2,1,0,1.0,9,0
gson-master,com.google.gson.functional,FooTypeAdapter,0,0,2,2,8,2,0,0,-1.0,0,4
gson-master,com.google.gson.functional,StringHolder,2,0,2,2,13,2,0,0,0.0,2,0
gson-master,com.google.gson.functional,StringHolderTypeAdapter,0,0,3,3,12,3,0,0,-1.0,0,4
gson-master,com.google.gson.functional,DataHolder,1,0,1,1,6,1,0,0,0.0,0,0
gson-master,com.google.gson.functional,DataHolderWrapper,1,0,1,1,6,1,0,0,0.0,0,1
gson-master,com.google.gson.functional,DataHolderSerializer,0,0,1,1,7,1,0,0,-1.0,0,3
gson-master,com.google.gson.functional,DataHolderDeserializer,0,0,1,1,10,2,0,0,-1.0,0,3
gson-master,com.google.gson.functional,DateTypeAdapter,0,0,2,2,8,2,0,0,-1.0,0,3
gson-master,com.google.gson.functional,DefaultTypeAdaptersTest,6,0,80,70,595,83,0,0,0.2375,0,13
gson-master,com.google.gson.functional,ClassWithUrlField,1,0,0,0,3,0,0,0,-1.0,1,0
gson-master,com.google.gson.functional,ClassWithBigDecimal,1,0,2,0,9,2,0,0,0.0,1,0
gson-master,com.google.gson.functional,ClassWithBigInteger,1,0,2,0,9,2,0,0,0.0,1,0
gson-master,com.google.gson.functional,MyClassTypeAdapter,0,0,2,2,14,2,0,0,-1.0,0,2
gson-master,com.google.gson.functional,NumberAsStringAdapter,1,0,3,2,17,3,0,0,0.6666666666666666,0,2
gson-master,com.google.gson.functional,DelegateTypeAdapterTest,4,2,6,5,50,7,0,0,0.0,0,6
gson-master,com.google.gson.functional,StatsTypeAdapterFactory,2,2,3,3,18,3,0,0,0.0,1,5
gson-master,com.google.gson.functional,EnumTest,5,0,21,15,147,21,0,0,0.3333333333333333,0,6
gson-master,com.google.gson.functional,ClassWithEnumFields,2,0,1,1,7,1,0,0,0.0,1,0
gson-master,com.google.gson.functional,MyEnumTypeAdapter,0,0,2,2,8,2,0,0,-1.0,0,3
gson-master,com.google.gson.functional,EscapingTest,1,0,6,5,55,6,0,0,0.3333333333333333,0,1
gson-master,com.google.gson.functional,ExclusionStrategyFunctionalTest,6,0,18,15,127,19,0,0,0.3333333333333333,1,8
gson-master,com.google.gson.functional,SampleObjectForTest,3,0,2,2,13,2,0,0,1.0,1,0
gson-master,com.google.gson.functional,MyExclusionStrategy,1,0,3,2,12,3,0,0,0.6666666666666666,0,2
gson-master,com.google.gson.functional,ExposeFieldsTest,9,0,14,13,103,15,0,0,0.14285714285714285,0,5
gson-master,com.google.gson.functional,ClassWithExposedFields,5,0,3,3,26,4,0,0,0.0,1,0
gson-master,com.google.gson.functional,ClassWithNoExposedFields,2,0,0,0,4,0,0,0,-1.0,1,0
gson-master,com.google.gson.functional,SomeInterface,0,0,0,0,2,0,1,0,-1.0,2,0
gson-master,com.google.gson.functional,SomeObject,0,0,0,0,2,0,0,1,-1.0,0,0
gson-master,com.google.gson.functional,SomeInterfaceInstanceCreator,0,0,1,1,5,1,0,0,-1.0,0,0
gson-master,com.google.gson.functional,ClassWithInterfaceField,1,0,1,1,6,1,0,0,0.0,1,1
gson-master,com.google.gson.functional,FieldExclusionTest,3,0,7,6,54,7,0,0,0.2857142857142857,0,3
gson-master,com.google.gson.functional,Outer,0,0,1,1,7,1,0,0,-1.0,1,0
gson-master,com.google.gson.functional,Inner,0,0,1,1,5,1,0,1,-1.0,1,0
gson-master,com.google.gson.functional,NestedClass,1,0,2,2,9,2,1,0,0.0,0,0
gson-master,com.google.gson.functional,FieldNamingTest,9,0,6,5,36,6,0,0,0.0,0,1
gson-master,com.google.gson.functional,TestNames,9,0,0,0,11,0,0,0,-1.0,0,0
gson-master,com.google.gson.functional,GsonVersionDiagnosticsTest,3,0,7,6,53,7,0,0,0.42857142857142855,0,4
gson-master,com.google.gson.functional,TestType,1,0,0,0,3,0,0,0,-1.0,1,0
gson-master,com.google.gson.functional,InheritanceTest,6,0,23,17,200,37,0,0,0.17391304347826086,0,8
gson-master,com.google.gson.functional,SubTypeOfNested,1,0,2,2,10,2,0,0,1.0,1,0
gson-master,com.google.gson.functional,ClassWithSubInterfacesOfCollection,4,0,7,2,79,19,0,0,0.0,1,0
gson-master,com.google.gson.functional,InstanceCreatorTest,0,0,10,10,79,10,0,0,-1.0,0,6
gson-master,com.google.gson.functional,SubArrayList,0,0,0,0,2,0,0,0,-1.0,1,0
gson-master,com.google.gson.functional,SubTreeSet,0,0,0,0,2,0,0,0,-1.0,1,0
gson-master,com.google.gson.functional,InterfaceTest,5,0,5,2,36,5,0,0,0.4,0,4
gson-master,com.google.gson.functional,TestObjectInterface,0,0,0,0,2,0,1,0,-1.0,2,0
gson-master,com.google.gson.functional,TestObject,1,0,1,0,6,1,0,1,0.0,1,0
gson-master,com.google.gson.functional,TestObjectWrapper,1,0,1,0,6,1,0,0,0.0,1,1
gson-master,com.google.gson.functional,InternationalizationTest,1,0,5,4,33,5,0,0,0.0,0,1
gson-master,com.google.gson.functional,JavaUtilConcurrentAtomicTest,2,0,8,7,66,8,0,0,0.375,0,2
gson-master,com.google.gson.functional,AtomicLongHolder,1,0,0,0,3,0,0,0,-1.0,1,0
gson-master,com.google.gson.functional,JavaUtilTest,2,0,3,2,30,3,0,0,0.0,0,2
gson-master,com.google.gson.functional,CurrencyHolder,1,0,0,0,3,0,0,0,-1.0,1,0
gson-master,com.google.gson.functional,JsonAdapterAnnotationOnClassesTest,6,0,29,24,188,29,0,0,0.4482758620689655,0,15
gson-master,com.google.gson.functional,A,1,0,3,2,15,3,1,0,0.6666666666666666,5,3
gson-master,com.google.gson.functional,JsonAdapter,0,0,2,2,9,2,0,0,-1.0,0,3
gson-master,com.google.gson.functional,C,1,0,4,3,20,4,0,0,0.5,3,5
gson-master,com.google.gson.functional,JsonAdapterFactory,0,0,3,3,14,3,0,0,-1.0,0,4
gson-master,com.google.gson.functional,B,0,0,1,0,5,1,0,1,-1.0,1,0
gson-master,com.google.gson.functional,ClassWithIncorrectJsonAdapter,1,0,1,0,6,1,0,0,0.0,0,1
gson-master,com.google.gson.functional,User,2,0,1,0,7,1,0,0,0.0,12,0
gson-master,com.google.gson.functional,UserJsonAdapter,0,0,2,2,15,2,0,0,-1.0,0,3
gson-master,com.google.gson.functional,NullableClass,0,0,0,0,2,0,0,0,-1.0,2,0
gson-master,com.google.gson.functional,NullableClassJsonAdapter,0,0,2,2,9,2,0,0,-1.0,0,3
gson-master,com.google.gson.functional,FooJsonAdapter,0,0,2,2,8,2,0,0,-1.0,0,3
gson-master,com.google.gson.functional,D,1,0,0,0,3,0,0,0,-1.0,0,0
gson-master,com.google.gson.functional,JsonAdapterAnnotationOnFieldsTest,12,1,39,30,237,41,0,0,0.38461538461538464,0,15
gson-master,com.google.gson.functional,Gadget,1,0,1,0,6,1,0,0,0.0,1,1
gson-master,com.google.gson.functional,Gizmo,1,0,1,0,6,1,0,0,0.0,1,1
gson-master,com.google.gson.functional,Part,1,0,1,1,6,1,0,0,0.0,6,0
gson-master,com.google.gson.functional,PartJsonFieldAnnotationAdapter,0,0,2,2,9,2,0,0,-1.0,0,3
gson-master,com.google.gson.functional,GizmoPartTypeAdapterFactory,0,0,3,3,14,3,0,0,-1.0,0,4
gson-master,com.google.gson.functional,Computer,1,0,1,0,6,1,0,0,0.0,2,1
gson-master,com.google.gson.functional,User,1,1,1,0,6,1,0,0,0.0,0,0
gson-master,com.google.gson.functional,UserClassAnnotationAdapter,0,0,2,2,9,2,0,0,-1.0,0,3
gson-master,com.google.gson.functional,Computer2,1,0,1,0,6,1,0,0,0.0,2,1
gson-master,com.google.gson.functional,UserFieldAnnotationAdapter,0,0,2,2,9,2,0,0,-1.0,0,3
gson-master,com.google.gson.functional,RegisteredUserAdapter,0,0,2,2,9,2,0,0,-1.0,0,3
gson-master,com.google.gson.functional,GadgetWithTwoParts,2,0,1,0,8,1,0,0,0.0,1,1
gson-master,com.google.gson.functional,GadgetWithOptionalPart,1,0,1,0,6,1,0,0,0.0,1,1
gson-master,com.google.gson.functional,GadgetWithPrimitivePart,1,0,1,0,6,1,0,0,0.0,1,0
gson-master,com.google.gson.functional,LongToStringTypeAdapterFactory,1,0,3,3,21,5,0,0,1.0,0,5
gson-master,com.google.gson.functional,Gizmo2,1,0,1,0,6,1,0,0,0.0,1,0
gson-master,com.google.gson.functional,Gizmo2PartTypeAdapterFactory,0,0,3,3,14,3,0,0,-1.0,0,4
gson-master,com.google.gson.functional,JsonAdapterSerializerDeserializerTest,9,2,17,11,105,17,0,0,0.7058823529411765,0,10
gson-master,com.google.gson.functional,Computer,3,0,1,0,10,1,0,0,0.0,0,1
gson-master,com.google.gson.functional,User,1,1,1,0,6,1,0,0,0.0,0,0
gson-master,com.google.gson.functional,UserSerializer,0,0,1,1,5,1,0,0,-1.0,0,2
gson-master,com.google.gson.functional,UserDeserializer,0,0,1,1,5,1,0,0,-1.0,0,2
gson-master,com.google.gson.functional,UserSerializerDeserializer,0,0,2,2,8,2,0,0,-1.0,0,4
gson-master,com.google.gson.functional,Computer2,1,0,1,0,6,1,0,0,0.0,0,1
gson-master,com.google.gson.functional,User2,1,1,1,0,6,1,0,0,0.0,3,0
gson-master,com.google.gson.functional,UserSerializerDeserializer2,0,0,2,2,8,2,0,0,-1.0,0,4
gson-master,com.google.gson.functional,Container,2,0,1,0,8,1,0,0,0.0,1,1
gson-master,com.google.gson.functional,Base,1,0,1,0,6,1,0,0,0.0,0,0
gson-master,com.google.gson.functional,BaseStringAdapter,0,0,1,1,5,1,0,0,-1.0,0,2
gson-master,com.google.gson.functional,BaseIntegerAdapter,0,0,1,1,5,1,0,0,-1.0,0,2
gson-master,com.google.gson.functional,JsonArrayTest,0,0,8,8,104,8,0,0,-1.0,0,1
gson-master,com.google.gson.functional,JsonParserTest,1,0,9,8,100,9,0,0,0.0,0,4
gson-master,com.google.gson.functional,JsonTreeTest,2,0,7,5,66,10,0,0,0.2857142857142857,0,5
gson-master,com.google.gson.functional,SubTypeOfBagOfPrimitives,1,0,1,1,7,1,0,0,0.0,1,0
gson-master,com.google.gson.functional,LeniencyTest,1,0,2,1,16,2,0,0,0.0,0,1
gson-master,com.google.gson.functional,MapAsArrayTypeAdapterTest,3,0,11,9,106,11,0,0,0.7272727272727273,0,3
gson-master,com.google.gson.functional,Point,2,0,5,3,19,5,0,0,0.4,1,0
gson-master,com.google.gson.functional,PointWithProperty,1,0,0,0,3,0,0,0,-1.0,1,0
gson-master,com.google.gson.functional,MapTest,10,0,60,56,558,62,0,0,0.21666666666666667,0,13
gson-master,com.google.gson.functional,MyParameterizedMap,1,0,1,0,6,1,0,0,0.0,1,0
gson-master,com.google.gson.functional,ClassWithAMap,1,0,0,0,6,0,0,0,-1.0,1,0
gson-master,com.google.gson.functional,MyMap,2,0,0,0,4,0,0,0,-1.0,1,0
gson-master,com.google.gson.functional,Point,2,0,4,3,17,4,0,0,0.0,0,0
gson-master,com.google.gson.functional,MapClass,2,0,2,2,10,2,0,0,1.0,1,1
gson-master,com.google.gson.functional,MapWithGeneralMapParameters,1,0,0,0,3,0,0,0,-1.0,1,0
gson-master,com.google.gson.functional,MoreSpecificTypeSerializationTest,11,0,15,6,126,15,0,0,0.2,0,8
gson-master,com.google.gson.functional,Base,1,0,1,0,6,1,0,0,0.0,0,0
gson-master,com.google.gson.functional,Sub,1,0,1,0,7,1,0,1,0.0,3,0
gson-master,com.google.gson.functional,ClassWithBaseFields,1,0,1,0,6,1,0,0,0.0,1,1
gson-master,com.google.gson.functional,ClassWithContainersOfBaseFields,2,0,1,0,8,1,0,0,0.0,1,0
gson-master,com.google.gson.functional,ParameterizedBase,1,0,1,0,6,1,1,0,0.0,2,0
gson-master,com.google.gson.functional,ParameterizedSub,1,0,1,0,7,1,0,1,0.0,0,0
gson-master,com.google.gson.functional,ClassWithParameterizedBaseFields,1,0,1,0,6,1,0,0,0.0,1,1
gson-master,com.google.gson.functional,ClassWithContainersOfParameterizedBaseFields,2,0,1,0,8,1,0,0,0.0,1,0
gson-master,com.google.gson.functional,NamingPolicyTest,5,3,22,20,137,22,0,0,0.18181818181818182,0,5
gson-master,com.google.gson.functional,AtName,1,0,0,0,3,0,0,0,-1.0,0,0
gson-master,com.google.gson.functional,UpperCaseNamingStrategy,0,0,1,1,5,1,0,0,-1.0,0,1
gson-master,com.google.gson.functional,ClassWithDuplicateFields,2,2,3,3,14,3,0,0,0.0,1,0
gson-master,com.google.gson.functional,ClassWithComplexFieldName,1,1,1,0,6,1,0,0,0.0,1,0
gson-master,com.google.gson.functional,NullObjectAndFieldTest,16,1,21,20,170,21,0,0,0.2857142857142857,0,11
gson-master,com.google.gson.functional,ClassWithInitializedMembers,10,1,1,1,14,1,0,0,0.0,1,0
gson-master,com.google.gson.functional,ClassWithNullWrappedPrimitive,1,0,0,0,3,0,0,0,-1.0,1,0
gson-master,com.google.gson.functional,ClassWithMembers,3,0,0,0,5,0,0,0,-1.0,1,0
gson-master,com.google.gson.functional,ClassWithObjectsSerializer,0,0,1,1,7,1,0,0,-1.0,0,3
gson-master,com.google.gson.functional,ObjectWithField,1,0,0,0,3,0,0,0,-1.0,1,0
gson-master,com.google.gson.functional,ObjectTest,16,3,51,48,382,58,0,0,0.1568627450980392,0,13
gson-master,com.google.gson.functional,ClassWithCollectionField,1,0,0,0,3,0,0,0,-1.0,1,0
gson-master,com.google.gson.functional,ClassWithObjectField,1,0,0,0,3,0,0,0,-1.0,1,0
gson-master,com.google.gson.functional,Parent,2,0,0,0,6,0,0,0,-1.0,1,0
gson-master,com.google.gson.functional,Child,1,0,0,0,3,0,0,0,-1.0,1,0
gson-master,com.google.gson.functional,ArrayOfArrays,1,0,2,2,38,8,0,0,0.0,1,0
gson-master,com.google.gson.functional,ClassWithPrivateNoArgsConstructor,1,1,1,0,6,1,0,0,0.0,1,0
gson-master,com.google.gson.functional,ClassWithEmptyStringFields,3,0,0,0,5,0,0,0,-1.0,1,0
gson-master,com.google.gson.functional,HasObjectMap,1,0,0,0,3,0,0,0,-1.0,1,0
gson-master,com.google.gson.functional,Department,2,2,0,0,4,0,0,0,-1.0,0,0
gson-master,com.google.gson.functional,Product,2,0,0,0,4,0,0,0,-1.0,1,0
gson-master,com.google.gson.functional,ParameterizedTypesTest,16,0,28,22,406,62,0,0,0.39285714285714285,0,6
gson-master,com.google.gson.functional,ObjectWithTypeVariables,6,0,6,3,108,22,0,0,0.3333333333333333,1,0
gson-master,com.google.gson.functional,MultiParameters,5,0,4,2,80,22,0,0,0.5,2,1
gson-master,com.google.gson.functional,Quantity,1,0,0,0,3,0,1,0,-1.0,0,0
gson-master,com.google.gson.functional,MyQuantity,1,0,0,0,3,0,0,1,-1.0,0,0
gson-master,com.google.gson.functional,Measurable,0,0,0,0,2,0,1,0,-1.0,0,0
gson-master,com.google.gson.functional,Field,0,0,0,0,2,0,1,0,-1.0,2,0
gson-master,com.google.gson.functional,Immutable,0,0,0,0,2,0,1,0,-1.0,0,0
gson-master,com.google.gson.functional,Amount,2,0,0,0,4,0,0,1,-1.0,1,0
gson-master,com.google.gson.functional,PrettyPrintingTest,4,0,10,8,72,12,0,0,0.0,0,2
gson-master,com.google.gson.functional,ClassWithMap,2,0,0,0,4,0,0,0,-1.0,1,0
gson-master,com.google.gson.functional,PrimitiveCharacterTest,1,0,3,2,26,3,0,0,0.0,0,1
gson-master,com.google.gson.functional,PrimitiveTest,2,0,101,99,736,101,0,0,0.07920792079207921,0,2
gson-master,com.google.gson.functional,ClassWithIntegerField,1,0,0,0,3,0,0,0,-1.0,1,0
gson-master,com.google.gson.functional,PrintFormattingTest,1,0,5,3,43,6,0,0,0.0,1,3
gson-master,com.google.gson.functional,RawSerializationTest,3,0,8,5,63,8,0,0,0.375,0,2
gson-master,com.google.gson.functional,Foo,1,0,1,0,6,1,0,0,0.0,0,0
gson-master,com.google.gson.functional,Bar,1,0,1,0,6,1,0,0,0.0,2,0
gson-master,com.google.gson.functional,ReadersWritersTest,1,0,11,10,93,11,0,0,0.45454545454545453,0,2
gson-master,com.google.gson.functional,RuntimeTypeAdapterFactoryFunctionalTest,8,0,13,9,141,28,0,0,0.15384615384615385,0,9
gson-master,com.google.gson.functional,Shape,1,0,2,1,13,2,2,0,1.0,2,1
gson-master,com.google.gson.functional,JsonAdapterFactory,0,0,1,1,7,1,0,1,-1.0,0,0
gson-master,com.google.gson.functional,Circle,1,0,1,0,7,1,0,1,0.0,0,0
gson-master,com.google.gson.functional,Square,1,0,1,0,7,1,0,1,0.0,0,0
gson-master,com.google.gson.functional,RuntimeTypeAdapterFactory,4,0,8,7,93,23,1,0,0.0,0,8
gson-master,com.google.gson.functional,SecurityTest,2,0,6,5,50,6,0,0,0.0,0,2
gson-master,com.google.gson.functional,SerializedNameTest,3,0,4,3,24,4,0,0,0.0,0,2
gson-master,com.google.gson.functional,MyClass,2,0,1,0,8,1,0,0,0.0,1,0
gson-master,com.google.gson.functional,StreamingTypeAdaptersTest,10,0,26,23,185,26,0,0,0.19230769230769232,0,9
gson-master,com.google.gson.functional,Truck,2,0,0,0,4,0,0,0,-1.0,1,0
gson-master,com.google.gson.functional,Person,2,0,3,2,14,3,0,0,0.0,1,0
gson-master,com.google.gson.functional,Node,3,0,1,0,8,1,0,0,0.0,2,1
gson-master,com.google.gson.functional,StringTest,1,0,19,18,112,19,0,0,0.0,0,1
gson-master,com.google.gson.functional,ThrowableFunctionalTest,2,0,5,5,44,5,0,0,0.0,0,2
gson-master,com.google.gson.functional,MyException,1,0,0,0,3,0,0,0,-1.0,1,0
gson-master,com.google.gson.functional,TreeTypeAdaptersTest,19,0,16,9,105,17,0,0,0.5625,0,8
gson-master,com.google.gson.functional,Id,2,0,2,1,11,2,0,0,0.0,5,0
gson-master,com.google.gson.functional,IdTreeTypeAdapter,0,0,2,2,13,3,0,0,-1.0,0,4
gson-master,com.google.gson.functional,Student,2,0,2,1,11,2,0,0,1.0,1,1
gson-master,com.google.gson.functional,Course,4,0,4,2,21,4,0,0,0.5,1,2
gson-master,com.google.gson.functional,Assignment,2,0,2,1,11,2,0,0,1.0,2,1
gson-master,com.google.gson.functional,HistoryCourse,1,0,0,0,3,0,0,0,-1.0,0,0
gson-master,com.google.gson.functional,TypeAdapterPrecedenceTest,1,0,16,12,75,16,0,0,0.0,0,7
gson-master,com.google.gson.functional,Foo,1,0,1,0,6,1,0,0,0.0,0,0
gson-master,com.google.gson.functional,TypeHierarchyAdapterTest,5,0,9,7,110,15,0,0,0.3333333333333333,0,9
gson-master,com.google.gson.functional,ManagerAdapter,0,0,2,2,10,2,0,0,-1.0,0,4
gson-master,com.google.gson.functional,EmployeeAdapter,0,0,2,2,36,8,0,0,-1.0,0,5
gson-master,com.google.gson.functional,Employee,2,0,2,0,10,2,1,0,1.0,3,0
gson-master,com.google.gson.functional,Manager,1,0,0,0,3,0,1,1,-1.0,2,0
gson-master,com.google.gson.functional,CEO,1,0,0,0,3,0,0,2,-1.0,2,1
gson-master,com.google.gson.functional,Company,1,0,0,0,3,0,0,0,-1.0,1,1
gson-master,com.google.gson.functional,TypeVariableTest,4,1,13,13,87,15,0,0,0.6153846153846154,0,4
gson-master,com.google.gson.functional,Blue,0,0,3,3,15,4,0,1,-1.0,2,1
gson-master,com.google.gson.functional,Red,1,0,2,2,8,2,2,0,1.0,0,0
gson-master,com.google.gson.functional,Foo,3,1,3,3,19,4,0,1,0.6666666666666666,0,1
gson-master,com.google.gson.functional,Bar,0,0,2,2,8,2,0,1,-1.0,0,0
gson-master,com.google.gson.functional,UncategorizedTest,2,0,10,7,93,12,0,0,0.3,0,4
gson-master,com.google.gson.functional,Base,1,0,0,0,3,0,0,0,-1.0,0,0
gson-master,com.google.gson.functional,Derived1,0,0,1,0,5,1,0,1,-1.0,0,0
gson-master,com.google.gson.functional,Derived2,0,0,1,0,5,1,0,1,-1.0,0,0
gson-master,com.google.gson.functional,BaseTypeAdapter,0,0,1,1,13,3,0,0,-1.0,0,2
gson-master,com.google.gson.functional,VersioningTest,11,0,11,10,114,11,0,0,0.0,0,9
gson-master,com.google.gson.functional,Version1,2,0,0,0,4,0,1,0,-1.0,1,0
gson-master,com.google.gson.functional,Version1_1,1,0,0,0,3,0,1,1,-1.0,1,0
gson-master,com.google.gson.functional,Version1_2,1,0,0,0,3,0,0,2,-1.0,1,0
gson-master,com.google.gson.functional,SinceUntilMixing,2,0,0,0,4,0,0,0,-1.0,1,0
gson-master,com.google.gson.metrics,PerformanceTest,13,2,27,14,267,46,0,0,0.4074074074074074,0,4
gson-master,com.google.gson.metrics,ExceptionHolder,2,2,2,1,11,2,0,0,1.0,1,0
gson-master,com.google.gson.metrics,CollectionEntry,2,0,2,0,11,2,0,0,1.0,0,0
gson-master,com.google.gson.metrics,ClassWithList,2,0,2,0,10,2,0,0,1.0,1,0
gson-master,com.google.gson.metrics,ClassWithField,1,0,2,1,9,2,0,0,1.0,0,0
gson-master,com.google.gson.metrics,ClassWithListOfObjects,2,0,2,0,10,2,0,0,1.0,1,0
gson-master,com.google.gson.metrics,ClassWithExposedField,1,0,2,0,9,2,0,0,1.0,0,0
gson-master,com.google.gson.metrics,BagOfPrimitives,5,5,7,7,60,14,0,0,0.2857142857142857,4,1
gson-master,com.google.gson.metrics,BagOfPrimitivesDeserializationBenchmark,2,0,5,4,95,20,0,0,0.4,1,4
gson-master,com.google.gson.metrics,CollectionsDeserializationBenchmark,3,0,5,4,110,23,0,0,0.4,1,4
gson-master,com.google.gson.metrics,ParseBenchmark,81,0,25,13,302,49,0,0,0.48,1,8
gson-master,com.google.gson.metrics,Parser,0,0,1,0,3,1,6,0,-1.0,1,0
gson-master,com.google.gson.metrics,GsonStreamParser,0,0,2,1,44,13,0,1,-1.0,0,1
gson-master,com.google.gson.metrics,GsonSkipParser,0,0,1,1,7,1,0,1,-1.0,0,1
gson-master,com.google.gson.metrics,JacksonStreamParser,0,0,1,1,32,10,0,1,-1.0,0,0
gson-master,com.google.gson.metrics,GsonDomParser,0,0,1,1,5,1,0,1,-1.0,0,0
gson-master,com.google.gson.metrics,GsonBindParser,1,0,1,1,6,1,0,1,0.0,0,1
gson-master,com.google.gson.metrics,JacksonBindParser,1,0,1,1,11,1,0,1,0.0,0,0
gson-master,com.google.gson.metrics,Tweet,20,0,0,0,22,0,0,0,-1.0,2,2
gson-master,com.google.gson.metrics,User,36,0,0,0,38,0,0,0,-1.0,2,0
gson-master,com.google.gson.metrics,Feed,6,0,1,1,16,2,0,0,0.0,0,0
gson-master,com.google.gson.metrics,Link,1,0,1,1,6,1,0,0,0.0,0,0
gson-master,com.google.gson.metrics,Item,8,0,1,1,13,1,0,0,0.0,0,1
gson-master,com.google.gson.metrics,Content,1,0,1,1,6,1,0,0,0.0,2,0
gson-master,com.google.gson.metrics,ReaderUser,1,0,1,1,6,1,0,0,0.0,0,0
gson-master,com.google.gson.metrics,SerializationBenchmark,3,0,3,2,23,4,0,0,0.6666666666666666,1,3
gson-master,com.google.gson.regression,JsonAdapterNullSafeTest,3,0,4,3,28,5,0,0,0.0,0,3
gson-master,com.google.gson.regression,Device,2,0,2,1,17,3,0,0,1.0,2,3
gson-master,com.google.gson.regression,JsonAdapterFactory,1,0,1,1,11,2,0,0,0.0,0,2
gson-master,com.google.gson.protobuf,ProtoTypeAdapter,12,0,15,8,243,37,0,0,0.2,3,5
gson-master,com.google.gson.protobuf,Builder,5,0,6,5,45,6,0,0,0.0,0,0
gson-master,com.google.gson.protobuf.functional,ProtosWithAnnotationsTest,3,0,6,5,59,6,0,0,0.0,0,2
gson-master,com.google.gson.protobuf.functional,ProtosWithComplexAndRepeatedFieldsTest,2,0,5,4,40,5,0,0,0.0,0,3
gson-master,com.google.gson.protobuf.functional,ProtosWithPrimitiveTypesTest,1,0,6,5,34,6,0,0,0.0,0,2
