nomeSistema;class;cbo;wmc;dit;rfc;maxNested;loc;nom
jmeter;org.apache.jmeter.assertions.BeanShellAssertion;8;9;3;27;1;64;6
jmeter;org.apache.jmeter.assertions.BSFAssertion;9;3;3;11;2;27;1
jmeter;org.apache.jmeter.assertions.BSFAssertionBeanInfo;2;1;4;0;0;5;1
jmeter;org.apache.jmeter.assertions.CompareAssertion;12;28;2;33;3;131;14
jmeter;org.apache.jmeter.assertions.CompareAssertionBeanInfo;5;1;3;7;0;23;1
jmeter;org.apache.jmeter.assertions.DurationAssertion;7;4;4;9;2;22;2
jmeter;org.apache.jmeter.assertions.gui.AssertionGui$ClearPatternsListener;1;3;1;9;1;13;1
jmeter;org.apache.jmeter.assertions.gui.AssertionGui$AddPatternListener;1;1;1;3;0;7;1
jmeter;org.apache.jmeter.assertions.gui.AssertionGui;17;30;8;67;2;237;11
jmeter;org.apache.jmeter.assertions.gui.BeanShellAssertionGui;7;11;8;36;0;97;11
jmeter;org.apache.jmeter.assertions.gui.DurationAssertionGui;9;10;8;24;1;56;8
jmeter;org.apache.jmeter.assertions.gui.HTMLAssertionGui;11;34;8;59;3;217;14
jmeter;org.apache.jmeter.assertions.gui.MD5HexAssertionGUI;7;9;8;20;1;45;7
jmeter;org.apache.jmeter.assertions.gui.SizeAssertionGui;8;27;8;47;1;179;13
jmeter;org.apache.jmeter.assertions.gui.SMIMEAssertionGui$Anonymous1;0;1;1;2;0;5;1
jmeter;org.apache.jmeter.assertions.gui.SMIMEAssertionGui$Anonymous3;0;1;1;2;0;5;1
jmeter;org.apache.jmeter.assertions.gui.SMIMEAssertionGui$Anonymous2;0;1;1;2;0;8;1
jmeter;org.apache.jmeter.assertions.gui.SMIMEAssertionGui;7;13;8;47;1;155;10
jmeter;org.apache.jmeter.assertions.gui.XMLAssertionGui;6;6;8;9;0;25;6
jmeter;org.apache.jmeter.assertions.gui.XMLConfPanel$Anonymous1;1;1;1;1;0;5;1
jmeter;org.apache.jmeter.assertions.gui.XMLConfPanel;4;8;5;45;0;108;8
jmeter;org.apache.jmeter.assertions.gui.XMLSchemaAssertionGUI;10;7;8;21;0;46;7
jmeter;org.apache.jmeter.assertions.gui.XPathAssertionGui;9;9;8;26;1;55;8
jmeter;org.apache.jmeter.assertions.gui.XPathPanel;8;24;5;29;2;99;13
jmeter;org.apache.jmeter.assertions.gui.XPathPanel$Anonymous1;1;1;1;2;0;5;1
jmeter;org.apache.jmeter.assertions.HTMLAssertion;13;46;2;47;3;186;19
jmeter;org.apache.jmeter.assertions.JSR223Assertion;8;4;3;10;2;31;1
jmeter;org.apache.jmeter.assertions.JSR223AssertionBeanInfo;2;1;4;0;0;5;1
jmeter;org.apache.jmeter.assertions.MD5HexAssertion;11;8;2;18;1;48;4
jmeter;org.apache.jmeter.assertions.ResponseAssertion;20;97;4;75;4;355;38
jmeter;org.apache.jmeter.assertions.SizeAssertion;11;39;4;35;2;145;19
jmeter;org.apache.jmeter.assertions.SMIMEAssertion;16;49;1;73;6;215;7
jmeter;org.apache.jmeter.assertions.SMIMEAssertionTestElement;6;26;2;10;1;97;25
jmeter;org.apache.jmeter.assertions.SubstitutionElement;2;5;2;3;0;20;5
jmeter;org.apache.jmeter.assertions.XMLAssertion;9;10;2;15;2;52;3
jmeter;org.apache.jmeter.assertions.XMLAssertion$Anonymous1;1;1;1;0;0;5;1
jmeter;org.apache.jmeter.assertions.XMLSchemaAssertion$SAXErrorHandler;4;4;1;4;0;25;4
jmeter;org.apache.jmeter.assertions.XMLSchemaAssertion;14;20;2;36;2;112;6
jmeter;org.apache.jmeter.assertions.XPathAssertion;16;40;2;40;3;168;21
jmeter;org.apache.jmeter.config.CSVDataSet;16;35;3;30;3;141;18
jmeter;org.apache.jmeter.config.CSVDataSetBeanInfo;2;6;3;8;2;64;2
jmeter;org.apache.jmeter.config.RandomVariableConfig;12;30;3;24;3;131;18
jmeter;org.apache.jmeter.config.RandomVariableConfig$Anonymous1;1;1;1;2;0;6;1
jmeter;org.apache.jmeter.config.RandomVariableConfigBeanInfo;2;1;3;3;0;38;1
jmeter;org.apache.jmeter.control.ForeachController;11;27;3;30;2;106;19
jmeter;org.apache.jmeter.control.gui.ForeachControlPanel;7;13;7;26;2;90;9
jmeter;org.apache.jmeter.control.gui.IncludeControllerGui;9;8;7;19;0;43;8
jmeter;org.apache.jmeter.control.gui.InterleaveControlGui;7;9;7;15;1;44;7
jmeter;org.apache.jmeter.control.gui.ModuleControllerGui;15;39;7;46;3;151;12
jmeter;org.apache.jmeter.control.gui.TreeNodeWrapper;1;3;1;0;0;14;3
jmeter;org.apache.jmeter.control.gui.OnceOnlyControllerGui;6;5;7;8;0;22;5
jmeter;org.apache.jmeter.control.gui.RandomControlGui;8;9;7;15;1;44;7
jmeter;org.apache.jmeter.control.gui.RandomOrderControllerGui;5;3;8;2;0;14;3
jmeter;org.apache.jmeter.control.gui.SwitchControllerGui;6;8;7;17;0;45;8
jmeter;org.apache.jmeter.control.gui.ThroughputControllerGui;7;11;7;35;2;104;7
jmeter;org.apache.jmeter.control.gui.ThroughputControllerGui$Anonymous2;0;2;1;1;1;10;1
jmeter;org.apache.jmeter.control.gui.ThroughputControllerGui$Anonymous1;0;2;1;2;1;10;1
jmeter;org.apache.jmeter.control.IncludeController;15;29;3;36;4;119;10
jmeter;org.apache.jmeter.control.InterleaveControl;8;22;3;17;1;89;13
jmeter;org.apache.jmeter.control.ModuleController;12;31;3;37;4;107;13
jmeter;org.apache.jmeter.control.OnceOnlyController;6;5;3;3;1;17;3
jmeter;org.apache.jmeter.control.RandomController;2;4;4;4;1;18;3
jmeter;org.apache.jmeter.control.RandomOrderController;3;9;3;12;3;34;4
jmeter;org.apache.jmeter.control.SwitchController;7;15;3;19;2;59;7
jmeter;org.apache.jmeter.control.ThroughputController;13;39;3;27;3;168;24
jmeter;org.apache.jmeter.control.ThroughputController$MutableInteger;0;3;1;0;0;12;3
jmeter;org.apache.jmeter.extractor.BeanShellPostProcessor;9;5;3;9;1;27;2
jmeter;org.apache.jmeter.extractor.BeanShellPostProcessorBeanInfo;2;1;4;0;0;5;1
jmeter;org.apache.jmeter.extractor.BSFPostProcessor;6;3;3;5;2;17;1
jmeter;org.apache.jmeter.extractor.BSFPostProcessorBeanInfo;2;1;4;0;0;5;1
jmeter;org.apache.jmeter.extractor.DebugPostProcessor;8;2;2;17;1;22;1
jmeter;org.apache.jmeter.extractor.DebugPostProcessorBeanInfo;2;1;3;0;0;5;1
jmeter;org.apache.jmeter.extractor.gui.RegexExtractorGui;9;14;8;49;1;153;12
jmeter;org.apache.jmeter.extractor.gui.XPathExtractorGui;9;12;8;40;1;97;11
jmeter;org.apache.jmeter.extractor.JSR223PostProcessor;5;4;3;4;2;19;1
jmeter;org.apache.jmeter.extractor.JSR223PostProcessorBeanInfo;2;1;4;0;0;5;1
jmeter;org.apache.jmeter.extractor.RegexExtractor;16;74;3;72;5;305;28
jmeter;org.apache.jmeter.extractor.XPathExtractor;20;55;3;72;5;236;31
jmeter;org.apache.jmeter.modifiers.BeanShellPreProcessor;9;4;3;8;1;24;2
jmeter;org.apache.jmeter.modifiers.BeanShellPreProcessorBeanInfo;2;1;4;0;0;5;1
jmeter;org.apache.jmeter.modifiers.BSFPreProcessor;6;3;3;5;2;17;1
jmeter;org.apache.jmeter.modifiers.BSFPreProcessorBeanInfo;2;1;4;0;0;5;1
jmeter;org.apache.jmeter.modifiers.CounterConfig;11;33;2;26;2;119;23
jmeter;org.apache.jmeter.modifiers.CounterConfig$Anonymous1;1;1;1;2;0;5;1
jmeter;org.apache.jmeter.modifiers.gui.CounterConfigGui;8;8;7;27;2;67;7
jmeter;org.apache.jmeter.modifiers.gui.UserParametersGui$Anonymous1;1;3;1;6;2;12;1
jmeter;org.apache.jmeter.modifiers.gui.UserParametersGui;18;17;7;49;2;211;11
jmeter;org.apache.jmeter.modifiers.gui.UserParametersGui$DeleteColumnAction;2;7;1;13;3;26;1
jmeter;org.apache.jmeter.modifiers.gui.UserParametersGui$AddParamAction;1;2;1;10;1;13;1
jmeter;org.apache.jmeter.modifiers.gui.UserParametersGui$DeleteRowAction;1;5;1;11;3;23;1
jmeter;org.apache.jmeter.modifiers.gui.UserParametersGui$AddUserAction;2;2;1;11;1;13;1
jmeter;org.apache.jmeter.modifiers.JSR223PreProcessor;5;4;3;4;2;19;1
jmeter;org.apache.jmeter.modifiers.JSR223PreProcessorBeanInfo;2;1;4;0;0;5;1
jmeter;org.apache.jmeter.modifiers.UserParameters;14;24;2;24;3;84;15
jmeter;org.apache.jmeter.reporters.MailerModel;10;48;2;47;3;191;27
jmeter;org.apache.jmeter.reporters.MailerResultCollector;7;4;4;8;0;19;4
jmeter;org.apache.jmeter.sampler.DebugSampler$Anonymous1;0;1;1;2;0;8;1
jmeter;org.apache.jmeter.sampler.DebugSampler;10;12;3;27;1;75;8
jmeter;org.apache.jmeter.sampler.DebugSamplerBeanInfo;2;1;3;2;0;21;1
jmeter;org.apache.jmeter.sampler.gui.TestActionGui$Anonymous1;0;2;1;2;1;10;1
jmeter;org.apache.jmeter.sampler.gui.TestActionGui$Anonymous2;0;2;1;2;1;8;1
jmeter;org.apache.jmeter.sampler.gui.TestActionGui$Anonymous3;0;2;1;2;1;8;1
jmeter;org.apache.jmeter.sampler.gui.TestActionGui$Anonymous4;0;2;1;2;1;8;1
jmeter;org.apache.jmeter.sampler.gui.TestActionGui;8;10;7;27;1;151;7
jmeter;org.apache.jmeter.sampler.gui.TestActionGui$Anonymous5;0;2;1;1;0;7;2
jmeter;org.apache.jmeter.sampler.TestAction;13;17;3;18;3;73;9
jmeter;org.apache.jmeter.timers.BeanShellTimer;6;6;3;9;2;32;2
jmeter;org.apache.jmeter.timers.BeanShellTimerBeanInfo;2;1;4;0;0;5;1
jmeter;org.apache.jmeter.timers.BSFTimer;6;5;3;7;2;26;1
jmeter;org.apache.jmeter.timers.BSFTimerBeanInfo;2;1;4;0;0;5;1
jmeter;org.apache.jmeter.timers.ConstantThroughputTimer$ThroughputInfo;0;0;1;0;0;4;0
jmeter;org.apache.jmeter.timers.ConstantThroughputTimer;14;24;2;18;3;108;17
jmeter;org.apache.jmeter.timers.ConstantThroughputTimerBeanInfo;2;4;3;7;2;30;2
jmeter;org.apache.jmeter.timers.ConstantTimer;5;8;2;4;0;27;8
jmeter;org.apache.jmeter.timers.GaussianRandomTimer;2;2;4;5;0;9;2
jmeter;org.apache.jmeter.timers.gui.ConstantTimerGui;7;8;7;18;0;45;8
jmeter;org.apache.jmeter.timers.gui.GaussianRandomTimerGui;10;8;7;24;0;65;8
jmeter;org.apache.jmeter.timers.gui.UniformRandomTimerGui;10;8;7;21;0;64;8
jmeter;org.apache.jmeter.timers.JSR223Timer;5;6;3;7;2;29;1
jmeter;org.apache.jmeter.timers.JSR223TimerBeanInfo;2;1;4;0;0;5;1
jmeter;org.apache.jmeter.timers.RandomTimer;5;4;3;2;0;17;4
jmeter;org.apache.jmeter.timers.SyncTimer;10;10;2;10;3;43;5
jmeter;org.apache.jmeter.timers.SyncTimerBeanInfo;2;1;3;4;0;9;1
jmeter;org.apache.jmeter.timers.UniformRandomTimer;2;2;4;5;0;9;2
jmeter;org.apache.jmeter.visualizers.AccumListener;1;1;1;0;0;3;1
jmeter;org.apache.jmeter.visualizers.AssertionVisualizer;7;11;8;31;3;58;6
jmeter;org.apache.jmeter.visualizers.AxisGraph;14;32;5;20;3;123;16
jmeter;org.apache.jmeter.visualizers.BeanShellListener;10;8;3;7;1;33;6
jmeter;org.apache.jmeter.visualizers.BeanShellListenerBeanInfo;2;1;4;0;0;5;1
jmeter;org.apache.jmeter.visualizers.BSFListener;9;7;3;8;2;30;5
jmeter;org.apache.jmeter.visualizers.BSFListenerBeanInfo;2;1;4;0;0;5;1
jmeter;org.apache.jmeter.visualizers.ComparisonVisualizer$Selector;5;5;1;9;3;25;1
jmeter;org.apache.jmeter.visualizers.ComparisonVisualizer;7;11;8;28;1;100;9
jmeter;org.apache.jmeter.visualizers.DistributionGraph;4;19;4;22;3;94;12
jmeter;org.apache.jmeter.visualizers.DistributionGraphVisualizer;10;15;8;30;1;83;13
jmeter;org.apache.jmeter.visualizers.Graph;7;32;4;27;2;137;17
jmeter;org.apache.jmeter.visualizers.Graph$Anonymous1;1;2;1;2;1;8;1
jmeter;org.apache.jmeter.visualizers.GraphAccum$Anonymous1;1;2;1;2;1;8;1
jmeter;org.apache.jmeter.visualizers.GraphAccum;8;32;4;32;3;201;16
jmeter;org.apache.jmeter.visualizers.GraphAccumListener;1;2;1;0;0;4;2
jmeter;org.apache.jmeter.visualizers.GraphAccumModel;6;17;1;16;2;83;11
jmeter;org.apache.jmeter.visualizers.GraphAccumVisualizer;12;10;8;29;0;77;10
jmeter;org.apache.jmeter.visualizers.GraphListener;1;2;1;0;0;4;2
jmeter;org.apache.jmeter.visualizers.GraphVisualizer;10;29;8;69;1;196;20
jmeter;org.apache.jmeter.visualizers.JSR223Listener;8;8;3;6;2;30;5
jmeter;org.apache.jmeter.visualizers.JSR223ListenerBeanInfo;2;1;4;0;0;5;1
jmeter;org.apache.jmeter.visualizers.LineGraph;12;33;5;18;2;121;19
jmeter;org.apache.jmeter.visualizers.MailerVisualizer;12;24;8;50;2;197;15
jmeter;org.apache.jmeter.visualizers.ModelListener;0;2;1;0;0;4;2
jmeter;org.apache.jmeter.visualizers.PropertyControlGui;11;21;7;37;1;121;13
jmeter;org.apache.jmeter.visualizers.PropertyControlGui$Anonymous1;0;1;1;2;0;8;1
jmeter;org.apache.jmeter.visualizers.RenderAsHTML;7;9;6;15;1;60;4
jmeter;org.apache.jmeter.visualizers.RenderAsHTML$LocalHTMLEditorKit$LocalHTMLFactory;0;4;2;3;2;15;1
jmeter;org.apache.jmeter.visualizers.RenderAsHTML$LocalHTMLEditorKit;1;1;6;0;0;22;1
jmeter;org.apache.jmeter.visualizers.RenderAsHTMLWithEmbedded;4;2;3;2;0;8;2
jmeter;org.apache.jmeter.visualizers.RenderAsJSON;6;18;2;22;3;69;4
jmeter;org.apache.jmeter.visualizers.RenderAsRegexp;12;25;1;39;2;114;15
jmeter;org.apache.jmeter.visualizers.RenderAsText;6;4;2;7;0;15;3
jmeter;org.apache.jmeter.visualizers.RenderAsXML$DOMTreePanel$DomTreeRenderer;2;10;6;9;2;39;3
jmeter;org.apache.jmeter.visualizers.RenderAsXML$DOMTreePanel;6;5;10;14;2;73;2
jmeter;org.apache.jmeter.visualizers.RenderAsXML;14;9;6;18;2;115;6
jmeter;org.apache.jmeter.visualizers.RequestPanel;5;12;1;17;3;54;4
jmeter;org.apache.jmeter.visualizers.RequestView;0;5;1;0;0;7;5
jmeter;org.apache.jmeter.visualizers.RequestViewRaw;4;9;1;12;3;44;5
jmeter;org.apache.jmeter.visualizers.ResultRenderer;1;10;1;0;0;12;10
jmeter;org.apache.jmeter.visualizers.SamplerResultTab$RowResult;0;5;1;0;0;20;5
jmeter;org.apache.jmeter.visualizers.SamplerResultTab;15;35;1;90;4;297;15
jmeter;org.apache.jmeter.visualizers.SearchTextExtension;5;25;2;46;3;147;11
jmeter;org.apache.jmeter.visualizers.SearchTextExtension$EnterAction;1;1;2;1;0;6;1
jmeter;org.apache.jmeter.visualizers.SimpleDataWriter;4;5;8;8;0;19;5
jmeter;org.apache.jmeter.visualizers.Spline3;5;58;1;15;3;230;16
jmeter;org.apache.jmeter.visualizers.SplineModel;9;20;1;12;3;77;15
jmeter;org.apache.jmeter.visualizers.SplineVisualizer$SplineGraph;4;7;4;11;1;42;3
jmeter;org.apache.jmeter.visualizers.SplineVisualizer;11;19;11;34;2;192;15
jmeter;org.apache.jmeter.visualizers.StatGraphVisualizer;25;32;8;74;3;216;12
jmeter;org.apache.jmeter.visualizers.StatVisualizer;18;14;8;40;2;110;9
jmeter;org.apache.jmeter.visualizers.SummaryReport;18;14;8;40;2;110;9
jmeter;org.apache.jmeter.visualizers.TableVisualizer;14;8;9;37;1;142;8
jmeter;org.apache.jmeter.visualizers.TableVisualizer$SampleSuccessFunctor;1;4;2;2;2;19;2
jmeter;org.apache.jmeter.visualizers.TreeNodeRenderer;3;4;6;7;2;22;2
jmeter;org.apache.jmeter.visualizers.ViewResultsFullVisualizer$ResultsNodeRenderer;3;4;6;7;1;23;1
jmeter;org.apache.jmeter.visualizers.ViewResultsFullVisualizer;13;40;13;73;4;229;13
jmeter;org.apache.jmeter.visualizers.XMLDefaultMutableTreeNode;11;24;2;24;1;88;11
jmeter;org.apache.jmeter.assertions.Assertion;2;1;1;0;0;3;1
jmeter;org.apache.jmeter.assertions.AssertionResult;1;13;1;2;0;50;12
jmeter;org.apache.jmeter.assertions.CompareAssertionResult$ResultHolder;0;5;1;0;1;22;3
jmeter;org.apache.jmeter.assertions.CompareAssertionResult;2;6;2;2;0;44;6
jmeter;org.apache.jmeter.assertions.gui.AbstractAssertionGui;1;1;7;1;0;6;1
jmeter;org.apache.jmeter.config.Argument;3;14;2;9;1;47;11
jmeter;org.apache.jmeter.config.Arguments;8;29;3;26;2;103;17
jmeter;org.apache.jmeter.config.ConfigElement;1;3;1;0;0;5;3
jmeter;org.apache.jmeter.config.ConfigTestElement;4;5;2;1;1;18;4
jmeter;org.apache.jmeter.config.gui.AbstractConfigGui;2;2;6;2;0;9;2
jmeter;org.apache.jmeter.config.gui.ArgumentsPanel;12;45;7;62;3;210;27
jmeter;org.apache.jmeter.config.gui.LoginConfigGui;8;11;7;21;1;64;10
jmeter;org.apache.jmeter.config.gui.ObsoleteGui;5;7;6;6;0;26;7
jmeter;org.apache.jmeter.config.gui.SimpleConfigGui;12;26;7;52;3;131;14
jmeter;org.apache.jmeter.config.LoginConfig;4;6;3;4;0;20;6
jmeter;org.apache.jmeter.control.Controller;3;5;1;0;0;7;5
jmeter;org.apache.jmeter.control.GenericController;11;51;2;45;4;191;28
jmeter;org.apache.jmeter.control.gui.AbstractControllerGui;2;2;6;2;0;9;2
jmeter;org.apache.jmeter.control.gui.IfControllerPanel;7;13;7;28;1;79;10
jmeter;org.apache.jmeter.control.gui.LogicControllerGui;5;5;7;7;0;22;5
jmeter;org.apache.jmeter.control.gui.LoopControlPanel;7;19;7;32;2;112;12
jmeter;org.apache.jmeter.control.gui.RunTimeGui;6;16;7;25;2;82;12
jmeter;org.apache.jmeter.control.gui.TestFragmentControllerGui;5;7;7;10;0;28;7
jmeter;org.apache.jmeter.control.gui.TestPlanGui;11;12;6;37;2;86;9
jmeter;org.apache.jmeter.control.gui.TransactionControllerGui;7;6;7;15;0;37;6
jmeter;org.apache.jmeter.control.gui.WhileControllerGui;7;12;7;23;2;61;9
jmeter;org.apache.jmeter.control.gui.WorkBenchGui;6;7;6;13;0;34;7
jmeter;org.apache.jmeter.control.IfController;9;20;3;26;2;82;12
jmeter;org.apache.jmeter.control.LoopController;8;22;3;19;2;77;15
jmeter;org.apache.jmeter.control.NextIsNullException;0;0;3;0;0;3;0
jmeter;org.apache.jmeter.control.ReplaceableController;2;2;1;0;0;4;2
jmeter;org.apache.jmeter.control.RunTime;6;20;3;17;1;69;13
jmeter;org.apache.jmeter.control.TestFragmentController;1;0;3;0;0;3;0
jmeter;org.apache.jmeter.control.TransactionController;16;33;3;52;4;138;13
jmeter;org.apache.jmeter.control.TransactionSampler;6;13;3;14;1;59;10
jmeter;org.apache.jmeter.control.WhileController;11;12;3;18;2;47;6
jmeter;org.apache.jmeter.DynamicClassLoader;1;6;4;4;1;20;5
jmeter;org.apache.jmeter.engine.ClientJMeterEngine;16;23;1;28;3;121;10
jmeter;org.apache.jmeter.engine.ConvertListeners;14;12;1;11;4;40;3
jmeter;org.apache.jmeter.engine.event.LoopIterationEvent;1;3;1;0;0;14;3
jmeter;org.apache.jmeter.engine.event.LoopIterationListener;1;1;1;0;0;3;1
jmeter;org.apache.jmeter.engine.JMeterEngine;1;7;1;0;0;9;7
jmeter;org.apache.jmeter.engine.JMeterEngineException;0;4;3;0;0;15;4
jmeter;org.apache.jmeter.engine.PreCompiler;13;13;1;13;2;52;5
jmeter;org.apache.jmeter.engine.RemoteJMeterEngine;1;6;1;0;0;8;6
jmeter;org.apache.jmeter.engine.RemoteJMeterEngineImpl;9;26;1;36;2;132;10
jmeter;org.apache.jmeter.engine.StandardJMeterEngine$Anonymous1;1;1;1;4;0;8;1
jmeter;org.apache.jmeter.engine.StandardJMeterEngine;29;103;1;102;4;443;29
jmeter;org.apache.jmeter.engine.StandardJMeterEngine$StopTest;3;6;1;11;4;34;2
jmeter;org.apache.jmeter.engine.TreeCloner;5;9;1;4;1;30;6
jmeter;org.apache.jmeter.engine.TurnElementsOn;4;5;1;1;1;11;3
jmeter;org.apache.jmeter.engine.util.AbstractTransformer;2;4;1;0;0;16;4
jmeter;org.apache.jmeter.engine.util.CompoundVariable;14;36;1;39;4;142;13
jmeter;org.apache.jmeter.engine.util.FunctionParser;9;47;1;21;5;177;3
jmeter;org.apache.jmeter.engine.util.NoThreadClone;0;0;1;0;0;2;0
jmeter;org.apache.jmeter.engine.util.ReplaceFunctionsWithStrings;13;6;2;16;3;40;3
jmeter;org.apache.jmeter.engine.util.ReplaceStringWithFunctions;4;3;2;9;1;16;2
jmeter;org.apache.jmeter.engine.util.SimpleVariable;4;8;1;4;1;30;6
jmeter;org.apache.jmeter.engine.util.UndoVariableReplacement;5;3;2;11;1;18;2
jmeter;org.apache.jmeter.engine.util.ValueReplacer;14;23;1;26;4;81;12
jmeter;org.apache.jmeter.engine.util.ValueTransformer;2;3;1;0;0;5;3
jmeter;org.apache.jmeter.exceptions.IllegalUserActionException;0;2;3;0;0;9;2
jmeter;org.apache.jmeter.functions.AbstractFunction;9;13;1;7;1;32;8
jmeter;org.apache.jmeter.functions.Function;3;4;1;0;0;6;4
jmeter;org.apache.jmeter.functions.gui.FunctionHelper;14;16;6;41;3;109;5
jmeter;org.apache.jmeter.functions.gui.FunctionHelper$HelpListener;2;1;1;4;0;7;1
jmeter;org.apache.jmeter.functions.InvalidVariableException;0;2;3;0;0;8;2
jmeter;org.apache.jmeter.functions.util.ArgumentDecoder;1;2;1;1;0;9;2
jmeter;org.apache.jmeter.functions.util.ArgumentEncoder;1;2;1;1;0;9;2
jmeter;org.apache.jmeter.gui.AbstractJMeterGuiComponent;14;24;5;37;1;107;21
jmeter;org.apache.jmeter.gui.AbstractScopedJMeterGuiComponent;5;16;6;24;1;58;7
jmeter;org.apache.jmeter.gui.action.AboutCommand;4;6;1;23;1;51;3
jmeter;org.apache.jmeter.gui.action.AboutCommand$Anonymous1;0;1;1;1;0;5;1
jmeter;org.apache.jmeter.gui.action.AbstractAction;6;5;1;11;2;14;3
jmeter;org.apache.jmeter.gui.action.ActionNames;0;1;1;0;0;61;1
jmeter;org.apache.jmeter.gui.action.ActionRouter$Anonymous1;1;1;1;1;0;5;1
jmeter;org.apache.jmeter.gui.action.ActionRouter;8;54;1;46;6;208;15
jmeter;org.apache.jmeter.gui.action.AddParent;9;8;1;19;1;40;5
jmeter;org.apache.jmeter.gui.action.AddToTree;9;8;1;19;2;40;3
jmeter;org.apache.jmeter.gui.action.Analyze;4;6;1;6;2;23;3
jmeter;org.apache.jmeter.gui.action.ChangeLanguage;4;5;1;12;1;28;2
jmeter;org.apache.jmeter.gui.action.CheckDirty;14;20;2;26;4;89;7
jmeter;org.apache.jmeter.gui.action.Clear;8;10;1;16;4;46;3
jmeter;org.apache.jmeter.gui.action.Close;6;10;1;17;2;36;5
jmeter;org.apache.jmeter.gui.action.CollapseExpand;3;7;1;9;2;26;3
jmeter;org.apache.jmeter.gui.action.Command;0;2;1;0;0;4;2
jmeter;org.apache.jmeter.gui.action.Copy;6;17;2;17;2;65;9
jmeter;org.apache.jmeter.gui.action.CreateFunctionDialog;2;4;2;2;0;17;3
jmeter;org.apache.jmeter.gui.action.Cut;6;4;2;9;1;18;2
jmeter;org.apache.jmeter.gui.action.DragNDrop;10;19;2;21;3;58;4
jmeter;org.apache.jmeter.gui.action.EditCommand;7;5;1;11;1;25;3
jmeter;org.apache.jmeter.gui.action.EnableComponent;8;10;1;15;1;42;4
jmeter;org.apache.jmeter.gui.action.ExitCommand;4;8;1;11;3;29;3
jmeter;org.apache.jmeter.gui.action.Help;10;9;1;23;2;61;3
jmeter;org.apache.jmeter.gui.action.KeyStrokes;0;4;1;8;0;37;2
jmeter;org.apache.jmeter.gui.action.Load;20;33;1;48;3;131;6
jmeter;org.apache.jmeter.gui.action.LoadRecentProject;4;33;2;39;3;143;11
jmeter;org.apache.jmeter.gui.action.LookAndFeelCommand;4;20;1;21;1;72;5
jmeter;org.apache.jmeter.gui.action.Paste;11;10;2;20;3;42;3
jmeter;org.apache.jmeter.gui.action.RemoteStart;12;29;2;37;2;132;9
jmeter;org.apache.jmeter.gui.action.Remove;8;7;1;21;1;33;4
jmeter;org.apache.jmeter.gui.action.RevertProject;6;7;1;13;2;27;3
jmeter;org.apache.jmeter.gui.action.Save;16;21;1;39;3;87;4
jmeter;org.apache.jmeter.gui.action.SaveGraphics;11;16;1;23;3;59;4
jmeter;org.apache.jmeter.gui.action.SSLManagerCommand$AcceptPKCS12FileFilter;1;2;2;4;0;8;2
jmeter;org.apache.jmeter.gui.action.SSLManagerCommand;5;7;2;16;2;42;3
jmeter;org.apache.jmeter.gui.action.Start;14;11;2;26;2;53;4
jmeter;org.apache.jmeter.gui.action.StopStoppables;3;6;2;5;1;22;4
jmeter;org.apache.jmeter.gui.action.What;6;6;1;13;1;28;2
jmeter;org.apache.jmeter.gui.CommentPanel;2;5;5;8;0;27;5
jmeter;org.apache.jmeter.gui.GUIFactory;3;13;1;9;1;48;7
jmeter;org.apache.jmeter.gui.GuiPackage;20;65;1;72;3;300;38
jmeter;org.apache.jmeter.gui.GuiPackage$Anonymous1;0;1;1;1;0;5;1
jmeter;org.apache.jmeter.gui.JMeterFileFilter;1;8;2;7;2;28;5
jmeter;org.apache.jmeter.gui.JMeterGUIComponent;1;13;1;0;0;15;13
jmeter;org.apache.jmeter.gui.MainFrame$WindowHappenings;1;1;2;3;0;5;1
jmeter;org.apache.jmeter.gui.MainFrame$Anonymous2;1;1;1;4;0;6;1
jmeter;org.apache.jmeter.gui.MainFrame$Anonymous1;0;2;1;1;1;7;1
jmeter;org.apache.jmeter.gui.MainFrame;12;37;7;81;4;233;29
jmeter;org.apache.jmeter.gui.MainFrame$Anonymous3;1;6;1;7;4;19;1
jmeter;org.apache.jmeter.gui.NamePanel;6;14;5;19;1;58;13
jmeter;org.apache.jmeter.gui.OnErrorPanel;2;12;5;10;1;51;5
jmeter;org.apache.jmeter.gui.SavePropertyDialog;6;15;6;28;5;77;7
jmeter;org.apache.jmeter.gui.SavePropertyDialog$Anonymous1;0;1;1;1;0;5;1
jmeter;org.apache.jmeter.gui.ServerPanel;4;15;5;15;0;97;15
jmeter;org.apache.jmeter.gui.Stoppable;0;1;1;0;0;3;1
jmeter;org.apache.jmeter.gui.tree.JMeterCellRenderer;2;6;6;8;3;28;2
jmeter;org.apache.jmeter.gui.tree.JMeterTreeListener;13;55;1;51;3;191;28
jmeter;org.apache.jmeter.gui.tree.JMeterTreeModel;17;32;2;50;2;135;15
jmeter;org.apache.jmeter.gui.tree.JMeterTreeNode;13;23;2;27;5;92;15
jmeter;org.apache.jmeter.gui.tree.NamedTreeNode;0;3;1;0;0;5;3
jmeter;org.apache.jmeter.gui.UnsharedComponent;0;0;1;0;0;2;0
jmeter;org.apache.jmeter.gui.util.ButtonPanel;2;8;5;9;1;74;3
jmeter;org.apache.jmeter.gui.util.FileDialoger;3;18;1;20;2;69;6
jmeter;org.apache.jmeter.gui.util.FileListPanel;7;24;5;44;3;122;15
jmeter;org.apache.jmeter.gui.util.FilePanel;4;20;6;26;2;87;13
jmeter;org.apache.jmeter.gui.util.FocusRequester;2;3;1;4;1;16;2
jmeter;org.apache.jmeter.gui.util.HeaderAsPropertyRenderer;2;6;6;14;2;26;3
jmeter;org.apache.jmeter.gui.util.HorizontalPanel;0;7;5;7;1;29;4
jmeter;org.apache.jmeter.gui.util.JDateField$FocusClass;0;4;1;3;1;14;3
jmeter;org.apache.jmeter.gui.util.JDateField$KeyFocus;1;4;2;3;1;12;2
jmeter;org.apache.jmeter.gui.util.JDateField;3;13;7;16;1;88;7
jmeter;org.apache.jmeter.gui.util.JLabeledRadioI18N;3;17;5;23;2;65;10
jmeter;org.apache.jmeter.gui.util.JMeterColor;1;2;2;0;0;12;2
jmeter;org.apache.jmeter.gui.util.JMeterMenuBar;11;83;5;72;3;447;31
jmeter;org.apache.jmeter.gui.util.JMeterMenuBar$LangMenuHelper;2;2;1;6;0;15;2
jmeter;org.apache.jmeter.gui.util.MenuFactory;23;99;1;75;4;430;39
jmeter;org.apache.jmeter.gui.util.MenuFactory$MenuInfoComparator;1;1;1;2;0;6;1
jmeter;org.apache.jmeter.gui.util.MenuInfo;1;5;1;1;1;24;4
jmeter;org.apache.jmeter.gui.util.NumberFieldErrorListener;3;5;2;6;1;23;2
jmeter;org.apache.jmeter.gui.util.PowerTableModel;5;69;3;31;2;230;22
jmeter;org.apache.jmeter.gui.util.TextAreaCellRenderer;1;5;1;8;1;18;2
jmeter;org.apache.jmeter.gui.util.TextAreaTableCellEditor$Anonymous1;0;3;1;3;0;9;2
jmeter;org.apache.jmeter.gui.util.TextAreaTableCellEditor$EditorDelegate;1;12;1;4;1;40;11
jmeter;org.apache.jmeter.gui.util.TextAreaTableCellEditor;1;11;2;9;0;95;11
jmeter;org.apache.jmeter.gui.util.TextBoxDialoger$TextBoxDoubleClick;1;3;2;6;1;14;2
jmeter;org.apache.jmeter.gui.util.TextBoxDialoger;4;12;3;27;1;116;9
jmeter;org.apache.jmeter.gui.util.TextBoxDialoger$TextBoxDoubleClickPressed;1;5;2;10;3;20;2
jmeter;org.apache.jmeter.gui.util.VerticalPanel;0;7;5;7;1;29;4
jmeter;org.apache.jmeter.JMeter$Anonymous2;1;1;1;1;0;5;1
jmeter;org.apache.jmeter.JMeter$Anonymous1;0;2;1;2;1;8;1
jmeter;org.apache.jmeter.JMeter;42;139;1;174;6;813;22
jmeter;org.apache.jmeter.JMeter$ListenToTest;7;11;1;13;2;50;7
jmeter;org.apache.jmeter.NewDriver;1;29;1;34;5;118;6
jmeter;org.apache.jmeter.NewDriver$Anonymous1;0;1;1;1;0;5;1
jmeter;org.apache.jmeter.plugin.JMeterPlugin;0;2;1;0;0;4;2
jmeter;org.apache.jmeter.plugin.PluginManager;5;9;1;11;4;33;3
jmeter;org.apache.jmeter.processor.gui.AbstractPostProcessorGui;1;1;7;1;0;6;1
jmeter;org.apache.jmeter.processor.gui.AbstractPreProcessorGui;2;2;6;2;0;9;2
jmeter;org.apache.jmeter.processor.PostProcessor;0;1;1;0;0;3;1
jmeter;org.apache.jmeter.processor.PreProcessor;0;1;1;0;0;3;1
jmeter;org.apache.jmeter.ProxyAuthenticator;0;4;2;2;1;19;2
jmeter;org.apache.jmeter.reporters.AbstractListenerElement;3;5;2;2;1;20;4
jmeter;org.apache.jmeter.reporters.FileReporter$GraphPanel;1;24;5;32;3;167;8
jmeter;org.apache.jmeter.reporters.FileReporter;4;12;9;27;4;234;3
jmeter;org.apache.jmeter.reporters.gui.ResultActionGui;7;7;8;16;0;37;7
jmeter;org.apache.jmeter.reporters.gui.ResultSaverGui;8;10;7;27;0;88;10
jmeter;org.apache.jmeter.reporters.gui.SummariserGui;5;6;7;9;0;26;6
jmeter;org.apache.jmeter.reporters.ResultAction;6;8;3;11;2;26;4
jmeter;org.apache.jmeter.reporters.ResultCollector;27;84;3;91;5;369;33
jmeter;org.apache.jmeter.reporters.ResultCollector$FileEntry;1;1;1;0;0;8;1
jmeter;org.apache.jmeter.reporters.ResultCollectorHelper;3;3;1;5;1;15;2
jmeter;org.apache.jmeter.reporters.ResultSaver;14;29;2;37;4;129;16
jmeter;org.apache.jmeter.reporters.ResultSaver$Counter;0;0;1;0;0;3;0
jmeter;org.apache.jmeter.reporters.Summariser;15;35;2;39;3;171;13
jmeter;org.apache.jmeter.reporters.Summariser$Totals;1;1;1;2;0;9;1
jmeter;org.apache.jmeter.samplers.AbstractSampler;2;0;2;0;0;3;0
jmeter;org.apache.jmeter.samplers.AsynchSampleSender$Worker;3;9;2;8;5;36;2
jmeter;org.apache.jmeter.samplers.AsynchSampleSender;8;12;2;13;2;100;6
jmeter;org.apache.jmeter.samplers.BatchSampleSender;6;21;1;14;4;86;7
jmeter;org.apache.jmeter.samplers.Clearable;0;1;1;0;0;3;1
jmeter;org.apache.jmeter.samplers.DataStrippingSampleSender;7;12;1;11;2;45;6
jmeter;org.apache.jmeter.samplers.Entry;3;12;1;9;2;44;9
jmeter;org.apache.jmeter.samplers.gui.AbstractSamplerGui;2;2;6;2;0;9;2
jmeter;org.apache.jmeter.samplers.HoldSampleSender;5;14;1;13;3;65;5
jmeter;org.apache.jmeter.samplers.Interruptible;0;1;1;0;0;3;1
jmeter;org.apache.jmeter.samplers.Remoteable;0;0;1;0;0;2;0
jmeter;org.apache.jmeter.samplers.RemoteListenerWrapper;11;18;2;12;2;73;10
jmeter;org.apache.jmeter.samplers.RemoteSampleListener;1;8;1;0;0;10;8
jmeter;org.apache.jmeter.samplers.RemoteSampleListenerImpl;5;23;1;8;2;67;10
jmeter;org.apache.jmeter.samplers.RemoteSampleListenerWrapper;7;8;2;5;1;34;5
jmeter;org.apache.jmeter.samplers.RemoteTestListenerWrapper;7;11;2;7;1;46;7
jmeter;org.apache.jmeter.samplers.SampleEvent;7;20;1;9;1;83;14
jmeter;org.apache.jmeter.samplers.SampleListener;1;3;1;0;0;5;3
jmeter;org.apache.jmeter.samplers.Sampler;3;1;1;0;0;3;1
jmeter;org.apache.jmeter.samplers.SampleResult;8;155;1;61;3;587;108
jmeter;org.apache.jmeter.samplers.SampleSaveConfiguration;5;154;1;16;2;445;72
jmeter;org.apache.jmeter.samplers.SampleSender;1;3;1;0;0;5;3
jmeter;org.apache.jmeter.samplers.SampleSenderFactory;11;10;1;9;2;52;1
jmeter;org.apache.jmeter.samplers.StandardSampleSender;6;10;1;8;2;43;5
jmeter;org.apache.jmeter.samplers.StatisticalSampleResult;2;13;2;24;1;59;9
jmeter;org.apache.jmeter.samplers.StatisticalSampleSender;8;22;1;23;4;97;6
jmeter;org.apache.jmeter.save.converters.BooleanPropertyConverter;8;4;1;11;0;18;4
jmeter;org.apache.jmeter.save.converters.ConversionHelp;8;26;1;24;2;113;13
jmeter;org.apache.jmeter.save.converters.HashTreeConverter;7;8;2;15;2;40;5
jmeter;org.apache.jmeter.save.converters.IntegerPropertyConverter;8;4;1;10;0;18;4
jmeter;org.apache.jmeter.save.converters.LongPropertyConverter;8;4;1;10;0;18;4
jmeter;org.apache.jmeter.save.converters.MultiPropertyConverter;13;7;2;18;1;31;5
jmeter;org.apache.jmeter.save.converters.SampleEventConverter;6;4;1;3;0;17;4
jmeter;org.apache.jmeter.save.converters.SampleResultConverter;16;63;2;123;3;275;16
jmeter;org.apache.jmeter.save.converters.SampleSaveConfigurationConverter$MyWrapper;3;12;2;1;1;38;2
jmeter;org.apache.jmeter.save.converters.SampleSaveConfigurationConverter;13;12;3;27;2;111;6
jmeter;org.apache.jmeter.save.converters.StringPropertyConverter;8;4;1;9;0;18;4
jmeter;org.apache.jmeter.save.converters.TestElementConverter;13;15;2;26;3;52;5
jmeter;org.apache.jmeter.save.converters.TestElementPropertyConverter;15;16;2;36;4;60;5
jmeter;org.apache.jmeter.save.converters.TestResultWrapperConverter;10;9;2;13;2;37;5
jmeter;org.apache.jmeter.save.CSVSaveService$1StringQuoter;3;9;1;10;1;39;8
jmeter;org.apache.jmeter.save.CSVSaveService;20;146;1;143;4;677;18
jmeter;org.apache.jmeter.save.ListenerResultWrapper;1;6;1;0;0;23;6
jmeter;org.apache.jmeter.save.SaveGraphicsService;7;14;1;12;2;75;5
jmeter;org.apache.jmeter.save.SaveService$XStreamWrapper$Anonymous1;1;5;1;5;1;13;2
jmeter;org.apache.jmeter.save.SaveService;19;73;2;69;6;336;27
jmeter;org.apache.jmeter.save.SaveService$XStreamWrapper;4;2;2;0;0;21;2
jmeter;org.apache.jmeter.save.ScriptWrapper;1;0;1;0;0;4;0
jmeter;org.apache.jmeter.save.ScriptWrapperConverter;12;13;1;22;3;66;7
jmeter;org.apache.jmeter.save.TestResultWrapper;1;6;1;0;0;23;6
jmeter;org.apache.jmeter.services.FileServer;7;69;1;54;3;263;25
jmeter;org.apache.jmeter.services.FileServer$FileEntry;0;1;1;0;0;11;1
jmeter;org.apache.jmeter.swing.HtmlPane;2;2;7;3;0;21;2
jmeter;org.apache.jmeter.swing.HtmlPane$Anonymous1;1;4;1;6;2;11;1
jmeter;org.apache.jmeter.testbeans.BeanInfoSupport;5;22;2;28;3;103;12
jmeter;org.apache.jmeter.testbeans.gui.ComboStringEditor$UniqueObject;0;2;1;0;0;9;2
jmeter;org.apache.jmeter.testbeans.gui.ComboStringEditor;3;36;2;22;3;143;17
jmeter;org.apache.jmeter.testbeans.gui.FieldStringEditor;1;12;2;9;1;47;10
jmeter;org.apache.jmeter.testbeans.gui.FileEditor$SimpleFileEditor;1;4;2;5;0;14;4
jmeter;org.apache.jmeter.testbeans.gui.FileEditor;5;15;2;18;1;69;14
jmeter;org.apache.jmeter.testbeans.gui.GenericTestBeanCustomizer;10;70;5;63;5;332;12
jmeter;org.apache.jmeter.testbeans.gui.GenericTestBeanCustomizer$PropertyComparator;2;8;1;10;1;36;3
jmeter;org.apache.jmeter.testbeans.gui.PasswordEditor;1;13;2;9;1;50;11
jmeter;org.apache.jmeter.testbeans.gui.SharedCustomizer;0;0;1;0;0;2;0
jmeter;org.apache.jmeter.testbeans.gui.TableEditor$ClearListener;1;1;1;1;0;5;1
jmeter;org.apache.jmeter.testbeans.gui.TableEditor;11;32;2;40;2;166;17
jmeter;org.apache.jmeter.testbeans.gui.TableEditor$RemoveListener;1;1;1;2;0;5;1
jmeter;org.apache.jmeter.testbeans.gui.TableEditor$AddListener;1;2;1;3;1;10;1
jmeter;org.apache.jmeter.testbeans.gui.TestBeanGUI;32;56;6;83;3;244;13
jmeter;org.apache.jmeter.testbeans.gui.TestBeanPropertyEditor;0;1;1;0;0;3;1
jmeter;org.apache.jmeter.testbeans.gui.TextAreaEditor;1;12;2;9;1;48;11
jmeter;org.apache.jmeter.testbeans.gui.WrapperEditor;6;74;2;35;5;245;18
jmeter;org.apache.jmeter.testbeans.TestBean;0;0;1;0;0;2;0
jmeter;org.apache.jmeter.testbeans.TestBeanBeanInfo;0;8;1;0;0;26;8
jmeter;org.apache.jmeter.testbeans.TestBeanHelper;11;21;1;31;4;82;4
jmeter;org.apache.jmeter.threads.AbstractThreadGroup;11;18;2;19;0;70;18
jmeter;org.apache.jmeter.threads.gui.AbstractThreadGroupGui;7;20;6;31;1;102;12
jmeter;org.apache.jmeter.threads.gui.PostThreadGroupGui;3;2;8;1;0;11;2
jmeter;org.apache.jmeter.threads.gui.SetupThreadGroupGui;3;2;8;1;0;11;2
jmeter;org.apache.jmeter.threads.gui.ThreadGroupGui;14;19;7;43;2;164;14
jmeter;org.apache.jmeter.threads.JMeterContext;8;27;1;1;1;103;24
jmeter;org.apache.jmeter.threads.JMeterContextService;2;13;1;5;1;50;12
jmeter;org.apache.jmeter.threads.JMeterContextService$Anonymous1;1;1;1;0;0;5;1
jmeter;org.apache.jmeter.threads.JMeterThread$ThreadListenerTraverser;3;6;1;2;2;21;4
jmeter;org.apache.jmeter.threads.JMeterThread;40;136;1;144;6;599;39
jmeter;org.apache.jmeter.threads.JMeterThread$IterationListener;3;1;1;1;0;5;1
jmeter;org.apache.jmeter.threads.JMeterThreadMonitor;1;1;1;0;0;3;1
jmeter;org.apache.jmeter.threads.JMeterVariables;2;17;1;13;2;57;15
jmeter;org.apache.jmeter.threads.ListenerNotifier;6;3;1;8;2;17;1
jmeter;org.apache.jmeter.threads.PostThreadGroup;1;0;4;0;0;3;0
jmeter;org.apache.jmeter.threads.SamplePackage;10;20;1;12;1;90;18
jmeter;org.apache.jmeter.threads.SetupThreadGroup;1;1;4;0;0;6;1
jmeter;org.apache.jmeter.threads.TestCompiler$ObjectPair;4;8;1;2;1;22;4
jmeter;org.apache.jmeter.threads.TestCompiler;22;35;1;50;3;178;13
jmeter;org.apache.jmeter.threads.ThreadGroup;7;19;3;19;3;75;15
jmeter;org.apache.jmeter.timers.gui.AbstractTimerGui;2;2;6;2;0;9;2
jmeter;org.apache.jmeter.timers.Timer;0;1;1;0;0;3;1
jmeter;org.apache.jmeter.util.BeanShellBeanInfoSupport;2;1;3;4;0;25;1
jmeter;org.apache.jmeter.util.BeanShellClient;2;5;2;12;1;65;2
jmeter;org.apache.jmeter.util.BeanShellClient$SockRead;0;5;2;4;2;26;2
jmeter;org.apache.jmeter.util.BeanShellInterpreter;6;33;1;21;3;149;12
jmeter;org.apache.jmeter.util.BeanShellServer;3;9;1;16;4;51;4
jmeter;org.apache.jmeter.util.BeanShellTestElement;13;46;2;30;2;163;22
jmeter;org.apache.jmeter.util.BSFBeanInfoSupport;2;1;3;4;0;23;1
jmeter;org.apache.jmeter.util.BSFJavaScriptEngine;15;27;2;24;2;105;6
jmeter;org.apache.jmeter.util.BSFTestElement;14;21;2;28;2;118;16
jmeter;org.apache.jmeter.util.Calculator;2;27;1;13;1;115;20
jmeter;org.apache.jmeter.util.ColorHelper;0;5;1;4;1;24;2
jmeter;org.apache.jmeter.util.CPSPauser;0;4;1;1;1;21;2
jmeter;org.apache.jmeter.util.CustomX509TrustManager;2;12;1;9;3;42;4
jmeter;org.apache.jmeter.util.HttpSSLProtocolSocketFactory;8;28;3;28;2;136;15
jmeter;org.apache.jmeter.util.JMeterUtils;15;150;1;125;4;646;64
jmeter;org.apache.jmeter.util.JMeterUtils$Anonymous1;1;1;1;0;0;5;1
jmeter;org.apache.jmeter.util.JMeterVersion;1;6;1;7;3;39;2
jmeter;org.apache.jmeter.util.JSR223TestElement;11;17;2;23;2;99;15
jmeter;org.apache.jmeter.util.JsseSSLManager$Anonymous1;0;1;1;0;0;5;1
jmeter;org.apache.jmeter.util.JsseSSLManager$WrappedX509KeyManager;1;9;1;7;1;36;7
jmeter;org.apache.jmeter.util.JsseSSLManager;12;31;2;39;3;167;6
jmeter;org.apache.jmeter.util.keystore.DefaultKeyStore;1;11;2;9;4;46;5
jmeter;org.apache.jmeter.util.keystore.JmeterKeyStore;2;5;1;0;0;9;5
jmeter;org.apache.jmeter.util.LocaleChangeEvent;0;3;1;0;0;14;3
jmeter;org.apache.jmeter.util.LocaleChangeListener;1;1;1;0;0;3;1
jmeter;org.apache.jmeter.util.NamedObject;0;1;1;0;0;3;1
jmeter;org.apache.jmeter.util.NameUpdater;5;12;1;11;1;59;5
jmeter;org.apache.jmeter.util.ScopePanel;3;24;5;16;1;103;18
jmeter;org.apache.jmeter.util.ShutdownClient;1;3;1;6;1;19;1
jmeter;org.apache.jmeter.util.SlowInputStream;2;3;3;3;0;15;3
jmeter;org.apache.jmeter.util.SlowOutputStream;2;3;3;3;0;15;3
jmeter;org.apache.jmeter.util.SlowSocket;2;9;2;4;1;38;6
jmeter;org.apache.jmeter.util.SlowSSLSocket;2;60;3;58;1;185;59
jmeter;org.apache.jmeter.util.SSLManager;8;24;1;28;3;131;9
jmeter;org.apache.jmeter.util.StringUtilities;0;3;1;6;1;17;2
jmeter;org.apache.jmeter.util.TidyException;0;2;3;0;0;9;2
jmeter;org.apache.jmeter.util.XPathUtil$Anonymous1;2;1;1;0;0;5;1
jmeter;org.apache.jmeter.util.XPathUtil$MyErrorHandler;3;10;1;3;1;27;4
jmeter;org.apache.jmeter.util.XPathUtil;10;16;1;31;2;97;7
jmeter;org.apache.jmeter.visualizers.CachingStatCalculator;3;6;2;6;2;26;5
jmeter;org.apache.jmeter.visualizers.gui.AbstractListenerGui;2;2;6;2;0;9;2
jmeter;org.apache.jmeter.visualizers.gui.AbstractVisualizer;14;18;7;34;1;115;15
jmeter;org.apache.jmeter.visualizers.gui.AbstractVisualizer$Anonymous2;0;2;1;2;1;7;1
jmeter;org.apache.jmeter.visualizers.gui.AbstractVisualizer$Anonymous1;0;2;1;2;1;7;1
jmeter;org.apache.jmeter.visualizers.gui.AbstractVisualizer$Anonymous3;5;1;1;7;0;8;1
jmeter;org.apache.jmeter.visualizers.ImageVisualizer;0;1;1;0;0;3;1
jmeter;org.apache.jmeter.visualizers.Printable;0;1;1;0;0;3;1
jmeter;org.apache.jmeter.visualizers.RunningSample;2;41;1;16;1;177;20
jmeter;org.apache.jmeter.visualizers.Sample;1;24;1;3;0;104;21
jmeter;org.apache.jmeter.visualizers.SamplingStatCalculator;5;40;1;38;2;162;28
jmeter;org.apache.jmeter.visualizers.Visualizer;1;2;1;0;0;4;2
jmeter;org.apache.jmeter.examples.sampler.ExampleSampler;7;6;3;21;1;48;5
jmeter;org.apache.jmeter.examples.sampler.gui.ExampleSamplerGui;6;8;7;19;0;44;8
jmeter;org.apache.jmeter.examples.testbeans.example1.Example1;5;3;3;9;0;21;3
jmeter;org.apache.jmeter.examples.testbeans.example2.Example2;5;3;3;9;0;21;3
jmeter;org.apache.jmeter.examples.testbeans.example2.Example2BeanInfo;2;1;3;0;0;5;1
jmeter;org.apache.jmeter.functions.BeanShell;12;16;2;21;2;71;6
jmeter;org.apache.jmeter.functions.CharFunction;8;9;2;14;3;42;5
jmeter;org.apache.jmeter.functions.CSVRead;8;13;2;21;2;55;5
jmeter;org.apache.jmeter.functions.EscapeHtml;5;6;2;6;0;24;5
jmeter;org.apache.jmeter.functions.EvalFunction;5;6;2;5;0;27;5
jmeter;org.apache.jmeter.functions.EvalVarFunction;8;7;2;9;1;34;5
jmeter;org.apache.jmeter.functions.FileRowColContainer;4;19;1;19;3;97;9
jmeter;org.apache.jmeter.functions.FileToString;9;13;2;17;2;61;5
jmeter;org.apache.jmeter.functions.FileWrapper$Anonymous1;1;1;1;0;0;5;1
jmeter;org.apache.jmeter.functions.FileWrapper;4;27;1;28;2;125;10
jmeter;org.apache.jmeter.functions.IntSum;6;10;2;10;1;41;5
jmeter;org.apache.jmeter.functions.IterationCounter;7;11;2;17;1;59;6
jmeter;org.apache.jmeter.functions.IterationCounter$Anonymous1;0;1;1;1;0;5;1
jmeter;org.apache.jmeter.functions.JavaScript;13;10;2;20;2;53;5
jmeter;org.apache.jmeter.functions.JexlFunction;12;10;2;21;2;55;4
jmeter;org.apache.jmeter.functions.LogFunction;9;19;2;20;3;101;7
jmeter;org.apache.jmeter.functions.LogFunction2;8;9;2;8;2;45;5
jmeter;org.apache.jmeter.functions.LongSum;6;11;2;11;1;41;5
jmeter;org.apache.jmeter.functions.MachineName;6;9;2;10;3;33;5
jmeter;org.apache.jmeter.functions.Property;6;10;2;9;3;42;5
jmeter;org.apache.jmeter.functions.Property2;5;7;2;6;1;32;5
jmeter;org.apache.jmeter.functions.Random;6;10;2;12;2;44;5
jmeter;org.apache.jmeter.functions.RegexFunction;14;45;2;46;3;200;9
jmeter;org.apache.jmeter.functions.SamplerName;7;9;2;10;3;34;4
jmeter;org.apache.jmeter.functions.SetProperty;5;8;2;7;1;39;5
jmeter;org.apache.jmeter.functions.SplitFunction;9;10;2;13;2;48;5
jmeter;org.apache.jmeter.functions.StringFromFile;12;42;2;31;5;196;13
jmeter;org.apache.jmeter.functions.ThreadNumber;4;4;2;5;0;16;4
jmeter;org.apache.jmeter.functions.TimeFunction;6;12;2;15;2;57;5
jmeter;org.apache.jmeter.functions.UnEscape;5;6;2;6;0;24;5
jmeter;org.apache.jmeter.functions.UnEscapeHtml;5;6;2;6;0;24;5
jmeter;org.apache.jmeter.functions.Variable;6;7;2;7;0;27;5
jmeter;org.apache.jmeter.functions.XPath;8;10;2;11;2;42;5
jmeter;org.apache.jmeter.functions.XPathFileContainer;7;14;1;17;1;69;7
jmeter;org.apache.jmeter.functions.XPathWrapper$Anonymous1;1;1;1;0;0;5;1
jmeter;org.apache.jmeter.functions.XPathWrapper;4;14;1;16;3;74;4
jmeter;org.apache.commons.cli.avalon.AbstractParserControl;1;1;1;0;0;5;1
jmeter;org.apache.commons.cli.avalon.CLArgsParser;7;101;1;47;4;421;27
jmeter;org.apache.commons.cli.avalon.CLOption;2;20;1;9;2;81;9
jmeter;org.apache.commons.cli.avalon.CLOptionDescriptor;2;22;1;5;1;82;9
jmeter;org.apache.commons.cli.avalon.CLUtil;1;12;1;11;3;58;2
jmeter;org.apache.commons.cli.avalon.ParserControl;0;1;1;0;0;3;1
jmeter;org.apache.commons.cli.avalon.Token;0;4;1;3;0;23;4
jmeter;org.apache.commons.jexl.bsf.JexlEngine;7;20;2;15;2;81;8
jmeter;org.apache.jorphan.collections.Data;6;102;1;62;4;390;37
jmeter;org.apache.jorphan.collections.HashTree;4;99;1;57;2;398;67
jmeter;org.apache.jorphan.collections.HashTree$TreeSearcher;2;6;1;1;1;20;5
jmeter;org.apache.jorphan.collections.HashTree$ConvertToString;3;9;1;9;2;34;6
jmeter;org.apache.jorphan.collections.HashTreeTraverser;1;3;1;0;0;5;3
jmeter;org.apache.jorphan.collections.ListedHashTree;2;32;2;26;1;115;23
jmeter;org.apache.jorphan.collections.SearchByClass;4;7;1;6;1;26;6
jmeter;org.apache.jorphan.collections.SortedHashTree;2;15;2;5;1;55;11
jmeter;org.apache.jorphan.gui.AbstractTreeTableModel;4;24;3;15;1;88;22
jmeter;org.apache.jorphan.gui.ComponentUtil;1;6;1;14;1;29;4
jmeter;org.apache.jorphan.gui.DefaultTreeTableModel;2;4;4;0;0;15;4
jmeter;org.apache.jorphan.gui.GuiUtils;0;3;1;12;1;19;2
jmeter;org.apache.jorphan.gui.JLabeledChoice$DeleteListener;1;2;1;4;1;8;1
jmeter;org.apache.jorphan.gui.JLabeledChoice$AddListener;1;2;1;7;1;11;1
jmeter;org.apache.jorphan.gui.JLabeledChoice;4;29;5;28;1;149;22
jmeter;org.apache.jorphan.gui.JLabeledChoice$Anonymous1;1;2;1;2;1;7;1
jmeter;org.apache.jorphan.gui.JLabeledField;0;5;1;0;0;7;5
jmeter;org.apache.jorphan.gui.JLabeledPasswordField;1;3;6;0;0;12;3
jmeter;org.apache.jorphan.gui.JLabeledTextArea;2;21;5;23;1;82;18
jmeter;org.apache.jorphan.gui.JLabeledTextField;2;22;5;22;1;90;19
jmeter;org.apache.jorphan.gui.JTreeTable;2;5;5;0;0;18;5
jmeter;org.apache.jorphan.gui.layout.VerticalLayout;1;22;1;13;4;101;11
jmeter;org.apache.jorphan.gui.NumberRenderer;0;4;6;4;0;17;3
jmeter;org.apache.jorphan.gui.ObjectTableModel;4;47;3;43;3;173;20
jmeter;org.apache.jorphan.gui.RateRenderer;1;7;7;3;1;27;2
jmeter;org.apache.jorphan.gui.RendererUtils;0;4;1;3;2;13;2
jmeter;org.apache.jorphan.gui.RightAlignRenderer;0;1;6;1;0;7;1
jmeter;org.apache.jorphan.gui.TreeTableModel;0;3;1;0;0;5;3
jmeter;org.apache.jorphan.io.TextFile;4;14;2;12;3;72;8
jmeter;org.apache.jorphan.logging.LoggingManager;14;43;1;41;2;184;20
jmeter;org.apache.jorphan.math.NumberComparator;0;4;1;1;1;17;2
jmeter;org.apache.jorphan.math.StatCalculator;3;29;1;20;3;132;18
jmeter;org.apache.jorphan.math.StatCalculatorInteger;1;4;2;4;0;14;4
jmeter;org.apache.jorphan.math.StatCalculatorLong;1;4;2;4;0;14;4
jmeter;org.apache.jorphan.reflect.ClassFinder$FilterTreeSet;1;10;4;6;2;32;2
jmeter;org.apache.jorphan.reflect.ClassFinder$Anonymous1;0;1;1;1;0;5;1
jmeter;org.apache.jorphan.reflect.ClassFinder;6;65;7;54;4;277;16
jmeter;org.apache.jorphan.reflect.ClassFinder$AnnoFilterTreeSet;1;6;4;6;2;22;2
jmeter;org.apache.jorphan.reflect.ClassTools;1;14;1;6;1;58;3
jmeter;org.apache.jorphan.reflect.Functor;4;77;1;29;5;239;26
jmeter;org.apache.jorphan.util.Converter;1;85;1;55;5;290;25
jmeter;org.apache.jorphan.util.HeapDumper$DumperHolder;1;0;1;0;0;3;0
jmeter;org.apache.jorphan.util.HeapDumper;1;17;1;13;2;80;9
jmeter;org.apache.jorphan.util.JMeterError;0;4;3;0;0;15;4
jmeter;org.apache.jorphan.util.JMeterException;0;4;3;0;0;15;4
jmeter;org.apache.jorphan.util.JMeterStopTestException;0;2;4;0;0;9;2
jmeter;org.apache.jorphan.util.JMeterStopTestNowException;0;2;4;0;0;9;2
jmeter;org.apache.jorphan.util.JMeterStopThreadException;0;2;4;0;0;9;2
jmeter;org.apache.jorphan.util.JOrphanUtils;4;72;1;33;3;246;23
jmeter;org.apache.jorphan.util.XMLBuffer;2;13;1;12;1;64;9
jmeter;org.apache.jmeter.protocol.java.control.gui.ClassFilter;1;11;1;8;2;39;5
jmeter;org.apache.jmeter.protocol.java.control.gui.JUnitTestSamplerGui;17;46;7;85;3;267;15
jmeter;org.apache.jmeter.protocol.java.sampler.JUnitSampler$AnnotatedTestCase;3;11;2;8;3;42;2
jmeter;org.apache.jmeter.protocol.java.sampler.JUnitSampler$Anonymous1;1;1;1;1;0;5;1
jmeter;org.apache.jmeter.protocol.java.sampler.JUnitSampler$Anonymous2;0;3;1;2;2;14;1
jmeter;org.apache.jmeter.protocol.java.sampler.JUnitSampler;18;85;4;75;4;417;39
jmeter;woolfel.DummyTestCase;1;16;2;7;1;64;12
jmeter;woolfel.SubDummyTest;1;4;3;3;0;16;4
jmeter;woolfel.SubDummyTest2;1;4;3;3;0;16;4
jmeter;org.apache.jmeter.monitor.util.MemoryBenchmark;12;5;1;53;3;82;1
jmeter;org.apache.jmeter.monitor.util.Stats;6;21;1;15;3;89;5
jmeter;org.apache.jmeter.visualizers.MonitorAccumModel;10;26;1;40;3;109;15
jmeter;org.apache.jmeter.visualizers.MonitorGraph;5;24;4;21;5;118;11
jmeter;org.apache.jmeter.visualizers.MonitorGuiListener;1;2;1;0;0;4;2
jmeter;org.apache.jmeter.visualizers.MonitorHealthPanel;7;7;5;17;2;68;5
jmeter;org.apache.jmeter.visualizers.MonitorHealthVisualizer;19;16;8;35;1;87;15
jmeter;org.apache.jmeter.visualizers.MonitorListener;1;1;1;0;0;3;1
jmeter;org.apache.jmeter.visualizers.MonitorModel;3;17;1;14;0;57;17
jmeter;org.apache.jmeter.visualizers.MonitorPerformancePanel;8;15;5;38;2;164;9
jmeter;org.apache.jmeter.visualizers.MonitorStats;2;21;2;18;0;83;21
jmeter;org.apache.jmeter.visualizers.MonitorTabPane;0;1;5;0;0;6;1
jmeter;org.apache.jmeter.visualizers.ServerPanel;4;30;5;15;1;103;7
jmeter;org.apache.jmeter.monitor.model.Connector;3;8;1;0;0;10;8
jmeter;org.apache.jmeter.monitor.model.ConnectorImpl;4;9;1;0;0;33;9
jmeter;org.apache.jmeter.monitor.model.Jvm;1;2;1;0;0;4;2
jmeter;org.apache.jmeter.monitor.model.JvmImpl;2;3;1;0;0;12;3
jmeter;org.apache.jmeter.monitor.model.Memory;0;6;1;0;0;8;6
jmeter;org.apache.jmeter.monitor.model.MemoryImpl;1;7;1;0;0;26;7
jmeter;org.apache.jmeter.monitor.model.ObjectFactory;22;13;2;3;0;51;13
jmeter;org.apache.jmeter.monitor.model.ObjectFactory$ObjectFactoryHolder;1;0;1;0;0;3;0
jmeter;org.apache.jmeter.monitor.model.ObjectFactory$MonitorParser;2;1;2;0;0;5;1
jmeter;org.apache.jmeter.monitor.model.RequestInfo;0;12;1;0;0;14;12
jmeter;org.apache.jmeter.monitor.model.RequestInfoImpl;1;13;1;0;0;47;13
jmeter;org.apache.jmeter.monitor.model.Status;2;6;1;0;0;8;6
jmeter;org.apache.jmeter.monitor.model.StatusImpl;3;7;1;1;0;27;7
jmeter;org.apache.jmeter.monitor.model.ThreadInfo;0;10;1;0;0;12;10
jmeter;org.apache.jmeter.monitor.model.ThreadInfoImpl;1;11;1;0;0;40;11
jmeter;org.apache.jmeter.monitor.model.Worker;0;20;1;0;0;22;20
jmeter;org.apache.jmeter.monitor.model.WorkerImpl;1;21;1;0;0;75;21
jmeter;org.apache.jmeter.monitor.model.Workers;1;1;1;0;0;3;1
jmeter;org.apache.jmeter.monitor.model.WorkersImpl;2;3;1;1;0;13;3
jmeter;org.apache.jmeter.monitor.parser.Constants;0;0;1;0;0;35;0
jmeter;org.apache.jmeter.monitor.parser.MonitorHandler;14;84;2;52;5;248;10
jmeter;org.apache.jmeter.monitor.parser.Parser;3;3;1;0;0;5;3
jmeter;org.apache.jmeter.monitor.parser.ParserImpl;10;10;1;11;1;61;4
jmeter;org.apache.jmeter.protocol.ftp.config.gui.FtpConfigGui;8;16;7;29;1;146;14
jmeter;org.apache.jmeter.protocol.ftp.control.gui.FtpTestSamplerGui;9;7;7;20;0;44;7
jmeter;org.apache.jmeter.protocol.ftp.sampler.FTPSampler;12;43;3;60;7;219;17
jmeter;org.apache.jmeter.protocol.http.config.gui.HttpDefaultsGui$Anonymous1;1;2;1;2;1;10;1
jmeter;org.apache.jmeter.protocol.http.config.gui.HttpDefaultsGui$Anonymous2;0;2;1;2;1;10;1
jmeter;org.apache.jmeter.protocol.http.config.gui.HttpDefaultsGui;11;15;7;34;2;119;10
jmeter;org.apache.jmeter.protocol.http.config.gui.MultipartUrlConfigGui;5;8;6;20;0;48;8
jmeter;org.apache.jmeter.protocol.http.config.gui.UrlConfigGui;17;39;5;61;2;331;22
jmeter;org.apache.jmeter.protocol.http.config.MultipartUrlConfig;8;19;1;19;4;84;10
jmeter;org.apache.jmeter.protocol.http.control.AuthManager;12;46;3;45;4;170;21
jmeter;org.apache.jmeter.protocol.http.control.Authorization;4;16;2;13;0;60;16
jmeter;org.apache.jmeter.protocol.http.control.CacheManager$CacheEntry;0;5;1;0;0;22;5
jmeter;org.apache.jmeter.protocol.http.control.CacheManager$Anonymous1;1;1;1;0;0;5;1
jmeter;org.apache.jmeter.protocol.http.control.CacheManager;15;58;3;44;4;216;24
jmeter;org.apache.jmeter.protocol.http.control.Cookie;6;23;2;27;0;97;23
jmeter;org.apache.jmeter.protocol.http.control.CookieManager;20;76;3;102;4;307;30
jmeter;org.apache.jmeter.protocol.http.control.gui.AjpSamplerGui;4;4;8;4;0;17;4
jmeter;org.apache.jmeter.protocol.http.control.gui.HttpMirrorControlGui;11;14;8;34;1;94;11
jmeter;org.apache.jmeter.protocol.http.control.gui.HttpTestSampleGui$Anonymous1;1;2;1;2;1;10;1
jmeter;org.apache.jmeter.protocol.http.control.gui.HttpTestSampleGui$Anonymous2;0;2;1;2;1;10;1
jmeter;org.apache.jmeter.protocol.http.control.gui.HttpTestSampleGui;11;19;7;47;2;149;12
jmeter;org.apache.jmeter.protocol.http.control.gui.RecordController;4;2;8;1;0;11;2
jmeter;org.apache.jmeter.protocol.http.control.gui.SoapSamplerGui;10;9;7;33;1;98;8
jmeter;org.apache.jmeter.protocol.http.control.gui.SoapSamplerGui$Anonymous1;1;1;1;2;0;5;1
jmeter;org.apache.jmeter.protocol.http.control.gui.WebServiceSamplerGui;15;36;7;92;3;295;17
jmeter;org.apache.jmeter.protocol.http.control.Header;3;9;2;6;0;33;9
jmeter;org.apache.jmeter.protocol.http.control.HeaderManager;8;38;3;40;5;144;18
jmeter;org.apache.jmeter.protocol.http.control.HttpMirrorControl;5;18;2;14;2;60;12
jmeter;org.apache.jmeter.protocol.http.control.HttpMirrorServer;6;10;2;13;4;62;5
jmeter;org.apache.jmeter.protocol.http.control.HttpMirrorThread;10;22;2;30;3;113;4
jmeter;org.apache.jmeter.protocol.http.control.RecordingController;1;0;3;0;0;3;0
jmeter;org.apache.jmeter.protocol.http.gui.AuthPanel$InnerTableModel;4;21;2;22;1;72;11
jmeter;org.apache.jmeter.protocol.http.gui.AuthPanel;14;31;14;59;5;250;11
jmeter;org.apache.jmeter.protocol.http.gui.AuthPanel$PasswordCellRenderer;1;6;7;11;0;17;2
jmeter;org.apache.jmeter.protocol.http.gui.CacheManagerGui;7;7;7;18;0;45;7
jmeter;org.apache.jmeter.protocol.http.gui.CookiePanel;18;37;7;81;5;198;14
jmeter;org.apache.jmeter.protocol.http.gui.HeaderPanel$InnerTableModel;4;15;2;15;1;51;11
jmeter;org.apache.jmeter.protocol.http.gui.HeaderPanel;13;31;8;54;5;208;11
jmeter;org.apache.jmeter.protocol.http.gui.HTTPArgumentsPanel;15;16;8;30;2;61;10
jmeter;org.apache.jmeter.protocol.http.gui.HTTPFileArgsPanel;10;35;5;57;3;180;20
jmeter;org.apache.jmeter.protocol.http.modifier.AnchorModifier;21;39;2;63;3;175;7
jmeter;org.apache.jmeter.protocol.http.modifier.gui.AnchorModifierGui;5;5;7;8;0;22;5
jmeter;org.apache.jmeter.protocol.http.modifier.gui.ParamModifierGui;8;19;7;44;1;134;13
jmeter;org.apache.jmeter.protocol.http.modifier.gui.URLRewritingModifierGui;8;7;7;26;0;63;7
jmeter;org.apache.jmeter.protocol.http.modifier.gui.UserParameterModifierGui;6;10;7;28;0;61;10
jmeter;org.apache.jmeter.protocol.http.modifier.ParamMask;3;18;2;19;1;83;17
jmeter;org.apache.jmeter.protocol.http.modifier.ParamModifier;14;14;2;18;2;50;9
jmeter;org.apache.jmeter.protocol.http.modifier.URLRewritingModifier;14;35;2;30;4;126;13
jmeter;org.apache.jmeter.protocol.http.modifier.UserParameterModifier;17;14;3;20;2;55;10
jmeter;org.apache.jmeter.protocol.http.modifier.UserParameterXMLContentHandler;4;18;1;6;1;53;12
jmeter;org.apache.jmeter.protocol.http.modifier.UserParameterXMLErrorHandler;5;3;1;6;0;15;3
jmeter;org.apache.jmeter.protocol.http.modifier.UserParameterXMLParser;5;1;1;6;0;13;1
jmeter;org.apache.jmeter.protocol.http.modifier.UserSequence;2;5;1;5;1;26;3
jmeter;org.apache.jmeter.protocol.http.parser.HTMLParseError;0;4;3;0;0;15;4
jmeter;org.apache.jmeter.protocol.http.parser.HTMLParseException;0;4;3;0;0;15;4
jmeter;org.apache.jmeter.protocol.http.parser.HTMLParser;8;13;1;11;2;70;7
jmeter;org.apache.jmeter.protocol.http.parser.HtmlParserHTMLParser$URLPointer;0;1;1;0;0;6;1
jmeter;org.apache.jmeter.protocol.http.parser.HtmlParserHTMLParser;23;30;2;22;4;115;4
jmeter;org.apache.jmeter.protocol.http.parser.HtmlParsingUtils;22;51;1;74;5;216;17
jmeter;org.apache.jmeter.protocol.http.parser.JTidyHTMLParser;14;33;2;26;4;129;7
jmeter;org.apache.jmeter.protocol.http.parser.RegexpHTMLParser$Anonymous1;2;1;1;0;0;5;1
jmeter;org.apache.jmeter.protocol.http.parser.RegexpHTMLParser;11;14;2;17;5;58;3
jmeter;org.apache.jmeter.protocol.http.parser.URLCollection;4;8;1;7;1;44;5
jmeter;org.apache.jmeter.protocol.http.parser.URLCollection$UrlIterator;1;4;1;3;0;15;4
jmeter;org.apache.jmeter.protocol.http.parser.URLString;1;7;1;6;0;30;7
jmeter;org.apache.jmeter.protocol.http.proxy.Daemon;6;8;2;10;4;54;4
jmeter;org.apache.jmeter.protocol.http.proxy.FormCharSetFinder;11;17;1;15;6;63;3
jmeter;org.apache.jmeter.protocol.http.proxy.gui.ProxyControlGui;26;65;8;144;3;507;32
jmeter;org.apache.jmeter.protocol.http.proxy.gui.TreeNodeWrapper;1;3;1;0;0;14;3
jmeter;org.apache.jmeter.protocol.http.proxy.HttpReplyHdr;1;24;1;7;1;101;22
jmeter;org.apache.jmeter.protocol.http.proxy.HttpRequestHdr;16;94;1;94;4;369;20
jmeter;org.apache.jmeter.protocol.http.proxy.Proxy;18;70;2;103;4;348;13
jmeter;org.apache.jmeter.protocol.http.proxy.ProxyControl;39;168;3;138;6;615;65
jmeter;org.apache.jmeter.protocol.http.sampler.AccessLogSampler;18;51;5;38;5;168;21
jmeter;org.apache.jmeter.protocol.http.sampler.AccessLogSamplerBeanInfo;9;3;3;12;2;47;1
jmeter;org.apache.jmeter.protocol.http.sampler.AjpSampler;21;82;4;99;4;414;24
jmeter;org.apache.jmeter.protocol.http.sampler.HTTPAbstractImpl;12;32;1;27;0;95;32
jmeter;org.apache.jmeter.protocol.http.sampler.HttpClientDefaultParameters$Anonymous1;0;2;1;2;0;8;2
jmeter;org.apache.jmeter.protocol.http.sampler.HttpClientDefaultParameters$GenericHttpParams;0;2;1;0;0;4;2
jmeter;org.apache.jmeter.protocol.http.sampler.HttpClientDefaultParameters$Anonymous2;1;3;1;3;1;12;2
jmeter;org.apache.jmeter.protocol.http.sampler.HttpClientDefaultParameters;7;13;1;20;5;88;4
jmeter;org.apache.jmeter.protocol.http.sampler.HTTPHC3Impl$Anonymous1;2;1;1;0;0;5;1
jmeter;org.apache.jmeter.protocol.http.sampler.HTTPHC3Impl$ViewableFilePart;1;4;2;3;1;18;3
jmeter;org.apache.jmeter.protocol.http.sampler.HTTPHC3Impl;57;148;4;188;6;638;17
jmeter;org.apache.jmeter.protocol.http.sampler.HTTPHC4Impl$Anonymous1;4;1;1;3;0;7;1
jmeter;org.apache.jmeter.protocol.http.sampler.HTTPHC4Impl$Anonymous3$Anonymous4;3;7;1;7;2;19;1
jmeter;org.apache.jmeter.protocol.http.sampler.HTTPHC4Impl$ViewableFileBody;1;3;2;3;1;15;2
jmeter;org.apache.jmeter.protocol.http.sampler.HTTPHC4Impl;68;146;4;166;7;702;17
jmeter;org.apache.jmeter.protocol.http.sampler.HTTPHC4Impl$Anonymous2;2;1;1;0;0;5;1
jmeter;org.apache.jmeter.protocol.http.sampler.HTTPHC4Impl$HttpClientKey;1;12;1;6;1;49;5
jmeter;org.apache.jmeter.protocol.http.sampler.HTTPHC4Impl$Anonymous3;3;1;1;0;0;24;1
jmeter;org.apache.jmeter.protocol.http.sampler.HTTPHCAbstractImpl;6;18;2;27;3;78;5
jmeter;org.apache.jmeter.protocol.http.sampler.HTTPJavaImpl;22;88;2;124;4;371;16
jmeter;org.apache.jmeter.protocol.http.sampler.HTTPSampler;4;3;4;2;0;13;3
jmeter;org.apache.jmeter.protocol.http.sampler.HTTPSampler2;7;9;4;7;0;31;9
jmeter;org.apache.jmeter.protocol.http.sampler.HTTPSamplerBase$ASyncSample;2;2;1;1;0;15;2
jmeter;org.apache.jmeter.protocol.http.sampler.HTTPSamplerBase;41;256;3;205;6;1004;112
jmeter;org.apache.jmeter.protocol.http.sampler.HTTPSamplerBaseBeanInfo;1;0;2;0;0;2;0
jmeter;org.apache.jmeter.protocol.http.sampler.HTTPSamplerBaseConverter;5;6;3;6;1;23;4
jmeter;org.apache.jmeter.protocol.http.sampler.HTTPSampleResult;3;28;2;22;3;115;15
jmeter;org.apache.jmeter.protocol.http.sampler.HTTPSamplerFactory;8;17;1;5;1;48;5
jmeter;org.apache.jmeter.protocol.http.sampler.HTTPSamplerProxy;5;11;4;8;2;38;6
jmeter;org.apache.jmeter.protocol.http.sampler.PostWriter;9;46;1;55;5;230;13
jmeter;org.apache.jmeter.protocol.http.sampler.PutWriter;7;17;2;26;3;49;2
jmeter;org.apache.jmeter.protocol.http.sampler.SoapSampler$Anonymous1;0;6;1;4;1;29;4
jmeter;org.apache.jmeter.protocol.http.sampler.SoapSampler$Anonymous2;1;5;1;6;1;21;4
jmeter;org.apache.jmeter.protocol.http.sampler.SoapSampler;18;32;5;74;4;227;15
jmeter;org.apache.jmeter.protocol.http.sampler.WebServiceSampler;24;80;4;110;4;339;31
jmeter;org.apache.jmeter.protocol.http.util.accesslog.Filter;1;8;1;0;0;10;8
jmeter;org.apache.jmeter.protocol.http.util.accesslog.Generator;1;13;1;0;0;15;13
jmeter;org.apache.jmeter.protocol.http.util.accesslog.LogFilter;7;53;1;21;2;179;17
jmeter;org.apache.jmeter.protocol.http.util.accesslog.LogParser;2;4;1;0;0;6;4
jmeter;org.apache.jmeter.protocol.http.util.accesslog.NVPair;0;6;1;0;0;22;6
jmeter;org.apache.jmeter.protocol.http.util.accesslog.OrderPreservingLogParser;2;3;3;1;0;11;3
jmeter;org.apache.jmeter.protocol.http.util.accesslog.SessionFilter;13;22;1;21;3;90;15
jmeter;org.apache.jmeter.protocol.http.util.accesslog.SharedTCLogParser;5;14;2;8;3;55;6
jmeter;org.apache.jmeter.protocol.http.util.accesslog.StandardGenerator;8;19;1;16;1;68;17
jmeter;org.apache.jmeter.protocol.http.util.accesslog.TCLogParser;8;66;1;41;5;255;25
jmeter;org.apache.jmeter.protocol.http.util.Base64Encoder;3;7;1;6;1;47;4
jmeter;org.apache.jmeter.protocol.http.util.ConversionUtils;1;30;1;28;5;111;3
jmeter;org.apache.jmeter.protocol.http.util.DOMPool;1;3;1;2;0;11;3
jmeter;org.apache.jmeter.protocol.http.util.EncoderCache;3;5;1;5;1;25;3
jmeter;org.apache.jmeter.protocol.http.util.HC4TrustAllSSLSocketFactory$Anonymous1;0;1;1;0;0;5;1
jmeter;org.apache.jmeter.protocol.http.util.HC4TrustAllSSLSocketFactory;2;1;2;0;0;11;1
jmeter;org.apache.jmeter.protocol.http.util.HTTPArgument;11;30;3;29;2;112;17
jmeter;org.apache.jmeter.protocol.http.util.HTTPConstants;1;0;1;0;0;2;0
jmeter;org.apache.jmeter.protocol.http.util.HTTPConstantsInterface;0;0;1;0;0;39;0
jmeter;org.apache.jmeter.protocol.http.util.HTTPFileArg;4;25;2;12;1;66;16
jmeter;org.apache.jmeter.protocol.http.util.HTTPFileArgs;8;27;3;24;2;93;17
jmeter;org.apache.jmeter.protocol.http.util.HTTPResultConverter;10;18;3;38;2;67;7
jmeter;org.apache.jmeter.protocol.http.util.LoopbackHttpClientSocketFactory;5;6;1;3;1;39;5
jmeter;org.apache.jmeter.protocol.http.util.LoopbackHttpClientSocketFactory$Anonymous1;1;2;1;1;1;13;1
jmeter;org.apache.jmeter.protocol.http.util.LoopbackHttpClientSocketFactory$Anonymous1$Anonymous2;0;1;1;0;0;5;1
jmeter;org.apache.jmeter.protocol.http.util.LoopbackHTTPSocket$LoopbackOutputStream;1;1;3;0;0;5;1
jmeter;org.apache.jmeter.protocol.http.util.LoopbackHTTPSocket$LoopBackInputStream;2;3;3;3;0;17;3
jmeter;org.apache.jmeter.protocol.http.util.LoopbackHTTPSocket;2;6;6;2;0;44;6
jmeter;org.apache.jmeter.protocol.http.util.SlowHC4SocketFactory;3;3;2;0;0;13;3
jmeter;org.apache.jmeter.protocol.http.util.SlowHC4SSLSocketFactory;3;4;3;0;1;16;3
jmeter;org.apache.jmeter.protocol.http.util.SlowHttpClientSocketFactory;3;5;1;1;1;22;4
jmeter;org.apache.jmeter.protocol.http.util.WSDLException;0;3;3;1;0;12;3
jmeter;org.apache.jmeter.protocol.http.util.WSDLHelper;8;57;1;45;3;236;19
jmeter;org.apache.jmeter.protocol.http.visualizers.RequestViewHTTP;14;29;1;47;4;147;10
jmeter;org.apache.jmeter.protocol.java.config.gui.JavaConfigGui;18;21;7;57;6;110;11
jmeter;org.apache.jmeter.protocol.java.config.JavaConfig;6;7;3;8;0;25;7
jmeter;org.apache.jmeter.protocol.java.control.gui.BeanShellSamplerGui;7;11;7;36;0;97;11
jmeter;org.apache.jmeter.protocol.java.control.gui.BSFSamplerGui;6;11;7;43;0;100;11
jmeter;org.apache.jmeter.protocol.java.control.gui.JavaTestSamplerGui;7;7;7;15;0;37;7
jmeter;org.apache.jmeter.protocol.java.sampler.AbstractJavaSamplerClient;5;4;1;4;0;15;4
jmeter;org.apache.jmeter.protocol.java.sampler.BeanShellSampler;10;14;3;33;2;93;7
jmeter;org.apache.jmeter.protocol.java.sampler.BSFSampler;10;15;3;30;2;90;11
jmeter;org.apache.jmeter.protocol.java.sampler.JavaSampler;16;22;4;40;3;108;14
jmeter;org.apache.jmeter.protocol.java.sampler.JavaSampler$ErrorSamplerClient;4;1;2;7;0;11;1
jmeter;org.apache.jmeter.protocol.java.sampler.JavaSamplerClient;3;4;1;0;0;6;4
jmeter;org.apache.jmeter.protocol.java.sampler.JavaSamplerContext;4;21;1;12;1;58;9
jmeter;org.apache.jmeter.protocol.java.sampler.JSR223Sampler;8;6;3;22;2;48;1
jmeter;org.apache.jmeter.protocol.java.sampler.JSR223SamplerBeanInfo;2;1;4;0;0;5;1
jmeter;org.apache.jmeter.protocol.jdbc.config.DataSourceElement$DataSourceComponentImpl;4;7;1;9;2;32;4
jmeter;org.apache.jmeter.protocol.jdbc.config.DataSourceElement;17;46;2;47;3;262;35
jmeter;org.apache.jmeter.protocol.jdbc.config.DataSourceElement$Anonymous1;1;1;1;0;0;5;1
jmeter;org.apache.jmeter.protocol.jdbc.config.DataSourceElementBeanInfo;2;1;3;3;0;45;1
jmeter;org.apache.jmeter.protocol.jdbc.sampler.JDBCSampler$Anonymous2;1;3;1;3;2;15;1
jmeter;org.apache.jmeter.protocol.jdbc.sampler.JDBCSampler$Anonymous1;1;3;1;4;2;13;1
jmeter;org.apache.jmeter.protocol.jdbc.sampler.JDBCSampler;16;90;3;104;4;462;28
jmeter;org.apache.jmeter.protocol.jdbc.sampler.JDBCSamplerBeanInfo;3;1;3;4;0;31;1
jmeter;org.apache.jmeter.protocol.jms.client.ClientPool;0;6;1;9;2;27;4
jmeter;org.apache.jmeter.protocol.jms.client.InitialContextFactory;3;19;1;17;2;72;4
jmeter;org.apache.jmeter.protocol.jms.client.Publisher;12;18;1;19;2;84;9
jmeter;org.apache.jmeter.protocol.jms.client.ReceiveSubscriber;12;21;1;24;3;110;9
jmeter;org.apache.jmeter.protocol.jms.control.gui.JMSPublisherGui;12;20;7;64;2;193;11
jmeter;org.apache.jmeter.protocol.jms.control.gui.JMSSamplerGui;12;12;7;56;1;151;9
jmeter;org.apache.jmeter.protocol.jms.control.gui.JMSSubscriberGui;11;12;7;55;1;141;9
jmeter;org.apache.jmeter.protocol.jms.sampler.BaseJMSSampler;8;33;3;25;2;136;29
jmeter;org.apache.jmeter.protocol.jms.sampler.FixedQueueExecutor;6;8;1;12;2;44;2
jmeter;org.apache.jmeter.protocol.jms.sampler.JMSSampler;26;85;3;96;4;349;42
jmeter;org.apache.jmeter.protocol.jms.sampler.MessageAdmin;5;13;1;11;2;44;5
jmeter;org.apache.jmeter.protocol.jms.sampler.PlaceHolder;0;7;1;0;0;22;6
jmeter;org.apache.jmeter.protocol.jms.sampler.PublisherSampler;17;40;4;60;3;178;21
jmeter;org.apache.jmeter.protocol.jms.sampler.QueueExecutor;1;1;1;0;0;3;1
jmeter;org.apache.jmeter.protocol.jms.sampler.Receiver;11;11;1;16;5;68;4
jmeter;org.apache.jmeter.protocol.jms.sampler.SubscriberSampler;17;63;4;72;4;248;25
jmeter;org.apache.jmeter.protocol.jms.sampler.TemporaryQueueExecutor;5;2;1;1;0;9;2
jmeter;org.apache.jmeter.protocol.jms.Utils;8;24;1;28;2;106;9
jmeter;org.apache.jmeter.protocol.ldap.config.gui.LDAPArgument;2;11;2;2;0;44;11
jmeter;org.apache.jmeter.protocol.ldap.config.gui.LDAPArguments;8;28;3;25;2;101;17
jmeter;org.apache.jmeter.protocol.ldap.config.gui.LDAPArgumentsPanel;13;33;7;57;3;159;21
jmeter;org.apache.jmeter.protocol.ldap.config.gui.LdapConfigGui;12;33;7;43;2;292;18
jmeter;org.apache.jmeter.protocol.ldap.config.gui.LdapExtConfigGui;13;49;7;55;1;471;22
jmeter;org.apache.jmeter.protocol.ldap.control.gui.LdapExtTestSamplerGui;7;7;7;16;0;37;7
jmeter;org.apache.jmeter.protocol.ldap.control.gui.LdapTestSamplerGui;10;7;7;21;0;44;7
jmeter;org.apache.jmeter.protocol.ldap.sampler.LdapClient;2;9;1;9;2;40;7
jmeter;org.apache.jmeter.protocol.ldap.sampler.LdapExtClient;3;21;1;17;1;91;9
jmeter;org.apache.jmeter.protocol.ldap.sampler.LDAPExtSampler;22;113;3;150;5;626;64
jmeter;org.apache.jmeter.protocol.ldap.sampler.LDAPExtSampler$Anonymous2;1;7;1;4;2;27;2
jmeter;org.apache.jmeter.protocol.ldap.sampler.LDAPExtSampler$Anonymous1;0;1;1;2;0;7;1
jmeter;org.apache.jmeter.protocol.ldap.sampler.LDAPSampler;16;42;3;51;2;229;28
jmeter;org.apache.jmeter.protocol.mail.sampler.gui.MailReaderSamplerGui$Anonymous1;0;2;1;2;1;7;1
jmeter;org.apache.jmeter.protocol.mail.sampler.gui.MailReaderSamplerGui$Anonymous2;0;2;1;2;1;7;1
jmeter;org.apache.jmeter.protocol.mail.sampler.gui.MailReaderSamplerGui;9;19;7;53;1;202;15
jmeter;org.apache.jmeter.protocol.mail.sampler.MailFileFolder;8;29;2;11;2;115;22
jmeter;org.apache.jmeter.protocol.mail.sampler.MailFileFolder$Anonymous1;0;1;1;1;0;5;1
jmeter;org.apache.jmeter.protocol.mail.sampler.MailFileMessage;2;1;2;0;0;5;1
jmeter;org.apache.jmeter.protocol.mail.sampler.MailFileStore;6;7;2;2;1;21;5
jmeter;org.apache.jmeter.protocol.mail.sampler.MailReaderSampler;22;72;3;100;5;349;33
jmeter;org.apache.jmeter.protocol.smtp.sampler.gui.SecuritySettingsPanel;3;29;5;37;1;226;22
jmeter;org.apache.jmeter.protocol.smtp.sampler.gui.SecuritySettingsPanel$Anonymous1;1;1;1;1;0;5;1
jmeter;org.apache.jmeter.protocol.smtp.sampler.gui.SecuritySettingsPanel$Anonymous2;1;1;1;1;0;5;1
jmeter;org.apache.jmeter.protocol.smtp.sampler.gui.SecuritySettingsPanel$Anonymous3;1;1;1;1;0;5;1
jmeter;org.apache.jmeter.protocol.smtp.sampler.gui.SecuritySettingsPanel$Anonymous4;1;1;1;1;0;5;1
jmeter;org.apache.jmeter.protocol.smtp.sampler.gui.SecuritySettingsPanel$Anonymous5;1;1;1;1;0;5;1
jmeter;org.apache.jmeter.protocol.smtp.sampler.gui.SecuritySettingsPanel$Anonymous6;1;1;1;1;0;5;1
jmeter;org.apache.jmeter.protocol.smtp.sampler.gui.SmtpPanel$Anonymous4;1;1;1;1;0;5;1
jmeter;org.apache.jmeter.protocol.smtp.sampler.gui.SmtpPanel$Anonymous3;1;1;1;1;0;5;1
jmeter;org.apache.jmeter.protocol.smtp.sampler.gui.SmtpPanel$Anonymous2;1;1;1;1;0;5;1
jmeter;org.apache.jmeter.protocol.smtp.sampler.gui.SmtpPanel$Anonymous1;1;1;1;1;0;5;1
jmeter;org.apache.jmeter.protocol.smtp.sampler.gui.SmtpPanel;7;72;5;55;2;641;57
jmeter;org.apache.jmeter.protocol.smtp.sampler.gui.SmtpPanel$Anonymous9;1;1;1;1;0;5;1
jmeter;org.apache.jmeter.protocol.smtp.sampler.gui.SmtpPanel$Anonymous8;1;1;1;1;0;5;1
jmeter;org.apache.jmeter.protocol.smtp.sampler.gui.SmtpPanel$Anonymous7;1;1;1;1;0;5;1
jmeter;org.apache.jmeter.protocol.smtp.sampler.gui.SmtpPanel$Anonymous6;1;1;1;1;0;5;1
jmeter;org.apache.jmeter.protocol.smtp.sampler.gui.SmtpPanel$Anonymous5;1;1;1;1;0;5;1
jmeter;org.apache.jmeter.protocol.smtp.sampler.gui.SmtpSamplerGui;9;12;7;65;1;93;8
jmeter;org.apache.jmeter.protocol.smtp.sampler.protocol.LocalTrustStoreSSLSocketFactory;0;10;3;17;2;50;9
jmeter;org.apache.jmeter.protocol.smtp.sampler.protocol.SendMailCommand;21;85;1;52;4;337;52
jmeter;org.apache.jmeter.protocol.smtp.sampler.protocol.SynchronousTransportListener;5;7;2;5;2;32;6
jmeter;org.apache.jmeter.protocol.smtp.sampler.protocol.TrustAllSSLSocketFactory;1;11;3;10;1;50;10
jmeter;org.apache.jmeter.protocol.smtp.sampler.protocol.TrustAllSSLSocketFactory$Anonymous1;0;3;1;0;0;9;3
jmeter;org.apache.jmeter.protocol.smtp.sampler.SmtpSampler;18;42;3;92;5;265;7
jmeter;org.apache.jmeter.protocol.smtp.sampler.tools.CounterOutputStream;1;5;2;0;0;16;5
jmeter;org.apache.jmeter.protocol.tcp.config.gui.TCPConfigGui;10;12;7;39;1;100;11
jmeter;org.apache.jmeter.protocol.tcp.control.gui.TCPSamplerGui;9;7;7;21;0;44;7
jmeter;org.apache.jmeter.protocol.tcp.sampler.AbstractTCPClient;1;6;1;0;1;20;4
jmeter;org.apache.jmeter.protocol.tcp.sampler.BinaryTCPClientImpl;8;17;2;18;3;68;5
jmeter;org.apache.jmeter.protocol.tcp.sampler.LengthPrefixedBinaryTCPClientImpl;8;12;3;15;3;53;6
jmeter;org.apache.jmeter.protocol.tcp.sampler.TCPClient;0;7;1;0;0;9;7
jmeter;org.apache.jmeter.protocol.tcp.sampler.TCPClientDecorator;3;13;2;0;3;37;3
jmeter;org.apache.jmeter.protocol.tcp.sampler.TCPClientImpl;5;14;2;13;3;57;4
jmeter;org.apache.jmeter.protocol.tcp.sampler.TCPSampler;11;68;3;74;5;315;32
jmeter;org.apache.jmeter.protocol.tcp.sampler.TCPSampler$Anonymous1;0;1;1;0;0;5;1
jmeter;org.apache.jmeter.control.gui.ReportGui;14;12;7;36;1;75;10
jmeter;org.apache.jmeter.gui.ReportGuiPackage;19;56;1;56;3;260;31
jmeter;org.apache.jmeter.gui.ReportMainFrame$WindowHappenings;1;1;2;3;0;5;1
jmeter;org.apache.jmeter.gui.ReportMainFrame$Anonymous1;0;2;1;1;1;7;1
jmeter;org.apache.jmeter.gui.ReportMainFrame;13;31;7;69;4;167;26
jmeter;org.apache.jmeter.gui.util.DirectoryDialoger;2;5;1;10;2;23;2
jmeter;org.apache.jmeter.gui.util.DirectoryPanel;4;15;6;25;2;69;12
jmeter;org.apache.jmeter.gui.util.ReportFileDialoger;3;16;1;18;2;68;6
jmeter;org.apache.jmeter.gui.util.ReportFilePanel;4;15;6;24;2;66;11
jmeter;org.apache.jmeter.gui.util.ReportMenuBar;10;48;5;47;2;335;20
jmeter;org.apache.jmeter.gui.util.ReportMenuFactory;16;47;1;58;4;234;17
jmeter;org.apache.jmeter.JMeterReport;26;29;1;67;3;184;7
jmeter;org.apache.jmeter.report.DataSet;2;15;1;0;0;17;15
jmeter;org.apache.jmeter.report.engine.ReportEngine;1;5;1;0;0;7;5
jmeter;org.apache.jmeter.report.engine.StandardReportEngine;2;7;1;0;0;18;7
jmeter;org.apache.jmeter.report.engine.ValueReplacer;3;9;1;4;0;25;9
jmeter;org.apache.jmeter.report.gui.AbstractReportGui;7;7;6;17;0;41;7
jmeter;org.apache.jmeter.report.gui.action.AbstractAction;6;5;1;11;2;14;3
jmeter;org.apache.jmeter.report.gui.action.ReportActionRouter$Anonymous1;1;1;1;1;0;5;1
jmeter;org.apache.jmeter.report.gui.action.ReportActionRouter;7;52;1;46;6;198;15
jmeter;org.apache.jmeter.report.gui.action.ReportAddParent;9;8;1;18;1;38;5
jmeter;org.apache.jmeter.report.gui.action.ReportAddToTree;9;6;1;20;1;30;4
jmeter;org.apache.jmeter.report.gui.action.ReportCheckDirty;14;18;2;26;3;86;7
jmeter;org.apache.jmeter.report.gui.action.ReportClose;6;6;1;17;2;24;3
jmeter;org.apache.jmeter.report.gui.action.ReportCopy;6;16;2;17;2;63;9
jmeter;org.apache.jmeter.report.gui.action.ReportCut;6;4;2;9;1;19;2
jmeter;org.apache.jmeter.report.gui.action.ReportDragNDrop;11;22;2;18;2;71;4
jmeter;org.apache.jmeter.report.gui.action.ReportEditCommand;7;5;1;11;1;24;3
jmeter;org.apache.jmeter.report.gui.action.ReportEnableComponent;8;7;1;13;1;31;3
jmeter;org.apache.jmeter.report.gui.action.ReportExitCommand;4;8;1;11;3;30;3
jmeter;org.apache.jmeter.report.gui.action.ReportHelp;10;9;1;23;2;62;3
jmeter;org.apache.jmeter.report.gui.action.ReportLoad;16;17;1;34;3;79;4
jmeter;org.apache.jmeter.report.gui.action.ReportLookAndFeelCommand;1;0;2;0;0;2;0
jmeter;org.apache.jmeter.report.gui.action.ReportPaste;6;6;2;11;3;23;2
jmeter;org.apache.jmeter.report.gui.action.ReportRemove;8;7;1;21;1;33;4
jmeter;org.apache.jmeter.report.gui.action.ReportSave;15;14;1;31;2;68;4
jmeter;org.apache.jmeter.report.gui.action.ReportSaveGraphics;9;11;1;17;4;46;3
jmeter;org.apache.jmeter.report.gui.action.ReportStart;5;10;2;10;2;36;4
jmeter;org.apache.jmeter.report.gui.BarChartGui;12;7;7;32;0;88;7
jmeter;org.apache.jmeter.report.gui.LineGraphGui;12;7;7;32;0;87;7
jmeter;org.apache.jmeter.report.gui.ReportPageGui;13;6;7;40;0;72;6
jmeter;org.apache.jmeter.report.gui.TableGui;10;8;7;38;0;90;8
jmeter;org.apache.jmeter.report.gui.tree.ReportCellRenderer;2;6;6;8;3;28;2
jmeter;org.apache.jmeter.report.gui.tree.ReportTreeListener;9;51;1;46;3;184;28
jmeter;org.apache.jmeter.report.gui.tree.ReportTreeModel;15;26;2;40;3;107;12
jmeter;org.apache.jmeter.report.gui.tree.ReportTreeNode;13;21;2;26;5;87;14
jmeter;org.apache.jmeter.report.ReportChart;1;1;1;0;0;3;1
jmeter;org.apache.jmeter.report.ReportTable;0;1;1;0;0;3;1
jmeter;org.apache.jmeter.report.writers.AbstractReportWriter;5;11;2;11;1;33;7
jmeter;org.apache.jmeter.report.writers.DefaultPageSummary;1;12;1;1;0;43;12
jmeter;org.apache.jmeter.report.writers.DefaultReportSummary;2;6;1;8;1;24;5
jmeter;org.apache.jmeter.report.writers.gui.HTMLReportWriterGui;9;7;7;17;0;44;7
jmeter;org.apache.jmeter.report.writers.HTMLReportWriter;3;2;3;0;0;9;2
jmeter;org.apache.jmeter.report.writers.PageSummary;0;11;1;0;0;13;11
jmeter;org.apache.jmeter.report.writers.ReportSummary;1;4;1;0;0;6;4
jmeter;org.apache.jmeter.report.writers.ReportWriter;2;3;1;0;0;5;3
