file,class,type,cbo,cboModified,fanin,fanout,wmc,dit,noc,rfc,lcom,lcom*,tcc,lcc,totalMethodsQty,staticMethodsQty,publicMethodsQty,privateMethodsQty,protectedMethodsQty,defaultMethodsQty,visibleMethodsQty,abstractMethodsQty,finalMethodsQty,synchronizedMethodsQty,totalFieldsQty,staticFieldsQty,publicFieldsQty,privateFieldsQty,protectedFieldsQty,defaultFieldsQty,finalFieldsQty,synchronizedFieldsQty,nosi,loc,returnQty,loopQty,comparisonsQty,tryCatchQty,parenthesizedExpsQty,stringLiteralsQty,numbersQty,assignmentsQty,mathOperationsQty,variablesQty,maxNestedBlocksQty,anonymousClassesQty,innerClassesQty,lambdasQty,uniqueWordsQty,modifiers,logStatementsQty
C:\Users\rique\Documents\Doutorado\SmellDetectionCaller-master\Temp\junit4-main\src\main\java\org\junit\runner\Request.java,org.junit.runner.Request,class,14,58,44,14,13,1,3,9,66,0.0,0.0,0.0,12,7,12,0,0,0,12,1,0,0,0,0,0,0,0,0,0,0,8,49,12,0,0,1,0,0,0,3,0,3,1,1,0,0,165,1025,0
C:\Users\rique\Documents\Doutorado\SmellDetectionCaller-master\Temp\junit4-main\src\main\java\org\junit\validator\AnnotationsValidator.java,org.junit.validator.AnnotationsValidator$AnnotatableValidator,innerclass,7,7,0,7,7,1,0,8,6,0.75,0.0,0.0,4,0,1,1,0,2,3,2,0,0,1,1,0,1,0,0,1,0,0,26,2,2,1,0,0,0,0,8,0,8,2,0,0,0,34,1034,0
C:\Users\rique\Documents\Doutorado\SmellDetectionCaller-master\Temp\junit4-main\src\main\java\org\junit\internal\builders\NullBuilder.java,org.junit.internal.builders.NullBuilder,class,2,3,1,2,1,2,0,0,0,0.0,NaN,NaN,1,0,1,0,0,0,1,0,0,0,0,0,0,0,0,0,0,0,0,5,1,0,0,0,0,0,0,0,0,0,0,0,0,0,9,1,0
C:\Users\rique\Documents\Doutorado\SmellDetectionCaller-master\Temp\junit4-main\src\main\java\junit\framework\TestSuite.java,junit.framework.TestSuite,class,7,36,29,7,47,1,1,43,234,0.76,0.0,0.0,25,3,20,5,0,0,20,0,0,0,2,0,0,2,0,0,0,0,18,170,23,5,4,4,4,22,6,12,9,8,3,1,0,0,143,1,0
C:\Users\rique\Documents\Doutorado\SmellDetectionCaller-master\Temp\junit4-main\src\main\java\org\junit\runners\parameterized\BlockJUnit4ClassRunnerWithParameters.java,org.junit.runners.parameterized.BlockJUnit4ClassRunnerWithParameters$InjectionType,enum,0,0,0,0,0,1,0,0,0,0.0,-1.0,-1.0,0,0,0,0,0,0,0,0,0,0,0,0,0,0,0,0,0,0,0,1,0,0,0,0,0,0,0,0,0,0,0,0,0,0,8,2,0
C:\Users\rique\Documents\Doutorado\SmellDetectionCaller-master\Temp\junit4-main\src\main\java\org\junit\internal\ArrayComparisonFailure.java,org.junit.internal.ArrayComparisonFailure,class,1,5,4,1,8,4,0,10,4,0.70000005,0.0,0.0,5,0,5,0,0,0,5,0,0,1,4,1,0,4,0,0,4,0,0,36,3,1,2,0,0,4,2,5,0,5,1,0,0,0,64,1,0
C:\Users\rique\Documents\Doutorado\SmellDetectionCaller-master\Temp\junit4-main\src\main\java\org\junit\runners\BlockJUnit4ClassRunner.java,org.junit.runners.BlockJUnit4ClassRunner$Anonymous2,anonymous,1,1,0,1,1,1,0,1,0,0.0,NaN,NaN,1,0,0,0,1,0,1,0,0,0,0,0,0,0,0,0,0,0,0,5,1,0,0,0,0,0,0,0,0,0,0,0,0,0,8,-1,0
C:\Users\rique\Documents\Doutorado\SmellDetectionCaller-master\Temp\junit4-main\src\main\java\org\junit\internal\runners\InitializationError.java,org.junit.internal.runners.InitializationError,class,0,2,2,0,4,3,0,1,4,0.75,0.0,0.0,4,0,4,0,0,0,4,0,0,0,2,1,0,2,0,0,2,0,1,16,1,0,0,0,0,0,1,2,0,2,0,0,0,0,25,1,0
C:\Users\rique\Documents\Doutorado\SmellDetectionCaller-master\Temp\junit4-main\src\main\java\org\junit\runners\BlockJUnit4ClassRunner.java,org.junit.runners.BlockJUnit4ClassRunner$Anonymous1,anonymous,2,2,0,2,1,1,0,2,0,0.0,NaN,NaN,1,0,1,0,0,0,1,0,0,0,0,0,0,0,0,0,0,0,0,5,0,0,0,0,0,0,0,0,0,0,0,0,0,0,4,-1,0
C:\Users\rique\Documents\Doutorado\SmellDetectionCaller-master\Temp\junit4-main\src\main\java\junit\textui\ResultPrinter.java,junit.textui.ResultPrinter,class,7,18,11,7,23,1,4,26,134,0.91176474,0.0,0.0,17,0,7,0,8,2,17,0,0,1,2,0,0,0,0,2,0,0,2,83,3,1,3,0,1,24,8,4,7,3,1,0,0,0,54,1,1
C:\Users\rique\Documents\Doutorado\SmellDetectionCaller-master\Temp\junit4-main\src\main\java\org\junit\internal\management\ReflectiveRuntimeMXBean.java,org.junit.internal.management.ReflectiveRuntimeMXBean,class,1,2,1,1,7,1,0,2,0,0.0,0.0,0.0,2,0,1,0,0,1,2,0,0,0,1,0,0,1,0,0,1,0,1,40,2,0,1,1,0,1,0,1,0,1,2,0,1,0,27,16,0
C:\Users\rique\Documents\Doutorado\SmellDetectionCaller-master\Temp\junit4-main\src\main\java\org\junit\ComparisonFailure.java,org.junit.ComparisonFailure$ComparisonCompactor$DiffExtractor,innerclass,2,2,0,2,8,1,0,6,5,0.5,0.0,0.0,6,0,4,2,0,0,4,0,0,0,2,0,0,2,0,0,2,0,0,29,7,0,0,0,0,0,1,2,5,2,1,0,0,0,29,2,0
C:\Users\rique\Documents\Doutorado\SmellDetectionCaller-master\Temp\junit4-main\src\main\java\org\junit\internal\management\FakeRuntimeMXBean.java,org.junit.internal.management.FakeRuntimeMXBean,class,1,2,1,1,1,1,0,1,0,0.0,NaN,NaN,1,0,1,0,0,0,1,0,0,0,0,0,0,0,0,0,0,0,1,5,1,0,0,0,0,0,0,0,0,0,0,0,0,0,20,0,0
C:\Users\rique\Documents\Doutorado\SmellDetectionCaller-master\Temp\junit4-main\src\main\java\junit\extensions\ActiveTestSuite.java,junit.extensions.ActiveTestSuite,class,4,7,3,4,10,2,0,6,22,0.625,0.0,0.0,8,0,7,0,0,1,8,0,0,2,1,0,0,1,0,0,0,0,0,47,1,1,0,1,0,0,1,2,0,2,2,1,0,0,45,1,0
C:\Users\rique\Documents\Doutorado\SmellDetectionCaller-master\Temp\junit4-main\src\main\java\org\junit\experimental\theories\Theories.java,org.junit.experimental.theories.Theories,class,12,85,73,12,27,5,1,37,45,0.0,0.0,0.0,10,0,2,3,5,0,7,0,0,0,0,0,0,0,0,0,0,0,5,182,2,4,8,0,1,12,4,7,6,7,3,0,1,0,229,1,0
C:\Users\rique\Documents\Doutorado\SmellDetectionCaller-master\Temp\junit4-main\src\main\java\org\junit\runner\manipulation\Filter.java,org.junit.runner.manipulation.Filter,class,4,42,38,4,8,1,14,1,10,0.8,0.0,0.0,5,1,5,0,0,0,5,2,0,0,1,1,1,0,0,0,1,0,0,59,4,0,2,0,1,0,0,3,0,3,1,3,0,0,93,1025,0
C:\Users\rique\Documents\Doutorado\SmellDetectionCaller-master\Temp\junit4-main\src\main\java\org\junit\experimental\categories\CategoryValidator.java,org.junit.experimental.categories.CategoryValidator,class,7,9,2,7,5,2,0,10,1,0.5,NaN,NaN,2,0,1,1,0,0,1,0,0,0,1,1,0,1,0,0,1,0,4,19,1,2,0,0,0,2,0,4,0,4,3,0,0,0,71,17,0
C:\Users\rique\Documents\Doutorado\SmellDetectionCaller-master\Temp\junit4-main\src\main\java\org\junit\ComparisonFailure.java,org.junit.ComparisonFailure,class,1,4,3,1,4,4,0,2,0,0.5625,0.0,0.0,4,0,4,0,0,0,4,0,0,0,4,2,0,4,0,0,2,0,0,92,3,0,0,0,0,0,2,4,0,4,0,0,1,0,79,1,0
C:\Users\rique\Documents\Doutorado\SmellDetectionCaller-master\Temp\junit4-main\src\main\java\org\junit\runners\model\RunnerBuilder.java,org.junit.runners.model.RunnerBuilder,class,7,27,20,7,14,1,8,18,26,0.75,0.0,0.0,8,0,4,2,0,2,6,1,0,0,1,0,0,1,0,0,1,0,2,55,6,1,3,2,0,1,1,7,0,7,2,0,0,0,125,1025,0
C:\Users\rique\Documents\Doutorado\SmellDetectionCaller-master\Temp\junit4-main\src\main\java\org\junit\internal\Checks.java,org.junit.internal.Checks,class,1,4,3,1,5,1,0,0,3,0.0,0.0,0.0,3,2,2,1,0,0,2,0,0,0,0,0,0,0,0,0,0,0,0,16,2,0,2,0,0,0,0,0,0,0,1,0,0,0,24,17,0
C:\Users\rique\Documents\Doutorado\SmellDetectionCaller-master\Temp\junit4-main\src\main\java\org\junit\internal\management\ManagementFactory.java,org.junit.internal.management.ManagementFactory,class,2,4,2,2,2,1,0,0,1,0.0,0.0,0.0,2,2,2,0,0,0,2,0,0,0,0,0,0,0,0,0,0,0,0,50,2,0,0,0,0,0,0,0,0,0,0,0,3,0,11,1,0
C:\Users\rique\Documents\Doutorado\SmellDetectionCaller-master\Temp\junit4-main\src\main\java\org\junit\rules\Timeout.java,org.junit.rules.Timeout$Anonymous1,anonymous,0,0,0,0,1,1,0,0,0,0.0,NaN,NaN,1,0,1,0,0,0,1,0,0,0,0,0,0,0,0,0,0,0,0,5,0,0,0,0,0,1,0,0,0,0,0,0,0,0,5,-1,0
C:\Users\rique\Documents\Doutorado\SmellDetectionCaller-master\Temp\junit4-main\src\main\java\org\junit\validator\AnnotationsValidator.java,org.junit.validator.AnnotationsValidator$MethodValidator,innerclass,4,4,0,4,2,2,0,2,1,0.0,0.0,0.0,2,0,0,0,0,2,2,0,0,0,0,0,0,0,0,0,0,0,0,8,2,0,0,0,0,0,0,0,0,0,0,0,0,0,13,10,0
C:\Users\rique\Documents\Doutorado\SmellDetectionCaller-master\Temp\junit4-main\src\main\java\org\junit\internal\MethodSorter.java,org.junit.internal.MethodSorter,class,3,9,6,3,5,1,0,6,3,0.8333334,NaN,NaN,3,2,1,2,0,0,1,0,0,0,2,2,2,0,0,0,2,0,2,39,3,0,2,0,0,0,0,4,0,4,1,2,0,0,86,1,0
C:\Users\rique\Documents\Doutorado\SmellDetectionCaller-master\Temp\junit4-main\src\main\java\org\junit\internal\Throwables.java,org.junit.internal.Throwables,class,4,15,11,4,34,1,0,32,99,0.8666667,0.0,0.0,15,14,3,12,0,0,3,0,0,0,4,4,0,4,0,0,4,0,17,171,19,6,7,3,3,25,3,21,4,19,5,1,1,0,143,17,0
C:\Users\rique\Documents\Doutorado\SmellDetectionCaller-master\Temp\junit4-main\src\main\java\org\junit\runner\notification\RunListener.java,org.junit.runner.notification.RunListener,class,3,50,47,3,9,1,29,0,36,0.0,0.0,0.0,9,0,9,0,0,0,9,0,0,0,0,0,0,0,0,0,0,0,0,21,0,0,0,0,0,0,0,0,0,0,0,0,0,0,165,1,0
C:\Users\rique\Documents\Doutorado\SmellDetectionCaller-master\Temp\junit4-main\src\main\java\org\junit\experimental\theories\PotentialAssignment.java,org.junit.experimental.theories.PotentialAssignment$Anonymous1,anonymous,0,0,0,0,5,1,0,4,3,0.0,0.0,0.0,3,0,3,0,0,0,3,0,0,0,0,0,0,0,0,0,0,0,4,23,3,0,1,1,0,5,0,3,0,1,2,0,0,0,12,-1,0
C:\Users\rique\Documents\Doutorado\SmellDetectionCaller-master\Temp\junit4-main\src\main\java\org\junit\internal\runners\statements\FailOnTimeout.java,org.junit.internal.runners.statements.FailOnTimeout,class,8,14,6,8,33,2,0,35,45,0.7727273,0.0,0.0,11,1,3,8,0,0,3,0,0,0,4,0,0,4,0,0,4,0,6,178,18,2,6,4,1,3,10,27,2,24,3,0,2,0,153,1,0
C:\Users\rique\Documents\Doutorado\SmellDetectionCaller-master\Temp\junit4-main\src\main\java\org\junit\internal\builders\AllDefaultPossibilitiesBuilder.java,org.junit.internal.builders.AllDefaultPossibilitiesBuilder,class,9,14,5,9,11,2,2,7,22,0.625,0.0,0.0,8,0,3,0,5,0,8,0,0,0,1,0,0,1,0,0,1,0,1,37,8,1,1,0,0,0,0,4,0,3,2,0,0,0,30,1,0
C:\Users\rique\Documents\Doutorado\SmellDetectionCaller-master\Temp\junit4-main\src\main\java\org\junit\rules\DisableOnDebug.java,org.junit.rules.DisableOnDebug,class,6,9,3,6,9,1,0,6,0,0.4,0.0,0.0,5,1,3,1,0,1,4,0,0,0,2,0,0,2,0,0,2,0,2,30,5,1,0,0,0,2,0,2,0,2,2,0,0,0,142,1,0
C:\Users\rique\Documents\Doutorado\SmellDetectionCaller-master\Temp\junit4-main\src\main\java\org\junit\runners\model\NoGenericTypeParametersValidator.java,org.junit.runners.model.NoGenericTypeParametersValidator,class,1,3,2,1,14,1,0,11,9,0.5,0.0,0.0,6,0,0,4,0,2,2,0,0,0,1,0,0,1,0,0,1,0,0,41,0,4,0,0,0,2,0,1,1,1,1,0,0,0,20,0,0
C:\Users\rique\Documents\Doutorado\SmellDetectionCaller-master\Temp\junit4-main\src\main\java\org\junit\experimental\theories\Theories.java,org.junit.experimental.theories.Theories$TheoryAnchor$Anonymous1$Anonymous2,anonymous,3,3,0,3,3,1,0,6,0,0.0,NaN,NaN,1,0,1,0,0,0,1,0,0,0,0,0,0,0,0,0,0,0,0,14,0,0,0,1,0,0,0,0,0,0,1,0,0,0,16,-1,0
C:\Users\rique\Documents\Doutorado\SmellDetectionCaller-master\Temp\junit4-main\src\main\java\org\junit\experimental\categories\Categories.java,org.junit.experimental.categories.Categories$CategoryFilter,innerclass,5,5,0,5,40,2,0,26,170,0.775,0.0,0.0,20,11,11,8,1,0,12,0,0,0,4,0,0,4,0,0,4,0,19,136,27,3,4,0,0,3,2,18,0,10,3,0,0,0,88,9,0
C:\Users\rique\Documents\Doutorado\SmellDetectionCaller-master\Temp\junit4-main\src\main\java\org\junit\internal\management\ManagementFactory.java,org.junit.internal.management.ManagementFactory$FactoryHolder,innerclass,1,1,0,1,9,1,0,3,0,0.0,0.0,0.0,1,1,0,0,0,1,2,0,0,0,1,1,0,1,0,0,1,0,1,30,2,0,1,2,0,1,0,3,0,2,2,0,0,0,37,26,0
C:\Users\rique\Documents\Doutorado\SmellDetectionCaller-master\Temp\junit4-main\src\main\java\org\junit\internal\matchers\StacktracePrintingMatcher.java,org.junit.internal.matchers.StacktracePrintingMatcher,class,8,11,3,8,7,3,0,6,1,0.2857143,0.0,0.0,7,2,4,1,2,0,6,0,0,0,1,0,0,1,0,0,1,0,1,26,4,0,0,0,0,1,0,1,0,1,0,0,0,0,32,1,0
C:\Users\rique\Documents\Doutorado\SmellDetectionCaller-master\Temp\junit4-main\src\main\java\org\junit\internal\runners\MethodValidator.java,org.junit.internal.runners.MethodValidator,class,8,10,2,8,17,1,0,18,0,0.35714287,0.0,0.0,7,0,6,1,0,0,6,0,0,0,2,0,0,2,0,0,1,0,3,60,1,1,4,1,0,15,2,5,5,5,2,0,0,0,55,1,0
C:\Users\rique\Documents\Doutorado\SmellDetectionCaller-master\Temp\junit4-main\src\main\java\org\junit\runner\Result.java,org.junit.runner.Result$Listener,innerclass,5,5,0,5,6,2,0,6,15,0.0,0.0,0.0,6,0,6,0,0,0,6,0,0,0,0,0,0,0,0,0,0,0,2,21,0,0,0,0,0,0,0,1,1,1,0,0,0,0,16,2,0
C:\Users\rique\Documents\Doutorado\SmellDetectionCaller-master\Temp\junit4-main\src\main\java\org\junit\Assume.java,org.junit.Assume,class,5,45,40,5,13,1,0,11,45,0.0,0.0,0.0,10,9,10,0,0,0,10,0,0,0,0,0,0,0,0,0,0,0,15,36,0,0,0,0,0,0,0,0,0,0,1,0,0,0,172,1,0
C:\Users\rique\Documents\Doutorado\SmellDetectionCaller-master\Temp\junit4-main\src\main\java\org\junit\internal\JUnitSystem.java,org.junit.internal.JUnitSystem,interface,0,4,4,0,2,1,0,0,1,0.0,0.0,0.0,2,0,0,0,0,2,2,0,0,0,0,0,0,0,0,0,0,0,0,4,0,0,0,0,0,0,0,0,0,0,0,0,0,0,16,1,0
C:\Users\rique\Documents\Doutorado\SmellDetectionCaller-master\Temp\junit4-main\src\main\java\org\junit\internal\Throwables.java,org.junit.internal.Throwables$State,enum,1,1,0,1,2,1,0,3,1,0.0,0.0,0.0,2,0,1,0,1,0,2,1,1,0,0,0,0,0,0,0,0,0,0,41,1,0,0,0,0,2,0,0,1,0,0,4,0,0,36,2,0
C:\Users\rique\Documents\Doutorado\SmellDetectionCaller-master\Temp\junit4-main\src\main\java\org\junit\runners\JUnit4.java,org.junit.runners.JUnit4,class,2,6,4,2,1,4,0,0,0,0.0,NaN,NaN,1,0,1,0,0,0,1,0,0,0,0,0,0,0,0,0,0,0,0,5,0,0,0,0,0,0,0,0,0,0,0,0,0,0,50,17,0
C:\Users\rique\Documents\Doutorado\SmellDetectionCaller-master\Temp\junit4-main\src\main\java\org\junit\runner\JUnitCommandLineParseResult.java,org.junit.runner.JUnitCommandLineParseResult,class,8,11,3,8,24,3,0,23,39,0.72727275,0.0,0.0,11,1,4,4,0,3,7,0,0,0,3,0,0,3,0,0,3,0,6,102,12,4,2,2,0,10,3,14,7,11,5,0,1,0,69,0,0
C:\Users\rique\Documents\Doutorado\SmellDetectionCaller-master\Temp\junit4-main\src\main\java\junit\framework\Assert.java,junit.framework.Assert,class,3,10,7,3,63,1,2,37,741,0.0,0.0,0.0,39,38,38,0,1,0,39,0,0,0,0,0,0,0,0,0,0,0,56,159,8,0,18,0,4,15,3,5,9,4,1,0,0,0,80,1,0
C:\Users\rique\Documents\Doutorado\SmellDetectionCaller-master\Temp\junit4-main\src\main\java\org\junit\internal\requests\MemoizingRequest.java,org.junit.internal.requests.MemoizingRequest,class,3,6,3,3,4,2,2,3,1,0.5,0.0,0.0,2,0,1,0,1,0,2,1,1,0,2,0,0,2,0,0,1,0,0,19,1,0,2,1,0,0,0,2,0,2,3,0,0,0,16,1024,0
C:\Users\rique\Documents\Doutorado\SmellDetectionCaller-master\Temp\junit4-main\src\main\java\org\junit\experimental\results\ResultMatchers.java,org.junit.experimental.results.ResultMatchers$Anonymous3,anonymous,5,5,0,5,3,1,0,7,1,0.0,0.0,0.0,2,0,2,0,0,0,2,0,0,0,0,0,0,0,0,0,0,0,0,9,1,0,1,0,0,1,2,0,0,0,0,0,0,0,13,-1,0
C:\Users\rique\Documents\Doutorado\SmellDetectionCaller-master\Temp\junit4-main\src\main\java\org\junit\experimental\results\ResultMatchers.java,org.junit.experimental.results.ResultMatchers$Anonymous4,anonymous,2,2,0,2,3,1,0,4,1,0.0,0.0,0.0,2,0,2,0,0,0,2,0,0,0,0,0,0,0,0,0,0,0,0,8,1,0,0,0,0,1,1,0,1,0,0,0,0,0,12,-1,0
C:\Users\rique\Documents\Doutorado\SmellDetectionCaller-master\Temp\junit4-main\src\main\java\junit\textui\TestRunner.java,junit.textui.TestRunner,class,8,21,13,8,30,2,0,27,139,0.8888889,0.0,0.0,18,4,14,0,4,0,18,0,0,0,4,3,3,1,0,0,3,0,9,122,8,1,0,3,0,12,6,27,4,21,2,0,0,0,138,1,0
C:\Users\rique\Documents\Doutorado\SmellDetectionCaller-master\Temp\junit4-main\src\main\java\org\junit\experimental\results\ResultMatchers.java,org.junit.experimental.results.ResultMatchers$Anonymous1,anonymous,2,2,0,2,3,1,0,2,1,0.0,0.0,0.0,2,0,2,0,0,0,2,0,0,0,0,0,0,0,0,0,0,0,0,8,1,0,1,0,0,2,0,0,1,0,0,0,0,0,10,-1,0
C:\Users\rique\Documents\Doutorado\SmellDetectionCaller-master\Temp\junit4-main\src\main\java\org\junit\internal\InexactComparisonCriteria.java,org.junit.internal.InexactComparisonCriteria,class,2,3,1,2,4,2,0,2,0,0.0,0.0,0.0,3,0,2,0,1,0,3,0,0,0,1,0,1,0,0,0,0,0,2,17,0,0,0,0,0,0,0,2,0,1,1,0,0,0,14,1,0
C:\Users\rique\Documents\Doutorado\SmellDetectionCaller-master\Temp\junit4-main\src\main\java\org\junit\experimental\results\ResultMatchers.java,org.junit.experimental.results.ResultMatchers$Anonymous2,anonymous,3,3,0,3,2,1,0,5,1,0.0,0.0,0.0,2,0,2,0,0,0,2,0,0,0,0,0,0,0,0,0,0,0,1,8,1,0,0,0,0,1,1,0,1,0,0,0,0,0,13,-1,0
C:\Users\rique\Documents\Doutorado\SmellDetectionCaller-master\Temp\junit4-main\src\main\java\junit\extensions\TestSetup.java,junit.extensions.TestSetup$Anonymous1,anonymous,2,2,0,2,1,1,0,3,0,0.0,NaN,NaN,1,0,1,0,0,0,1,0,0,0,0,0,0,0,0,0,0,0,0,7,0,0,0,0,0,0,0,0,0,0,0,0,0,0,9,-1,0
C:\Users\rique\Documents\Doutorado\SmellDetectionCaller-master\Temp\junit4-main\src\main\java\org\junit\runner\FilterFactories.java,org.junit.runner.FilterFactories,class,10,13,3,10,8,1,0,12,10,0.0,0.0,0.0,5,5,3,0,0,2,5,0,0,0,0,0,0,0,0,0,0,0,5,39,5,0,0,2,0,3,3,6,0,5,1,0,0,0,44,0,0
C:\Users\rique\Documents\Doutorado\SmellDetectionCaller-master\Temp\junit4-main\src\main\java\org\junit\experimental\max\MaxCore.java,org.junit.experimental.max.MaxCore,class,12,15,3,12,23,1,0,32,60,0.7307693,0.0,0.0,13,2,7,6,0,0,7,0,0,0,2,1,0,2,0,0,2,0,9,98,16,2,2,1,0,6,0,7,2,7,2,1,0,0,143,1,0
C:\Users\rique\Documents\Doutorado\SmellDetectionCaller-master\Temp\junit4-main\src\main\java\org\junit\internal\management\ReflectiveThreadMXBean.java,org.junit.internal.management.ReflectiveThreadMXBean,class,1,2,1,1,13,1,0,1,0,0.0,0.0,0.0,3,0,2,0,0,1,3,0,0,0,1,0,0,1,0,0,1,0,0,67,3,0,2,2,0,0,0,6,0,2,2,0,1,0,36,16,0
C:\Users\rique\Documents\Doutorado\SmellDetectionCaller-master\Temp\junit4-main\src\main\java\org\junit\runners\RuleContainer.java,org.junit.runners.RuleContainer,class,7,11,4,7,13,1,0,14,3,0.5833334,0.0,0.0,6,0,4,1,0,1,5,0,0,0,4,1,0,3,0,1,4,0,1,69,4,4,1,0,2,0,0,9,1,7,2,1,1,0,62,0,0
C:\Users\rique\Documents\Doutorado\SmellDetectionCaller-master\Temp\junit4-main\src\main\java\junit\framework\ComparisonFailure.java,junit.framework.ComparisonFailure,class,2,5,3,2,4,5,0,2,0,0.5625,0.0,0.0,4,0,4,0,0,0,4,0,0,0,4,2,0,4,0,0,2,0,0,20,3,0,0,0,0,0,2,4,0,4,0,0,0,0,63,1,0
C:\Users\rique\Documents\Doutorado\SmellDetectionCaller-master\Temp\junit4-main\src\main\java\org\junit\internal\builders\JUnit4Builder.java,org.junit.internal.builders.JUnit4Builder,class,3,4,1,3,1,2,0,0,0,0.0,NaN,NaN,1,0,1,0,0,0,1,0,0,0,0,0,0,0,0,0,0,0,0,5,1,0,0,0,0,0,0,0,0,0,0,0,0,0,9,1,0
C:\Users\rique\Documents\Doutorado\SmellDetectionCaller-master\Temp\junit4-main\src\main\java\org\junit\internal\runners\JUnit38ClassRunner.java,org.junit.internal.runners.JUnit38ClassRunner$OldTestClassAdaptingListener,innerclass,9,9,0,9,10,1,0,12,16,0.5,0.0,0.0,8,0,4,4,0,0,4,0,0,0,1,0,0,1,0,0,1,0,1,37,5,0,0,0,1,0,0,3,0,3,1,0,0,0,28,26,0
C:\Users\rique\Documents\Doutorado\SmellDetectionCaller-master\Temp\junit4-main\src\main\java\org\junit\runners\parameterized\TestWithParameters.java,org.junit.runners.parameterized.TestWithParameters,class,3,11,8,3,10,1,0,12,0,0.2857143,0.0,0.0,7,0,7,0,0,0,7,0,0,0,3,0,0,3,0,0,3,0,4,44,9,0,3,0,0,5,1,7,6,6,1,0,0,0,47,1,0
C:\Users\rique\Documents\Doutorado\SmellDetectionCaller-master\Temp\junit4-main\src\main\java\org\junit\experimental\theories\suppliers\TestedOnSupplier.java,org.junit.experimental.theories.suppliers.TestedOnSupplier,class,5,6,1,5,2,2,0,4,0,0.0,NaN,NaN,1,0,1,0,0,0,1,0,0,0,0,0,0,0,0,0,0,0,1,11,1,1,0,0,0,1,0,3,0,3,1,0,0,0,13,1,0
C:\Users\rique\Documents\Doutorado\SmellDetectionCaller-master\Temp\junit4-main\src\main\java\org\junit\internal\matchers\TypeSafeMatcher.java,org.junit.internal.matchers.TypeSafeMatcher,class,4,5,1,4,11,2,0,11,9,0.5,0.0,0.0,6,2,2,2,2,0,4,1,1,0,1,0,0,1,0,0,0,0,3,26,3,2,3,0,0,3,2,4,0,2,3,0,0,0,69,1025,0
C:\Users\rique\Documents\Doutorado\SmellDetectionCaller-master\Temp\junit4-main\src\main\java\org\junit\internal\RealSystem.java,org.junit.internal.RealSystem,class,1,2,1,1,2,1,0,1,1,0.0,0.0,0.0,2,0,2,0,0,0,2,0,0,0,0,0,0,0,0,0,0,0,1,8,1,0,0,0,0,0,0,0,0,0,0,0,0,0,17,1,0
C:\Users\rique\Documents\Doutorado\SmellDetectionCaller-master\Temp\junit4-main\src\main\java\org\junit\runner\manipulation\Alphanumeric.java,org.junit.runner.manipulation.Alphanumeric$Anonymous1,anonymous,1,1,0,1,1,1,0,2,0,0.0,NaN,NaN,1,0,1,0,0,0,1,0,0,0,0,0,0,0,0,0,0,0,0,5,1,0,0,0,0,0,0,0,0,0,0,0,0,0,3,-1,0
C:\Users\rique\Documents\Doutorado\SmellDetectionCaller-master\Temp\junit4-main\src\main\java\org\junit\runners\model\MultipleFailureException.java,org.junit.runners.model.MultipleFailureException,class,4,13,9,4,16,3,1,15,0,0.5714286,0.0,0.0,7,1,7,0,0,0,7,0,0,0,2,1,0,2,0,0,2,0,4,50,3,5,1,0,0,4,3,4,0,3,2,0,0,0,71,1,0
C:\Users\rique\Documents\Doutorado\SmellDetectionCaller-master\Temp\junit4-main\src\main\java\org\junit\internal\runners\JUnit4ClassRunner.java,org.junit.internal.runners.JUnit4ClassRunner$Anonymous2,anonymous,2,2,0,2,1,1,0,2,0,0.0,NaN,NaN,1,0,1,0,0,0,1,0,0,0,0,0,0,0,0,0,0,0,0,5,1,0,0,0,0,0,0,0,0,0,0,0,0,0,6,-1,0
C:\Users\rique\Documents\Doutorado\SmellDetectionCaller-master\Temp\junit4-main\src\main\java\org\junit\internal\runners\JUnit4ClassRunner.java,org.junit.internal.runners.JUnit4ClassRunner$Anonymous1,anonymous,1,1,0,1,1,1,0,1,0,0.0,NaN,NaN,1,0,1,0,0,0,1,0,0,0,0,0,0,0,0,0,0,0,0,5,0,0,0,0,0,0,0,0,0,0,0,0,0,0,3,-1,0
C:\Users\rique\Documents\Doutorado\SmellDetectionCaller-master\Temp\junit4-main\src\main\java\org\junit\internal\runners\rules\RuleMemberValidator.java,org.junit.internal.runners.rules.RuleMemberValidator$FieldMustBeATestRule,innerclass,4,4,0,4,2,1,0,2,0,0.0,NaN,NaN,1,0,1,0,0,0,1,0,0,0,0,0,0,0,0,0,0,0,1,7,0,0,0,0,0,1,0,0,0,0,1,0,0,0,20,26,0
C:\Users\rique\Documents\Doutorado\SmellDetectionCaller-master\Temp\junit4-main\src\main\java\org\junit\internal\TextListener.java,org.junit.internal.TextListener,class,6,10,4,6,17,2,0,22,46,0.5833333,0.0,0.0,12,0,6,1,5,0,11,0,0,0,1,0,0,1,0,0,1,0,1,66,3,1,2,0,1,16,4,3,8,3,1,0,0,0,45,1,0
C:\Users\rique\Documents\Doutorado\SmellDetectionCaller-master\Temp\junit4-main\src\main\java\org\junit\internal\MethodSorter.java,org.junit.internal.MethodSorter$Anonymous2,anonymous,0,0,0,0,2,1,0,3,0,0.0,NaN,NaN,1,0,1,0,0,0,1,0,0,0,0,0,0,0,0,0,0,0,0,9,2,0,1,0,0,0,1,1,0,1,1,0,0,0,4,-1,0
C:\Users\rique\Documents\Doutorado\SmellDetectionCaller-master\Temp\junit4-main\src\main\java\org\junit\internal\MethodSorter.java,org.junit.internal.MethodSorter$Anonymous1,anonymous,0,0,0,0,3,1,0,3,0,0.0,NaN,NaN,1,0,1,0,0,0,1,0,0,0,0,0,0,0,0,0,0,0,0,10,2,0,1,0,0,0,2,2,0,2,1,0,0,0,5,-1,0
C:\Users\rique\Documents\Doutorado\SmellDetectionCaller-master\Temp\junit4-main\src\main\java\org\junit\runners\ParentRunner.java,org.junit.runners.ParentRunner,class,33,53,20,33,67,2,0,76,491,0.88,0.0,0.0,35,0,7,10,18,0,25,3,3,0,5,1,0,5,0,0,3,0,9,312,21,9,6,8,0,0,1,40,0,27,4,5,1,0,273,1025,0
C:\Users\rique\Documents\Doutorado\SmellDetectionCaller-master\Temp\junit4-main\src\main\java\org\junit\experimental\runners\Enclosed.java,org.junit.experimental.runners.Enclosed,class,3,14,11,3,4,4,0,7,1,0.0,NaN,NaN,2,1,1,1,0,0,1,0,0,0,0,0,0,0,0,0,0,0,2,14,1,1,0,0,0,0,0,1,0,1,2,0,0,0,52,1,0
C:\Users\rique\Documents\Doutorado\SmellDetectionCaller-master\Temp\junit4-main\src\main\java\org\junit\runner\Computer.java,org.junit.runner.Computer$Anonymous2,anonymous,0,0,0,0,1,1,0,0,0,0.0,NaN,NaN,1,0,0,0,1,0,1,0,0,0,0,0,0,0,0,0,0,0,0,5,1,0,0,0,0,1,0,0,0,0,0,0,0,0,2,-1,0
C:\Users\rique\Documents\Doutorado\SmellDetectionCaller-master\Temp\junit4-main\src\main\java\org\junit\runner\Computer.java,org.junit.runner.Computer$Anonymous1,anonymous,2,2,0,2,1,1,0,1,0,0.0,NaN,NaN,1,0,1,0,0,0,1,0,0,0,0,0,0,0,0,0,0,0,0,5,1,0,0,0,0,0,0,0,0,0,0,0,0,0,7,-1,0
C:\Users\rique\Documents\Doutorado\SmellDetectionCaller-master\Temp\junit4-main\src\main\java\org\junit\runner\manipulation\Ordering.java,org.junit.runner.manipulation.Ordering$Context,innerclass,1,1,0,1,2,1,0,0,0,0.0,NaN,NaN,2,0,1,1,0,0,1,0,0,0,1,0,0,1,0,0,1,0,0,9,1,0,0,0,0,0,0,1,0,1,0,0,0,0,13,9,0
C:\Users\rique\Documents\Doutorado\SmellDetectionCaller-master\Temp\junit4-main\src\main\java\org\junit\rules\Stopwatch.java,org.junit.rules.Stopwatch$InternalWatcher,innerclass,4,4,0,4,5,2,0,7,10,0.0,0.0,0.0,5,0,0,0,5,0,5,0,0,0,0,0,0,0,0,0,0,0,0,20,0,0,0,0,0,0,0,0,0,0,0,0,0,0,16,2,0
C:\Users\rique\Documents\Doutorado\SmellDetectionCaller-master\Temp\junit4-main\src\main\java\junit\framework\ComparisonCompactor.java,junit.framework.ComparisonCompactor,class,2,5,3,2,20,1,0,13,0,0.59375,0.0,0.0,8,0,2,6,0,0,2,0,0,0,8,3,0,8,0,0,3,0,5,64,6,2,4,0,2,6,10,17,19,15,2,0,0,0,36,1,0
C:\Users\rique\Documents\Doutorado\SmellDetectionCaller-master\Temp\junit4-main\src\main\java\org\junit\rules\TestWatchman.java,org.junit.rules.TestWatchman$Anonymous1,anonymous,3,3,0,3,3,1,0,5,0,0.0,NaN,NaN,1,0,1,0,0,0,1,0,0,0,0,0,0,0,0,0,0,0,0,19,0,0,0,1,0,0,0,0,0,0,1,0,0,0,11,-1,0
C:\Users\rique\Documents\Doutorado\SmellDetectionCaller-master\Temp\junit4-main\src\main\java\org\junit\rules\ErrorCollector.java,org.junit.rules.ErrorCollector$Anonymous1,anonymous,2,2,0,2,1,1,0,1,0,0.0,NaN,NaN,1,0,1,0,0,0,1,0,0,0,0,0,0,0,0,0,0,0,1,6,1,0,0,0,0,0,0,0,0,0,0,0,0,0,6,-1,0
C:\Users\rique\Documents\Doutorado\SmellDetectionCaller-master\Temp\junit4-main\src\main\java\org\junit\runners\model\TestClass.java,org.junit.runners.model.TestClass,class,13,53,40,13,54,1,0,61,173,0.83076924,0.0,0.0,26,6,18,6,2,0,20,0,0,0,5,2,0,5,0,0,5,0,21,200,28,9,12,2,1,4,6,24,1,23,3,2,2,0,165,1,0
C:\Users\rique\Documents\Doutorado\SmellDetectionCaller-master\Temp\junit4-main\src\main\java\org\junit\internal\Classes.java,org.junit.internal.Classes,class,1,8,7,1,4,1,0,5,3,0.0,0.0,0.0,3,2,3,0,0,0,3,0,0,0,0,0,0,0,0,0,0,0,3,11,2,0,1,0,0,0,0,1,0,1,0,0,0,0,38,1,0
C:\Users\rique\Documents\Doutorado\SmellDetectionCaller-master\Temp\junit4-main\src\main\java\org\junit\internal\Throwables.java,org.junit.internal.Throwables$State$Anonymous2,anonymous,3,3,0,3,2,1,0,1,0,0.0,NaN,NaN,1,0,1,0,0,0,1,0,0,0,0,0,0,0,0,0,0,0,1,8,2,0,0,0,0,0,0,0,0,0,1,0,0,0,26,-1,0
C:\Users\rique\Documents\Doutorado\SmellDetectionCaller-master\Temp\junit4-main\src\main\java\org\junit\internal\Throwables.java,org.junit.internal.Throwables$State$Anonymous3,anonymous,3,3,0,3,3,1,0,2,0,0.0,NaN,NaN,1,0,1,0,0,0,1,0,0,0,0,0,0,0,0,0,0,0,2,11,3,0,0,0,0,0,0,0,0,0,1,0,0,0,25,-1,0
C:\Users\rique\Documents\Doutorado\SmellDetectionCaller-master\Temp\junit4-main\src\main\java\org\junit\internal\Throwables.java,org.junit.internal.Throwables$State$Anonymous4,anonymous,3,3,0,3,3,1,0,2,0,0.0,NaN,NaN,1,0,1,0,0,0,1,0,0,0,0,0,0,0,0,0,0,0,2,11,3,0,0,0,0,0,0,0,0,0,1,0,0,0,27,-1,0
C:\Users\rique\Documents\Doutorado\SmellDetectionCaller-master\Temp\junit4-main\src\main\java\org\junit\internal\Throwables.java,org.junit.internal.Throwables$State$Anonymous5,anonymous,2,2,0,2,1,1,0,0,0,0.0,NaN,NaN,1,0,1,0,0,0,1,0,0,0,0,0,0,0,0,0,0,0,0,5,1,0,0,0,0,0,0,0,0,0,0,0,0,0,5,-1,0
C:\Users\rique\Documents\Doutorado\SmellDetectionCaller-master\Temp\junit4-main\src\main\java\org\junit\internal\management\RuntimeMXBean.java,org.junit.internal.management.RuntimeMXBean,interface,0,5,5,0,1,1,0,0,0,0.0,NaN,NaN,1,0,0,0,0,1,1,0,0,0,0,0,0,0,0,0,0,0,0,3,0,0,0,0,0,0,0,0,0,0,0,0,0,0,8,1,0
C:\Users\rique\Documents\Doutorado\SmellDetectionCaller-master\Temp\junit4-main\src\main\java\org\junit\validator\AnnotationsValidator.java,org.junit.validator.AnnotationsValidator$ClassValidator,innerclass,3,3,0,3,2,2,0,2,1,0.0,0.0,0.0,2,0,0,0,0,2,2,0,0,0,0,0,0,0,0,0,0,0,1,8,2,0,0,0,0,0,0,0,0,0,0,0,0,0,12,10,0
C:\Users\rique\Documents\Doutorado\SmellDetectionCaller-master\Temp\junit4-main\src\main\java\org\junit\runner\manipulation\Sorter.java,org.junit.runner.manipulation.Sorter,class,4,17,13,4,6,2,1,3,8,0.8,0.0,0.0,5,0,3,0,1,1,5,0,1,0,2,1,1,1,0,0,2,0,1,29,3,0,0,0,0,0,0,4,0,4,1,1,0,0,51,1,0
C:\Users\rique\Documents\Doutorado\SmellDetectionCaller-master\Temp\junit4-main\src\main\java\org\junit\runners\parameterized\BlockJUnit4ClassRunnerWithParameters.java,org.junit.runners.parameterized.BlockJUnit4ClassRunnerWithParameters,class,20,23,3,20,34,8,0,42,97,0.8333334,0.0,0.0,15,0,2,7,6,0,8,0,0,0,2,0,0,2,0,0,2,0,0,143,14,4,4,1,1,23,8,23,12,20,3,0,3,0,121,1,0
C:\Users\rique\Documents\Doutorado\SmellDetectionCaller-master\Temp\junit4-main\src\main\java\org\junit\experimental\theories\internal\AllMembersSupplier.java,org.junit.experimental.theories.internal.AllMembersSupplier,class,10,16,6,10,39,3,1,41,85,0.6666667,0.0,0.0,15,1,2,9,4,0,6,0,0,0,1,0,0,1,0,0,1,0,6,147,9,9,1,2,1,6,3,16,2,15,4,0,1,0,78,1,0
C:\Users\rique\Documents\Doutorado\SmellDetectionCaller-master\Temp\junit4-main\src\main\java\org\junit\runner\notification\StoppedByUserException.java,org.junit.runner.notification.StoppedByUserException,class,0,3,3,0,0,4,0,0,0,NaN,-1.0,-1.0,0,0,0,0,0,0,0,0,0,0,1,1,0,1,0,0,1,0,0,3,0,0,0,0,0,0,1,1,0,1,0,0,0,0,32,1,0
C:\Users\rique\Documents\Doutorado\SmellDetectionCaller-master\Temp\junit4-main\src\main\java\org\junit\rules\TestRule.java,org.junit.rules.TestRule,interface,2,101,99,2,1,1,0,0,0,0.0,NaN,NaN,1,0,0,0,0,1,1,0,0,0,0,0,0,0,0,0,0,0,0,3,0,0,0,0,0,0,0,0,0,0,0,0,0,0,143,1,0
C:\Users\rique\Documents\Doutorado\SmellDetectionCaller-master\Temp\junit4-main\src\main\java\org\junit\experimental\theories\PotentialAssignment.java,org.junit.experimental.theories.PotentialAssignment,class,2,25,23,2,3,3,5,0,3,0.0,0.0,0.0,3,1,3,0,0,0,3,2,0,0,0,0,0,0,0,0,0,0,0,38,1,0,0,0,0,0,0,0,0,0,0,1,1,0,12,1025,0
C:\Users\rique\Documents\Doutorado\SmellDetectionCaller-master\Temp\junit4-main\src\main\java\org\junit\internal\management\ManagementFactory.java,org.junit.internal.management.ManagementFactory$RuntimeHolder,innerclass,5,5,0,5,2,1,0,2,0,1.0,-1.0,-1.0,1,1,0,1,0,0,0,0,1,0,1,1,0,1,0,0,1,0,2,6,1,0,1,0,0,1,0,1,0,1,0,0,0,0,21,26,0
C:\Users\rique\Documents\Doutorado\SmellDetectionCaller-master\Temp\junit4-main\src\main\java\org\junit\internal\runners\rules\RuleMemberValidator.java,org.junit.internal.runners.rules.RuleMemberValidator$MethodMustBeATestRule,innerclass,4,4,0,4,2,1,0,2,0,0.0,NaN,NaN,1,0,1,0,0,0,1,0,0,0,0,0,0,0,0,0,0,0,1,7,0,0,0,0,0,1,0,0,0,0,1,0,0,0,20,26,0
C:\Users\rique\Documents\Doutorado\SmellDetectionCaller-master\Temp\junit4-main\src\main\java\org\junit\internal\runners\model\ReflectiveCallable.java,org.junit.internal.runners.model.ReflectiveCallable,class,1,4,3,1,3,1,0,2,1,0.0,0.0,0.0,2,0,1,0,1,0,2,1,0,0,0,0,0,0,0,0,0,0,0,11,1,0,0,1,0,0,0,0,0,0,1,0,0,0,21,1025,0
C:\Users\rique\Documents\Doutorado\SmellDetectionCaller-master\Temp\junit4-main\src\main\java\junit\framework\JUnit4TestAdapterCache.java,junit.framework.JUnit4TestAdapterCache$Anonymous1,anonymous,4,4,0,4,3,1,0,6,3,0.0,0.0,0.0,3,0,3,0,0,0,3,0,0,0,0,0,0,0,0,0,0,0,0,11,0,0,0,0,0,0,0,0,0,0,0,0,0,0,10,-1,0
C:\Users\rique\Documents\Doutorado\SmellDetectionCaller-master\Temp\junit4-main\src\main\java\org\junit\experimental\max\CouldNotReadCoreException.java,org.junit.experimental.max.CouldNotReadCoreException,class,0,1,1,0,1,3,0,0,0,1.0,NaN,NaN,1,0,1,0,0,0,1,0,0,0,1,1,0,1,0,0,1,0,0,6,0,0,0,0,0,0,1,1,0,1,0,0,0,0,22,1,0
C:\Users\rique\Documents\Doutorado\SmellDetectionCaller-master\Temp\junit4-main\src\main\java\org\junit\experimental\theories\ParameterSignature.java,org.junit.experimental.theories.ParameterSignature,class,2,20,18,2,26,1,0,25,60,0.7291667,0.0,0.0,16,5,10,6,0,0,10,0,0,0,3,1,0,3,0,0,3,0,13,92,19,3,4,0,1,0,4,9,1,9,2,0,0,0,59,1,0
C:\Users\rique\Documents\Doutorado\SmellDetectionCaller-master\Temp\junit4-main\src\main\java\org\junit\ComparisonFailure.java,org.junit.ComparisonFailure$ComparisonCompactor,innerclass,2,2,0,2,11,1,0,11,0,0.625,0.0,0.0,4,0,2,2,0,0,2,0,0,0,6,3,0,6,0,0,6,0,4,72,5,2,4,0,0,3,7,13,8,13,2,0,1,0,54,10,0
C:\Users\rique\Documents\Doutorado\SmellDetectionCaller-master\Temp\junit4-main\src\main\java\org\junit\internal\runners\rules\RuleMemberValidator.java,org.junit.internal.runners.rules.RuleMemberValidator$DeclaringClassMustBePublic,innerclass,4,4,0,4,3,1,0,5,1,0.0,NaN,NaN,2,0,1,1,0,0,1,0,0,0,0,0,0,0,0,0,0,0,1,10,1,0,0,0,0,1,0,0,0,0,1,0,0,0,22,26,0
C:\Users\rique\Documents\Doutorado\SmellDetectionCaller-master\Temp\junit4-main\src\main\java\org\junit\internal\requests\SortingRequest.java,org.junit.internal.requests.SortingRequest,class,4,6,2,4,2,2,0,2,0,0.0,0.0,0.0,2,0,2,0,0,0,2,0,0,0,2,0,0,2,0,0,2,0,0,13,1,0,0,0,0,0,0,3,0,3,0,0,0,0,8,1,0
C:\Users\rique\Documents\Doutorado\SmellDetectionCaller-master\Temp\junit4-main\src\main\java\org\junit\runners\parameterized\BlockJUnit4ClassRunnerWithParameters.java,org.junit.runners.parameterized.BlockJUnit4ClassRunnerWithParameters$RunAfterParams,innerclass,3,3,0,3,3,3,0,3,1,0.0,0.0,0.0,2,0,0,0,1,1,2,0,0,0,0,0,0,0,0,0,0,0,0,9,0,0,1,0,0,0,1,1,0,1,0,0,0,0,15,2,0
C:\Users\rique\Documents\Doutorado\SmellDetectionCaller-master\Temp\junit4-main\src\main\java\org\junit\function\ThrowingRunnable.java,org.junit.function.ThrowingRunnable,interface,0,7,7,0,1,1,0,0,0,0.0,NaN,NaN,1,0,0,0,0,1,1,0,0,0,0,0,0,0,0,0,0,0,0,3,0,0,0,0,0,0,0,0,0,0,0,0,0,0,31,1,0
C:\Users\rique\Documents\Doutorado\SmellDetectionCaller-master\Temp\junit4-main\src\main\java\org\junit\rules\ExternalResource.java,org.junit.rules.ExternalResource,class,5,21,16,5,4,1,3,1,6,0.0,0.0,0.0,4,0,1,1,2,0,3,0,0,0,0,0,0,0,0,0,0,0,0,33,2,0,0,0,0,0,0,0,0,0,0,1,0,0,47,1025,0
C:\Users\rique\Documents\Doutorado\SmellDetectionCaller-master\Temp\junit4-main\src\main\java\org\junit\internal\runners\statements\InvokeMethod.java,org.junit.internal.runners.statements.InvokeMethod,class,2,3,1,2,2,2,0,1,0,0.0,0.0,0.0,2,0,2,0,0,0,2,0,0,0,2,0,0,2,0,0,2,0,0,11,0,0,0,0,0,0,0,2,0,2,0,0,0,0,9,1,0
C:\Users\rique\Documents\Doutorado\SmellDetectionCaller-master\Temp\junit4-main\src\main\java\org\junit\internal\ComparisonCriteria.java,org.junit.internal.ComparisonCriteria,class,4,8,4,4,26,1,2,17,19,0.71428573,0.0,0.0,7,1,1,5,1,0,2,1,0,0,1,1,0,1,0,0,1,0,13,94,8,1,7,3,0,12,1,14,6,13,3,1,0,0,98,1025,0
C:\Users\rique\Documents\Doutorado\SmellDetectionCaller-master\Temp\junit4-main\src\main\java\org\junit\experimental\max\MaxCore.java,org.junit.experimental.max.MaxCore$Anonymous1,anonymous,4,4,0,4,2,1,0,0,0,0.0,NaN,NaN,1,0,1,0,0,0,1,0,0,0,0,0,0,0,0,0,0,0,0,12,2,0,0,1,0,0,0,0,0,0,1,1,0,0,7,-1,0
C:\Users\rique\Documents\Doutorado\SmellDetectionCaller-master\Temp\junit4-main\src\main\java\org\junit\runners\model\FrameworkMethod.java,org.junit.runners.model.FrameworkMethod$Anonymous1,anonymous,0,0,0,0,1,1,0,1,0,0.0,NaN,NaN,1,0,0,0,1,0,1,0,0,0,0,0,0,0,0,0,0,0,0,5,1,0,0,0,0,0,0,0,0,0,0,0,0,0,5,-1,0
C:\Users\rique\Documents\Doutorado\SmellDetectionCaller-master\Temp\junit4-main\src\main\java\org\junit\validator\AnnotationValidator.java,org.junit.validator.AnnotationValidator,class,3,15,12,3,3,1,8,1,0,0.0,0.0,0.0,3,0,3,0,0,0,3,0,0,0,1,1,0,1,0,0,1,0,1,12,3,0,0,0,0,0,0,1,0,1,0,0,0,0,60,1025,0
C:\Users\rique\Documents\Doutorado\SmellDetectionCaller-master\Temp\junit4-main\src\main\java\org\junit\runners\model\InvalidTestClassError.java,org.junit.runners.model.InvalidTestClassError,class,2,8,6,2,4,4,0,6,1,0.6666667,0.0,0.0,3,1,2,1,0,0,2,0,0,0,2,1,0,2,0,0,2,0,2,20,2,1,0,0,1,3,2,4,1,4,1,0,0,0,42,1,0
C:\Users\rique\Documents\Doutorado\SmellDetectionCaller-master\Temp\junit4-main\src\main\java\org\junit\runners\Parameterized.java,org.junit.runners.Parameterized$RunnersFactory,innerclass,12,12,0,12,27,1,0,33,0,0.6666667,-1.0,-1.0,11,4,0,11,0,0,0,0,0,0,6,1,0,6,0,0,6,0,14,111,15,4,2,2,2,6,3,26,2,24,2,0,0,0,85,10,0
C:\Users\rique\Documents\Doutorado\SmellDetectionCaller-master\Temp\junit4-main\src\main\java\org\junit\runner\manipulation\Ordering.java,org.junit.runner.manipulation.Ordering$Factory,interface,2,2,0,2,1,1,0,0,0,0.0,NaN,NaN,1,0,0,0,0,1,1,0,0,0,0,0,0,0,0,0,0,0,0,3,0,0,0,0,0,0,0,0,0,0,0,0,0,0,33,1,0
C:\Users\rique\Documents\Doutorado\SmellDetectionCaller-master\Temp\junit4-main\src\main\java\org\junit\runners\Parameterized.java,org.junit.runners.Parameterized$AssumptionViolationRunner,innerclass,6,6,0,6,3,2,0,3,0,0.16666667,0.0,0.0,3,0,2,0,0,1,3,0,0,0,2,0,0,2,0,0,2,0,1,14,1,0,0,0,0,1,0,2,1,2,0,0,0,0,17,10,0
C:\Users\rique\Documents\Doutorado\SmellDetectionCaller-master\Temp\junit4-main\src\main\java\org\junit\matchers\JUnitMatchers.java,org.junit.matchers.JUnitMatchers,class,6,7,1,6,10,1,0,10,45,0.0,0.0,0.0,10,10,10,0,0,0,10,0,0,0,0,0,0,0,0,0,0,0,10,32,10,0,0,0,0,0,0,0,0,0,0,0,0,0,78,1,0
C:\Users\rique\Documents\Doutorado\SmellDetectionCaller-master\Temp\junit4-main\src\main\java\org\junit\runners\model\MemberValueConsumer.java,org.junit.runners.model.MemberValueConsumer,interface,2,7,5,2,1,1,0,0,0,0.0,NaN,NaN,1,0,0,0,0,1,1,0,0,0,0,0,0,0,0,0,0,0,0,3,0,0,0,0,0,0,0,0,0,0,0,0,0,0,24,1,0
C:\Users\rique\Documents\Doutorado\SmellDetectionCaller-master\Temp\junit4-main\src\main\java\junit\framework\JUnit4TestAdapter.java,junit.framework.JUnit4TestAdapter,class,14,39,25,14,17,1,0,20,26,0.6666667,0.0,0.0,13,0,11,2,0,0,11,0,0,0,3,0,0,3,0,0,3,0,2,57,8,1,1,0,0,0,0,6,0,6,2,0,0,0,59,1,0
C:\Users\rique\Documents\Doutorado\SmellDetectionCaller-master\Temp\junit4-main\src\main\java\org\junit\internal\runners\TestClass.java,org.junit.internal.runners.TestClass,class,6,11,5,6,24,1,0,17,46,0.5833333,0.0,0.0,12,0,6,4,0,2,8,0,0,0,1,0,0,1,0,0,1,0,2,74,15,5,3,0,0,0,1,8,0,7,3,0,0,0,54,1,0
C:\Users\rique\Documents\Doutorado\SmellDetectionCaller-master\Temp\junit4-main\src\main\java\org\junit\runners\BlockJUnit4ClassRunner.java,org.junit.runners.BlockJUnit4ClassRunner$RuleCollector,innerclass,6,6,0,6,3,1,0,5,0,0.0,NaN,NaN,1,0,1,0,0,0,1,0,0,0,1,0,0,0,0,1,1,0,0,13,0,0,2,0,0,0,0,3,0,3,2,0,0,0,9,10,0
C:\Users\rique\Documents\Doutorado\SmellDetectionCaller-master\Temp\junit4-main\src\main\java\org\junit\experimental\categories\ExcludeCategories.java,org.junit.experimental.categories.ExcludeCategories,class,4,6,2,4,1,4,0,0,0,0.0,NaN,NaN,1,0,0,0,1,0,1,0,0,0,0,0,0,0,0,0,0,0,0,16,1,0,0,0,0,0,0,0,0,0,0,0,1,0,37,17,0
C:\Users\rique\Documents\Doutorado\SmellDetectionCaller-master\Temp\junit4-main\src\main\java\org\junit\validator\AnnotationsValidator.java,org.junit.validator.AnnotationsValidator,class,6,8,2,6,2,4,0,3,0,0.0,NaN,NaN,1,0,1,0,0,0,1,0,0,0,1,1,0,1,0,0,1,0,1,61,1,1,0,0,0,0,0,3,0,3,1,0,4,0,45,17,0
C:\Users\rique\Documents\Doutorado\SmellDetectionCaller-master\Temp\junit4-main\src\main\java\org\junit\rules\Stopwatch.java,org.junit.rules.Stopwatch$Clock,innerclass,0,0,0,0,1,1,0,1,0,0.0,NaN,NaN,1,0,1,0,0,0,1,0,0,0,0,0,0,0,0,0,0,0,1,5,1,0,0,0,0,0,0,0,0,0,0,0,0,0,3,8,0
C:\Users\rique\Documents\Doutorado\SmellDetectionCaller-master\Temp\junit4-main\src\main\java\org\junit\runners\model\FrameworkMethod.java,org.junit.runners.model.FrameworkMethod,class,5,61,56,5,34,2,0,25,0,0.15,0.0,0.0,20,0,17,1,1,1,19,0,0,0,1,0,0,1,0,0,1,0,0,104,20,1,6,1,2,12,3,3,4,3,2,1,0,0,137,1,0
C:\Users\rique\Documents\Doutorado\SmellDetectionCaller-master\Temp\junit4-main\src\main\java\org\junit\runner\JUnitCore.java,org.junit.runner.JUnitCore,class,14,94,80,14,14,1,0,25,72,0.7692308,0.0,0.0,13,4,11,0,0,2,13,0,0,0,1,0,0,1,0,0,1,0,9,58,10,0,0,1,0,1,2,6,1,6,1,0,0,0,117,1,0
C:\Users\rique\Documents\Doutorado\SmellDetectionCaller-master\Temp\junit4-main\src\main\java\org\junit\runner\Result.java,org.junit.runner.Result,class,5,74,69,5,15,2,2,8,38,0.8119658,0.0,0.0,13,0,9,4,0,0,9,0,0,0,9,2,0,9,0,0,8,0,2,124,9,0,2,0,0,1,2,16,0,10,1,0,2,0,101,1,0
C:\Users\rique\Documents\Doutorado\SmellDetectionCaller-master\Temp\junit4-main\src\main\java\org\junit\internal\AssumptionViolatedException.java,org.junit.internal.AssumptionViolatedException,class,6,39,33,6,13,4,3,11,22,0.7,0.0,0.0,8,0,7,1,0,0,7,0,0,0,5,1,0,5,0,0,5,0,3,56,1,0,3,0,0,7,1,6,0,6,2,0,0,0,93,1,0
C:\Users\rique\Documents\Doutorado\SmellDetectionCaller-master\Temp\junit4-main\src\main\java\org\junit\internal\matchers\ThrowableMessageMatcher.java,org.junit.internal.matchers.ThrowableMessageMatcher,class,6,8,2,6,5,3,0,5,0,0.0,0.0,0.0,5,1,3,0,2,0,5,0,0,0,1,0,0,1,0,0,1,0,0,20,2,0,0,0,0,2,0,1,0,1,0,0,0,0,16,1,0
C:\Users\rique\Documents\Doutorado\SmellDetectionCaller-master\Temp\junit4-main\src\main\java\org\junit\runners\model\FrameworkMember.java,org.junit.runners.model.FrameworkMember,class,3,24,21,3,12,1,0,8,36,0.0,0.0,0.0,9,0,5,0,1,3,9,6,0,0,0,0,0,0,0,0,0,0,2,27,5,1,0,0,0,0,2,2,1,2,3,0,0,0,30,1025,0
C:\Users\rique\Documents\Doutorado\SmellDetectionCaller-master\Temp\junit4-main\src\main\java\org\junit\experimental\ParallelComputer.java,org.junit.experimental.ParallelComputer$Anonymous1,anonymous,0,0,0,0,3,1,0,5,0,0.0,0.0,0.0,2,0,2,0,0,0,2,0,0,0,1,0,0,1,0,0,1,0,1,15,0,0,0,1,0,0,0,1,0,1,1,0,0,0,11,-1,0
C:\Users\rique\Documents\Doutorado\SmellDetectionCaller-master\Temp\junit4-main\src\main\java\org\junit\internal\builders\SuiteMethodBuilder.java,org.junit.internal.builders.SuiteMethodBuilder,class,4,9,5,4,4,2,2,2,1,0.0,0.0,0.0,2,0,2,0,0,0,2,0,0,0,0,0,0,0,0,0,0,0,0,17,4,0,0,1,0,1,0,0,0,0,1,0,0,0,18,1,0
C:\Users\rique\Documents\Doutorado\SmellDetectionCaller-master\Temp\junit4-main\src\main\java\org\junit\internal\runners\MethodRoadie.java,org.junit.internal.runners.MethodRoadie$Anonymous3,anonymous,1,1,0,1,1,1,0,1,0,0.0,NaN,NaN,1,0,1,0,0,0,1,0,0,0,0,0,0,0,0,0,0,0,0,5,0,0,0,0,0,0,0,0,0,0,0,0,0,0,3,-1,0
C:\Users\rique\Documents\Doutorado\SmellDetectionCaller-master\Temp\junit4-main\src\main\java\org\junit\internal\runners\MethodRoadie.java,org.junit.internal.runners.MethodRoadie$Anonymous1,anonymous,2,2,0,2,4,1,0,7,0,0.0,NaN,NaN,1,0,1,0,0,0,1,0,0,0,0,0,0,0,0,0,0,0,1,27,0,0,0,1,0,0,1,4,0,4,2,1,0,0,15,-1,0
C:\Users\rique\Documents\Doutorado\SmellDetectionCaller-master\Temp\junit4-main\src\main\java\org\junit\internal\runners\MethodRoadie.java,org.junit.internal.runners.MethodRoadie,class,7,12,5,7,26,1,0,23,4,0.5555556,0.0,0.0,9,0,4,3,2,0,6,0,0,0,4,0,0,4,0,0,3,0,0,144,2,2,0,6,0,5,1,9,2,9,3,2,0,0,65,1,0
C:\Users\rique\Documents\Doutorado\SmellDetectionCaller-master\Temp\junit4-main\src\main\java\org\junit\experimental\theories\internal\Assignments.java,org.junit.experimental.theories.internal.Assignments,class,10,17,7,10,25,1,0,33,21,0.6000001,0.0,0.0,15,1,10,5,0,0,10,0,0,0,3,0,0,3,0,0,3,0,4,94,18,3,2,0,0,0,7,20,2,17,2,0,0,0,83,1,0
C:\Users\rique\Documents\Doutorado\SmellDetectionCaller-master\Temp\junit4-main\src\main\java\org\junit\internal\builders\IgnoredClassRunner.java,org.junit.internal.builders.IgnoredClassRunner,class,4,6,2,4,3,2,0,3,1,0.33333334,0.0,0.0,3,0,3,0,0,0,3,0,0,0,1,0,0,1,0,0,1,0,1,12,1,0,0,0,0,0,0,1,0,1,0,0,0,0,11,1,0
C:\Users\rique\Documents\Doutorado\SmellDetectionCaller-master\Temp\junit4-main\src\main\java\org\junit\internal\runners\FailedBefore.java,org.junit.internal.runners.FailedBefore,class,0,2,2,0,0,3,0,0,0,NaN,-1.0,-1.0,0,0,0,0,0,0,0,0,0,0,1,1,0,1,0,0,1,0,0,3,0,0,0,0,0,0,1,1,0,1,0,0,0,0,30,0,0
C:\Users\rique\Documents\Doutorado\SmellDetectionCaller-master\Temp\junit4-main\src\main\java\org\junit\runners\model\FrameworkField.java,org.junit.runners.model.FrameworkField,class,3,12,9,3,15,2,0,13,0,0.25,0.0,0.0,12,0,10,0,1,1,12,0,0,0,1,0,0,1,0,0,1,0,0,49,11,0,1,1,0,1,0,1,0,1,2,0,0,0,72,1,0
C:\Users\rique\Documents\Doutorado\SmellDetectionCaller-master\Temp\junit4-main\src\main\java\org\junit\experimental\theories\internal\ParameterizedAssertionError.java,org.junit.experimental.theories.internal.ParameterizedAssertionError,class,1,4,3,1,9,4,0,16,15,1.0,0.0,0.0,6,3,5,1,0,0,5,0,0,0,1,1,0,1,0,0,1,0,6,36,6,1,0,1,0,3,1,4,0,4,2,0,0,0,32,1,0
C:\Users\rique\Documents\Doutorado\SmellDetectionCaller-master\Temp\junit4-main\src\main\java\org\junit\runners\model\Annotatable.java,org.junit.runners.model.Annotatable,interface,1,7,6,1,2,1,0,0,1,0.0,0.0,0.0,2,0,0,0,0,2,2,0,0,0,0,0,0,0,0,0,0,0,0,4,0,0,0,0,0,0,0,0,0,0,0,0,0,0,20,1,0
C:\Users\rique\Documents\Doutorado\SmellDetectionCaller-master\Temp\junit4-main\src\main\java\org\junit\runners\ParentRunner.java,org.junit.runners.ParentRunner$Anonymous5,anonymous,3,3,0,3,1,1,0,2,0,0.0,NaN,NaN,1,0,1,0,0,0,1,0,0,0,0,0,0,0,0,0,0,0,0,5,1,0,0,0,0,0,0,0,0,0,0,0,0,0,6,-1,0
C:\Users\rique\Documents\Doutorado\SmellDetectionCaller-master\Temp\junit4-main\src\main\java\org\junit\runners\ParentRunner.java,org.junit.runners.ParentRunner$Anonymous4,anonymous,1,1,0,1,1,1,0,1,0,0.0,NaN,NaN,1,0,1,0,0,0,1,0,0,0,0,0,0,0,0,0,0,0,0,5,0,0,0,0,0,0,0,0,0,0,0,0,0,0,1,-1,0
C:\Users\rique\Documents\Doutorado\SmellDetectionCaller-master\Temp\junit4-main\src\main\java\org\junit\runners\ParentRunner.java,org.junit.runners.ParentRunner$Anonymous3,anonymous,1,1,0,1,1,1,0,2,0,0.0,NaN,NaN,1,0,1,0,0,0,1,0,0,0,0,0,0,0,0,0,0,0,1,10,0,0,0,1,0,0,0,0,0,0,1,0,0,0,2,-1,0
C:\Users\rique\Documents\Doutorado\SmellDetectionCaller-master\Temp\junit4-main\src\main\java\org\junit\internal\ComparisonCriteria.java,org.junit.internal.ComparisonCriteria$Anonymous1,anonymous,0,0,0,0,1,1,0,0,0,0.0,NaN,NaN,1,0,1,0,0,0,1,0,0,0,0,0,0,0,0,0,0,0,0,5,1,0,0,0,0,0,0,0,0,0,0,0,0,0,3,-1,0
C:\Users\rique\Documents\Doutorado\SmellDetectionCaller-master\Temp\junit4-main\src\main\java\org\junit\runner\Runner.java,org.junit.runner.Runner,class,4,81,77,4,3,1,26,2,3,0.0,0.0,0.0,3,0,3,0,0,0,3,2,0,0,0,0,0,0,0,0,0,0,0,7,1,0,0,0,0,0,0,0,0,0,0,0,0,0,76,1025,0
C:\Users\rique\Documents\Doutorado\SmellDetectionCaller-master\Temp\junit4-main\src\main\java\org\junit\runners\ParentRunner.java,org.junit.runners.ParentRunner$Anonymous2,anonymous,1,1,0,1,1,1,0,1,0,0.0,NaN,NaN,1,0,1,0,0,0,1,0,0,0,0,0,0,0,0,0,0,0,0,5,0,0,0,0,0,0,0,0,0,0,0,0,0,0,4,-1,0
C:\Users\rique\Documents\Doutorado\SmellDetectionCaller-master\Temp\junit4-main\src\main\java\org\junit\runners\ParentRunner.java,org.junit.runners.ParentRunner$Anonymous1,anonymous,0,0,0,0,2,1,0,1,1,0.0,0.0,0.0,2,0,2,0,0,0,2,0,0,0,0,0,0,0,0,0,0,0,0,7,0,0,0,0,0,0,0,0,0,0,0,0,0,0,5,-1,0
C:\Users\rique\Documents\Doutorado\SmellDetectionCaller-master\Temp\junit4-main\src\main\java\org\junit\experimental\categories\CategoryFilterFactory.java,org.junit.experimental.categories.CategoryFilterFactory,class,6,11,5,6,5,1,4,7,3,0.0,0.0,0.0,3,0,1,1,1,0,2,1,0,0,0,0,0,0,0,0,0,0,1,19,2,1,0,1,0,1,0,2,0,2,1,0,0,0,28,1024,0
C:\Users\rique\Documents\Doutorado\SmellDetectionCaller-master\Temp\junit4-main\src\main\java\junit\framework\AssertionFailedError.java,junit.framework.AssertionFailedError,class,1,17,16,1,4,4,1,1,3,1.0,0.0,0.0,3,1,2,1,0,0,2,0,0,0,1,1,0,1,0,0,1,0,1,11,1,0,1,0,0,1,1,1,0,1,0,0,0,0,34,1,0
C:\Users\rique\Documents\Doutorado\SmellDetectionCaller-master\Temp\junit4-main\src\main\java\org\junit\rules\TestWatcher.java,org.junit.rules.TestWatcher$Anonymous1,anonymous,3,3,0,3,3,1,0,8,0,0.0,NaN,NaN,1,0,1,0,0,0,1,0,0,0,0,0,0,0,0,0,0,0,1,22,0,0,0,1,0,0,0,1,0,1,1,0,0,0,10,-1,0
C:\Users\rique\Documents\Doutorado\SmellDetectionCaller-master\Temp\junit4-main\src\main\java\org\junit\runner\Computer.java,org.junit.runner.Computer,class,5,15,10,5,3,1,3,1,3,0.0,0.0,0.0,3,1,2,0,1,0,3,0,0,0,0,0,0,0,0,0,0,0,0,21,3,0,0,0,0,0,0,0,0,0,0,2,0,0,45,1,0
C:\Users\rique\Documents\Doutorado\SmellDetectionCaller-master\Temp\junit4-main\src\main\java\org\junit\runner\manipulation\Filter.java,org.junit.runner.manipulation.Filter$Anonymous3,anonymous,2,2,0,2,2,1,0,2,1,0.0,0.0,0.0,2,0,2,0,0,0,2,0,0,0,0,0,0,0,0,0,0,0,0,8,2,0,0,0,0,1,0,0,1,0,0,0,0,0,6,-1,0
C:\Users\rique\Documents\Doutorado\SmellDetectionCaller-master\Temp\junit4-main\src\main\java\org\junit\runner\manipulation\Filter.java,org.junit.runner.manipulation.Filter$Anonymous2,anonymous,2,2,0,2,5,1,0,6,1,0.0,0.0,0.0,2,0,2,0,0,0,2,0,0,0,0,0,0,0,0,0,0,0,1,16,4,1,0,0,0,1,0,0,0,0,2,0,0,0,8,-1,0
C:\Users\rique\Documents\Doutorado\SmellDetectionCaller-master\Temp\junit4-main\src\main\java\org\junit\runner\notification\SynchronizedRunListener.java,org.junit.runner.notification.SynchronizedRunListener,class,6,10,4,6,15,2,0,12,0,0.115384616,0.0,0.0,13,0,12,0,0,1,13,0,0,0,2,0,0,2,0,0,2,0,0,69,5,0,1,0,1,1,0,3,1,3,1,0,0,0,90,16,0
C:\Users\rique\Documents\Doutorado\SmellDetectionCaller-master\Temp\junit4-main\src\main\java\org\junit\runner\manipulation\Filter.java,org.junit.runner.manipulation.Filter$Anonymous1,anonymous,2,2,0,2,4,1,0,0,6,0.0,0.0,0.0,4,0,4,0,0,0,4,0,0,0,0,0,0,0,0,0,0,0,0,13,3,0,0,0,0,1,0,0,0,0,0,0,0,0,16,-1,0
C:\Users\rique\Documents\Doutorado\SmellDetectionCaller-master\Temp\junit4-main\src\main\java\org\junit\internal\runners\ErrorReportingRunner.java,org.junit.internal.runners.ErrorReportingRunner,class,8,15,7,8,20,2,0,18,18,0.625,0.0,0.0,8,0,4,4,0,0,4,0,0,0,2,0,0,2,0,0,2,0,4,65,8,4,4,0,2,5,2,5,0,5,2,0,0,0,41,1,0
C:\Users\rique\Documents\Doutorado\SmellDetectionCaller-master\Temp\junit4-main\src\main\java\org\junit\runners\parameterized\BlockJUnit4ClassRunnerWithParameters.java,org.junit.runners.parameterized.BlockJUnit4ClassRunnerWithParameters$RunBeforeParams,innerclass,3,3,0,3,3,3,0,3,1,0.0,0.0,0.0,2,0,0,0,1,1,2,0,0,0,0,0,0,0,0,0,0,0,0,9,0,0,1,0,0,0,1,1,0,1,0,0,0,0,15,2,0
C:\Users\rique\Documents\Doutorado\SmellDetectionCaller-master\Temp\junit4-main\src\main\java\org\junit\runner\manipulation\NoTestsRemainException.java,org.junit.runner.manipulation.NoTestsRemainException,class,0,5,5,0,0,3,0,0,0,NaN,-1.0,-1.0,0,0,0,0,0,0,0,0,0,0,1,1,0,1,0,0,1,0,0,3,0,0,0,0,0,0,1,1,0,1,0,0,0,0,19,1,0
C:\Users\rique\Documents\Doutorado\SmellDetectionCaller-master\Temp\junit4-main\src\main\java\org\junit\internal\runners\rules\RuleMemberValidator.java,org.junit.internal.runners.rules.RuleMemberValidator,class,17,27,10,17,11,1,0,14,22,0.875,0.0,0.0,8,5,1,6,0,1,2,0,0,0,7,4,4,3,0,0,7,0,6,132,5,2,0,0,0,0,0,8,0,8,1,0,10,0,73,1,0
C:\Users\rique\Documents\Doutorado\SmellDetectionCaller-master\Temp\junit4-main\src\main\java\org\junit\experimental\categories\Categories.java,org.junit.experimental.categories.Categories,class,9,37,28,9,21,5,0,17,28,0.0,NaN,NaN,8,7,1,7,0,0,1,0,0,0,0,0,0,0,0,0,0,0,12,197,9,2,9,1,0,1,3,8,0,8,2,0,1,0,121,1,0
C:\Users\rique\Documents\Doutorado\SmellDetectionCaller-master\Temp\junit4-main\src\main\java\org\junit\runner\manipulation\Orderer.java,org.junit.runner.manipulation.Orderer,class,4,10,6,4,8,1,0,7,1,0.33333334,0.0,0.0,3,0,2,0,0,1,3,0,0,0,1,0,0,1,0,0,1,0,1,30,2,0,1,0,0,3,0,5,0,5,1,0,0,0,34,17,0
C:\Users\rique\Documents\Doutorado\SmellDetectionCaller-master\Temp\junit4-main\src\main\java\org\junit\rules\TemporaryFolder.java,org.junit.rules.TemporaryFolder$Builder,innerclass,2,2,0,2,4,1,0,0,6,0.75,0.0,0.0,4,0,3,0,1,0,4,0,0,0,2,0,0,2,0,0,0,0,0,17,3,0,0,0,0,0,0,2,0,2,0,0,0,0,48,9,0
C:\Users\rique\Documents\Doutorado\SmellDetectionCaller-master\Temp\junit4-main\src\main\java\org\junit\rules\ExpectedException.java,org.junit.rules.ExpectedException,class,12,50,38,12,16,2,0,15,75,0.70000005,0.0,0.0,15,1,11,4,0,0,11,0,1,0,2,0,0,2,0,0,1,0,8,73,7,0,0,0,0,1,0,4,0,3,1,0,1,0,212,1,0
C:\Users\rique\Documents\Doutorado\SmellDetectionCaller-master\Temp\junit4-main\src\main\java\org\junit\experimental\max\MaxHistory.java,org.junit.experimental.max.MaxHistory$TestComparator,innerclass,3,3,0,3,6,1,0,5,1,0.0,NaN,NaN,2,0,1,1,0,0,1,0,0,0,0,0,0,0,0,0,0,0,0,19,5,0,2,0,0,0,4,2,0,2,1,0,0,0,18,2,0
C:\Users\rique\Documents\Doutorado\SmellDetectionCaller-master\Temp\junit4-main\src\main\java\org\junit\internal\runners\statements\ExpectException.java,org.junit.internal.runners.statements.ExpectException,class,2,4,2,2,7,2,0,4,0,0.0,0.0,0.0,2,0,2,0,0,0,2,0,0,0,2,0,0,2,0,0,2,0,0,29,0,0,0,1,0,4,0,5,2,4,2,0,0,0,17,1,0
C:\Users\rique\Documents\Doutorado\SmellDetectionCaller-master\Temp\junit4-main\src\main\java\org\junit\internal\runners\rules\RuleMemberValidator.java,org.junit.internal.runners.rules.RuleMemberValidator$MemberMustBeNonStaticOrAlsoClassRule,innerclass,6,6,0,6,6,1,0,4,0,0.0,NaN,NaN,1,0,1,0,0,0,1,0,0,0,0,0,0,0,0,0,0,0,2,16,0,0,1,0,2,2,0,4,0,3,2,0,0,0,33,26,0
C:\Users\rique\Documents\Doutorado\SmellDetectionCaller-master\Temp\junit4-main\src\main\java\org\junit\rules\RuleChain.java,org.junit.rules.RuleChain,class,5,10,5,5,6,1,0,5,4,0.6,0.0,0.0,5,2,4,1,0,0,4,0,0,0,2,1,0,2,0,0,1,0,2,25,4,0,1,0,0,1,0,3,0,3,1,0,0,0,106,1,0
C:\Users\rique\Documents\Doutorado\SmellDetectionCaller-master\Temp\junit4-main\src\main\java\org\junit\internal\matchers\ThrowableCauseMatcher.java,org.junit.internal.matchers.ThrowableCauseMatcher,class,6,10,4,6,5,3,0,5,0,0.2,0.0,0.0,5,1,3,0,2,0,5,0,0,0,1,0,0,1,0,0,1,0,0,20,2,0,0,0,0,2,0,1,0,1,0,0,0,0,39,1,0
C:\Users\rique\Documents\Doutorado\SmellDetectionCaller-master\Temp\junit4-main\src\main\java\org\junit\internal\requests\OrderingRequest.java,org.junit.internal.requests.OrderingRequest,class,5,6,1,5,3,3,0,3,0,0.0,0.0,0.0,2,0,1,0,1,0,2,0,0,0,2,0,0,2,0,0,2,0,0,18,2,0,0,1,0,0,0,3,0,3,1,0,0,0,13,1,0
C:\Users\rique\Documents\Doutorado\SmellDetectionCaller-master\Temp\junit4-main\src\main\java\org\junit\runner\notification\RunNotifier.java,org.junit.runner.notification.RunNotifier,class,9,49,40,9,21,1,0,10,83,0.76666665,0.0,0.0,15,0,13,1,0,1,14,0,0,0,2,0,0,2,0,0,1,0,1,135,1,0,3,0,0,3,1,3,0,2,1,9,1,0,155,1,0
C:\Users\rique\Documents\Doutorado\SmellDetectionCaller-master\Temp\junit4-main\src\main\java\org\junit\experimental\categories\IncludeCategories.java,org.junit.experimental.categories.IncludeCategories,class,4,6,2,4,1,4,0,0,0,0.0,NaN,NaN,1,0,0,0,1,0,1,0,0,0,0,0,0,0,0,0,0,0,0,16,1,0,0,0,0,0,0,0,0,0,0,0,1,0,37,17,0
C:\Users\rique\Documents\Doutorado\SmellDetectionCaller-master\Temp\junit4-main\src\main\java\org\junit\rules\ExpectedException.java,org.junit.rules.ExpectedException$ExpectedExceptionStatement,innerclass,2,2,0,2,4,2,0,4,0,0.0,0.0,0.0,2,0,2,0,0,0,2,0,0,0,1,0,0,1,0,0,1,0,0,18,1,0,0,1,0,0,0,1,0,1,1,0,0,0,15,2,0
C:\Users\rique\Documents\Doutorado\SmellDetectionCaller-master\Temp\junit4-main\src\main\java\org\junit\runner\notification\RunNotifier.java,org.junit.runner.notification.RunNotifier$Anonymous6,anonymous,1,1,0,1,2,1,0,1,0,0.0,NaN,NaN,1,0,0,0,1,0,1,0,0,0,0,0,0,0,0,0,0,0,0,7,0,1,0,0,0,0,0,0,0,0,1,0,0,0,8,-1,0
C:\Users\rique\Documents\Doutorado\SmellDetectionCaller-master\Temp\junit4-main\src\main\java\org\junit\runner\notification\RunNotifier.java,org.junit.runner.notification.RunNotifier$Anonymous5,anonymous,1,1,0,1,1,1,0,1,0,0.0,NaN,NaN,1,0,0,0,1,0,1,0,0,0,0,0,0,0,0,0,0,0,0,5,0,0,0,0,0,0,0,0,0,0,0,0,0,0,6,-1,0
C:\Users\rique\Documents\Doutorado\SmellDetectionCaller-master\Temp\junit4-main\src\main\java\org\junit\runner\notification\RunNotifier.java,org.junit.runner.notification.RunNotifier$Anonymous4,anonymous,1,1,0,1,1,1,0,1,0,0.0,NaN,NaN,1,0,0,0,1,0,1,0,0,0,0,0,0,0,0,0,0,0,0,5,0,0,0,0,0,0,0,0,0,0,0,0,0,0,6,-1,0
C:\Users\rique\Documents\Doutorado\SmellDetectionCaller-master\Temp\junit4-main\src\main\java\junit\extensions\TestSetup.java,junit.extensions.TestSetup,class,4,7,3,4,4,3,2,1,6,0.0,0.0,0.0,4,0,2,0,2,0,4,0,0,0,0,0,0,0,0,0,0,0,0,20,0,0,0,0,0,0,0,1,0,1,0,1,0,0,38,1,0
C:\Users\rique\Documents\Doutorado\SmellDetectionCaller-master\Temp\junit4-main\src\main\java\org\junit\runner\notification\RunNotifier.java,org.junit.runner.notification.RunNotifier$Anonymous3,anonymous,1,1,0,1,1,1,0,1,0,0.0,NaN,NaN,1,0,0,0,1,0,1,0,0,0,0,0,0,0,0,0,0,0,0,5,0,0,0,0,0,0,0,0,0,0,0,0,0,0,6,-1,0
C:\Users\rique\Documents\Doutorado\SmellDetectionCaller-master\Temp\junit4-main\src\main\java\org\junit\runner\notification\RunNotifier.java,org.junit.runner.notification.RunNotifier$Anonymous9,anonymous,1,1,0,1,1,1,0,1,0,0.0,NaN,NaN,1,0,0,0,1,0,1,0,0,0,0,0,0,0,0,0,0,0,0,5,0,0,0,0,0,0,0,0,0,0,0,0,0,0,6,-1,0
C:\Users\rique\Documents\Doutorado\SmellDetectionCaller-master\Temp\junit4-main\src\main\java\org\junit\runner\notification\RunNotifier.java,org.junit.runner.notification.RunNotifier$Anonymous8,anonymous,1,1,0,1,1,1,0,1,0,0.0,NaN,NaN,1,0,0,0,1,0,1,0,0,0,0,0,0,0,0,0,0,0,0,5,0,0,0,0,0,0,0,0,0,0,0,0,0,0,6,-1,0
C:\Users\rique\Documents\Doutorado\SmellDetectionCaller-master\Temp\junit4-main\src\main\java\org\junit\runner\notification\RunNotifier.java,org.junit.runner.notification.RunNotifier$Anonymous7,anonymous,1,1,0,1,1,1,0,1,0,0.0,NaN,NaN,1,0,0,0,1,0,1,0,0,0,0,0,0,0,0,0,0,0,0,5,0,0,0,0,0,0,0,0,0,0,0,0,0,0,6,-1,0
C:\Users\rique\Documents\Doutorado\SmellDetectionCaller-master\Temp\junit4-main\src\main\java\org\junit\runner\manipulation\Ordering.java,org.junit.runner.manipulation.Ordering$Anonymous1,anonymous,1,1,0,1,2,1,0,1,1,0.0,0.0,0.0,2,0,0,0,1,1,2,0,0,0,0,0,0,0,0,0,0,0,1,10,2,0,0,0,0,0,0,1,0,1,0,0,0,0,9,-1,0
C:\Users\rique\Documents\Doutorado\SmellDetectionCaller-master\Temp\junit4-main\src\main\java\org\junit\runner\notification\RunNotifier.java,org.junit.runner.notification.RunNotifier$Anonymous2,anonymous,1,1,0,1,1,1,0,1,0,0.0,NaN,NaN,1,0,0,0,1,0,1,0,0,0,0,0,0,0,0,0,0,0,0,5,0,0,0,0,0,0,0,0,0,0,0,0,0,0,6,-1,0
C:\Users\rique\Documents\Doutorado\SmellDetectionCaller-master\Temp\junit4-main\src\main\java\org\junit\runner\notification\RunNotifier.java,org.junit.runner.notification.RunNotifier$Anonymous1,anonymous,1,1,0,1,1,1,0,1,0,0.0,NaN,NaN,1,0,0,0,1,0,1,0,0,0,0,0,0,0,0,0,0,0,0,5,0,0,0,0,0,0,0,0,0,0,0,0,0,0,6,-1,0
C:\Users\rique\Documents\Doutorado\SmellDetectionCaller-master\Temp\junit4-main\src\main\java\org\junit\rules\Verifier.java,org.junit.rules.Verifier,class,4,7,3,4,2,1,1,0,1,0.0,0.0,0.0,2,0,1,0,1,0,2,0,0,0,0,0,0,0,0,0,0,0,0,13,1,0,0,0,0,0,0,0,0,0,0,1,0,0,46,1025,0
C:\Users\rique\Documents\Doutorado\SmellDetectionCaller-master\Temp\junit4-main\src\main\java\org\junit\runner\Request.java,org.junit.runner.Request$Anonymous1,anonymous,1,1,0,1,1,1,0,0,0,0.0,NaN,NaN,1,0,1,0,0,0,1,0,0,0,0,0,0,0,0,0,0,0,0,5,1,0,0,0,0,0,0,0,0,0,0,0,0,0,3,-1,0
C:\Users\rique\Documents\Doutorado\SmellDetectionCaller-master\Temp\junit4-main\src\main\java\org\junit\internal\runners\rules\ValidationError.java,org.junit.internal.runners.rules.ValidationError,class,1,9,8,1,1,3,0,3,0,1.0,NaN,NaN,1,0,1,0,0,0,1,0,0,0,1,1,0,1,0,0,1,0,1,6,0,0,0,0,0,1,1,1,0,1,0,0,0,0,12,0,0
C:\Users\rique\Documents\Doutorado\SmellDetectionCaller-master\Temp\junit4-main\src\main\java\org\junit\internal\runners\rules\RuleMemberValidator.java,org.junit.internal.runners.rules.RuleMemberValidator$MemberMustBeStatic,innerclass,3,3,0,3,2,1,0,2,0,0.0,NaN,NaN,1,0,1,0,0,0,1,0,0,0,0,0,0,0,0,0,0,0,0,7,0,0,0,0,0,1,0,0,0,0,1,0,0,0,16,26,0
C:\Users\rique\Documents\Doutorado\SmellDetectionCaller-master\Temp\junit4-main\src\main\java\org\junit\internal\runners\SuiteMethod.java,org.junit.internal.runners.SuiteMethod,class,3,6,3,3,4,3,1,7,1,0.0,0.0,0.0,2,1,2,0,0,0,2,0,0,0,0,0,0,0,0,0,0,0,2,20,1,0,0,1,0,2,0,4,1,2,2,0,0,0,38,1,0
C:\Users\rique\Documents\Doutorado\SmellDetectionCaller-master\Temp\junit4-main\src\main\java\org\junit\experimental\results\PrintableResult.java,org.junit.experimental.results.PrintableResult,class,7,40,33,7,7,1,0,8,1,0.2857143,0.0,0.0,7,2,6,1,0,0,6,0,0,0,1,0,0,1,0,0,0,0,2,26,5,0,0,0,0,0,0,2,0,2,0,0,0,0,52,1,0
C:\Users\rique\Documents\Doutorado\SmellDetectionCaller-master\Temp\junit4-main\src\main\java\org\junit\internal\management\ManagementFactory.java,org.junit.internal.management.ManagementFactory$ThreadHolder,innerclass,5,5,0,5,2,1,0,2,0,1.0,-1.0,-1.0,1,1,0,1,0,0,0,0,1,0,1,1,0,1,0,0,1,0,2,6,1,0,1,0,0,1,0,1,0,1,0,0,0,0,21,26,0
C:\Users\rique\Documents\Doutorado\SmellDetectionCaller-master\Temp\junit4-main\src\main\java\org\junit\internal\requests\ClassRequest.java,org.junit.internal.requests.ClassRequest,class,6,7,1,6,3,7,0,1,1,0.5,0.0,0.0,3,0,2,0,1,0,3,0,0,0,2,0,0,2,0,0,2,0,0,27,1,0,0,0,0,0,0,2,0,2,0,0,2,0,17,1,0
C:\Users\rique\Documents\Doutorado\SmellDetectionCaller-master\Temp\junit4-main\src\main\java\org\junit\rules\Timeout.java,org.junit.rules.Timeout,class,8,18,10,8,11,1,2,9,27,0.6,0.0,0.0,10,3,6,0,4,0,10,0,2,0,3,0,0,3,0,0,3,0,1,77,8,0,0,1,0,0,0,6,0,3,1,1,1,0,135,1,0
C:\Users\rique\Documents\Doutorado\SmellDetectionCaller-master\Temp\junit4-main\src\main\java\junit\framework\TestCase.java,junit.framework.TestCase,class,4,83,79,4,59,2,75,55,1255,0.9019608,0.0,0.0,51,38,47,0,4,0,51,0,0,0,1,0,0,1,0,0,0,0,42,193,6,0,2,4,0,8,1,9,3,4,3,0,0,0,226,1025,0
C:\Users\rique\Documents\Doutorado\SmellDetectionCaller-master\Temp\junit4-main\src\main\java\org\junit\runner\manipulation\Sorter.java,org.junit.runner.manipulation.Sorter$Anonymous1,anonymous,1,1,0,1,1,1,0,0,0,0.0,NaN,NaN,1,0,1,0,0,0,1,0,0,0,0,0,0,0,0,0,0,0,0,5,1,0,0,0,0,0,1,0,0,0,0,0,0,0,3,-1,0
C:\Users\rique\Documents\Doutorado\SmellDetectionCaller-master\Temp\junit4-main\src\main\java\org\junit\AssumptionViolatedException.java,org.junit.AssumptionViolatedException,class,3,15,12,3,4,5,0,0,6,1.0,0.0,0.0,4,0,4,0,0,0,4,0,0,0,1,1,0,1,0,0,1,0,0,15,0,0,0,0,0,1,1,1,0,1,0,0,0,0,46,1,0
C:\Users\rique\Documents\Doutorado\SmellDetectionCaller-master\Temp\junit4-main\src\main\java\org\junit\Test.java,org.junit.Test$None,class,0,0,0,0,1,2,0,0,0,1.0,-1.0,-1.0,1,0,0,1,0,0,0,0,0,0,1,1,0,1,0,0,1,0,0,5,0,0,0,0,0,0,1,1,0,1,0,0,0,0,11,8,0
C:\Users\rique\Documents\Doutorado\SmellDetectionCaller-master\Temp\junit4-main\src\main\java\org\junit\internal\runners\statements\FailOnTimeout.java,org.junit.internal.runners.statements.FailOnTimeout$CallableStatement,innerclass,1,1,0,1,4,1,0,3,0,0.0,0.0,0.0,2,0,2,0,0,0,2,0,0,0,1,0,0,1,0,0,1,0,0,19,2,0,0,1,0,0,1,1,0,1,1,0,0,0,14,2,0
C:\Users\rique\Documents\Doutorado\SmellDetectionCaller-master\Temp\junit4-main\src\main\java\org\junit\internal\requests\FilterRequest.java,org.junit.internal.requests.FilterRequest,class,4,5,1,4,3,2,0,5,0,0.0,0.0,0.0,2,0,2,0,0,0,2,0,0,0,2,0,0,2,0,0,2,0,1,18,2,0,0,1,0,1,0,3,0,3,1,0,0,0,30,17,0
C:\Users\rique\Documents\Doutorado\SmellDetectionCaller-master\Temp\junit4-main\src\main\java\org\junit\runners\MethodSorters.java,org.junit.runners.MethodSorters,enum,0,1,1,0,2,1,0,0,0,0.0,NaN,NaN,2,0,1,1,0,0,1,0,0,0,1,0,0,1,0,0,1,0,0,11,1,0,0,0,0,0,0,1,0,1,0,0,0,0,55,1,0
C:\Users\rique\Documents\Doutorado\SmellDetectionCaller-master\Temp\junit4-main\src\main\java\org\junit\rules\RunRules.java,org.junit.rules.RunRules,class,4,7,3,4,4,2,0,3,1,0.33333334,0.0,0.0,3,1,2,1,0,0,2,0,0,0,1,0,0,1,0,0,1,0,1,15,1,1,0,0,0,0,0,2,0,1,1,0,0,0,20,1,0
C:\Users\rique\Documents\Doutorado\SmellDetectionCaller-master\Temp\junit4-main\src\main\java\org\junit\runner\notification\Failure.java,org.junit.runner.notification.Failure,class,3,64,61,3,8,1,0,6,16,0.75,0.0,0.0,8,0,8,0,0,0,8,0,0,0,3,1,0,3,0,0,3,0,2,30,7,0,0,0,0,1,1,3,1,3,0,0,0,0,79,1,0
C:\Users\rique\Documents\Doutorado\SmellDetectionCaller-master\Temp\junit4-main\src\main\java\org\junit\runners\model\Statement.java,org.junit.runners.model.Statement,class,0,99,99,0,1,1,22,0,0,0.0,NaN,NaN,1,0,1,0,0,0,1,1,0,0,0,0,0,0,0,0,0,0,0,3,0,0,0,0,0,0,0,0,0,0,0,0,0,0,26,1025,0
C:\Users\rique\Documents\Doutorado\SmellDetectionCaller-master\Temp\junit4-main\src\main\java\junit\framework\Test.java,junit.framework.Test,interface,1,66,65,1,2,1,0,0,1,0.0,0.0,0.0,2,0,2,0,0,0,2,2,0,0,0,0,0,0,0,0,0,0,0,4,0,0,0,0,0,0,0,0,0,0,0,0,0,0,26,1,0
C:\Users\rique\Documents\Doutorado\SmellDetectionCaller-master\Temp\junit4-main\src\main\java\org\junit\internal\management\FakeThreadMXBean.java,org.junit.internal.management.FakeThreadMXBean,class,1,2,1,1,2,1,0,0,1,0.0,0.0,0.0,2,0,2,0,0,0,2,0,0,0,0,0,0,0,0,0,0,0,0,8,1,0,0,0,0,0,0,0,0,0,0,0,0,0,26,16,0
C:\Users\rique\Documents\Doutorado\SmellDetectionCaller-master\Temp\junit4-main\src\main\java\org\junit\experimental\ParallelComputer.java,org.junit.experimental.ParallelComputer,class,6,9,3,6,9,2,0,4,3,0.5,0.0,0.0,6,3,4,1,1,0,5,0,0,0,2,0,0,2,0,0,2,0,2,43,5,0,0,0,1,0,0,4,0,4,1,1,0,0,18,1,0
C:\Users\rique\Documents\Doutorado\SmellDetectionCaller-master\Temp\junit4-main\src\main\java\org\junit\runners\parameterized\BlockJUnit4ClassRunnerWithParametersFactory.java,org.junit.runners.parameterized.BlockJUnit4ClassRunnerWithParametersFactory,class,4,6,2,4,1,1,0,0,0,0.0,NaN,NaN,1,0,1,0,0,0,1,0,0,0,0,0,0,0,0,0,0,0,0,5,1,0,0,0,0,0,0,0,0,0,0,0,0,0,17,1,0
C:\Users\rique\Documents\Doutorado\SmellDetectionCaller-master\Temp\junit4-main\src\main\java\org\junit\internal\runners\ClassRoadie.java,org.junit.internal.runners.ClassRoadie,class,6,8,2,6,14,1,0,10,5,0.625,0.0,0.0,6,0,2,2,2,0,4,0,0,0,4,0,0,4,0,0,1,0,0,63,0,2,0,4,0,0,0,6,0,6,3,0,0,0,53,1,0
C:\Users\rique\Documents\Doutorado\SmellDetectionCaller-master\Temp\junit4-main\src\main\java\org\junit\runners\model\TestTimedOutException.java,org.junit.runners.model.TestTimedOutException,class,0,3,3,0,3,3,0,3,0,0.5555556,0.0,0.0,3,0,3,0,0,0,3,0,0,0,3,1,0,3,0,0,3,0,1,16,2,0,0,0,0,1,1,3,0,3,0,0,0,0,41,1,0
C:\Users\rique\Documents\Doutorado\SmellDetectionCaller-master\Temp\junit4-main\src\main\java\org\junit\runner\OrderWithValidator.java,org.junit.runner.OrderWithValidator,class,3,4,1,3,2,2,0,3,0,0.0,NaN,NaN,1,0,1,0,0,0,1,0,0,0,0,0,0,0,0,0,0,0,2,8,2,0,1,0,0,1,0,0,0,0,1,0,0,0,50,17,0
C:\Users\rique\Documents\Doutorado\SmellDetectionCaller-master\Temp\junit4-main\src\main\java\junit\extensions\TestDecorator.java,junit.extensions.TestDecorator,class,4,10,6,4,6,2,2,4,0,0.16666667,0.0,0.0,6,0,6,0,0,0,6,0,0,0,1,0,0,0,1,0,0,0,0,21,3,0,0,0,0,1,0,1,0,1,0,0,0,0,34,1,0
C:\Users\rique\Documents\Doutorado\SmellDetectionCaller-master\Temp\junit4-main\src\main\java\org\junit\validator\TestClassValidator.java,org.junit.validator.TestClassValidator,interface,1,5,4,1,1,1,0,0,0,0.0,NaN,NaN,1,0,0,0,0,1,1,0,0,0,0,0,0,0,0,0,0,0,0,3,0,0,0,0,0,0,0,0,0,0,0,0,0,0,18,1,0
C:\Users\rique\Documents\Doutorado\SmellDetectionCaller-master\Temp\junit4-main\src\main\java\org\junit\experimental\theories\Theories.java,org.junit.experimental.theories.Theories$TheoryAnchor,innerclass,11,11,0,11,18,2,0,17,29,0.75,0.0,0.0,11,0,2,3,6,0,8,0,0,0,4,0,0,4,0,0,2,0,2,99,4,1,4,0,0,1,3,6,1,6,1,2,0,0,60,9,0
C:\Users\rique\Documents\Doutorado\SmellDetectionCaller-master\Temp\junit4-main\src\main\java\org\junit\runners\model\RunnerScheduler.java,org.junit.runners.model.RunnerScheduler,interface,0,3,3,0,2,1,0,0,1,0.0,0.0,0.0,2,0,0,0,0,2,2,0,0,0,0,0,0,0,0,0,0,0,0,4,0,0,0,0,0,0,0,0,0,0,0,0,0,0,44,1,0
C:\Users\rique\Documents\Doutorado\SmellDetectionCaller-master\Temp\junit4-main\src\main\java\org\junit\experimental\max\MaxCore.java,org.junit.experimental.max.MaxCore$Anonymous1$Anonymous2,anonymous,0,0,0,0,0,1,0,0,0,0.0,-1.0,-1.0,0,0,0,0,0,0,0,0,0,0,0,0,0,0,0,0,0,0,0,2,0,0,0,0,0,0,0,0,0,0,0,0,0,0,0,-1,0
C:\Users\rique\Documents\Doutorado\SmellDetectionCaller-master\Temp\junit4-main\src\main\java\org\junit\experimental\theories\ParameterSupplier.java,org.junit.experimental.theories.ParameterSupplier,class,2,12,10,2,1,1,12,0,0,0.0,NaN,NaN,1,0,1,0,0,0,1,1,0,0,0,0,0,0,0,0,0,0,0,3,0,0,0,0,0,0,0,0,0,0,0,0,0,0,58,1025,0
C:\Users\rique\Documents\Doutorado\SmellDetectionCaller-master\Temp\junit4-main\src\main\java\org\junit\runner\FilterFactory.java,org.junit.runner.FilterFactory$FilterNotCreatedException,innerclass,0,0,0,0,1,3,0,1,0,0.0,NaN,NaN,1,0,1,0,0,0,1,0,0,0,0,0,0,0,0,0,0,0,0,5,0,0,0,0,0,1,0,0,0,0,0,0,0,0,9,0,0
C:\Users\rique\Documents\Doutorado\SmellDetectionCaller-master\Temp\junit4-main\src\main\java\org\junit\internal\runners\rules\RuleMemberValidator.java,org.junit.internal.runners.rules.RuleMemberValidator$MethodMustBeARule,innerclass,4,4,0,4,2,1,0,2,0,0.0,NaN,NaN,1,0,1,0,0,0,1,0,0,0,0,0,0,0,0,0,0,0,1,7,0,0,0,0,0,1,0,0,0,0,1,0,0,0,21,26,0
C:\Users\rique\Documents\Doutorado\SmellDetectionCaller-master\Temp\junit4-main\src\main\java\org\junit\internal\runners\rules\RuleMemberValidator.java,org.junit.internal.runners.rules.RuleMemberValidator$MemberMustBePublic,innerclass,3,3,0,3,2,1,0,2,0,0.0,NaN,NaN,1,0,1,0,0,0,1,0,0,0,0,0,0,0,0,0,0,0,0,7,0,0,0,0,0,1,0,0,0,0,1,0,0,0,16,26,0
C:\Users\rique\Documents\Doutorado\SmellDetectionCaller-master\Temp\junit4-main\src\main\java\org\junit\experimental\theories\Theories.java,org.junit.experimental.theories.Theories$TheoryAnchor$Anonymous1,anonymous,8,8,0,8,5,1,0,8,6,0.0,0.0,0.0,4,0,2,0,2,0,4,0,0,0,0,0,0,0,0,0,0,0,1,32,3,0,0,0,0,0,0,2,0,2,1,1,0,0,24,-1,0
C:\Users\rique\Documents\Doutorado\SmellDetectionCaller-master\Temp\junit4-main\src\main\java\org\junit\experimental\theories\Theories.java,org.junit.experimental.theories.Theories$TheoryAnchor$Anonymous3,anonymous,4,4,0,4,2,1,0,4,0,0.0,NaN,NaN,1,0,1,0,0,0,1,0,0,0,0,0,0,0,0,0,0,0,1,9,0,0,0,0,0,0,0,1,0,1,1,0,0,0,5,-1,0
C:\Users\rique\Documents\Doutorado\SmellDetectionCaller-master\Temp\junit4-main\src\main\java\org\junit\rules\TestWatcher.java,org.junit.rules.TestWatcher,class,7,24,17,7,18,1,8,7,66,0.0,0.0,0.0,12,0,1,5,6,0,7,0,0,0,0,0,0,0,0,0,0,0,0,86,1,0,0,5,0,0,0,1,0,1,2,1,0,0,88,1025,0
C:\Users\rique\Documents\Doutorado\SmellDetectionCaller-master\Temp\junit4-main\src\main\java\org\junit\internal\management\ThreadMXBean.java,org.junit.internal.management.ThreadMXBean,interface,0,5,5,0,2,1,0,0,1,0.0,0.0,0.0,2,0,0,0,0,2,2,0,0,0,0,0,0,0,0,0,0,0,0,4,0,0,0,0,0,0,0,0,0,0,0,0,0,0,11,1,0
C:\Users\rique\Documents\Doutorado\SmellDetectionCaller-master\Temp\junit4-main\src\main\java\org\junit\internal\runners\statements\RunAfters.java,org.junit.internal.runners.statements.RunAfters,class,4,9,5,4,6,2,2,5,0,0.33333334,0.0,0.0,3,0,2,0,1,0,3,0,0,0,3,0,0,3,0,0,3,0,1,33,0,1,0,2,0,0,0,4,0,4,3,0,0,0,16,1,0
C:\Users\rique\Documents\Doutorado\SmellDetectionCaller-master\Temp\junit4-main\src\main\java\org\junit\rules\Stopwatch.java,org.junit.rules.Stopwatch,class,8,13,5,8,13,2,0,4,43,0.72727275,0.0,0.0,11,0,3,3,4,1,8,0,1,0,3,0,0,3,0,0,1,0,0,67,3,0,2,0,0,1,3,6,1,4,1,0,2,0,108,1,0
C:\Users\rique\Documents\Doutorado\SmellDetectionCaller-master\Temp\junit4-main\src\main\java\org\junit\runner\manipulation\Orderable.java,org.junit.runner.manipulation.Orderable,interface,2,9,7,2,1,1,0,0,0,0.0,NaN,NaN,1,0,0,0,0,1,1,0,0,0,0,0,0,0,0,0,0,0,0,3,0,0,0,0,0,0,0,0,0,0,0,0,0,0,45,1,0
C:\Users\rique\Documents\Doutorado\SmellDetectionCaller-master\Temp\junit4-main\src\main\java\org\junit\internal\Throwables.java,org.junit.internal.Throwables$Anonymous1,anonymous,1,1,0,1,2,1,0,2,1,0.0,0.0,0.0,2,0,2,0,0,0,2,0,0,0,0,0,0,0,0,0,0,0,0,8,2,0,0,0,0,0,1,0,1,0,0,0,0,0,4,-1,0
C:\Users\rique\Documents\Doutorado\SmellDetectionCaller-master\Temp\junit4-main\src\main\java\org\junit\internal\runners\MethodRoadie.java,org.junit.internal.runners.MethodRoadie$Anonymous1$Anonymous2,anonymous,1,1,0,1,1,1,0,1,0,0.0,NaN,NaN,1,0,1,0,0,0,1,0,0,0,0,0,0,0,0,0,0,0,0,6,1,0,0,0,0,0,0,0,0,0,0,0,0,0,7,-1,0
C:\Users\rique\Documents\Doutorado\SmellDetectionCaller-master\Temp\junit4-main\src\main\java\org\junit\rules\TestName.java,org.junit.rules.TestName,class,2,10,8,2,2,2,0,1,0,0.0,0.0,0.0,2,0,1,0,1,0,2,0,0,0,1,0,0,1,0,0,0,0,0,9,1,0,0,0,0,0,0,1,0,1,0,0,0,0,27,1,0
C:\Users\rique\Documents\Doutorado\SmellDetectionCaller-master\Temp\junit4-main\src\main\java\org\junit\internal\runners\rules\RuleMemberValidator.java,org.junit.internal.runners.rules.RuleMemberValidator$RuleValidator,interface,1,1,0,1,1,1,0,0,0,0.0,NaN,NaN,1,0,0,0,0,1,1,0,0,0,0,0,0,0,0,0,0,0,0,3,0,0,0,0,0,0,0,0,0,0,0,0,0,0,36,0,0
C:\Users\rique\Documents\Doutorado\SmellDetectionCaller-master\Temp\junit4-main\src\main\java\org\junit\experimental\theories\internal\EnumSupplier.java,org.junit.experimental.theories.internal.EnumSupplier,class,3,4,1,3,3,2,0,4,0,0.0,0.0,0.0,2,0,2,0,0,0,2,0,0,0,1,0,0,1,0,0,0,0,1,14,1,1,0,0,0,0,0,3,0,3,1,0,0,0,14,1,0
C:\Users\rique\Documents\Doutorado\SmellDetectionCaller-master\Temp\junit4-main\src\main\java\junit\framework\TestListener.java,junit.framework.TestListener,interface,2,12,10,2,4,1,0,0,6,0.0,0.0,0.0,4,0,4,0,0,0,4,0,0,0,0,0,0,0,0,0,0,0,0,6,0,0,0,0,0,0,0,0,0,0,0,0,0,0,17,1,0
C:\Users\rique\Documents\Doutorado\SmellDetectionCaller-master\Temp\junit4-main\src\main\java\org\junit\Assert.java,org.junit.Assert,class,17,240,223,17,107,1,0,64,2485,0.0,0.0,0.0,71,70,56,13,1,1,58,0,0,0,0,0,0,0,0,0,0,0,94,318,19,0,21,1,2,36,3,25,19,17,3,0,0,0,223,1,0
C:\Users\rique\Documents\Doutorado\SmellDetectionCaller-master\Temp\junit4-main\src\main\java\org\junit\internal\runners\JUnit4ClassRunner.java,org.junit.internal.runners.JUnit4ClassRunner,class,16,22,6,16,25,2,0,39,91,0.6666666,0.0,0.0,18,0,5,1,12,0,17,0,0,0,2,0,0,2,0,0,1,0,3,103,12,3,0,1,0,0,0,10,0,10,2,2,0,0,64,1,0
C:\Users\rique\Documents\Doutorado\SmellDetectionCaller-master\Temp\junit4-main\src\main\java\org\junit\runner\FilterFactory.java,org.junit.runner.FilterFactory,interface,2,9,7,2,1,3,0,0,0,0.0,NaN,NaN,1,0,0,0,0,1,1,0,0,0,0,0,0,0,0,0,0,0,0,8,0,0,0,0,0,0,0,0,0,0,0,0,1,0,19,1,0
C:\Users\rique\Documents\Doutorado\SmellDetectionCaller-master\Temp\junit4-main\src\main\java\org\junit\rules\MethodRule.java,org.junit.rules.MethodRule,interface,2,37,35,2,1,1,0,0,0,0.0,NaN,NaN,1,0,0,0,0,1,1,0,0,0,0,0,0,0,0,0,0,0,0,3,0,0,0,0,0,0,0,0,0,0,0,0,0,0,64,1,0
C:\Users\rique\Documents\Doutorado\SmellDetectionCaller-master\Temp\junit4-main\src\main\java\org\junit\experimental\theories\PotentialAssignment.java,org.junit.experimental.theories.PotentialAssignment$CouldNotGenerateValueException,innerclass,0,0,0,0,2,3,0,0,1,1.0,0.0,0.0,2,0,2,0,0,0,2,0,0,0,1,1,0,1,0,0,1,0,0,8,0,0,0,0,0,0,1,1,0,1,0,0,0,0,14,9,0
C:\Users\rique\Documents\Doutorado\SmellDetectionCaller-master\Temp\junit4-main\src\main\java\org\junit\runner\FilterFactoryParams.java,org.junit.runner.FilterFactoryParams,class,1,9,8,1,5,1,0,0,0,0.33333334,0.0,0.0,3,0,3,0,0,0,3,0,0,0,2,0,0,2,0,0,2,0,0,17,2,0,2,0,0,0,0,2,0,2,1,0,0,0,14,17,0
C:\Users\rique\Documents\Doutorado\SmellDetectionCaller-master\Temp\junit4-main\src\main\java\junit\runner\BaseTestRunner.java,junit.runner.BaseTestRunner,class,6,12,6,6,61,1,3,48,398,0.93793106,0.0,0.0,29,13,18,2,8,1,28,4,0,4,5,4,1,1,0,3,1,0,22,228,28,3,8,8,1,34,11,36,9,23,3,0,0,0,178,1025,0
C:\Users\rique\Documents\Doutorado\SmellDetectionCaller-master\Temp\junit4-main\src\main\java\org\junit\internal\builders\AnnotatedBuilder.java,org.junit.internal.builders.AnnotatedBuilder,class,6,9,3,6,10,2,0,12,4,0.625,0.0,0.0,4,0,3,1,0,0,3,0,0,0,2,1,0,2,0,0,2,0,2,38,6,1,2,2,0,1,0,6,0,5,2,0,0,0,122,1,0
C:\Users\rique\Documents\Doutorado\SmellDetectionCaller-master\Temp\junit4-main\src\main\java\org\junit\runner\manipulation\Alphanumeric.java,org.junit.runner.manipulation.Alphanumeric,class,6,11,5,6,2,3,0,0,1,0.5,0.0,0.0,2,0,2,0,0,0,2,0,0,0,1,1,0,1,0,0,1,0,0,14,1,0,0,0,0,0,0,1,0,1,0,1,0,0,20,17,0
C:\Users\rique\Documents\Doutorado\SmellDetectionCaller-master\Temp\junit4-main\src\main\java\org\junit\internal\runners\statements\Fail.java,org.junit.internal.runners.statements.Fail,class,1,5,4,1,2,2,0,0,0,0.0,0.0,0.0,2,0,2,0,0,0,2,0,0,0,1,0,0,1,0,0,1,0,0,9,0,0,0,0,0,0,0,1,0,1,0,0,0,0,6,1,0
C:\Users\rique\Documents\Doutorado\SmellDetectionCaller-master\Temp\junit4-main\src\main\java\org\junit\experimental\max\MaxHistory.java,org.junit.experimental.max.MaxHistory,class,6,10,4,6,15,2,0,13,31,0.7727273,0.0,0.0,11,2,3,3,0,5,8,0,0,0,4,1,0,4,0,0,4,0,1,111,8,0,1,5,0,0,1,8,0,7,3,0,2,0,89,1,0
C:\Users\rique\Documents\Doutorado\SmellDetectionCaller-master\Temp\junit4-main\src\main\java\org\junit\internal\runners\JUnit38ClassRunner.java,org.junit.internal.runners.JUnit38ClassRunner,class,19,28,9,19,29,2,1,29,48,0.53846157,0.0,0.0,13,3,8,5,0,0,8,0,0,0,1,0,0,1,0,0,0,0,11,141,11,2,3,1,0,3,6,22,0,22,3,0,1,0,68,1,0
C:\Users\rique\Documents\Doutorado\SmellDetectionCaller-master\Temp\junit4-main\src\main\java\org\junit\validator\AnnotationValidatorFactory.java,org.junit.validator.AnnotationValidatorFactory,class,2,4,2,2,3,1,0,5,0,0.0,NaN,NaN,1,0,1,0,0,0,1,0,0,0,1,1,0,1,0,0,1,0,0,18,2,0,1,1,0,1,0,4,1,4,1,0,0,0,44,1,0
C:\Users\rique\Documents\Doutorado\SmellDetectionCaller-master\Temp\junit4-main\src\main\java\org\junit\internal\management\ReflectiveRuntimeMXBean.java,org.junit.internal.management.ReflectiveRuntimeMXBean$Holder,innerclass,1,1,0,1,4,1,0,2,0,NaN,NaN,NaN,0,0,0,0,0,0,1,0,0,0,1,1,0,1,0,0,1,0,1,17,0,0,0,1,0,2,0,4,0,3,1,0,0,0,19,26,0
C:\Users\rique\Documents\Doutorado\SmellDetectionCaller-master\Temp\junit4-main\src\main\java\org\junit\internal\runners\model\MultipleFailureException.java,org.junit.internal.runners.model.MultipleFailureException,class,1,2,1,1,1,4,0,0,0,1.0,NaN,NaN,1,0,1,0,0,0,1,0,0,0,1,1,0,1,0,0,1,0,0,6,0,0,0,0,0,0,1,1,0,1,0,0,0,0,11,1,0
C:\Users\rique\Documents\Doutorado\SmellDetectionCaller-master\Temp\junit4-main\src\main\java\junit\runner\Version.java,junit.runner.Version,class,1,4,3,1,3,1,0,2,3,0.0,0.0,0.0,3,2,2,1,0,0,2,0,0,0,0,0,0,0,0,0,0,0,1,10,1,0,0,0,0,1,0,0,0,0,0,0,0,0,12,1,0
C:\Users\rique\Documents\Doutorado\SmellDetectionCaller-master\Temp\junit4-main\src\main\java\org\junit\runners\model\TestClass.java,org.junit.runners.model.TestClass$MethodComparator,innerclass,1,1,0,1,1,1,0,2,0,0.0,NaN,NaN,1,0,1,0,0,0,1,0,0,0,0,0,0,0,0,0,0,0,0,5,1,0,0,0,0,0,0,0,0,0,0,0,0,0,10,10,0
C:\Users\rique\Documents\Doutorado\SmellDetectionCaller-master\Temp\junit4-main\src\main\java\org\junit\rules\TemporaryFolder.java,org.junit.rules.TemporaryFolder,class,4,28,24,4,44,2,0,31,121,0.82105273,0.0,0.0,19,4,11,5,3,0,14,0,0,0,5,2,0,5,0,0,4,0,11,182,16,4,5,1,0,28,5,33,10,26,3,0,1,0,187,1,0
C:\Users\rique\Documents\Doutorado\SmellDetectionCaller-master\Temp\junit4-main\src\main\java\org\junit\internal\requests\ClassRequest.java,org.junit.internal.requests.ClassRequest$CustomSuiteMethodBuilder,innerclass,2,2,0,2,3,3,0,1,0,0.0,NaN,NaN,1,0,1,0,0,0,1,0,0,0,0,0,0,0,0,0,0,0,0,8,2,0,1,0,0,0,0,0,0,0,1,0,0,0,15,2,0
C:\Users\rique\Documents\Doutorado\SmellDetectionCaller-master\Temp\junit4-main\src\main\java\org\junit\runner\manipulation\Ordering.java,org.junit.runner.manipulation.Ordering,class,8,20,12,8,15,1,2,10,21,0.85714287,0.0,0.0,7,4,4,1,1,1,6,1,0,0,1,1,0,1,0,0,1,0,3,74,6,0,5,1,0,7,0,5,2,5,1,1,2,0,116,1025,0
C:\Users\rique\Documents\Doutorado\SmellDetectionCaller-master\Temp\junit4-main\src\main\java\org\junit\validator\AnnotationsValidator.java,org.junit.validator.AnnotationsValidator$FieldValidator,innerclass,4,4,0,4,2,2,0,2,1,0.0,0.0,0.0,2,0,0,0,0,2,2,0,0,0,0,0,0,0,0,0,0,0,0,8,2,0,0,0,0,0,0,0,0,0,0,0,0,0,13,10,0
C:\Users\rique\Documents\Doutorado\SmellDetectionCaller-master\Temp\junit4-main\src\main\java\org\junit\rules\ExpectedExceptionMatcherBuilder.java,org.junit.rules.ExpectedExceptionMatcherBuilder,class,4,6,2,4,7,1,0,9,3,0.33333334,0.0,0.0,6,0,0,3,0,3,3,0,0,0,1,0,0,1,0,0,1,0,2,24,6,0,1,0,0,3,2,1,0,1,1,0,0,0,23,0,0
C:\Users\rique\Documents\Doutorado\SmellDetectionCaller-master\Temp\junit4-main\src\main\java\org\junit\runners\RuleContainer.java,org.junit.runners.RuleContainer$Anonymous1,anonymous,2,2,0,2,5,1,0,1,1,0.0,NaN,NaN,2,0,1,1,0,0,1,0,0,0,0,0,0,0,0,0,0,0,0,9,2,0,2,0,2,0,4,1,1,1,0,0,0,0,8,-1,0
C:\Users\rique\Documents\Doutorado\SmellDetectionCaller-master\Temp\junit4-main\src\main\java\org\junit\runners\model\TestClass.java,org.junit.runners.model.TestClass$Anonymous2,anonymous,2,2,0,2,1,1,0,1,0,0.0,NaN,NaN,1,0,1,0,0,0,1,0,0,0,0,0,0,0,0,0,0,0,0,5,0,0,0,0,0,0,0,0,0,0,0,0,0,0,3,-1,0
C:\Users\rique\Documents\Doutorado\SmellDetectionCaller-master\Temp\junit4-main\src\main\java\org\junit\runners\model\TestClass.java,org.junit.runners.model.TestClass$Anonymous1,anonymous,2,2,0,2,1,1,0,1,0,0.0,NaN,NaN,1,0,1,0,0,0,1,0,0,0,0,0,0,0,0,0,0,0,0,5,0,0,0,0,0,0,0,0,0,0,0,0,0,0,3,-1,0
C:\Users\rique\Documents\Doutorado\SmellDetectionCaller-master\Temp\junit4-main\src\main\java\org\junit\rules\ErrorCollector.java,org.junit.rules.ErrorCollector,class,8,29,21,8,11,2,0,9,13,0.6666667,0.0,0.0,6,0,5,0,1,0,6,0,0,0,1,0,0,1,0,0,0,0,2,54,3,0,1,2,0,3,0,3,0,3,1,1,0,0,108,1,0
C:\Users\rique\Documents\Doutorado\SmellDetectionCaller-master\Temp\junit4-main\src\main\java\org\junit\experimental\results\FailureList.java,org.junit.experimental.results.FailureList,class,3,4,1,3,4,1,0,2,0,0.0,0.0,0.0,2,0,2,0,0,0,2,0,0,0,1,0,0,1,0,0,1,0,0,19,1,1,0,1,0,1,0,3,0,3,2,0,0,0,13,0,0
C:\Users\rique\Documents\Doutorado\SmellDetectionCaller-master\Temp\junit4-main\src\main\java\org\junit\internal\SerializableMatcherDescription.java,org.junit.internal.SerializableMatcherDescription,class,6,8,2,6,6,2,0,2,4,0.5,0.0,0.0,4,1,2,1,0,1,3,0,0,0,1,0,0,1,0,0,1,0,1,20,2,0,1,0,0,1,0,1,0,1,1,0,0,0,72,0,0
C:\Users\rique\Documents\Doutorado\SmellDetectionCaller-master\Temp\junit4-main\src\main\java\org\junit\experimental\categories\IncludeCategories.java,org.junit.experimental.categories.IncludeCategories$IncludesAny,innerclass,1,1,0,1,3,3,0,1,3,0.0,0.0,0.0,3,0,3,0,0,0,3,0,0,0,0,0,0,0,0,0,0,0,0,11,1,0,0,0,0,1,0,0,1,0,0,0,0,0,6,10,0
C:\Users\rique\Documents\Doutorado\SmellDetectionCaller-master\Temp\junit4-main\src\main\java\org\junit\runner\notification\RunNotifier.java,org.junit.runner.notification.RunNotifier$SafeNotifier,innerclass,4,4,0,4,6,1,0,5,4,0.5,0.0,0.0,4,0,0,0,1,3,4,1,0,0,1,0,0,1,0,0,1,0,0,25,0,1,0,1,0,0,0,4,0,4,2,0,0,0,20,1026,0
C:\Users\rique\Documents\Doutorado\SmellDetectionCaller-master\Temp\junit4-main\src\main\java\junit\framework\JUnit4TestCaseFacade.java,junit.framework.JUnit4TestCaseFacade,class,5,7,2,5,5,1,0,2,8,0.6,0.0,0.0,5,0,4,0,0,1,5,0,0,0,1,0,0,1,0,0,1,0,0,18,3,0,0,0,0,1,1,1,0,1,0,0,0,0,24,1,0
C:\Users\rique\Documents\Doutorado\SmellDetectionCaller-master\Temp\junit4-main\src\main\java\org\junit\experimental\theories\internal\AllMembersSupplier.java,org.junit.experimental.theories.internal.AllMembersSupplier$MethodParameterValue,innerclass,6,6,0,6,7,2,0,6,0,0.0,0.0,0.0,3,0,2,1,0,0,2,0,0,0,1,0,0,1,0,0,1,0,2,25,2,0,1,1,0,2,0,2,0,2,1,0,0,0,37,8,0
C:\Users\rique\Documents\Doutorado\SmellDetectionCaller-master\Temp\junit4-main\src\main\java\org\junit\runner\manipulation\Filterable.java,org.junit.runner.manipulation.Filterable,interface,1,7,6,1,1,1,0,0,0,0.0,NaN,NaN,1,0,0,0,0,1,1,0,0,0,0,0,0,0,0,0,0,0,0,3,0,0,0,0,0,0,0,0,0,0,0,0,0,0,27,1,0
C:\Users\rique\Documents\Doutorado\SmellDetectionCaller-master\Temp\junit4-main\src\main\java\org\junit\internal\runners\model\EachTestNotifier.java,org.junit.internal.runners.model.EachTestNotifier,class,6,8,2,6,11,1,0,10,0,0.11111111,0.0,0.0,9,0,8,1,0,0,8,0,0,0,2,0,0,2,0,0,2,0,0,39,0,1,0,0,0,0,0,2,0,2,1,0,0,0,44,1,0
C:\Users\rique\Documents\Doutorado\SmellDetectionCaller-master\Temp\junit4-main\src\main\java\junit\framework\TestFailure.java,junit.framework.TestFailure,class,4,10,6,4,7,1,0,3,11,0.5714286,0.0,0.0,7,0,7,0,0,0,7,0,0,0,2,0,0,0,2,0,0,0,1,26,6,0,0,0,0,1,0,2,1,2,0,0,0,0,47,1,0
C:\Users\rique\Documents\Doutorado\SmellDetectionCaller-master\Temp\junit4-main\src\main\java\org\junit\runner\Description.java,org.junit.runner.Description,class,2,171,169,2,41,1,0,26,306,0.89285713,0.0,0.0,28,9,24,4,0,0,24,0,0,0,9,4,2,7,0,0,8,0,8,134,31,2,6,1,4,6,6,15,0,13,2,0,0,0,224,1,0
C:\Users\rique\Documents\Doutorado\SmellDetectionCaller-master\Temp\junit4-main\src\main\java\junit\framework\TestSuite.java,junit.framework.TestSuite$Anonymous1,anonymous,1,1,0,1,1,1,0,1,0,0.0,NaN,NaN,1,0,0,0,1,0,1,0,0,0,0,0,0,0,0,0,0,0,1,5,0,0,0,0,0,0,0,0,0,0,0,0,0,0,4,-1,0
C:\Users\rique\Documents\Doutorado\SmellDetectionCaller-master\Temp\junit4-main\src\main\java\org\junit\runner\Result.java,org.junit.runner.Result$SerializedForm,innerclass,3,3,0,3,4,1,0,9,0,0.35714287,0.0,0.0,4,1,3,1,0,0,3,0,0,0,7,1,0,7,0,0,7,0,1,39,1,0,0,0,0,13,3,15,0,9,0,0,0,0,47,10,0
C:\Users\rique\Documents\Doutorado\SmellDetectionCaller-master\Temp\junit4-main\src\main\java\junit\extensions\ActiveTestSuite.java,junit.extensions.ActiveTestSuite$Anonymous1,anonymous,2,2,0,2,1,1,0,2,0,0.0,NaN,NaN,1,0,1,0,0,0,1,0,0,0,0,0,0,0,0,0,0,0,0,10,0,0,0,1,0,0,0,0,0,0,1,0,0,0,2,-1,0
C:\Users\rique\Documents\Doutorado\SmellDetectionCaller-master\Temp\junit4-main\src\main\java\org\junit\runner\manipulation\InvalidOrderingException.java,org.junit.runner.manipulation.InvalidOrderingException,class,0,2,2,0,3,3,0,0,3,1.0,0.0,0.0,3,0,3,0,0,0,3,0,0,0,1,1,0,1,0,0,1,0,0,11,0,0,0,0,0,0,1,1,0,1,0,0,0,0,25,1,0
C:\Users\rique\Documents\Doutorado\SmellDetectionCaller-master\Temp\junit4-main\src\main\java\org\junit\internal\runners\statements\FailOnTimeout.java,org.junit.internal.runners.statements.FailOnTimeout$Builder,innerclass,3,3,0,3,7,1,0,0,6,0.75,0.0,0.0,4,0,3,1,0,0,3,0,0,0,3,0,0,3,0,0,0,0,0,28,3,0,2,0,0,3,2,6,0,3,1,0,0,0,94,9,0
C:\Users\rique\Documents\Doutorado\SmellDetectionCaller-master\Temp\junit4-main\src\main\java\org\junit\runner\JUnitCommandLineParseResult.java,org.junit.runner.JUnitCommandLineParseResult$CommandLineParserError,innerclass,0,0,0,0,1,3,0,0,0,1.0,NaN,NaN,1,0,1,0,0,0,1,0,0,0,1,1,0,1,0,0,1,0,0,6,0,0,0,0,0,0,1,1,0,1,0,0,0,0,19,9,0
C:\Users\rique\Documents\Doutorado\SmellDetectionCaller-master\Temp\junit4-main\src\main\java\org\junit\internal\ExactComparisonCriteria.java,org.junit.internal.ExactComparisonCriteria,class,2,3,1,2,1,2,0,1,0,0.0,NaN,NaN,1,0,0,0,1,0,1,0,0,0,0,0,0,0,0,0,0,0,1,5,0,0,0,0,0,0,0,0,0,0,0,0,0,0,8,1,0
C:\Users\rique\Documents\Doutorado\SmellDetectionCaller-master\Temp\junit4-main\src\main\java\org\junit\TestCouldNotBeSkippedException.java,org.junit.TestCouldNotBeSkippedException,class,1,4,3,1,1,4,0,0,0,1.0,NaN,NaN,1,0,1,0,0,0,1,0,0,0,1,1,0,1,0,0,1,0,0,6,0,0,0,0,0,1,1,1,0,1,0,0,0,0,51,1,0
C:\Users\rique\Documents\Doutorado\SmellDetectionCaller-master\Temp\junit4-main\src\main\java\org\junit\internal\builders\JUnit3Builder.java,org.junit.internal.builders.JUnit3Builder,class,5,7,2,5,3,2,0,2,1,0.0,0.0,0.0,2,0,1,0,0,1,2,0,0,0,0,0,0,0,0,0,0,0,0,11,3,0,0,0,0,0,0,0,0,0,1,0,0,0,14,1,0
C:\Users\rique\Documents\Doutorado\SmellDetectionCaller-master\Temp\junit4-main\src\main\java\org\junit\internal\builders\IgnoredBuilder.java,org.junit.internal.builders.IgnoredBuilder,class,4,5,1,4,2,2,0,1,0,0.0,NaN,NaN,1,0,1,0,0,0,1,0,0,0,0,0,0,0,0,0,0,0,0,8,2,0,1,0,0,0,0,0,0,0,1,0,0,0,8,1,0
C:\Users\rique\Documents\Doutorado\SmellDetectionCaller-master\Temp\junit4-main\src\main\java\org\junit\experimental\theories\internal\SpecificDataPointsSupplier.java,org.junit.experimental.theories.internal.SpecificDataPointsSupplier,class,7,8,1,7,13,3,0,16,10,0.0,0.0,0.0,5,0,1,0,4,0,5,0,0,0,0,0,0,0,0,0,0,0,4,53,4,4,0,0,0,0,0,16,0,16,2,0,0,0,29,1,0
C:\Users\rique\Documents\Doutorado\SmellDetectionCaller-master\Temp\junit4-main\src\main\java\org\junit\runners\parameterized\ParametersRunnerFactory.java,org.junit.runners.parameterized.ParametersRunnerFactory,interface,2,6,4,2,1,1,0,0,0,0.0,NaN,NaN,1,0,0,0,0,1,1,0,0,0,0,0,0,0,0,0,0,0,0,3,0,0,0,0,0,0,0,0,0,0,0,0,0,0,21,1,0
C:\Users\rique\Documents\Doutorado\SmellDetectionCaller-master\Temp\junit4-main\src\main\java\org\junit\runners\BlockJUnit4ClassRunner.java,org.junit.runners.BlockJUnit4ClassRunner,class,30,57,27,30,55,3,17,67,496,0.96875,0.0,0.0,32,0,1,6,25,0,26,0,0,0,3,2,0,3,0,0,2,0,2,211,23,2,9,2,2,5,4,27,1,20,3,2,1,0,273,1,0
C:\Users\rique\Documents\Doutorado\SmellDetectionCaller-master\Temp\junit4-main\src\main\java\org\junit\rules\Verifier.java,org.junit.rules.Verifier$Anonymous1,anonymous,2,2,0,2,1,1,0,2,0,0.0,NaN,NaN,1,0,1,0,0,0,1,0,0,0,0,0,0,0,0,0,0,0,0,6,0,0,0,0,0,0,0,0,0,0,0,0,0,0,3,-1,0
C:\Users\rique\Documents\Doutorado\SmellDetectionCaller-master\Temp\junit4-main\src\main\java\org\junit\runners\Suite.java,org.junit.runners.Suite,class,9,67,58,9,12,3,7,9,25,0.5,0.0,0.0,10,2,3,1,6,0,9,0,0,0,1,0,0,1,0,0,1,0,3,46,4,0,1,1,0,2,1,2,0,2,1,0,0,0,98,1,0
C:\Users\rique\Documents\Doutorado\SmellDetectionCaller-master\Temp\junit4-main\src\main\java\org\junit\internal\runners\rules\RuleMemberValidator.java,org.junit.internal.runners.rules.RuleMemberValidator$FieldMustBeARule,innerclass,4,4,0,4,2,1,0,2,0,0.0,NaN,NaN,1,0,1,0,0,0,1,0,0,0,0,0,0,0,0,0,0,0,1,7,0,0,0,0,0,1,0,0,0,0,1,0,0,0,22,26,0
C:\Users\rique\Documents\Doutorado\SmellDetectionCaller-master\Temp\junit4-main\src\main\java\org\junit\internal\management\ReflectiveThreadMXBean.java,org.junit.internal.management.ReflectiveThreadMXBean$Holder,innerclass,1,1,0,1,4,1,0,2,0,NaN,NaN,NaN,0,0,0,0,0,0,1,0,0,0,3,3,0,1,0,2,3,0,1,22,0,0,0,1,0,4,0,8,0,6,1,0,0,0,33,26,0
C:\Users\rique\Documents\Doutorado\SmellDetectionCaller-master\Temp\junit4-main\src\main\java\org\junit\internal\requests\ClassRequest.java,org.junit.internal.requests.ClassRequest$CustomAllDefaultPossibilitiesBuilder,innerclass,3,3,0,3,1,3,0,0,0,0.0,NaN,NaN,1,0,0,0,1,0,1,0,0,0,0,0,0,0,0,0,0,0,0,5,1,0,0,0,0,0,0,0,0,0,0,0,0,0,9,2,0
C:\Users\rique\Documents\Doutorado\SmellDetectionCaller-master\Temp\junit4-main\src\main\java\org\junit\experimental\max\MaxHistory.java,org.junit.experimental.max.MaxHistory$RememberingListener,innerclass,5,5,0,5,4,2,0,8,4,0.625,0.0,0.0,4,0,4,0,0,0,4,0,0,0,2,0,0,2,0,0,0,0,3,18,0,0,0,0,0,0,0,4,1,4,0,0,0,0,23,18,0
C:\Users\rique\Documents\Doutorado\SmellDetectionCaller-master\Temp\junit4-main\src\main\java\org\junit\rules\TestWatchman.java,org.junit.rules.TestWatchman,class,4,10,6,4,5,1,2,0,10,0.0,0.0,0.0,5,0,5,0,0,0,5,0,0,0,0,0,0,0,0,0,0,0,0,32,1,0,0,0,0,0,0,0,0,0,0,1,0,0,57,1,0
C:\Users\rique\Documents\Doutorado\SmellDetectionCaller-master\Temp\junit4-main\src\main\java\org\junit\rules\ExternalResource.java,org.junit.rules.ExternalResource$Anonymous1,anonymous,3,3,0,3,3,1,0,5,0,0.0,NaN,NaN,1,0,1,0,0,0,1,0,0,0,0,0,0,0,0,0,0,0,1,21,0,0,0,2,0,0,0,1,0,1,2,0,0,0,6,-1,0
C:\Users\rique\Documents\Doutorado\SmellDetectionCaller-master\Temp\junit4-main\src\main\java\org\junit\runner\Describable.java,org.junit.runner.Describable,interface,1,6,5,1,1,1,0,0,0,0.0,NaN,NaN,1,0,0,0,0,1,1,0,0,0,0,0,0,0,0,0,0,0,0,3,0,0,0,0,0,0,0,0,0,0,0,0,0,0,19,1,0
C:\Users\rique\Documents\Doutorado\SmellDetectionCaller-master\Temp\junit4-main\src\main\java\org\junit\experimental\theories\internal\BooleanSupplier.java,org.junit.experimental.theories.internal.BooleanSupplier,class,3,4,1,3,1,2,0,2,0,0.0,NaN,NaN,1,0,1,0,0,0,1,0,0,0,0,0,0,0,0,0,0,0,3,5,1,0,0,0,0,2,0,0,0,0,0,0,0,0,8,1,0
C:\Users\rique\Documents\Doutorado\SmellDetectionCaller-master\Temp\junit4-main\src\main\java\org\junit\runners\model\InitializationError.java,org.junit.runners.model.InitializationError,class,0,14,14,0,4,3,1,1,4,0.75,0.0,0.0,4,0,4,0,0,0,4,0,0,0,2,1,0,2,0,0,2,0,1,16,1,0,0,0,0,0,1,2,0,2,0,0,0,0,40,1,0
C:\Users\rique\Documents\Doutorado\SmellDetectionCaller-master\Temp\junit4-main\src\main\java\org\junit\internal\runners\TestMethod.java,org.junit.internal.runners.TestMethod,class,7,10,3,7,14,1,0,9,10,0.5555556,0.0,0.0,9,0,4,0,1,4,9,0,0,0,2,0,0,2,0,0,1,0,0,43,9,0,5,0,0,0,1,5,0,5,1,0,0,0,43,1,0
C:\Users\rique\Documents\Doutorado\SmellDetectionCaller-master\Temp\junit4-main\src\main\java\org\junit\runners\ParentRunner.java,org.junit.runners.ParentRunner$ClassRuleCollector,innerclass,6,6,0,6,4,1,0,6,0,0.0,0.0,0.0,2,0,2,0,0,0,2,0,0,0,1,0,0,0,0,1,1,0,1,15,1,1,1,0,0,0,0,3,0,3,1,0,0,0,14,10,0
C:\Users\rique\Documents\Doutorado\SmellDetectionCaller-master\Temp\junit4-main\src\main\java\org\junit\validator\PublicClassValidator.java,org.junit.validator.PublicClassValidator,class,2,4,2,2,2,1,0,4,0,0.0,NaN,NaN,1,0,1,0,0,0,1,0,0,0,1,1,0,1,0,0,1,0,2,11,2,0,0,0,0,2,0,1,1,1,1,0,0,0,35,1,0
C:\Users\rique\Documents\Doutorado\SmellDetectionCaller-master\Temp\junit4-main\src\main\java\org\junit\experimental\categories\ExcludeCategories.java,org.junit.experimental.categories.ExcludeCategories$ExcludesAny,innerclass,1,1,0,1,3,3,0,1,3,0.0,0.0,0.0,3,0,3,0,0,0,3,0,0,0,0,0,0,0,0,0,0,0,0,11,1,0,0,0,0,1,0,0,1,0,0,0,0,0,6,10,0
C:\Users\rique\Documents\Doutorado\SmellDetectionCaller-master\Temp\junit4-main\src\main\java\junit\framework\JUnit4TestAdapterCache.java,junit.framework.JUnit4TestAdapterCache,class,9,12,3,9,11,3,0,13,10,0.9,0.0,0.0,5,1,4,0,0,1,5,0,0,0,2,2,0,2,0,0,2,0,1,58,8,2,0,0,0,0,1,5,0,5,2,1,0,0,37,1,0
C:\Users\rique\Documents\Doutorado\SmellDetectionCaller-master\Temp\junit4-main\src\main\java\junit\framework\Protectable.java,junit.framework.Protectable,interface,0,3,3,0,1,1,0,0,0,0.0,NaN,NaN,1,0,1,0,0,0,1,1,0,0,0,0,0,0,0,0,0,0,0,3,0,0,0,0,0,0,0,0,0,0,0,0,0,0,16,1,0
C:\Users\rique\Documents\Doutorado\SmellDetectionCaller-master\Temp\junit4-main\src\main\java\org\junit\rules\Timeout.java,org.junit.rules.Timeout$Builder,innerclass,2,2,0,2,7,1,0,0,15,0.7142857,0.0,0.0,7,0,3,0,4,0,7,0,0,0,3,0,0,3,0,0,0,0,0,28,6,0,0,0,0,0,1,6,0,3,0,0,0,0,82,9,0
C:\Users\rique\Documents\Doutorado\SmellDetectionCaller-master\Temp\junit4-main\src\main\java\org\junit\runner\manipulation\Sortable.java,org.junit.runner.manipulation.Sortable,interface,1,7,6,1,1,1,0,0,0,0.0,NaN,NaN,1,0,0,0,0,1,1,0,0,0,0,0,0,0,0,0,0,0,0,3,0,0,0,0,0,0,0,0,0,0,0,0,0,0,54,1,0
C:\Users\rique\Documents\Doutorado\SmellDetectionCaller-master\Temp\junit4-main\src\main\java\org\junit\runners\model\TestClass.java,org.junit.runners.model.TestClass$FieldComparator,innerclass,0,0,0,0,1,1,0,2,0,0.0,NaN,NaN,1,0,1,0,0,0,1,0,0,0,0,0,0,0,0,0,0,0,0,5,1,0,0,0,0,0,0,0,0,0,0,0,0,0,9,10,0
C:\Users\rique\Documents\Doutorado\SmellDetectionCaller-master\Temp\junit4-main\src\main\java\junit\framework\TestResult.java,junit.framework.TestResult,class,7,41,34,7,27,1,0,20,105,0.8,0.0,0.0,18,0,16,1,1,0,17,0,0,13,5,0,0,1,4,0,0,0,2,100,8,4,2,1,0,0,3,10,0,8,1,1,0,0,103,1,0
C:\Users\rique\Documents\Doutorado\SmellDetectionCaller-master\Temp\junit4-main\src\main\java\org\junit\internal\SerializableValueDescription.java,org.junit.internal.SerializableValueDescription,class,1,3,2,1,5,1,0,1,0,0.0,0.0,0.0,3,1,1,1,0,1,2,0,0,0,1,0,0,1,0,0,1,0,1,17,3,0,1,0,0,0,0,1,0,1,1,0,0,0,66,0,0
C:\Users\rique\Documents\Doutorado\SmellDetectionCaller-master\Temp\junit4-main\src\main\java\org\junit\runners\Parameterized.java,org.junit.runners.Parameterized,class,11,54,43,11,9,5,2,12,6,0.0,NaN,NaN,4,0,1,3,0,0,1,0,0,0,0,0,0,0,0,0,0,0,0,165,0,1,3,0,0,4,2,3,1,3,3,0,2,0,241,1,0
C:\Users\rique\Documents\Doutorado\SmellDetectionCaller-master\Temp\junit4-main\src\main\java\org\junit\experimental\results\ResultMatchers.java,org.junit.experimental.results.ResultMatchers,class,6,32,26,6,6,1,0,1,15,0.0,0.0,0.0,6,5,6,0,0,0,6,0,0,0,0,0,0,0,0,0,0,0,1,52,5,0,0,0,0,0,1,0,0,0,0,4,0,0,53,1,0
C:\Users\rique\Documents\Doutorado\SmellDetectionCaller-master\Temp\junit4-main\src\main\java\org\junit\runners\AllTests.java,org.junit.runners.AllTests,class,1,6,5,1,1,4,0,0,0,0.0,NaN,NaN,1,0,1,0,0,0,1,0,0,0,0,0,0,0,0,0,0,0,0,5,0,0,0,0,0,0,0,0,0,0,0,0,0,0,30,1,0
C:\Users\rique\Documents\Doutorado\SmellDetectionCaller-master\Temp\junit4-main\src\main\java\junit\runner\TestRunListener.java,junit.runner.TestRunListener,interface,0,0,0,0,6,1,0,0,15,1.0,0.0,0.0,6,0,0,0,0,6,6,0,0,0,2,0,0,0,0,2,0,0,0,10,0,0,0,0,0,0,2,2,0,2,0,0,0,0,38,1,0
C:\Users\rique\Documents\Doutorado\SmellDetectionCaller-master\Temp\junit4-main\src\main\java\org\junit\internal\runners\statements\RunBefores.java,org.junit.internal.runners.statements.RunBefores,class,3,8,5,3,4,2,2,3,0,0.33333334,0.0,0.0,3,0,2,0,1,0,3,0,0,0,3,0,0,3,0,0,3,0,0,19,0,1,0,0,0,0,0,3,0,3,1,0,0,0,14,1,0
C:\Users\rique\Documents\Doutorado\SmellDetectionCaller-master\Temp\junit4-main\src\main\java\junit\extensions\RepeatedTest.java,junit.extensions.RepeatedTest,class,3,5,2,3,7,3,0,4,0,0.25,0.0,0.0,4,0,4,0,0,0,4,0,0,0,1,0,0,1,0,0,0,0,0,24,2,1,0,0,0,2,2,2,2,2,2,0,0,0,26,1,0
C:\Users\rique\Documents\Doutorado\SmellDetectionCaller-master\Temp\junit4-main\src\main\java\org\junit\runners\RuleContainer.java,org.junit.runners.RuleContainer$RuleEntry,innerclass,0,0,0,0,2,1,0,1,0,0.4,NaN,NaN,1,0,0,0,0,1,1,0,0,0,5,2,0,0,0,5,5,0,0,12,0,0,1,0,0,0,2,5,0,5,0,0,0,0,21,8,0
C:\Users\rique\Documents\Doutorado\SmellDetectionCaller-master\Temp\junit4-main\src\main\java\org\junit\internal\runners\rules\RuleMemberValidator.java,org.junit.internal.runners.rules.RuleMemberValidator$Builder,innerclass,3,3,0,3,4,1,0,1,2,0.5833333,0.0,0.0,4,0,0,1,0,3,3,0,0,0,3,0,0,3,0,0,2,0,0,21,3,0,0,0,0,0,0,4,0,3,0,0,0,0,15,10,0
C:\Users\rique\Documents\Doutorado\SmellDetectionCaller-master\Temp\junit4-main\src\main\java\junit\framework\TestResult.java,junit.framework.TestResult$Anonymous1,anonymous,1,1,0,1,1,1,0,1,0,0.0,NaN,NaN,1,0,1,0,0,0,1,0,0,0,0,0,0,0,0,0,0,0,0,5,0,0,0,0,0,0,0,0,0,0,0,0,0,0,2,-1,0
