nomeSistema;class;cbo;wmc;dit;rfc;maxNested;loc;nom
junit4;org.junit.runner.Request;14;13;1;9;1;49;12
junit4;org.junit.validator.AnnotationsValidator$AnnotatableValidator;7;7;1;8;2;26;4
junit4;org.junit.internal.builders.NullBuilder;2;1;2;0;0;5;1
junit4;junit.framework.TestSuite;7;47;1;43;3;170;25
junit4;org.junit.runners.parameterized.BlockJUnit4ClassRunnerWithParameters$InjectionType;0;0;1;0;0;1;0
junit4;org.junit.internal.ArrayComparisonFailure;1;8;4;10;1;36;5
junit4;org.junit.runners.BlockJUnit4ClassRunner$Anonymous2;1;1;1;1;0;5;1
junit4;org.junit.internal.runners.InitializationError;0;4;3;1;0;16;4
junit4;org.junit.runners.BlockJUnit4ClassRunner$Anonymous1;2;1;1;2;0;5;1
junit4;junit.textui.ResultPrinter;7;23;1;26;1;83;17
junit4;org.junit.internal.management.ReflectiveRuntimeMXBean;1;7;1;2;2;40;2
junit4;org.junit.ComparisonFailure$ComparisonCompactor$DiffExtractor;2;8;1;6;1;29;6
junit4;org.junit.internal.management.FakeRuntimeMXBean;1;1;1;1;0;5;1
junit4;junit.extensions.ActiveTestSuite;4;10;2;6;2;47;8
junit4;org.junit.experimental.theories.Theories;12;27;5;37;3;182;10
junit4;org.junit.runner.manipulation.Filter;4;8;1;1;1;59;5
junit4;org.junit.experimental.categories.CategoryValidator;7;5;2;10;3;19;2
junit4;org.junit.ComparisonFailure;1;4;4;2;0;92;4
junit4;org.junit.runners.model.RunnerBuilder;7;14;1;18;2;55;8
junit4;org.junit.internal.Checks;1;5;1;0;1;16;3
junit4;org.junit.internal.management.ManagementFactory;2;2;1;0;0;50;2
junit4;org.junit.rules.Timeout$Anonymous1;0;1;1;0;0;5;1
junit4;org.junit.validator.AnnotationsValidator$MethodValidator;4;2;2;2;0;8;2
junit4;org.junit.internal.MethodSorter;3;5;1;6;1;39;3
junit4;org.junit.internal.Throwables;4;34;1;32;5;171;15
junit4;org.junit.runner.notification.RunListener;3;9;1;0;0;21;9
junit4;org.junit.experimental.theories.PotentialAssignment$Anonymous1;0;5;1;4;2;23;3
junit4;org.junit.internal.runners.statements.FailOnTimeout;8;33;2;35;3;178;11
junit4;org.junit.internal.builders.AllDefaultPossibilitiesBuilder;9;11;2;7;2;37;8
junit4;org.junit.rules.DisableOnDebug;6;9;1;6;2;30;5
junit4;org.junit.runners.model.NoGenericTypeParametersValidator;1;14;1;11;1;41;6
junit4;org.junit.experimental.theories.Theories$TheoryAnchor$Anonymous1$Anonymous2;3;3;1;6;1;14;1
junit4;org.junit.experimental.categories.Categories$CategoryFilter;5;40;2;26;3;136;20
junit4;org.junit.internal.management.ManagementFactory$FactoryHolder;1;9;1;3;2;30;1
junit4;org.junit.internal.matchers.StacktracePrintingMatcher;8;7;3;6;0;26;7
junit4;org.junit.internal.runners.MethodValidator;8;17;1;18;2;60;7
junit4;org.junit.runner.Result$Listener;5;6;2;6;0;21;6
junit4;org.junit.Assume;5;13;1;11;1;36;10
junit4;org.junit.internal.JUnitSystem;0;2;1;0;0;4;2
junit4;org.junit.internal.Throwables$State;1;2;1;3;0;41;2
junit4;org.junit.runners.JUnit4;2;1;4;0;0;5;1
junit4;org.junit.runner.JUnitCommandLineParseResult;8;24;3;23;5;102;11
junit4;junit.framework.Assert;3;63;1;37;1;159;39
junit4;org.junit.internal.requests.MemoizingRequest;3;4;2;3;3;19;2
junit4;org.junit.experimental.results.ResultMatchers$Anonymous3;5;3;1;7;0;9;2
junit4;org.junit.experimental.results.ResultMatchers$Anonymous4;2;3;1;4;0;8;2
junit4;junit.textui.TestRunner;8;30;2;27;2;122;18
junit4;org.junit.experimental.results.ResultMatchers$Anonymous1;2;3;1;2;0;8;2
junit4;org.junit.internal.InexactComparisonCriteria;2;4;2;2;1;17;3
junit4;org.junit.experimental.results.ResultMatchers$Anonymous2;3;2;1;5;0;8;2
junit4;junit.extensions.TestSetup$Anonymous1;2;1;1;3;0;7;1
junit4;org.junit.runner.FilterFactories;10;8;1;12;1;39;5
junit4;org.junit.experimental.max.MaxCore;12;23;1;32;2;98;13
junit4;org.junit.internal.management.ReflectiveThreadMXBean;1;13;1;1;2;67;3
junit4;org.junit.runners.RuleContainer;7;13;1;14;2;69;6
junit4;junit.framework.ComparisonFailure;2;4;5;2;0;20;4
junit4;org.junit.internal.builders.JUnit4Builder;3;1;2;0;0;5;1
junit4;org.junit.internal.runners.JUnit38ClassRunner$OldTestClassAdaptingListener;9;10;1;12;1;37;8
junit4;org.junit.runners.parameterized.TestWithParameters;3;10;1;12;1;44;7
junit4;org.junit.experimental.theories.suppliers.TestedOnSupplier;5;2;2;4;1;11;1
junit4;org.junit.internal.matchers.TypeSafeMatcher;4;11;2;11;3;26;6
junit4;org.junit.internal.RealSystem;1;2;1;1;0;8;2
junit4;org.junit.runner.manipulation.Alphanumeric$Anonymous1;1;1;1;2;0;5;1
junit4;org.junit.runners.model.MultipleFailureException;4;16;3;15;2;50;7
junit4;org.junit.internal.runners.JUnit4ClassRunner$Anonymous2;2;1;1;2;0;5;1
junit4;org.junit.internal.runners.JUnit4ClassRunner$Anonymous1;1;1;1;1;0;5;1
junit4;org.junit.internal.runners.rules.RuleMemberValidator$FieldMustBeATestRule;4;2;1;2;1;7;1
junit4;org.junit.internal.TextListener;6;17;2;22;1;66;12
junit4;org.junit.internal.MethodSorter$Anonymous2;0;2;1;3;1;9;1
junit4;org.junit.internal.MethodSorter$Anonymous1;0;3;1;3;1;10;1
junit4;org.junit.runners.ParentRunner;33;67;2;76;4;312;35
junit4;org.junit.experimental.runners.Enclosed;3;4;4;7;2;14;2
junit4;org.junit.runner.Computer$Anonymous2;0;1;1;0;0;5;1
junit4;org.junit.runner.Computer$Anonymous1;2;1;1;1;0;5;1
junit4;org.junit.runner.manipulation.Ordering$Context;1;2;1;0;0;9;2
junit4;org.junit.rules.Stopwatch$InternalWatcher;4;5;2;7;0;20;5
junit4;junit.framework.ComparisonCompactor;2;20;1;13;2;64;8
junit4;org.junit.rules.TestWatchman$Anonymous1;3;3;1;5;1;19;1
junit4;org.junit.rules.ErrorCollector$Anonymous1;2;1;1;1;0;6;1
junit4;org.junit.runners.model.TestClass;13;54;1;61;3;200;26
junit4;org.junit.internal.Classes;1;4;1;5;0;11;3
junit4;org.junit.internal.Throwables$State$Anonymous2;3;2;1;1;1;8;1
junit4;org.junit.internal.Throwables$State$Anonymous3;3;3;1;2;1;11;1
junit4;org.junit.internal.Throwables$State$Anonymous4;3;3;1;2;1;11;1
junit4;org.junit.internal.Throwables$State$Anonymous5;2;1;1;0;0;5;1
junit4;org.junit.internal.management.RuntimeMXBean;0;1;1;0;0;3;1
junit4;org.junit.validator.AnnotationsValidator$ClassValidator;3;2;2;2;0;8;2
junit4;org.junit.runner.manipulation.Sorter;4;6;2;3;1;29;5
junit4;org.junit.runners.parameterized.BlockJUnit4ClassRunnerWithParameters;20;34;8;42;3;143;15
junit4;org.junit.experimental.theories.internal.AllMembersSupplier;10;39;3;41;4;147;15
junit4;org.junit.runner.notification.StoppedByUserException;0;0;4;0;0;3;0
junit4;org.junit.rules.TestRule;2;1;1;0;0;3;1
junit4;org.junit.experimental.theories.PotentialAssignment;2;3;3;0;0;38;3
junit4;org.junit.internal.management.ManagementFactory$RuntimeHolder;5;2;1;2;0;6;1
junit4;org.junit.internal.runners.rules.RuleMemberValidator$MethodMustBeATestRule;4;2;1;2;1;7;1
junit4;org.junit.internal.runners.model.ReflectiveCallable;1;3;1;2;1;11;2
junit4;junit.framework.JUnit4TestAdapterCache$Anonymous1;4;3;1;6;0;11;3
junit4;org.junit.experimental.max.CouldNotReadCoreException;0;1;3;0;0;6;1
junit4;org.junit.experimental.theories.ParameterSignature;2;26;1;25;2;92;16
junit4;org.junit.ComparisonFailure$ComparisonCompactor;2;11;1;11;2;72;4
junit4;org.junit.internal.runners.rules.RuleMemberValidator$DeclaringClassMustBePublic;4;3;1;5;1;10;2
junit4;org.junit.internal.requests.SortingRequest;4;2;2;2;0;13;2
junit4;org.junit.runners.parameterized.BlockJUnit4ClassRunnerWithParameters$RunAfterParams;3;3;3;3;0;9;2
junit4;org.junit.function.ThrowingRunnable;0;1;1;0;0;3;1
junit4;org.junit.rules.ExternalResource;5;4;1;1;0;33;4
junit4;org.junit.internal.runners.statements.InvokeMethod;2;2;2;1;0;11;2
junit4;org.junit.internal.ComparisonCriteria;4;26;1;17;3;94;7
junit4;org.junit.experimental.max.MaxCore$Anonymous1;4;2;1;0;1;12;1
junit4;org.junit.runners.model.FrameworkMethod$Anonymous1;0;1;1;1;0;5;1
junit4;org.junit.validator.AnnotationValidator;3;3;1;1;0;12;3
junit4;org.junit.runners.model.InvalidTestClassError;2;4;4;6;1;20;3
junit4;org.junit.runners.Parameterized$RunnersFactory;12;27;1;33;2;111;11
junit4;org.junit.runner.manipulation.Ordering$Factory;2;1;1;0;0;3;1
junit4;org.junit.runners.Parameterized$AssumptionViolationRunner;6;3;2;3;0;14;3
junit4;org.junit.matchers.JUnitMatchers;6;10;1;10;0;32;10
junit4;org.junit.runners.model.MemberValueConsumer;2;1;1;0;0;3;1
junit4;junit.framework.JUnit4TestAdapter;14;17;1;20;2;57;13
junit4;org.junit.internal.runners.TestClass;6;24;1;17;3;74;12
junit4;org.junit.runners.BlockJUnit4ClassRunner$RuleCollector;6;3;1;5;2;13;1
junit4;org.junit.experimental.categories.ExcludeCategories;4;1;4;0;0;16;1
junit4;org.junit.validator.AnnotationsValidator;6;2;4;3;1;61;1
junit4;org.junit.rules.Stopwatch$Clock;0;1;1;1;0;5;1
junit4;org.junit.runners.model.FrameworkMethod;5;34;2;25;2;104;20
junit4;org.junit.runner.JUnitCore;14;14;1;25;1;58;13
junit4;org.junit.runner.Result;5;15;2;8;1;124;13
junit4;org.junit.internal.AssumptionViolatedException;6;13;4;11;2;56;8
junit4;org.junit.internal.matchers.ThrowableMessageMatcher;6;5;3;5;0;20;5
junit4;org.junit.runners.model.FrameworkMember;3;12;1;8;3;27;9
junit4;org.junit.experimental.ParallelComputer$Anonymous1;0;3;1;5;1;15;2
junit4;org.junit.internal.builders.SuiteMethodBuilder;4;4;2;2;1;17;2
junit4;org.junit.internal.runners.MethodRoadie$Anonymous3;1;1;1;1;0;5;1
junit4;org.junit.internal.runners.MethodRoadie$Anonymous1;2;4;1;7;2;27;1
junit4;org.junit.internal.runners.MethodRoadie;7;26;1;23;3;144;9
junit4;org.junit.experimental.theories.internal.Assignments;10;25;1;33;2;94;15
junit4;org.junit.internal.builders.IgnoredClassRunner;4;3;2;3;0;12;3
junit4;org.junit.internal.runners.FailedBefore;0;0;3;0;0;3;0
junit4;org.junit.runners.model.FrameworkField;3;15;2;13;2;49;12
junit4;org.junit.experimental.theories.internal.ParameterizedAssertionError;1;9;4;16;2;36;6
junit4;org.junit.runners.model.Annotatable;1;2;1;0;0;4;2
junit4;org.junit.runners.ParentRunner$Anonymous5;3;1;1;2;0;5;1
junit4;org.junit.runners.ParentRunner$Anonymous4;1;1;1;1;0;5;1
junit4;org.junit.runners.ParentRunner$Anonymous3;1;1;1;2;1;10;1
junit4;org.junit.internal.ComparisonCriteria$Anonymous1;0;1;1;0;0;5;1
junit4;org.junit.runner.Runner;4;3;1;2;0;7;3
junit4;org.junit.runners.ParentRunner$Anonymous2;1;1;1;1;0;5;1
junit4;org.junit.runners.ParentRunner$Anonymous1;0;2;1;1;0;7;2
junit4;org.junit.experimental.categories.CategoryFilterFactory;6;5;1;7;1;19;3
junit4;junit.framework.AssertionFailedError;1;4;4;1;0;11;3
junit4;org.junit.rules.TestWatcher$Anonymous1;3;3;1;8;1;22;1
junit4;org.junit.runner.Computer;5;3;1;1;0;21;3
junit4;org.junit.runner.manipulation.Filter$Anonymous3;2;2;1;2;0;8;2
junit4;org.junit.runner.manipulation.Filter$Anonymous2;2;5;1;6;2;16;2
junit4;org.junit.runner.notification.SynchronizedRunListener;6;15;2;12;1;69;13
junit4;org.junit.runner.manipulation.Filter$Anonymous1;2;4;1;0;0;13;4
junit4;org.junit.internal.runners.ErrorReportingRunner;8;20;2;18;2;65;8
junit4;org.junit.runners.parameterized.BlockJUnit4ClassRunnerWithParameters$RunBeforeParams;3;3;3;3;0;9;2
junit4;org.junit.runner.manipulation.NoTestsRemainException;0;0;3;0;0;3;0
junit4;org.junit.internal.runners.rules.RuleMemberValidator;17;11;1;14;1;132;8
junit4;org.junit.experimental.categories.Categories;9;21;5;17;2;197;8
junit4;org.junit.runner.manipulation.Orderer;4;8;1;7;1;30;3
junit4;org.junit.rules.TemporaryFolder$Builder;2;4;1;0;0;17;4
junit4;org.junit.rules.ExpectedException;12;16;2;15;1;73;15
junit4;org.junit.experimental.max.MaxHistory$TestComparator;3;6;1;5;1;19;2
junit4;org.junit.internal.runners.statements.ExpectException;2;7;2;4;2;29;2
junit4;org.junit.internal.runners.rules.RuleMemberValidator$MemberMustBeNonStaticOrAlsoClassRule;6;6;1;4;2;16;1
junit4;org.junit.rules.RuleChain;5;6;1;5;1;25;5
junit4;org.junit.internal.matchers.ThrowableCauseMatcher;6;5;3;5;0;20;5
junit4;org.junit.internal.requests.OrderingRequest;5;3;3;3;1;18;2
junit4;org.junit.runner.notification.RunNotifier;9;21;1;10;1;135;15
junit4;org.junit.experimental.categories.IncludeCategories;4;1;4;0;0;16;1
junit4;org.junit.rules.ExpectedException$ExpectedExceptionStatement;2;4;2;4;1;18;2
junit4;org.junit.runner.notification.RunNotifier$Anonymous6;1;2;1;1;1;7;1
junit4;org.junit.runner.notification.RunNotifier$Anonymous5;1;1;1;1;0;5;1
junit4;org.junit.runner.notification.RunNotifier$Anonymous4;1;1;1;1;0;5;1
junit4;junit.extensions.TestSetup;4;4;3;1;0;20;4
junit4;org.junit.runner.notification.RunNotifier$Anonymous3;1;1;1;1;0;5;1
junit4;org.junit.runner.notification.RunNotifier$Anonymous9;1;1;1;1;0;5;1
junit4;org.junit.runner.notification.RunNotifier$Anonymous8;1;1;1;1;0;5;1
junit4;org.junit.runner.notification.RunNotifier$Anonymous7;1;1;1;1;0;5;1
junit4;org.junit.runner.manipulation.Ordering$Anonymous1;1;2;1;1;0;10;2
junit4;org.junit.runner.notification.RunNotifier$Anonymous2;1;1;1;1;0;5;1
junit4;org.junit.runner.notification.RunNotifier$Anonymous1;1;1;1;1;0;5;1
junit4;org.junit.rules.Verifier;4;2;1;0;0;13;2
junit4;org.junit.runner.Request$Anonymous1;1;1;1;0;0;5;1
junit4;org.junit.internal.runners.rules.ValidationError;1;1;3;3;0;6;1
junit4;org.junit.internal.runners.rules.RuleMemberValidator$MemberMustBeStatic;3;2;1;2;1;7;1
junit4;org.junit.internal.runners.SuiteMethod;3;4;3;7;2;20;2
junit4;org.junit.experimental.results.PrintableResult;7;7;1;8;0;26;7
junit4;org.junit.internal.management.ManagementFactory$ThreadHolder;5;2;1;2;0;6;1
junit4;org.junit.internal.requests.ClassRequest;6;3;7;1;0;27;3
junit4;org.junit.rules.Timeout;8;11;1;9;1;77;10
junit4;junit.framework.TestCase;4;59;2;55;3;193;51
junit4;org.junit.runner.manipulation.Sorter$Anonymous1;1;1;1;0;0;5;1
junit4;org.junit.AssumptionViolatedException;3;4;5;0;0;15;4
junit4;org.junit.Test$None;0;1;2;0;0;5;1
junit4;org.junit.internal.runners.statements.FailOnTimeout$CallableStatement;1;4;1;3;1;19;2
junit4;org.junit.internal.requests.FilterRequest;4;3;2;5;1;18;2
junit4;org.junit.runners.MethodSorters;0;2;1;0;0;11;2
junit4;org.junit.rules.RunRules;4;4;2;3;1;15;3
junit4;org.junit.runner.notification.Failure;3;8;1;6;0;30;8
junit4;org.junit.runners.model.Statement;0;1;1;0;0;3;1
junit4;junit.framework.Test;1;2;1;0;0;4;2
junit4;org.junit.internal.management.FakeThreadMXBean;1;2;1;0;0;8;2
junit4;org.junit.experimental.ParallelComputer;6;9;2;4;1;43;6
junit4;org.junit.runners.parameterized.BlockJUnit4ClassRunnerWithParametersFactory;4;1;1;0;0;5;1
junit4;org.junit.internal.runners.ClassRoadie;6;14;1;10;3;63;6
junit4;org.junit.runners.model.TestTimedOutException;0;3;3;3;0;16;3
junit4;org.junit.runner.OrderWithValidator;3;2;2;3;1;8;1
junit4;junit.extensions.TestDecorator;4;6;2;4;0;21;6
junit4;org.junit.validator.TestClassValidator;1;1;1;0;0;3;1
junit4;org.junit.experimental.theories.Theories$TheoryAnchor;11;18;2;17;1;99;11
junit4;org.junit.runners.model.RunnerScheduler;0;2;1;0;0;4;2
junit4;org.junit.experimental.max.MaxCore$Anonymous1$Anonymous2;0;0;1;0;0;2;0
junit4;org.junit.experimental.theories.ParameterSupplier;2;1;1;0;0;3;1
junit4;org.junit.runner.FilterFactory$FilterNotCreatedException;0;1;3;1;0;5;1
junit4;org.junit.internal.runners.rules.RuleMemberValidator$MethodMustBeARule;4;2;1;2;1;7;1
junit4;org.junit.internal.runners.rules.RuleMemberValidator$MemberMustBePublic;3;2;1;2;1;7;1
junit4;org.junit.experimental.theories.Theories$TheoryAnchor$Anonymous1;8;5;1;8;1;32;4
junit4;org.junit.experimental.theories.Theories$TheoryAnchor$Anonymous3;4;2;1;4;1;9;1
junit4;org.junit.rules.TestWatcher;7;18;1;7;2;86;12
junit4;org.junit.internal.management.ThreadMXBean;0;2;1;0;0;4;2
junit4;org.junit.internal.runners.statements.RunAfters;4;6;2;5;3;33;3
junit4;org.junit.rules.Stopwatch;8;13;2;4;1;67;11
junit4;org.junit.runner.manipulation.Orderable;2;1;1;0;0;3;1
junit4;org.junit.internal.Throwables$Anonymous1;1;2;1;2;0;8;2
junit4;org.junit.internal.runners.MethodRoadie$Anonymous1$Anonymous2;1;1;1;1;0;6;1
junit4;org.junit.rules.TestName;2;2;2;1;0;9;2
junit4;org.junit.internal.runners.rules.RuleMemberValidator$RuleValidator;1;1;1;0;0;3;1
junit4;org.junit.experimental.theories.internal.EnumSupplier;3;3;2;4;1;14;2
junit4;junit.framework.TestListener;2;4;1;0;0;6;4
junit4;org.junit.Assert;17;107;1;64;3;318;71
junit4;org.junit.internal.runners.JUnit4ClassRunner;16;25;2;39;2;103;18
junit4;org.junit.runner.FilterFactory;2;1;3;0;0;8;1
junit4;org.junit.rules.MethodRule;2;1;1;0;0;3;1
junit4;org.junit.experimental.theories.PotentialAssignment$CouldNotGenerateValueException;0;2;3;0;0;8;2
junit4;org.junit.runner.FilterFactoryParams;1;5;1;0;1;17;3
junit4;junit.runner.BaseTestRunner;6;61;1;48;3;228;29
junit4;org.junit.internal.builders.AnnotatedBuilder;6;10;2;12;2;38;4
junit4;org.junit.runner.manipulation.Alphanumeric;6;2;3;0;0;14;2
junit4;org.junit.internal.runners.statements.Fail;1;2;2;0;0;9;2
junit4;org.junit.experimental.max.MaxHistory;6;15;2;13;3;111;11
junit4;org.junit.internal.runners.JUnit38ClassRunner;19;29;2;29;3;141;13
junit4;org.junit.validator.AnnotationValidatorFactory;2;3;1;5;1;18;1
junit4;org.junit.internal.management.ReflectiveRuntimeMXBean$Holder;1;4;1;2;1;17;0
junit4;org.junit.internal.runners.model.MultipleFailureException;1;1;4;0;0;6;1
junit4;junit.runner.Version;1;3;1;2;0;10;3
junit4;org.junit.runners.model.TestClass$MethodComparator;1;1;1;2;0;5;1
junit4;org.junit.rules.TemporaryFolder;4;44;2;31;3;182;19
junit4;org.junit.internal.requests.ClassRequest$CustomSuiteMethodBuilder;2;3;3;1;1;8;1
junit4;org.junit.runner.manipulation.Ordering;8;15;1;10;1;74;7
junit4;org.junit.validator.AnnotationsValidator$FieldValidator;4;2;2;2;0;8;2
junit4;org.junit.rules.ExpectedExceptionMatcherBuilder;4;7;1;9;1;24;6
junit4;org.junit.runners.RuleContainer$Anonymous1;2;5;1;1;0;9;2
junit4;org.junit.runners.model.TestClass$Anonymous2;2;1;1;1;0;5;1
junit4;org.junit.runners.model.TestClass$Anonymous1;2;1;1;1;0;5;1
junit4;org.junit.rules.ErrorCollector;8;11;2;9;1;54;6
junit4;org.junit.experimental.results.FailureList;3;4;1;2;2;19;2
junit4;org.junit.internal.SerializableMatcherDescription;6;6;2;2;1;20;4
junit4;org.junit.experimental.categories.IncludeCategories$IncludesAny;1;3;3;1;0;11;3
junit4;org.junit.runner.notification.RunNotifier$SafeNotifier;4;6;1;5;2;25;4
junit4;junit.framework.JUnit4TestCaseFacade;5;5;1;2;0;18;5
junit4;org.junit.experimental.theories.internal.AllMembersSupplier$MethodParameterValue;6;7;2;6;1;25;3
junit4;org.junit.runner.manipulation.Filterable;1;1;1;0;0;3;1
junit4;org.junit.internal.runners.model.EachTestNotifier;6;11;1;10;1;39;9
junit4;junit.framework.TestFailure;4;7;1;3;0;26;7
junit4;org.junit.runner.Description;2;41;1;26;2;134;28
junit4;junit.framework.TestSuite$Anonymous1;1;1;1;1;0;5;1
junit4;org.junit.runner.Result$SerializedForm;3;4;1;9;0;39;4
junit4;junit.extensions.ActiveTestSuite$Anonymous1;2;1;1;2;1;10;1
junit4;org.junit.runner.manipulation.InvalidOrderingException;0;3;3;0;0;11;3
junit4;org.junit.internal.runners.statements.FailOnTimeout$Builder;3;7;1;0;1;28;4
junit4;org.junit.runner.JUnitCommandLineParseResult$CommandLineParserError;0;1;3;0;0;6;1
junit4;org.junit.internal.ExactComparisonCriteria;2;1;2;1;0;5;1
junit4;org.junit.TestCouldNotBeSkippedException;1;1;4;0;0;6;1
junit4;org.junit.internal.builders.JUnit3Builder;5;3;2;2;1;11;2
junit4;org.junit.internal.builders.IgnoredBuilder;4;2;2;1;1;8;1
junit4;org.junit.experimental.theories.internal.SpecificDataPointsSupplier;7;13;3;16;2;53;5
junit4;org.junit.runners.parameterized.ParametersRunnerFactory;2;1;1;0;0;3;1
junit4;org.junit.runners.BlockJUnit4ClassRunner;30;55;3;67;3;211;32
junit4;org.junit.rules.Verifier$Anonymous1;2;1;1;2;0;6;1
junit4;org.junit.runners.Suite;9;12;3;9;1;46;10
junit4;org.junit.internal.runners.rules.RuleMemberValidator$FieldMustBeARule;4;2;1;2;1;7;1
junit4;org.junit.internal.management.ReflectiveThreadMXBean$Holder;1;4;1;2;1;22;0
junit4;org.junit.internal.requests.ClassRequest$CustomAllDefaultPossibilitiesBuilder;3;1;3;0;0;5;1
junit4;org.junit.experimental.max.MaxHistory$RememberingListener;5;4;2;8;0;18;4
junit4;org.junit.rules.TestWatchman;4;5;1;0;0;32;5
junit4;org.junit.rules.ExternalResource$Anonymous1;3;3;1;5;2;21;1
junit4;org.junit.runner.Describable;1;1;1;0;0;3;1
junit4;org.junit.experimental.theories.internal.BooleanSupplier;3;1;2;2;0;5;1
junit4;org.junit.runners.model.InitializationError;0;4;3;1;0;16;4
junit4;org.junit.internal.runners.TestMethod;7;14;1;9;1;43;9
junit4;org.junit.runners.ParentRunner$ClassRuleCollector;6;4;1;6;1;15;2
junit4;org.junit.validator.PublicClassValidator;2;2;1;4;1;11;1
junit4;org.junit.experimental.categories.ExcludeCategories$ExcludesAny;1;3;3;1;0;11;3
junit4;junit.framework.JUnit4TestAdapterCache;9;11;3;13;2;58;5
junit4;junit.framework.Protectable;0;1;1;0;0;3;1
junit4;org.junit.rules.Timeout$Builder;2;7;1;0;0;28;7
junit4;org.junit.runner.manipulation.Sortable;1;1;1;0;0;3;1
junit4;org.junit.runners.model.TestClass$FieldComparator;0;1;1;2;0;5;1
junit4;junit.framework.TestResult;7;27;1;20;1;100;18
junit4;org.junit.internal.SerializableValueDescription;1;5;1;1;1;17;3
junit4;org.junit.runners.Parameterized;11;9;5;12;3;165;4
junit4;org.junit.experimental.results.ResultMatchers;6;6;1;1;0;52;6
junit4;org.junit.runners.AllTests;1;1;4;0;0;5;1
junit4;junit.runner.TestRunListener;0;6;1;0;0;10;6
junit4;org.junit.internal.runners.statements.RunBefores;3;4;2;3;1;19;3
junit4;junit.extensions.RepeatedTest;3;7;3;4;2;24;4
junit4;org.junit.runners.RuleContainer$RuleEntry;0;2;1;1;0;12;1
junit4;org.junit.internal.runners.rules.RuleMemberValidator$Builder;3;4;1;1;0;21;4
junit4;junit.framework.TestResult$Anonymous1;1;1;1;1;0;5;1
