retrofit;retrofit.android.AndroidApacheClient;LazyClass
retrofit;retrofit.Callback;LazyClass
retrofit;retrofit.client.Client.Provider;LazyClass
retrofit;retrofit.converter.Converter;LazyClass
retrofit;retrofit.Endpoint;LazyClass
retrofit;retrofit.Platform.OkClientInstantiator;LazyClass
retrofit;retrofit.RxSupport.Invoker;LazyClass
retrofit;retrofit.ErrorHandlerTest.TestException;LazyClass
retrofit;retrofit.RestAdapterTest.InvalidExample;LazyClass
retrofit;retrofit.RestMethodInfoTest.ResponseCallback;LazyClass
retrofit;retrofit.RestMethodInfoTest.MultimapCallback;LazyClass
retrofit;retrofit.MockRestAdapterTest.SyncExample;LazyClass
retrofit;retrofit.MockRestAdapterTest.AsyncExample;LazyClass
retrofit;retrofit.MockRestAdapterTest.AsyncCallbackSubtypeExample.Foo;LazyClass
retrofit;retrofit.MockRestAdapterTest.ObservableExample;LazyClass
retrofit;com.example.retrofit.GitHubClient.Contributor;LazyClass
