retrofit;retrofit.client.Request.Request;LongParameterList
retrofit;retrofit.client.Response.Response;LongParameterList
retrofit;retrofit.mime.MultipartTypedOutput.MimePart.MimePart;LongParameterList
retrofit;retrofit.Profiler.afterCall;LongParameterList
retrofit;retrofit.Profiler.RequestInformation.RequestInformation;LongParameterList
retrofit;retrofit.RestAdapter.RestAdapter;LongParameterList
retrofit;retrofit.RetrofitError.conversionError;LongParameterList
retrofit;retrofit.RetrofitError.httpError;LongParameterList
retrofit;retrofit.RetrofitError.RetrofitError;LongParameterList
retrofit;retrofit.MockHttpRetrofitError.MockHttpRetrofitError;LongParameterList
retrofit;retrofit.MockRestAdapter.MockRxSupport.createMockObservable;LongParameterList
