retrofit;retrofit.android.AndroidApacheClient.AndroidApacheClient;NonSmelly
retrofit;retrofit.android.AndroidApacheClient;LazyClass
retrofit;retrofit.android.AndroidLog.AndroidLog;NonSmelly
retrofit;retrofit.android.AndroidLog.log;NonSmelly
retrofit;retrofit.android.AndroidLog.logChunk;NonSmelly
retrofit;retrofit.android.AndroidLog.getTag;NonSmelly
retrofit;retrofit.android.AndroidLog.getTag;NonSmelly
retrofit;retrofit.android.MainThreadExecutor.execute;NonSmelly
retrofit;retrofit.android.MainThreadExecutor.execute;NonSmelly
retrofit;retrofit.appengine.UrlFetchClient.getHttpMethod;NonSmelly
retrofit;retrofit.appengine.UrlFetchClient.UrlFetchClient;NonSmelly
retrofit;retrofit.appengine.UrlFetchClient.UrlFetchClient;NonSmelly
retrofit;retrofit.appengine.UrlFetchClient.execute;NonSmelly
retrofit;retrofit.appengine.UrlFetchClient.execute;NonSmelly
retrofit;retrofit.appengine.UrlFetchClient.createRequest;FeatureEnvy
retrofit;retrofit.appengine.UrlFetchClient.parseResponse;NonSmelly
retrofit;retrofit.appengine.UrlFetchClient;ComplexClass
retrofit;retrofit.Callback.success;NonSmelly
retrofit;retrofit.Callback.failure;NonSmelly
retrofit;retrofit.Callback;LazyClass
retrofit;retrofit.CallbackRunnable.CallbackRunnable;NonSmelly
retrofit;retrofit.CallbackRunnable.run;NonSmelly
retrofit;retrofit.CallbackRunnable.obtainResponse;NonSmelly
retrofit;retrofit.CallbackRunnable;SpeculativeGenerality
retrofit;retrofit.client.ApacheClient.createDefaultClient;NonSmelly
retrofit;retrofit.client.ApacheClient.ApacheClient;NonSmelly
retrofit;retrofit.client.ApacheClient.ApacheClient;NonSmelly
retrofit;retrofit.client.ApacheClient.execute;NonSmelly
retrofit;retrofit.client.ApacheClient.execute;NonSmelly
retrofit;retrofit.client.ApacheClient.createRequest;NonSmelly
retrofit;retrofit.client.ApacheClient.parseResponse;NonSmelly
retrofit;retrofit.client.ApacheClient.parseResponse;NonSmelly
retrofit;retrofit.client.ApacheClient.GenericHttpRequest.GenericHttpRequest;NonSmelly
retrofit;retrofit.client.ApacheClient.GenericHttpRequest.getMethod;NonSmelly
retrofit;retrofit.client.ApacheClient.GenericHttpRequest.getMethod;NonSmelly
retrofit;retrofit.client.ApacheClient.GenericEntityHttpRequest.GenericEntityHttpRequest;FeatureEnvy
retrofit;retrofit.client.ApacheClient.GenericEntityHttpRequest.getMethod;NonSmelly
retrofit;retrofit.client.ApacheClient.GenericEntityHttpRequest.getMethod;NonSmelly
retrofit;retrofit.client.ApacheClient.TypedOutputEntity.TypedOutputEntity;NonSmelly
retrofit;retrofit.client.ApacheClient.TypedOutputEntity.isRepeatable;NonSmelly
retrofit;retrofit.client.ApacheClient.TypedOutputEntity.getContentLength;NonSmelly
retrofit;retrofit.client.ApacheClient.TypedOutputEntity.getContent;NonSmelly
retrofit;retrofit.client.ApacheClient.TypedOutputEntity.writeTo;NonSmelly
retrofit;retrofit.client.ApacheClient.TypedOutputEntity.isStreaming;NonSmelly
retrofit;retrofit.client.ApacheClient.TypedOutputEntity.isStreaming;NonSmelly
retrofit;retrofit.client.Client.execute;NonSmelly
retrofit;retrofit.client.Client.execute;NonSmelly
retrofit;retrofit.client.Client.Provider.get;NonSmelly
retrofit;retrofit.client.Client.Provider;LazyClass
retrofit;retrofit.client.Defaults.Defaults;NonSmelly
retrofit;retrofit.client.Defaults.Defaults;NonSmelly
retrofit;retrofit.client.Header.Header;NonSmelly
retrofit;retrofit.client.Header.getName;NonSmelly
retrofit;retrofit.client.Header.getValue;NonSmelly
retrofit;retrofit.client.Header.equals;NonSmelly
retrofit;retrofit.client.Header.hashCode;NonSmelly
retrofit;retrofit.client.Header.toString;NonSmelly
retrofit;retrofit.client.Header.toString;NonSmelly
retrofit;retrofit.client.OkClient.generateDefaultOkHttp;NonSmelly
retrofit;retrofit.client.OkClient.OkClient;NonSmelly
retrofit;retrofit.client.OkClient.OkClient;NonSmelly
retrofit;retrofit.client.OkClient.openConnection;NonSmelly
retrofit;retrofit.client.OkClient.openConnection;NonSmelly
retrofit;retrofit.client.Request.Request;LongParameterList
retrofit;retrofit.client.Request.getMethod;NonSmelly
retrofit;retrofit.client.Request.getUrl;NonSmelly
retrofit;retrofit.client.Request.getHeaders;NonSmelly
retrofit;retrofit.client.Request.getBody;NonSmelly
retrofit;retrofit.client.Request.getBody;NonSmelly
retrofit;retrofit.client.Response.Response;LongParameterList
retrofit;retrofit.client.Response.getUrl;NonSmelly
retrofit;retrofit.client.Response.getStatus;NonSmelly
retrofit;retrofit.client.Response.getReason;NonSmelly
retrofit;retrofit.client.Response.getHeaders;NonSmelly
retrofit;retrofit.client.Response.getBody;NonSmelly
retrofit;retrofit.client.Response;DataClass
retrofit;retrofit.client.UrlConnectionClient.UrlConnectionClient;NonSmelly
retrofit;retrofit.client.UrlConnectionClient.execute;NonSmelly
retrofit;retrofit.client.UrlConnectionClient.openConnection;NonSmelly
retrofit;retrofit.client.UrlConnectionClient.prepareRequest;NonSmelly
retrofit;retrofit.client.UrlConnectionClient.readResponse;NonSmelly
retrofit;retrofit.client.UrlConnectionClient.readResponse;NonSmelly
retrofit;retrofit.client.UrlConnectionClient.TypedInputStream.TypedInputStream;NonSmelly
retrofit;retrofit.client.UrlConnectionClient.TypedInputStream.mimeType;NonSmelly
retrofit;retrofit.client.UrlConnectionClient.TypedInputStream.length;NonSmelly
retrofit;retrofit.client.UrlConnectionClient.TypedInputStream.in;NonSmelly
retrofit;retrofit.client.UrlConnectionClient.TypedInputStream.in;NonSmelly
retrofit;retrofit.converter.ConversionException.ConversionException;NonSmelly
retrofit;retrofit.converter.ConversionException.ConversionException;NonSmelly
retrofit;retrofit.converter.ConversionException.ConversionException;NonSmelly
retrofit;retrofit.converter.ConversionException;RefusedBequest
retrofit;retrofit.converter.Converter.fromBody;NonSmelly
retrofit;retrofit.converter.Converter.toBody;NonSmelly
retrofit;retrofit.converter.Converter;LazyClass
retrofit;retrofit.converter.GsonConverter.GsonConverter;NonSmelly
retrofit;retrofit.converter.GsonConverter.GsonConverter;NonSmelly
retrofit;retrofit.converter.GsonConverter.fromBody;NonSmelly
retrofit;retrofit.converter.GsonConverter.toBody;NonSmelly
retrofit;retrofit.converter.GsonConverter.toBody;NonSmelly
retrofit;retrofit.converter.GsonConverter.JsonTypedOutput.JsonTypedOutput;NonSmelly
retrofit;retrofit.converter.GsonConverter.JsonTypedOutput.fileName;NonSmelly
retrofit;retrofit.converter.GsonConverter.JsonTypedOutput.mimeType;NonSmelly
retrofit;retrofit.converter.GsonConverter.JsonTypedOutput.length;NonSmelly
retrofit;retrofit.converter.GsonConverter.JsonTypedOutput.writeTo;NonSmelly
retrofit;retrofit.converter.GsonConverter.JsonTypedOutput.writeTo;NonSmelly
retrofit;retrofit.Endpoint.getUrl;NonSmelly
retrofit;retrofit.Endpoint.getName;NonSmelly
retrofit;retrofit.Endpoint;LazyClass
retrofit;retrofit.Endpoints.Endpoints;NonSmelly
retrofit;retrofit.Endpoints.newFixedEndpoint;NonSmelly
retrofit;retrofit.Endpoints.newFixedEndpoint;NonSmelly
retrofit;retrofit.Endpoints.newFixedEndpoint;NonSmelly
retrofit;retrofit.Endpoints.FixedEndpoint.FixedEndpoint;NonSmelly
retrofit;retrofit.Endpoints.FixedEndpoint.getUrl;NonSmelly
retrofit;retrofit.Endpoints.FixedEndpoint.getName;NonSmelly
retrofit;retrofit.Endpoints.FixedEndpoint.getName;NonSmelly
retrofit;retrofit.ErrorHandler.handleError;NonSmelly
retrofit;retrofit.ErrorHandler.handleError;NonSmelly
retrofit;retrofit.ExceptionCatchingTypedInput.ExceptionCatchingTypedInput;NonSmelly
retrofit;retrofit.ExceptionCatchingTypedInput.mimeType;NonSmelly
retrofit;retrofit.ExceptionCatchingTypedInput.length;NonSmelly
retrofit;retrofit.ExceptionCatchingTypedInput.in;NonSmelly
retrofit;retrofit.ExceptionCatchingTypedInput.getThrownException;NonSmelly
retrofit;retrofit.ExceptionCatchingTypedInput.threwException;NonSmelly
retrofit;retrofit.ExceptionCatchingTypedInput.threwException;NonSmelly
retrofit;retrofit.ExceptionCatchingTypedInput.ExceptionCatchingInputStream.ExceptionCatchingInputStream;NonSmelly
retrofit;retrofit.ExceptionCatchingTypedInput.ExceptionCatchingInputStream.read;NonSmelly
retrofit;retrofit.ExceptionCatchingTypedInput.ExceptionCatchingInputStream.read;NonSmelly
retrofit;retrofit.ExceptionCatchingTypedInput.ExceptionCatchingInputStream.read;NonSmelly
retrofit;retrofit.ExceptionCatchingTypedInput.ExceptionCatchingInputStream.skip;NonSmelly
retrofit;retrofit.ExceptionCatchingTypedInput.ExceptionCatchingInputStream.available;NonSmelly
retrofit;retrofit.ExceptionCatchingTypedInput.ExceptionCatchingInputStream.close;NonSmelly
retrofit;retrofit.ExceptionCatchingTypedInput.ExceptionCatchingInputStream.mark;NonSmelly
retrofit;retrofit.ExceptionCatchingTypedInput.ExceptionCatchingInputStream.reset;NonSmelly
retrofit;retrofit.ExceptionCatchingTypedInput.ExceptionCatchingInputStream.markSupported;NonSmelly
retrofit;retrofit.ExceptionCatchingTypedInput.ExceptionCatchingInputStream;RefusedBequest
retrofit;retrofit.mime.FormUrlEncodedTypedOutput.addField;NonSmelly
retrofit;retrofit.mime.FormUrlEncodedTypedOutput.fileName;NonSmelly
retrofit;retrofit.mime.FormUrlEncodedTypedOutput.mimeType;NonSmelly
retrofit;retrofit.mime.FormUrlEncodedTypedOutput.length;NonSmelly
retrofit;retrofit.mime.FormUrlEncodedTypedOutput.writeTo;NonSmelly
retrofit;retrofit.mime.FormUrlEncodedTypedOutput.writeTo;NonSmelly
retrofit;retrofit.mime.MimeUtil.parseCharset;NonSmelly
retrofit;retrofit.mime.MimeUtil.MimeUtil;NonSmelly
retrofit;retrofit.mime.MimeUtil.MimeUtil;NonSmelly
retrofit;retrofit.mime.MultipartTypedOutput.MultipartTypedOutput;NonSmelly
retrofit;retrofit.mime.MultipartTypedOutput.MultipartTypedOutput;NonSmelly
retrofit;retrofit.mime.MultipartTypedOutput.getParts;NonSmelly
retrofit;retrofit.mime.MultipartTypedOutput.addPart;NonSmelly
retrofit;retrofit.mime.MultipartTypedOutput.getPartCount;NonSmelly
retrofit;retrofit.mime.MultipartTypedOutput.fileName;NonSmelly
retrofit;retrofit.mime.MultipartTypedOutput.mimeType;NonSmelly
retrofit;retrofit.mime.MultipartTypedOutput.length;NonSmelly
retrofit;retrofit.mime.MultipartTypedOutput.writeTo;NonSmelly
retrofit;retrofit.mime.MultipartTypedOutput.buildBoundary;NonSmelly
retrofit;retrofit.mime.MultipartTypedOutput.buildHeader;FeatureEnvy
retrofit;retrofit.mime.MultipartTypedOutput.buildHeader;NonSmelly
retrofit;retrofit.mime.MultipartTypedOutput.MimePart.MimePart;LongParameterList
retrofit;retrofit.mime.MultipartTypedOutput.MimePart.writeTo;NonSmelly
retrofit;retrofit.mime.MultipartTypedOutput.MimePart.size;NonSmelly
retrofit;retrofit.mime.MultipartTypedOutput.MimePart.build;NonSmelly
retrofit;retrofit.mime.MultipartTypedOutput.MimePart.build;NonSmelly
retrofit;retrofit.mime.TypedByteArray.TypedByteArray;NonSmelly
retrofit;retrofit.mime.TypedByteArray.getBytes;NonSmelly
retrofit;retrofit.mime.TypedByteArray.fileName;NonSmelly
retrofit;retrofit.mime.TypedByteArray.mimeType;NonSmelly
retrofit;retrofit.mime.TypedByteArray.length;NonSmelly
retrofit;retrofit.mime.TypedByteArray.writeTo;NonSmelly
retrofit;retrofit.mime.TypedByteArray.in;NonSmelly
retrofit;retrofit.mime.TypedByteArray.equals;NonSmelly
retrofit;retrofit.mime.TypedByteArray.hashCode;NonSmelly
retrofit;retrofit.mime.TypedByteArray.hashCode;NonSmelly
retrofit;retrofit.mime.TypedFile.TypedFile;NonSmelly
retrofit;retrofit.mime.TypedFile.file;NonSmelly
retrofit;retrofit.mime.TypedFile.mimeType;NonSmelly
retrofit;retrofit.mime.TypedFile.length;NonSmelly
retrofit;retrofit.mime.TypedFile.fileName;NonSmelly
retrofit;retrofit.mime.TypedFile.in;NonSmelly
retrofit;retrofit.mime.TypedFile.writeTo;NonSmelly
retrofit;retrofit.mime.TypedFile.moveTo;NonSmelly
retrofit;retrofit.mime.TypedFile.toString;NonSmelly
retrofit;retrofit.mime.TypedFile.equals;NonSmelly
retrofit;retrofit.mime.TypedFile.hashCode;NonSmelly
retrofit;retrofit.mime.TypedFile.hashCode;NonSmelly
retrofit;retrofit.mime.TypedInput.mimeType;NonSmelly
retrofit;retrofit.mime.TypedInput.length;NonSmelly
retrofit;retrofit.mime.TypedInput.in;NonSmelly
retrofit;retrofit.mime.TypedInput.in;NonSmelly
retrofit;retrofit.mime.TypedOutput.fileName;NonSmelly
retrofit;retrofit.mime.TypedOutput.mimeType;NonSmelly
retrofit;retrofit.mime.TypedOutput.length;NonSmelly
retrofit;retrofit.mime.TypedOutput.writeTo;NonSmelly
retrofit;retrofit.mime.TypedOutput.writeTo;NonSmelly
retrofit;retrofit.mime.TypedString.TypedString;NonSmelly
retrofit;retrofit.mime.TypedString.convertToBytes;NonSmelly
retrofit;retrofit.mime.TypedString.convertToBytes;NonSmelly
retrofit;retrofit.Platform.get;NonSmelly
retrofit;retrofit.Platform.findPlatform;NonSmelly
retrofit;retrofit.Platform.defaultConverter;NonSmelly
retrofit;retrofit.Platform.defaultClient;NonSmelly
retrofit;retrofit.Platform.defaultHttpExecutor;NonSmelly
retrofit;retrofit.Platform.defaultCallbackExecutor;NonSmelly
retrofit;retrofit.Platform.defaultLog;NonSmelly
retrofit;retrofit.Platform.hasOkHttpOnClasspath;NonSmelly
retrofit;retrofit.Platform.hasRxJavaOnClasspath;NonSmelly
retrofit;retrofit.Platform;SpeculativeGenerality
retrofit;retrofit.Platform.Base.defaultConverter;NonSmelly
retrofit;retrofit.Platform.Base.defaultClient;NonSmelly
retrofit;retrofit.Platform.Base.defaultHttpExecutor;NonSmelly
retrofit;retrofit.Platform.Base.defaultCallbackExecutor;NonSmelly
retrofit;retrofit.Platform.Base.defaultLog;NonSmelly
retrofit;retrofit.Platform.Base;RefusedBequest
retrofit;retrofit.Platform.Android.defaultConverter;NonSmelly
retrofit;retrofit.Platform.Android.defaultClient;NonSmelly
retrofit;retrofit.Platform.Android.defaultHttpExecutor;NonSmelly
retrofit;retrofit.Platform.Android.defaultCallbackExecutor;NonSmelly
retrofit;retrofit.Platform.Android.defaultLog;NonSmelly
retrofit;retrofit.Platform.Android;RefusedBequest
retrofit;retrofit.Platform.AppEngine.defaultClient;NonSmelly
retrofit;retrofit.Platform.AppEngine.defaultClient;NonSmelly
retrofit;retrofit.Platform.OkClientInstantiator.instantiate;NonSmelly
retrofit;retrofit.Platform.OkClientInstantiator;LazyClass
retrofit;retrofit.Profiler.beforeCall;NonSmelly
retrofit;retrofit.Profiler.afterCall;LongParameterList
retrofit;retrofit.Profiler.afterCall;NonSmelly
retrofit;retrofit.Profiler.RequestInformation.RequestInformation;LongParameterList
retrofit;retrofit.Profiler.RequestInformation.getMethod;NonSmelly
retrofit;retrofit.Profiler.RequestInformation.getBaseUrl;NonSmelly
retrofit;retrofit.Profiler.RequestInformation.getRelativePath;NonSmelly
retrofit;retrofit.Profiler.RequestInformation.getContentLength;NonSmelly
retrofit;retrofit.Profiler.RequestInformation.getContentType;NonSmelly
retrofit;retrofit.Profiler.RequestInformation;DataClass
retrofit;retrofit.RequestBuilder.RequestBuilder;LongMethod
retrofit;retrofit.RequestBuilder.addHeader;NonSmelly
retrofit;retrofit.RequestBuilder.addPathParam;NonSmelly
retrofit;retrofit.RequestBuilder.addEncodedPathParam;NonSmelly
retrofit;retrofit.RequestBuilder.addPathParam;NonSmelly
retrofit;retrofit.RequestBuilder.addQueryParam;NonSmelly
retrofit;retrofit.RequestBuilder.addEncodedQueryParam;NonSmelly
retrofit;retrofit.RequestBuilder.addQueryParam;NonSmelly
retrofit;retrofit.RequestBuilder.setArguments;LongMethod
retrofit;retrofit.RequestBuilder.setArguments;BrainMethod
retrofit;retrofit.RequestBuilder.build;NonSmelly
retrofit;retrofit.RequestBuilder;ComplexClass
retrofit;retrofit.RequestBuilder;SpaghettiCode
retrofit;retrofit.RequestBuilder.MimeOverridingTypedOutput.MimeOverridingTypedOutput;NonSmelly
retrofit;retrofit.RequestBuilder.MimeOverridingTypedOutput.fileName;NonSmelly
retrofit;retrofit.RequestBuilder.MimeOverridingTypedOutput.mimeType;NonSmelly
retrofit;retrofit.RequestBuilder.MimeOverridingTypedOutput.length;NonSmelly
retrofit;retrofit.RequestBuilder.MimeOverridingTypedOutput.writeTo;NonSmelly
retrofit;retrofit.RequestBuilder.MimeOverridingTypedOutput.writeTo;NonSmelly
retrofit;retrofit.RequestInterceptor.intercept;NonSmelly
retrofit;retrofit.RequestInterceptor.intercept;NonSmelly
retrofit;retrofit.RequestInterceptor.RequestFacade.addHeader;NonSmelly
retrofit;retrofit.RequestInterceptor.RequestFacade.addPathParam;NonSmelly
retrofit;retrofit.RequestInterceptor.RequestFacade.addEncodedPathParam;NonSmelly
retrofit;retrofit.RequestInterceptor.RequestFacade.addQueryParam;NonSmelly
retrofit;retrofit.RequestInterceptor.RequestFacade.addEncodedQueryParam;NonSmelly
retrofit;retrofit.RequestInterceptor.RequestFacade.addEncodedQueryParam;NonSmelly
retrofit;retrofit.RequestInterceptorTape.addHeader;NonSmelly
retrofit;retrofit.RequestInterceptorTape.addPathParam;NonSmelly
retrofit;retrofit.RequestInterceptorTape.addEncodedPathParam;NonSmelly
retrofit;retrofit.RequestInterceptorTape.addQueryParam;NonSmelly
retrofit;retrofit.RequestInterceptorTape.addEncodedQueryParam;NonSmelly
retrofit;retrofit.RequestInterceptorTape.intercept;NonSmelly
retrofit;retrofit.RequestInterceptorTape.Command.intercept;NonSmelly
retrofit;retrofit.RequestInterceptorTape.Command.intercept;NonSmelly
retrofit;retrofit.RequestInterceptorTape.CommandWithParams.CommandWithParams;NonSmelly
retrofit;retrofit.RequestInterceptorTape.CommandWithParams.CommandWithParams;NonSmelly
retrofit;retrofit.ResponseCallback.success;NonSmelly
retrofit;retrofit.ResponseCallback.success;NonSmelly
retrofit;retrofit.ResponseCallback;SpeculativeGenerality
retrofit;retrofit.ResponseWrapper.ResponseWrapper;NonSmelly
retrofit;retrofit.ResponseWrapper.ResponseWrapper;NonSmelly
retrofit;retrofit.RestAdapter.LogLevel.log;NonSmelly
retrofit;retrofit.RestAdapter.RestAdapter;LongParameterList
retrofit;retrofit.RestAdapter.setLogLevel;NonSmelly
retrofit;retrofit.RestAdapter.getLogLevel;NonSmelly
retrofit;retrofit.RestAdapter.create;NonSmelly
retrofit;retrofit.RestAdapter.getMethodInfoCache;NonSmelly
retrofit;retrofit.RestAdapter.getMethodInfo;NonSmelly
retrofit;retrofit.RestAdapter.logAndReplaceRequest;FeatureEnvy
retrofit;retrofit.RestAdapter.logAndReplaceRequest;DispersedCoupling
retrofit;retrofit.RestAdapter.logAndReplaceResponse;FeatureEnvy
retrofit;retrofit.RestAdapter.logAndReplaceResponse;DispersedCoupling
retrofit;retrofit.RestAdapter.logException;NonSmelly
retrofit;retrofit.RestAdapter.getRequestInfo;NonSmelly
retrofit;retrofit.RestAdapter.getRequestInfo;NonSmelly
retrofit;retrofit.RestAdapter.Log.log;NonSmelly
retrofit;retrofit.RestAdapter.Log.log;NonSmelly
retrofit;retrofit.RestAdapter.RestHandler.RestHandler;NonSmelly
retrofit;retrofit.RestAdapter.RestHandler.invoke;LongMethod
retrofit;retrofit.RestAdapter.RestHandler.invokeRequest;FeatureEnvy
retrofit;retrofit.RestAdapter.RestHandler.invokeRequest;LongMethod
retrofit;retrofit.RestAdapter.RestHandler.invokeRequest;DispersedCoupling
retrofit;retrofit.RestAdapter.RestHandler;ComplexClass
retrofit;retrofit.RestAdapter.RestHandler;SpaghettiCode
retrofit;retrofit.RestAdapter.Builder.setEndpoint;NonSmelly
retrofit;retrofit.RestAdapter.Builder.setEndpoint;NonSmelly
retrofit;retrofit.RestAdapter.Builder.setClient;NonSmelly
retrofit;retrofit.RestAdapter.Builder.setClient;NonSmelly
retrofit;retrofit.RestAdapter.Builder.setExecutors;NonSmelly
retrofit;retrofit.RestAdapter.Builder.setRequestInterceptor;NonSmelly
retrofit;retrofit.RestAdapter.Builder.setConverter;NonSmelly
retrofit;retrofit.RestAdapter.Builder.setProfiler;NonSmelly
retrofit;retrofit.RestAdapter.Builder.setErrorHandler;NonSmelly
retrofit;retrofit.RestAdapter.Builder.setLog;NonSmelly
retrofit;retrofit.RestAdapter.Builder.setLogLevel;NonSmelly
retrofit;retrofit.RestAdapter.Builder.build;NonSmelly
retrofit;retrofit.RestAdapter.Builder.ensureSaneDefaults;FeatureEnvy
retrofit;retrofit.RestAdapter.Builder.ensureSaneDefaults;NonSmelly
retrofit;retrofit.RestMethodInfo.RestMethodInfo;NonSmelly
retrofit;retrofit.RestMethodInfo.methodError;NonSmelly
retrofit;retrofit.RestMethodInfo.parameterError;NonSmelly
retrofit;retrofit.RestMethodInfo.init;NonSmelly
retrofit;retrofit.RestMethodInfo.parseMethodAnnotations;LongMethod
retrofit;retrofit.RestMethodInfo.parsePath;NonSmelly
retrofit;retrofit.RestMethodInfo.parseHeaders;NonSmelly
retrofit;retrofit.RestMethodInfo.parseResponseType;LongMethod
retrofit;retrofit.RestMethodInfo.getParameterUpperBound;NonSmelly
retrofit;retrofit.RestMethodInfo.parseParameters;LongMethod
retrofit;retrofit.RestMethodInfo.parseParameters;DispersedCoupling
retrofit;retrofit.RestMethodInfo.parseParameters;BrainMethod
retrofit;retrofit.RestMethodInfo.validatePathName;NonSmelly
retrofit;retrofit.RestMethodInfo.parsePathParameters;NonSmelly
retrofit;retrofit.RestMethodInfo;ComplexClass
retrofit;retrofit.RestMethodInfo;SpaghettiCode
retrofit;retrofit.RestMethodInfo.RxSupport.isObservable;NonSmelly
retrofit;retrofit.RestMethodInfo.RxSupport.getObservableType;NonSmelly
retrofit;retrofit.RestMethodInfo.RxSupport.getObservableType;NonSmelly
retrofit;retrofit.RetrofitError.networkError;NonSmelly
retrofit;retrofit.RetrofitError.conversionError;LongParameterList
retrofit;retrofit.RetrofitError.httpError;LongParameterList
retrofit;retrofit.RetrofitError.unexpectedError;NonSmelly
retrofit;retrofit.RetrofitError.RetrofitError;LongParameterList
retrofit;retrofit.RetrofitError.getUrl;NonSmelly
retrofit;retrofit.RetrofitError.getResponse;NonSmelly
retrofit;retrofit.RetrofitError.isNetworkError;NonSmelly
retrofit;retrofit.RetrofitError.getBody;NonSmelly
retrofit;retrofit.RetrofitError.getSuccessType;NonSmelly
retrofit;retrofit.RetrofitError.getBodyAs;NonSmelly
retrofit;retrofit.RetrofitError.getBodyAs;NonSmelly
retrofit;retrofit.RxSupport.RxSupport;NonSmelly
retrofit;retrofit.RxSupport.createRequestObservable;NonSmelly
retrofit;retrofit.RxSupport.getRunnable;NonSmelly
retrofit;retrofit.RxSupport.getRunnable;NonSmelly
retrofit;retrofit.RxSupport.Invoker.invoke;NonSmelly
retrofit;retrofit.RxSupport.Invoker;LazyClass
retrofit;retrofit.Types.Types;NonSmelly
retrofit;retrofit.Types.getRawType;NonSmelly
retrofit;retrofit.Types.equals;NonSmelly
retrofit;retrofit.Types.getGenericSupertype;NonSmelly
retrofit;retrofit.Types.indexOf;NonSmelly
retrofit;retrofit.Types.equal;NonSmelly
retrofit;retrofit.Types.hashCodeOrZero;NonSmelly
retrofit;retrofit.Types.typeToString;NonSmelly
retrofit;retrofit.Types.getSupertype;NonSmelly
retrofit;retrofit.Types.resolve;LongMethod
retrofit;retrofit.Types.resolveTypeVariable;NonSmelly
retrofit;retrofit.Types.declaringClassOf;NonSmelly
retrofit;retrofit.Types.checkNotPrimitive;NonSmelly
retrofit;retrofit.Types;ComplexClass
retrofit;retrofit.Types.ParameterizedTypeImpl.ParameterizedTypeImpl;NonSmelly
retrofit;retrofit.Types.ParameterizedTypeImpl.getActualTypeArguments;NonSmelly
retrofit;retrofit.Types.ParameterizedTypeImpl.getRawType;NonSmelly
retrofit;retrofit.Types.ParameterizedTypeImpl.getOwnerType;NonSmelly
retrofit;retrofit.Types.ParameterizedTypeImpl.equals;NonSmelly
retrofit;retrofit.Types.ParameterizedTypeImpl.hashCode;NonSmelly
retrofit;retrofit.Types.ParameterizedTypeImpl.toString;NonSmelly
retrofit;retrofit.Types.ParameterizedTypeImpl.toString;NonSmelly
retrofit;retrofit.Types.GenericArrayTypeImpl.GenericArrayTypeImpl;NonSmelly
retrofit;retrofit.Types.GenericArrayTypeImpl.getGenericComponentType;NonSmelly
retrofit;retrofit.Types.GenericArrayTypeImpl.equals;NonSmelly
retrofit;retrofit.Types.GenericArrayTypeImpl.hashCode;NonSmelly
retrofit;retrofit.Types.GenericArrayTypeImpl.toString;NonSmelly
retrofit;retrofit.Types.GenericArrayTypeImpl.toString;NonSmelly
retrofit;retrofit.Types.WildcardTypeImpl.WildcardTypeImpl;NonSmelly
retrofit;retrofit.Types.WildcardTypeImpl.getUpperBounds;NonSmelly
retrofit;retrofit.Types.WildcardTypeImpl.getLowerBounds;NonSmelly
retrofit;retrofit.Types.WildcardTypeImpl.equals;NonSmelly
retrofit;retrofit.Types.WildcardTypeImpl.hashCode;NonSmelly
retrofit;retrofit.Types.WildcardTypeImpl.toString;NonSmelly
retrofit;retrofit.Types.WildcardTypeImpl.toString;NonSmelly
retrofit;retrofit.Utils.streamToBytes;NonSmelly
retrofit;retrofit.Utils.readBodyToBytesIfNecessary;FeatureEnvy
retrofit;retrofit.Utils.readBodyToBytesIfNecessary;NonSmelly
retrofit;retrofit.Utils.replaceResponseBody;FeatureEnvy
retrofit;retrofit.Utils.validateServiceClass;NonSmelly
retrofit;retrofit.Utils.Utils;NonSmelly
retrofit;retrofit.Utils.Utils;NonSmelly
retrofit;retrofit.Utils.SynchronousExecutor.execute;NonSmelly
retrofit;retrofit.Utils.SynchronousExecutor.execute;NonSmelly
retrofit;retrofit.appengine.UrlFetchClientTest.get;MessageChain
retrofit;retrofit.appengine.UrlFetchClientTest.post;MessageChain
retrofit;retrofit.appengine.UrlFetchClientTest.multipart;MessageChain
retrofit;retrofit.appengine.UrlFetchClientTest.headers;NonSmelly
retrofit;retrofit.appengine.UrlFetchClientTest.response;FeatureEnvy
retrofit;retrofit.appengine.UrlFetchClientTest.response;MessageChain
retrofit;retrofit.appengine.UrlFetchClientTest.emptyResponse;FeatureEnvy
retrofit;retrofit.appengine.UrlFetchClientTest.emptyResponse;MessageChain
retrofit;retrofit.appengine.UrlFetchClientTest.assertHeader;NonSmelly
retrofit;retrofit.appengine.UrlFetchClientTest.assertHeader;NonSmelly
retrofit;retrofit.CallbackRunnableTest.setUp;NonSmelly
retrofit;retrofit.CallbackRunnableTest.responsePassedToSuccess;NonSmelly
retrofit;retrofit.CallbackRunnableTest.errorPassedToFailure;NonSmelly
retrofit;retrofit.CallbackRunnableTest.errorPassedToFailure;NonSmelly
retrofit;retrofit.client.ApacheClientTest.get;MessageChain
retrofit;retrofit.client.ApacheClientTest.post;MessageChain
retrofit;retrofit.client.ApacheClientTest.multipart;MessageChain
retrofit;retrofit.client.ApacheClientTest.headers;NonSmelly
retrofit;retrofit.client.ApacheClientTest.response;FeatureEnvy
retrofit;retrofit.client.ApacheClientTest.response;MessageChain
retrofit;retrofit.client.ApacheClientTest.emptyResponse;FeatureEnvy
retrofit;retrofit.client.ApacheClientTest.emptyResponse;MessageChain
retrofit;retrofit.client.ApacheClientTest.emptyResponse;NonSmelly
retrofit;retrofit.client.DummyHttpUrlConnection.DummyHttpUrlConnection;NonSmelly
retrofit;retrofit.client.DummyHttpUrlConnection.setResponseCode;NonSmelly
retrofit;retrofit.client.DummyHttpUrlConnection.getResponseCode;NonSmelly
retrofit;retrofit.client.DummyHttpUrlConnection.setResponseMessage;NonSmelly
retrofit;retrofit.client.DummyHttpUrlConnection.getResponseMessage;NonSmelly
retrofit;retrofit.client.DummyHttpUrlConnection.getOutputStream;NonSmelly
retrofit;retrofit.client.DummyHttpUrlConnection.setInputStream;NonSmelly
retrofit;retrofit.client.DummyHttpUrlConnection.getInputStream;NonSmelly
retrofit;retrofit.client.DummyHttpUrlConnection.setErrorStream;NonSmelly
retrofit;retrofit.client.DummyHttpUrlConnection.getErrorStream;NonSmelly
retrofit;retrofit.client.DummyHttpUrlConnection.addResponseHeader;NonSmelly
retrofit;retrofit.client.DummyHttpUrlConnection.getHeaderFields;NonSmelly
retrofit;retrofit.client.DummyHttpUrlConnection.addRequestProperty;NonSmelly
retrofit;retrofit.client.DummyHttpUrlConnection.getRequestProperties;NonSmelly
retrofit;retrofit.client.DummyHttpUrlConnection.getRequestProperty;NonSmelly
retrofit;retrofit.client.DummyHttpUrlConnection.disconnect;NonSmelly
retrofit;retrofit.client.DummyHttpUrlConnection.usingProxy;NonSmelly
retrofit;retrofit.client.DummyHttpUrlConnection.connect;NonSmelly
retrofit;retrofit.client.DummyHttpUrlConnection;DataClass
retrofit;retrofit.client.UrlConnectionClientTest.get;MessageChain
retrofit;retrofit.client.UrlConnectionClientTest.post;FeatureEnvy
retrofit;retrofit.client.UrlConnectionClientTest.post;MessageChain
retrofit;retrofit.client.UrlConnectionClientTest.multipart;FeatureEnvy
retrofit;retrofit.client.UrlConnectionClientTest.multipart;MessageChain
retrofit;retrofit.client.UrlConnectionClientTest.headers;NonSmelly
retrofit;retrofit.client.UrlConnectionClientTest.response;FeatureEnvy
retrofit;retrofit.client.UrlConnectionClientTest.response;MessageChain
retrofit;retrofit.client.UrlConnectionClientTest.createdResponse;FeatureEnvy
retrofit;retrofit.client.UrlConnectionClientTest.createdResponse;MessageChain
retrofit;retrofit.client.UrlConnectionClientTest.errorResponse;FeatureEnvy
retrofit;retrofit.client.UrlConnectionClientTest.errorResponse;MessageChain
retrofit;retrofit.client.UrlConnectionClientTest.emptyResponse;FeatureEnvy
retrofit;retrofit.client.UrlConnectionClientTest.emptyResponse;MessageChain
retrofit;retrofit.client.UrlConnectionClientTest.noReasonMessage;NonSmelly
retrofit;retrofit.client.UrlConnectionClientTest.noReasonMessage;NonSmelly
retrofit;retrofit.EndpointsTest.endpointOnly;NonSmelly
retrofit;retrofit.EndpointsTest.endpointAndName;NonSmelly
retrofit;retrofit.EndpointsTest.endpointAndName;NonSmelly
retrofit;retrofit.ErrorHandlerTest.setup;FeatureEnvy
retrofit;retrofit.ErrorHandlerTest.setup;MessageChain
retrofit;retrofit.ErrorHandlerTest.customizedExceptionUsed;NonSmelly
retrofit;retrofit.ErrorHandlerTest.onErrorWrappedCustomException;NonSmelly
retrofit;retrofit.ErrorHandlerTest.onErrorCustomException;NonSmelly
retrofit;retrofit.ErrorHandlerTest.returningNullThrowsException;NonSmelly
retrofit;retrofit.ErrorHandlerTest.returningNullThrowsException;NonSmelly
retrofit;retrofit.ErrorHandlerTest.ExampleClient.throwsCustomException;NonSmelly
retrofit;retrofit.ErrorHandlerTest.ExampleClient.onErrorWrappedCustomException;NonSmelly
retrofit;retrofit.ErrorHandlerTest.ExampleClient.onErrorCustomException;NonSmelly
retrofit;retrofit.ErrorHandlerTest.ExampleClient.onErrorCustomException;NonSmelly
retrofit;retrofit.ErrorHandlerTest.TestException;LazyClass
retrofit;retrofit.ErrorHandlerTest.MockInvalidResponseClient.execute;NonSmelly
retrofit;retrofit.ErrorHandlerTest.MockInvalidResponseClient.execute;NonSmelly
retrofit;retrofit.mime.FormUrlEncodingTypedOutputTest.urlEncoding;NonSmelly
retrofit;retrofit.mime.FormUrlEncodingTypedOutputTest.utf8encoding;NonSmelly
retrofit;retrofit.mime.FormUrlEncodingTypedOutputTest.encodedPairs;FeatureEnvy
retrofit;retrofit.mime.FormUrlEncodingTypedOutputTest.encodedPairs;NonSmelly
retrofit;retrofit.mime.MimeHelper.getParts;NonSmelly
retrofit;retrofit.mime.MimeHelper.getParts;NonSmelly
retrofit;retrofit.mime.MimeUtilTest.charsetParsing;FeatureEnvy
retrofit;retrofit.mime.MimeUtilTest.charsetParsing;NonSmelly
retrofit;retrofit.mime.MultipartTypedOutputTest.singlePart;NonSmelly
retrofit;retrofit.mime.MultipartTypedOutputTest.threeParts;FeatureEnvy
retrofit;retrofit.mime.MultipartTypedOutputTest.withPartOfUnknownLength;NonSmelly
retrofit;retrofit.mime.MultipartTypedOutputTest.withPartOfUnknownLength;NonSmelly
retrofit;retrofit.mime.TypedByteArrayTest.objectEquals;FeatureEnvy
retrofit;retrofit.mime.TypedByteArrayTest.objectEquals;NonSmelly
retrofit;retrofit.mime.TypedFileTest.objectEquals;FeatureEnvy
retrofit;retrofit.mime.TypedFileTest.objectToString;NonSmelly
retrofit;retrofit.mime.TypedFileTest.length;NonSmelly
retrofit;retrofit.mime.TypedFileTest.writeToFile;NonSmelly
retrofit;retrofit.mime.TypedFileTest.writeToFile;NonSmelly
retrofit;retrofit.RequestBuilderTest.normalGet;FeatureEnvy
retrofit;retrofit.RequestBuilderTest.normalGet;MessageChain
retrofit;retrofit.RequestBuilderTest.getWithPathParam;FeatureEnvy
retrofit;retrofit.RequestBuilderTest.getWithPathParam;MessageChain
retrofit;retrofit.RequestBuilderTest.getWithEncodedPathParam;FeatureEnvy
retrofit;retrofit.RequestBuilderTest.getWithEncodedPathParam;MessageChain
retrofit;retrofit.RequestBuilderTest.getWithInterceptorPathParam;FeatureEnvy
retrofit;retrofit.RequestBuilderTest.getWithInterceptorPathParam;MessageChain
retrofit;retrofit.RequestBuilderTest.getWithPathParamAndInterceptorPathParam;FeatureEnvy
retrofit;retrofit.RequestBuilderTest.getWithPathParamAndInterceptorPathParam;MessageChain
retrofit;retrofit.RequestBuilderTest.getWithInterceptorQueryParam;FeatureEnvy
retrofit;retrofit.RequestBuilderTest.getWithInterceptorQueryParam;MessageChain
retrofit;retrofit.RequestBuilderTest.getWithPathParamAndInterceptorQueryParam;FeatureEnvy
retrofit;retrofit.RequestBuilderTest.getWithPathParamAndInterceptorQueryParam;MessageChain
retrofit;retrofit.RequestBuilderTest.getWithInterceptorPathParamAndInterceptorQueryParam;FeatureEnvy
retrofit;retrofit.RequestBuilderTest.getWithInterceptorPathParamAndInterceptorQueryParam;MessageChain
retrofit;retrofit.RequestBuilderTest.getWithPathParamAndInterceptorPathParamAndInterceptorQueryParam;FeatureEnvy
retrofit;retrofit.RequestBuilderTest.getWithPathParamAndInterceptorPathParamAndInterceptorQueryParam;MessageChain
retrofit;retrofit.RequestBuilderTest.pathParamRequired;FeatureEnvy
retrofit;retrofit.RequestBuilderTest.pathParamRequired;MessageChain
retrofit;retrofit.RequestBuilderTest.getWithQueryParam;FeatureEnvy
retrofit;retrofit.RequestBuilderTest.getWithQueryParam;MessageChain
retrofit;retrofit.RequestBuilderTest.getWithEncodedQueryParam;FeatureEnvy
retrofit;retrofit.RequestBuilderTest.getWithEncodedQueryParam;MessageChain
retrofit;retrofit.RequestBuilderTest.queryParamOptional;FeatureEnvy
retrofit;retrofit.RequestBuilderTest.queryParamOptional;MessageChain
retrofit;retrofit.RequestBuilderTest.getWithQueryUrlAndParam;FeatureEnvy
retrofit;retrofit.RequestBuilderTest.getWithQueryUrlAndParam;MessageChain
retrofit;retrofit.RequestBuilderTest.getWithQuery;FeatureEnvy
retrofit;retrofit.RequestBuilderTest.getWithQuery;MessageChain
retrofit;retrofit.RequestBuilderTest.getWithPathAndQueryParam;FeatureEnvy
retrofit;retrofit.RequestBuilderTest.getWithPathAndQueryParam;MessageChain
retrofit;retrofit.RequestBuilderTest.getWithPathAndQueryQuestionMarkParam;FeatureEnvy
retrofit;retrofit.RequestBuilderTest.getWithPathAndQueryQuestionMarkParam;MessageChain
retrofit;retrofit.RequestBuilderTest.getWithPathAndQueryAmpersandParam;FeatureEnvy
retrofit;retrofit.RequestBuilderTest.getWithPathAndQueryAmpersandParam;MessageChain
retrofit;retrofit.RequestBuilderTest.getWithPathAndQueryHashParam;FeatureEnvy
retrofit;retrofit.RequestBuilderTest.getWithPathAndQueryHashParam;MessageChain
retrofit;retrofit.RequestBuilderTest.getWithQueryParamList;FeatureEnvy
retrofit;retrofit.RequestBuilderTest.getWithQueryParamList;MessageChain
retrofit;retrofit.RequestBuilderTest.getWithQueryParamArray;FeatureEnvy
retrofit;retrofit.RequestBuilderTest.getWithQueryParamArray;MessageChain
retrofit;retrofit.RequestBuilderTest.getWithQueryParamPrimitiveArray;FeatureEnvy
retrofit;retrofit.RequestBuilderTest.getWithQueryParamPrimitiveArray;MessageChain
retrofit;retrofit.RequestBuilderTest.getWithQueryParamMap;FeatureEnvy
retrofit;retrofit.RequestBuilderTest.getWithQueryParamMap;MessageChain
retrofit;retrofit.RequestBuilderTest.getWithEncodedQueryParamMap;FeatureEnvy
retrofit;retrofit.RequestBuilderTest.getWithEncodedQueryParamMap;MessageChain
retrofit;retrofit.RequestBuilderTest.normalPost;FeatureEnvy
retrofit;retrofit.RequestBuilderTest.normalPost;MessageChain
retrofit;retrofit.RequestBuilderTest.normalPostWithPathParam;FeatureEnvy
retrofit;retrofit.RequestBuilderTest.normalPostWithPathParam;MessageChain
retrofit;retrofit.RequestBuilderTest.body;FeatureEnvy
retrofit;retrofit.RequestBuilderTest.body;MessageChain
retrofit;retrofit.RequestBuilderTest.bodyRequired;FeatureEnvy
retrofit;retrofit.RequestBuilderTest.bodyRequired;MessageChain
retrofit;retrofit.RequestBuilderTest.bodyWithPathParams;FeatureEnvy
retrofit;retrofit.RequestBuilderTest.bodyWithPathParams;MessageChain
retrofit;retrofit.RequestBuilderTest.simpleMultipart;FeatureEnvy
retrofit;retrofit.RequestBuilderTest.simpleMultipart;MessageChain
retrofit;retrofit.RequestBuilderTest.multipartPartMap;FeatureEnvy
retrofit;retrofit.RequestBuilderTest.multipartPartMap;MessageChain
retrofit;retrofit.RequestBuilderTest.multipartNullRemovesPart;FeatureEnvy
retrofit;retrofit.RequestBuilderTest.multipartNullRemovesPart;MessageChain
retrofit;retrofit.RequestBuilderTest.multipartPartOptional;FeatureEnvy
retrofit;retrofit.RequestBuilderTest.multipartPartOptional;MessageChain
retrofit;retrofit.RequestBuilderTest.simpleFormEncoded;FeatureEnvy
retrofit;retrofit.RequestBuilderTest.simpleFormEncoded;MessageChain
retrofit;retrofit.RequestBuilderTest.formEncodedFieldOptional;FeatureEnvy
retrofit;retrofit.RequestBuilderTest.formEncodedFieldOptional;MessageChain
retrofit;retrofit.RequestBuilderTest.formEncodedFieldList;FeatureEnvy
retrofit;retrofit.RequestBuilderTest.formEncodedFieldList;MessageChain
retrofit;retrofit.RequestBuilderTest.formEncodedFieldArray;FeatureEnvy
retrofit;retrofit.RequestBuilderTest.formEncodedFieldArray;MessageChain
retrofit;retrofit.RequestBuilderTest.formEncodedFieldPrimitiveArray;FeatureEnvy
retrofit;retrofit.RequestBuilderTest.formEncodedFieldPrimitiveArray;MessageChain
retrofit;retrofit.RequestBuilderTest.formEncodedFieldMap;FeatureEnvy
retrofit;retrofit.RequestBuilderTest.formEncodedFieldMap;MessageChain
retrofit;retrofit.RequestBuilderTest.simpleHeaders;FeatureEnvy
retrofit;retrofit.RequestBuilderTest.simpleHeaders;MessageChain
retrofit;retrofit.RequestBuilderTest.simpleInterceptorHeaders;FeatureEnvy
retrofit;retrofit.RequestBuilderTest.simpleInterceptorHeaders;MessageChain
retrofit;retrofit.RequestBuilderTest.headersAndInterceptorHeaders;FeatureEnvy
retrofit;retrofit.RequestBuilderTest.headersAndInterceptorHeaders;MessageChain
retrofit;retrofit.RequestBuilderTest.allThreeHeaderTypes;FeatureEnvy
retrofit;retrofit.RequestBuilderTest.allThreeHeaderTypes;MessageChain
retrofit;retrofit.RequestBuilderTest.methodHeader;FeatureEnvy
retrofit;retrofit.RequestBuilderTest.methodHeader;MessageChain
retrofit;retrofit.RequestBuilderTest.headerParam;FeatureEnvy
retrofit;retrofit.RequestBuilderTest.headerParam;MessageChain
retrofit;retrofit.RequestBuilderTest.noDuplicateSlashes;FeatureEnvy
retrofit;retrofit.RequestBuilderTest.noDuplicateSlashes;MessageChain
retrofit;retrofit.RequestBuilderTest.contentTypeAnnotationHeaderOverrides;FeatureEnvy
retrofit;retrofit.RequestBuilderTest.contentTypeAnnotationHeaderOverrides;MessageChain
retrofit;retrofit.RequestBuilderTest.contentTypeParameterHeaderOverrides;FeatureEnvy
retrofit;retrofit.RequestBuilderTest.contentTypeParameterHeaderOverrides;MessageChain
retrofit;retrofit.RequestBuilderTest.assertTypedBytes;NonSmelly
retrofit;retrofit.RequestBuilderTest.assertTypedBytes;NonSmelly
retrofit;retrofit.RequestBuilderTest.Helper.setMethod;NonSmelly
retrofit;retrofit.RequestBuilderTest.Helper.setHasBody;NonSmelly
retrofit;retrofit.RequestBuilderTest.Helper.setUrl;NonSmelly
retrofit;retrofit.RequestBuilderTest.Helper.setPath;NonSmelly
retrofit;retrofit.RequestBuilderTest.Helper.setQuery;NonSmelly
retrofit;retrofit.RequestBuilderTest.Helper.addPathParam;NonSmelly
retrofit;retrofit.RequestBuilderTest.Helper.addEncodedPathParam;NonSmelly
retrofit;retrofit.RequestBuilderTest.Helper.addQueryParam;NonSmelly
retrofit;retrofit.RequestBuilderTest.Helper.addEncodedQueryParam;NonSmelly
retrofit;retrofit.RequestBuilderTest.Helper.addQueryMapParams;NonSmelly
retrofit;retrofit.RequestBuilderTest.Helper.addEncodedQueryMapParams;NonSmelly
retrofit;retrofit.RequestBuilderTest.Helper.addField;NonSmelly
retrofit;retrofit.RequestBuilderTest.Helper.addFieldMap;NonSmelly
retrofit;retrofit.RequestBuilderTest.Helper.addPart;NonSmelly
retrofit;retrofit.RequestBuilderTest.Helper.addPartMap;NonSmelly
retrofit;retrofit.RequestBuilderTest.Helper.setBody;NonSmelly
retrofit;retrofit.RequestBuilderTest.Helper.addHeaderParam;NonSmelly
retrofit;retrofit.RequestBuilderTest.Helper.addHeaders;NonSmelly
retrofit;retrofit.RequestBuilderTest.Helper.addInterceptorHeader;NonSmelly
retrofit;retrofit.RequestBuilderTest.Helper.addInterceptorPathParam;NonSmelly
retrofit;retrofit.RequestBuilderTest.Helper.addInterceptorQueryParam;NonSmelly
retrofit;retrofit.RequestBuilderTest.Helper.setMultipart;NonSmelly
retrofit;retrofit.RequestBuilderTest.Helper.setFormEncoded;NonSmelly
retrofit;retrofit.RequestBuilderTest.Helper.build;FeatureEnvy
retrofit;retrofit.RequestBuilderTest.Helper.dummySync;NonSmelly
retrofit;retrofit.RequestBuilderTest.Helper.dummySync;NonSmelly
retrofit;retrofit.RestAdapterTest.setUp;FeatureEnvy
retrofit;retrofit.RestAdapterTest.setUp;MessageChain
retrofit;retrofit.RestAdapterTest.objectMethodsStillWork;NonSmelly
retrofit;retrofit.RestAdapterTest.interfaceWithExtendIsNotSupported;NonSmelly
retrofit;retrofit.RestAdapterTest.profilerObjectPassThrough;MessageChain
retrofit;retrofit.RestAdapterTest.logRequestResponseBasic;FeatureEnvy
retrofit;retrofit.RestAdapterTest.logRequestResponseBasic;MessageChain
retrofit;retrofit.RestAdapterTest.logRequestResponseHeaders;FeatureEnvy
retrofit;retrofit.RestAdapterTest.logRequestResponseHeaders;MessageChain
retrofit;retrofit.RestAdapterTest.logSuccessfulRequestResponseFullWhenResponseBodyPresent;FeatureEnvy
retrofit;retrofit.RestAdapterTest.logSuccessfulRequestResponseFullWhenResponseBodyPresent;MessageChain
retrofit;retrofit.RestAdapterTest.logSuccessfulRequestResponseFullWhenResponseBodyAbsent;FeatureEnvy
retrofit;retrofit.RestAdapterTest.logSuccessfulRequestResponseFullWhenResponseBodyAbsent;MessageChain
retrofit;retrofit.RestAdapterTest.successfulRequestResponseWhenMimeTypeMissing;MessageChain
retrofit;retrofit.RestAdapterTest.logSuccessfulRequestResponseFullWhenMimeTypeMissing;FeatureEnvy
retrofit;retrofit.RestAdapterTest.logSuccessfulRequestResponseFullWhenMimeTypeMissing;MessageChain
retrofit;retrofit.RestAdapterTest.synchronousDoesNotUseExecutors;MessageChain
retrofit;retrofit.RestAdapterTest.asynchronousUsesExecutors;MessageChain
retrofit;retrofit.RestAdapterTest.malformedResponseThrowsConversionException;MessageChain
retrofit;retrofit.RestAdapterTest.errorResponseThrowsHttpError;MessageChain
retrofit;retrofit.RestAdapterTest.logErrorRequestResponseFullWhenMimeTypeMissing;FeatureEnvy
retrofit;retrofit.RestAdapterTest.logErrorRequestResponseFullWhenMimeTypeMissing;MessageChain
retrofit;retrofit.RestAdapterTest.logErrorRequestResponseFullWhenResponseBodyAbsent;FeatureEnvy
retrofit;retrofit.RestAdapterTest.logErrorRequestResponseFullWhenResponseBodyAbsent;MessageChain
retrofit;retrofit.RestAdapterTest.clientExceptionThrowsNetworkError;MessageChain
retrofit;retrofit.RestAdapterTest.bodyTypedInputExceptionThrowsNetworkError;MessageChain
retrofit;retrofit.RestAdapterTest.unexpectedExceptionThrows;NonSmelly
retrofit;retrofit.RestAdapterTest.getResponseDirectly;MessageChain
retrofit;retrofit.RestAdapterTest.streamingResponse;MessageChain
retrofit;retrofit.RestAdapterTest.closeInputStream;FeatureEnvy
retrofit;retrofit.RestAdapterTest.closeInputStream;MessageChain
retrofit;retrofit.RestAdapterTest.getResponseDirectlyAsync;MessageChain
retrofit;retrofit.RestAdapterTest.getAsync;MessageChain
retrofit;retrofit.RestAdapterTest.errorAsync;FeatureEnvy
retrofit;retrofit.RestAdapterTest.errorAsync;MessageChain
retrofit;retrofit.RestAdapterTest.observableCallsOnNext;MessageChain
retrofit;retrofit.RestAdapterTest.observableCallsOnError;MessageChain
retrofit;retrofit.RestAdapterTest.observableHandlesParams;MessageChain
retrofit;retrofit.RestAdapterTest.observableUsesHttpExecutor;MessageChain
retrofit;retrofit.RestAdapterTest.observableUsesHttpExecutor;NonSmelly
retrofit;retrofit.RestAdapterTest.Example.something;NonSmelly
retrofit;retrofit.RestAdapterTest.Example.something;NonSmelly
retrofit;retrofit.RestAdapterTest.Example.something;NonSmelly
retrofit;retrofit.RestAdapterTest.Example.direct;NonSmelly
retrofit;retrofit.RestAdapterTest.Example.direct;NonSmelly
retrofit;retrofit.RestAdapterTest.Example.streaming;NonSmelly
retrofit;retrofit.RestAdapterTest.Example.observable;NonSmelly
retrofit;retrofit.RestAdapterTest.Example.observable;NonSmelly
retrofit;retrofit.RestAdapterTest.Example.observable;NonSmelly
retrofit;retrofit.RestAdapterTest.InvalidExample;LazyClass
retrofit;retrofit.RestMethodInfoTest.pathParameterParsing;NonSmelly
retrofit;retrofit.RestMethodInfoTest.expectParams;NonSmelly
retrofit;retrofit.RestMethodInfoTest.pathMustBePrefixedWithSlash;NonSmelly
retrofit;retrofit.RestMethodInfoTest.concreteCallbackTypes;NonSmelly
retrofit;retrofit.RestMethodInfoTest.concreteCallbackTypesWithParams;NonSmelly
retrofit;retrofit.RestMethodInfoTest.genericCallbackTypes;NonSmelly
retrofit;retrofit.RestMethodInfoTest.genericCallbackTypesWithParams;NonSmelly
retrofit;retrofit.RestMethodInfoTest.wildcardGenericCallbackTypes;NonSmelly
retrofit;retrofit.RestMethodInfoTest.genericCallbackWithGenericType;NonSmelly
retrofit;retrofit.RestMethodInfoTest.extendingGenericCallback;NonSmelly
retrofit;retrofit.RestMethodInfoTest.synchronousResponse;NonSmelly
retrofit;retrofit.RestMethodInfoTest.synchronousGenericResponse;NonSmelly
retrofit;retrofit.RestMethodInfoTest.streamingResponse;NonSmelly
retrofit;retrofit.RestMethodInfoTest.streamingResponseWithCallback;NonSmelly
retrofit;retrofit.RestMethodInfoTest.streamingResponseNotAllowed;NonSmelly
retrofit;retrofit.RestMethodInfoTest.streamingResponseWithCallbackNotAllowed;NonSmelly
retrofit;retrofit.RestMethodInfoTest.observableResponse;NonSmelly
retrofit;retrofit.RestMethodInfoTest.observableGenericResponse;NonSmelly
retrofit;retrofit.RestMethodInfoTest.observableWithCallback;NonSmelly
retrofit;retrofit.RestMethodInfoTest.missingCallbackTypes;NonSmelly
retrofit;retrofit.RestMethodInfoTest.nonParameterizedCallbackFails;NonSmelly
retrofit;retrofit.RestMethodInfoTest.synchronousWithAsyncCallback;NonSmelly
retrofit;retrofit.RestMethodInfoTest.lackingMethod;NonSmelly
retrofit;retrofit.RestMethodInfoTest.deleteMethod;NonSmelly
retrofit;retrofit.RestMethodInfoTest.getMethod;NonSmelly
retrofit;retrofit.RestMethodInfoTest.headMethod;NonSmelly
retrofit;retrofit.RestMethodInfoTest.postMethod;NonSmelly
retrofit;retrofit.RestMethodInfoTest.putMethod;NonSmelly
retrofit;retrofit.RestMethodInfoTest.patchMethod;NonSmelly
retrofit;retrofit.RestMethodInfoTest.twoMethodsFail;NonSmelly
retrofit;retrofit.RestMethodInfoTest.customWithoutRestMethod;NonSmelly
retrofit;retrofit.RestMethodInfoTest.custom1Method;NonSmelly
retrofit;retrofit.RestMethodInfoTest.custom2Method;NonSmelly
retrofit;retrofit.RestMethodInfoTest.singlePathQueryParam;NonSmelly
retrofit;retrofit.RestMethodInfoTest.emptyParams;NonSmelly
retrofit;retrofit.RestMethodInfoTest.singlePathParam;NonSmelly
retrofit;retrofit.RestMethodInfoTest.singleEncodedPathParam;NonSmelly
retrofit;retrofit.RestMethodInfoTest.singleQueryParam;NonSmelly
retrofit;retrofit.RestMethodInfoTest.singleEncodedQueryParam;NonSmelly
retrofit;retrofit.RestMethodInfoTest.multipleQueryParams;NonSmelly
retrofit;retrofit.RestMethodInfoTest.queryMap;NonSmelly
retrofit;retrofit.RestMethodInfoTest.queryMapMustBeAMap;NonSmelly
retrofit;retrofit.RestMethodInfoTest.encodedQueryMap;NonSmelly
retrofit;retrofit.RestMethodInfoTest.encodedQueryMapMustBeAMap;NonSmelly
retrofit;retrofit.RestMethodInfoTest.fieldMap;NonSmelly
retrofit;retrofit.RestMethodInfoTest.fieldMapMustBeAMap;NonSmelly
retrofit;retrofit.RestMethodInfoTest.bodyObject;NonSmelly
retrofit;retrofit.RestMethodInfoTest.bodyTypedBytes;NonSmelly
retrofit;retrofit.RestMethodInfoTest.twoBodies;NonSmelly
retrofit;retrofit.RestMethodInfoTest.bodyInNonBodyRequest;NonSmelly
retrofit;retrofit.RestMethodInfoTest.bodyWithOtherParams;NonSmelly
retrofit;retrofit.RestMethodInfoTest.pathParamNonPathParamAndTypedBytes;NonSmelly
retrofit;retrofit.RestMethodInfoTest.parameterWithoutAnnotation;NonSmelly
retrofit;retrofit.RestMethodInfoTest.nonBodyHttpMethodWithSingleEntity;NonSmelly
retrofit;retrofit.RestMethodInfoTest.simpleMultipart;NonSmelly
retrofit;retrofit.RestMethodInfoTest.twoTypedBytesMultipart;NonSmelly
retrofit;retrofit.RestMethodInfoTest.twoTypesMultipart;NonSmelly
retrofit;retrofit.RestMethodInfoTest.partMapMultipart;NonSmelly
retrofit;retrofit.RestMethodInfoTest.implicitMultipartForbidden;NonSmelly
retrofit;retrofit.RestMethodInfoTest.implicitMultipartWithPartMapForbidden;NonSmelly
retrofit;retrofit.RestMethodInfoTest.multipartFailsOnNonBodyMethod;NonSmelly
retrofit;retrofit.RestMethodInfoTest.multipartFailsWithNoParts;NonSmelly
retrofit;retrofit.RestMethodInfoTest.implicitFormEncodingByFieldForbidden;NonSmelly
retrofit;retrofit.RestMethodInfoTest.implicitFormEncodingByFieldMapForbidden;NonSmelly
retrofit;retrofit.RestMethodInfoTest.formEncodingFailsOnNonBodyMethod;NonSmelly
retrofit;retrofit.RestMethodInfoTest.formEncodingFailsWithNoParts;NonSmelly
retrofit;retrofit.RestMethodInfoTest.simpleFormEncoding;NonSmelly
retrofit;retrofit.RestMethodInfoTest.headersFailWhenEmptyOnMethod;NonSmelly
retrofit;retrofit.RestMethodInfoTest.headersFailWhenMalformed;NonSmelly
retrofit;retrofit.RestMethodInfoTest.twoMethodHeaders;NonSmelly
retrofit;retrofit.RestMethodInfoTest.twoHeaderParams;NonSmelly
retrofit;retrofit.RestMethodInfoTest.headerParamMustBeString;NonSmelly
retrofit;retrofit.RestMethodInfoTest.onlyOneEncodingIsAllowedMultipartFirst;NonSmelly
retrofit;retrofit.RestMethodInfoTest.onlyOneEncodingIsAllowedFormEncodingFirst;NonSmelly
retrofit;retrofit.RestMethodInfoTest.invalidPathParam;NonSmelly
retrofit;retrofit.RestMethodInfoTest.pathParamNotAllowedInQuery;NonSmelly
retrofit;retrofit.RestMethodInfoTest;GodClass
retrofit;.a;NonSmelly
retrofit;.a;NonSmelly
retrofit;.a;NonSmelly
retrofit;;LazyClass
retrofit;.a;NonSmelly
retrofit;.a;NonSmelly
retrofit;.a;NonSmelly
retrofit;;LazyClass
retrofit;.a;NonSmelly
retrofit;.a;NonSmelly
retrofit;.a;NonSmelly
retrofit;;LazyClass
retrofit;.a;NonSmelly
retrofit;;LazyClass
retrofit;.a;NonSmelly
retrofit;;LazyClass
retrofit;.a;NonSmelly
retrofit;.a;NonSmelly
retrofit;.a;NonSmelly
retrofit;.a;NonSmelly
retrofit;.a;NonSmelly
retrofit;.a;NonSmelly
retrofit;.a;NonSmelly
retrofit;.a;NonSmelly
retrofit;.a;NonSmelly
retrofit;.a;NonSmelly
retrofit;.a;NonSmelly
retrofit;.a;NonSmelly
retrofit;.a;NonSmelly
retrofit;.a;NonSmelly
retrofit;.a;NonSmelly
retrofit;.a;NonSmelly
retrofit;.a;NonSmelly
retrofit;.a;NonSmelly
retrofit;.a;NonSmelly
retrofit;.a;NonSmelly
retrofit;.a;NonSmelly
retrofit;;LazyClass
retrofit;.a;NonSmelly
retrofit;.a;NonSmelly
retrofit;.a;NonSmelly
retrofit;;LazyClass
retrofit;.a;NonSmelly
retrofit;.a;NonSmelly
retrofit;.a;NonSmelly
retrofit;.a;NonSmelly
retrofit;.a;NonSmelly
retrofit;.a;NonSmelly
retrofit;.a;NonSmelly
retrofit;.a;NonSmelly
retrofit;.a;NonSmelly
retrofit;.a;NonSmelly
retrofit;.a;NonSmelly
retrofit;.a;NonSmelly
retrofit;.a;NonSmelly
retrofit;.a;NonSmelly
retrofit;.a;NonSmelly
retrofit;.a;NonSmelly
retrofit;.a;NonSmelly
retrofit;.a;NonSmelly
retrofit;.a;NonSmelly
retrofit;.a;NonSmelly
retrofit;.a;NonSmelly
retrofit;.a;NonSmelly
retrofit;.a;NonSmelly
retrofit;.a;NonSmelly
retrofit;.a;NonSmelly
retrofit;.a;NonSmelly
retrofit;.a;NonSmelly
retrofit;.a;NonSmelly
retrofit;.a;NonSmelly
retrofit;.a;NonSmelly
retrofit;.a;NonSmelly
retrofit;.a;NonSmelly
retrofit;.a;NonSmelly
retrofit;.a;NonSmelly
retrofit;.a;NonSmelly
retrofit;.a;NonSmelly
retrofit;.a;NonSmelly
retrofit;.a;NonSmelly
retrofit;.a;NonSmelly
retrofit;.a;NonSmelly
retrofit;.a;NonSmelly
retrofit;.a;NonSmelly
retrofit;.a;NonSmelly
retrofit;.a;NonSmelly
retrofit;.a;NonSmelly
retrofit;.a;NonSmelly
retrofit;.a;NonSmelly
retrofit;.a;NonSmelly
retrofit;.a;NonSmelly
retrofit;.a;NonSmelly
retrofit;.a;NonSmelly
retrofit;.a;NonSmelly
retrofit;.a;NonSmelly
retrofit;.a;NonSmelly
retrofit;.a;NonSmelly
retrofit;.a;NonSmelly
retrofit;.a;NonSmelly
retrofit;.a;NonSmelly
retrofit;.a;NonSmelly
retrofit;.a;NonSmelly
retrofit;.a;NonSmelly
retrofit;.a;NonSmelly
retrofit;.a;NonSmelly
retrofit;.a;NonSmelly
retrofit;.a;NonSmelly
retrofit;.a;NonSmelly
retrofit;.a;NonSmelly
retrofit;.a;NonSmelly
retrofit;.a;NonSmelly
retrofit;.a;NonSmelly
retrofit;.a;NonSmelly
retrofit;.a;NonSmelly
retrofit;.a;NonSmelly
retrofit;.a;NonSmelly
retrofit;.a;NonSmelly
retrofit;.a;NonSmelly
retrofit;.a;NonSmelly
retrofit;.a;NonSmelly
retrofit;.a;NonSmelly
retrofit;.a;NonSmelly
retrofit;.a;NonSmelly
retrofit;.a;NonSmelly
retrofit;.a;NonSmelly
retrofit;.a;NonSmelly
retrofit;.a;NonSmelly
retrofit;.a;NonSmelly
retrofit;.a;NonSmelly
retrofit;.a;NonSmelly
retrofit;.a;NonSmelly
retrofit;.a;NonSmelly
retrofit;.a;NonSmelly
retrofit;.a;NonSmelly
retrofit;.a;NonSmelly
retrofit;.a;NonSmelly
retrofit;.a;NonSmelly
retrofit;.a;NonSmelly
retrofit;.a;NonSmelly
retrofit;.a;NonSmelly
retrofit;.a;NonSmelly
retrofit;.a;NonSmelly
retrofit;.a;NonSmelly
retrofit;.a;NonSmelly
retrofit;.a;NonSmelly
retrofit;.a;NonSmelly
retrofit;.a;NonSmelly
retrofit;.a;NonSmelly
retrofit;retrofit.RestMethodInfoTest.ResponseCallback;LazyClass
retrofit;retrofit.RestMethodInfoTest.MultimapCallback;LazyClass
retrofit;retrofit.RxSupportTest.setUp;NonSmelly
retrofit;retrofit.RxSupportTest.observableCallsOnNextOnHttpExecutor;NonSmelly
retrofit;retrofit.RxSupportTest.observableCallsOnNextOnHttpExecutorWithSubscriber;NonSmelly
retrofit;retrofit.RxSupportTest.observableUnSubscribesDoesNotExecuteCallable;NonSmelly
retrofit;retrofit.RxSupportTest.observableCallsOperatorsOffHttpExecutor;NonSmelly
retrofit;retrofit.RxSupportTest.observableDoesNotLockExecutor;NonSmelly
retrofit;retrofit.RxSupportTest.observableRespectsObserveOn;NonSmelly
retrofit;retrofit.RxSupportTest.observableCallsInterceptorForEverySubscription;NonSmelly
retrofit;retrofit.RxSupportTest.observableCallsInterceptorForEverySubscription;NonSmelly
retrofit;retrofit.RxSupportTest.QueuedSynchronousExecutor.execute;NonSmelly
retrofit;retrofit.RxSupportTest.QueuedSynchronousExecutor.executeNextInQueue;NonSmelly
retrofit;retrofit.RxSupportTest.QueuedSynchronousExecutor.executeAll;NonSmelly
retrofit;retrofit.RxSupportTest.QueuedSynchronousExecutor.executeAll;NonSmelly
retrofit;retrofit.TestingUtils.getMethod;NonSmelly
retrofit;retrofit.TestingUtils.createMultipart;NonSmelly
retrofit;retrofit.TestingUtils.assertBytes;NonSmelly
retrofit;retrofit.TestingUtils;SpeculativeGenerality
retrofit;retrofit.converter.JacksonConverter.JacksonConverter;NonSmelly
retrofit;retrofit.converter.JacksonConverter.JacksonConverter;NonSmelly
retrofit;retrofit.converter.JacksonConverter.fromBody;NonSmelly
retrofit;retrofit.converter.JacksonConverter.toBody;NonSmelly
retrofit;retrofit.converter.JacksonConverter.toBody;NonSmelly
retrofit;retrofit.converter.JacksonConverterTest.serialize;NonSmelly
retrofit;retrofit.converter.JacksonConverterTest.deserialize;NonSmelly
retrofit;retrofit.converter.JacksonConverterTest.deserializeWrongValue;NonSmelly
retrofit;retrofit.converter.JacksonConverterTest.deserializeWrongClass;NonSmelly
retrofit;retrofit.converter.JacksonConverterTest.asString;NonSmelly
retrofit;retrofit.converter.JacksonConverterTest.asString;NonSmelly
retrofit;retrofit.converter.JacksonConverterTest.MyObject.MyObject;NonSmelly
retrofit;retrofit.converter.JacksonConverterTest.MyObject.getMessage;NonSmelly
retrofit;retrofit.converter.JacksonConverterTest.MyObject.getCount;NonSmelly
retrofit;retrofit.converter.JacksonConverterTest.MyObject.equals;NonSmelly
retrofit;retrofit.converter.JacksonConverterTest.MyObject.hashCode;NonSmelly
retrofit;retrofit.converter.JacksonConverterTest.MyObject.hashCode;NonSmelly
retrofit;retrofit.converter.ProtoConverter.fromBody;NonSmelly
retrofit;retrofit.converter.ProtoConverter.toBody;NonSmelly
retrofit;retrofit.converter.ProtoConverter.toBody;NonSmelly
retrofit;retrofit.converter.PhoneProtos.PhoneProtos;NonSmelly
retrofit;retrofit.converter.PhoneProtos.registerAllExtensions;NonSmelly
retrofit;retrofit.converter.PhoneProtos.getDescriptor;NonSmelly
retrofit;retrofit.converter.PhoneProtos.getDescriptor;NonSmelly
retrofit;retrofit.converter.PhoneProtos.PhoneOrBuilder.hasNumber;NonSmelly
retrofit;retrofit.converter.PhoneProtos.PhoneOrBuilder.getNumber;NonSmelly
retrofit;retrofit.converter.PhoneProtos.PhoneOrBuilder.getNumberBytes;NonSmelly
retrofit;retrofit.converter.PhoneProtos.PhoneOrBuilder.getNumberBytes;NonSmelly
retrofit;retrofit.converter.PhoneProtos.Phone.Phone;NonSmelly
retrofit;retrofit.converter.PhoneProtos.Phone.getDefaultInstance;NonSmelly
retrofit;retrofit.converter.PhoneProtos.Phone.getDefaultInstanceForType;NonSmelly
retrofit;retrofit.converter.PhoneProtos.Phone.getUnknownFields;NonSmelly
retrofit;retrofit.converter.PhoneProtos.Phone.Phone;NonSmelly
retrofit;retrofit.converter.PhoneProtos.Phone.getDescriptor;NonSmelly
retrofit;retrofit.converter.PhoneProtos.Phone.internalGetFieldAccessorTable;NonSmelly
retrofit;retrofit.converter.PhoneProtos.Phone.hasNumber;NonSmelly
retrofit;retrofit.converter.PhoneProtos.Phone.getNumber;NonSmelly
retrofit;retrofit.converter.PhoneProtos.Phone.getNumberBytes;NonSmelly
retrofit;retrofit.converter.PhoneProtos.Phone.initFields;NonSmelly
retrofit;retrofit.converter.PhoneProtos.Phone.isInitialized;NonSmelly
retrofit;retrofit.converter.PhoneProtos.Phone.writeTo;NonSmelly
retrofit;retrofit.converter.PhoneProtos.Phone.getSerializedSize;NonSmelly
retrofit;retrofit.converter.PhoneProtos.Phone.writeReplace;NonSmelly
retrofit;retrofit.converter.PhoneProtos.Phone.parseFrom;NonSmelly
retrofit;retrofit.converter.PhoneProtos.Phone.parseFrom;NonSmelly
retrofit;retrofit.converter.PhoneProtos.Phone.parseFrom;NonSmelly
retrofit;retrofit.converter.PhoneProtos.Phone.parseFrom;NonSmelly
retrofit;retrofit.converter.PhoneProtos.Phone.parseFrom;NonSmelly
retrofit;retrofit.converter.PhoneProtos.Phone.parseFrom;NonSmelly
retrofit;retrofit.converter.PhoneProtos.Phone.parseDelimitedFrom;NonSmelly
retrofit;retrofit.converter.PhoneProtos.Phone.parseDelimitedFrom;NonSmelly
retrofit;retrofit.converter.PhoneProtos.Phone.parseFrom;NonSmelly
retrofit;retrofit.converter.PhoneProtos.Phone.parseFrom;NonSmelly
retrofit;retrofit.converter.PhoneProtos.Phone.newBuilder;NonSmelly
retrofit;retrofit.converter.PhoneProtos.Phone.newBuilderForType;NonSmelly
retrofit;retrofit.converter.PhoneProtos.Phone.newBuilder;NonSmelly
retrofit;retrofit.converter.PhoneProtos.Phone.toBuilder;NonSmelly
retrofit;retrofit.converter.PhoneProtos.Phone.newBuilderForType;NonSmelly
retrofit;retrofit.converter.PhoneProtos.Phone.newBuilderForType;NonSmelly
retrofit;retrofit.converter.PhoneProtos.Phone.Builder.getDescriptor;NonSmelly
retrofit;retrofit.converter.PhoneProtos.Phone.Builder.internalGetFieldAccessorTable;NonSmelly
retrofit;retrofit.converter.PhoneProtos.Phone.Builder.Builder;NonSmelly
retrofit;retrofit.converter.PhoneProtos.Phone.Builder.Builder;NonSmelly
retrofit;retrofit.converter.PhoneProtos.Phone.Builder.maybeForceBuilderInitialization;NonSmelly
retrofit;retrofit.converter.PhoneProtos.Phone.Builder.create;NonSmelly
retrofit;retrofit.converter.PhoneProtos.Phone.Builder.clear;NonSmelly
retrofit;retrofit.converter.PhoneProtos.Phone.Builder.clone;NonSmelly
retrofit;retrofit.converter.PhoneProtos.Phone.Builder.getDescriptorForType;NonSmelly
retrofit;retrofit.converter.PhoneProtos.Phone.Builder.getDefaultInstanceForType;NonSmelly
retrofit;retrofit.converter.PhoneProtos.Phone.Builder.build;NonSmelly
retrofit;retrofit.converter.PhoneProtos.Phone.Builder.buildPartial;NonSmelly
retrofit;retrofit.converter.PhoneProtos.Phone.Builder.mergeFrom;NonSmelly
retrofit;retrofit.converter.PhoneProtos.Phone.Builder.mergeFrom;NonSmelly
retrofit;retrofit.converter.PhoneProtos.Phone.Builder.isInitialized;NonSmelly
retrofit;retrofit.converter.PhoneProtos.Phone.Builder.mergeFrom;NonSmelly
retrofit;retrofit.converter.PhoneProtos.Phone.Builder.hasNumber;NonSmelly
retrofit;retrofit.converter.PhoneProtos.Phone.Builder.getNumber;NonSmelly
retrofit;retrofit.converter.PhoneProtos.Phone.Builder.getNumberBytes;NonSmelly
retrofit;retrofit.converter.PhoneProtos.Phone.Builder.setNumber;NonSmelly
retrofit;retrofit.converter.PhoneProtos.Phone.Builder.clearNumber;NonSmelly
retrofit;retrofit.converter.PhoneProtos.Phone.Builder.setNumberBytes;NonSmelly
retrofit;retrofit.converter.PhoneProtos.Phone.Builder.setNumberBytes;NonSmelly
retrofit;retrofit.converter.ProtoConverterTest.serialize;NonSmelly
retrofit;retrofit.converter.ProtoConverterTest.deserialize;NonSmelly
retrofit;retrofit.converter.ProtoConverterTest.deserializeWrongClass;NonSmelly
retrofit;retrofit.converter.ProtoConverterTest.deserializeWrongType;NonSmelly
retrofit;retrofit.converter.ProtoConverterTest.deserializeWrongValue;NonSmelly
retrofit;retrofit.converter.ProtoConverterTest.deserializeWrongMime;NonSmelly
retrofit;retrofit.converter.ProtoConverterTest.bytesOf;NonSmelly
retrofit;retrofit.converter.ProtoConverterTest.decodeBase64;NonSmelly
retrofit;retrofit.converter.ProtoConverterTest.decodeBase64;NonSmelly
retrofit;retrofit.converter.ProtoConverterTest.decodeBase64;NonSmelly
retrofit;retrofit.converter.SimpleXMLConverter.SimpleXMLConverter;NonSmelly
retrofit;retrofit.converter.SimpleXMLConverter.SimpleXMLConverter;NonSmelly
retrofit;retrofit.converter.SimpleXMLConverter.fromBody;NonSmelly
retrofit;retrofit.converter.SimpleXMLConverter.toBody;NonSmelly
retrofit;retrofit.converter.SimpleXMLConverter.toBody;NonSmelly
retrofit;retrofit.converter.SimpleXMLConverterTest.initConverter;NonSmelly
retrofit;retrofit.converter.SimpleXMLConverterTest.serialize;NonSmelly
retrofit;retrofit.converter.SimpleXMLConverterTest.deserialize;NonSmelly
retrofit;retrofit.converter.SimpleXMLConverterTest.deserializeWrongValue;NonSmelly
retrofit;retrofit.converter.SimpleXMLConverterTest.deserializeWrongClass;NonSmelly
retrofit;retrofit.converter.SimpleXMLConverterTest.asString;NonSmelly
retrofit;retrofit.converter.SimpleXMLConverterTest.asString;NonSmelly
retrofit;retrofit.converter.SimpleXMLConverterTest.MyObject.MyObject;NonSmelly
retrofit;retrofit.converter.SimpleXMLConverterTest.MyObject.MyObject;NonSmelly
retrofit;retrofit.converter.SimpleXMLConverterTest.MyObject.setMessage;NonSmelly
retrofit;retrofit.converter.SimpleXMLConverterTest.MyObject.getMessage;NonSmelly
retrofit;retrofit.converter.SimpleXMLConverterTest.MyObject.setCount;NonSmelly
retrofit;retrofit.converter.SimpleXMLConverterTest.MyObject.getCount;NonSmelly
retrofit;retrofit.converter.SimpleXMLConverterTest.MyObject.hashCode;NonSmelly
retrofit;retrofit.converter.SimpleXMLConverterTest.MyObject.equals;NonSmelly
retrofit;retrofit.converter.SimpleXMLConverterTest.MyObject.equals;NonSmelly
retrofit;retrofit.converter.WireConverter.WireConverter;NonSmelly
retrofit;retrofit.converter.WireConverter.WireConverter;NonSmelly
retrofit;retrofit.converter.WireConverter.fromBody;NonSmelly
retrofit;retrofit.converter.WireConverter.toBody;NonSmelly
retrofit;retrofit.converter.WireConverter.toBody;NonSmelly
retrofit;retrofit.converter.Person.Person;NonSmelly
retrofit;retrofit.converter.Person.equals;NonSmelly
retrofit;retrofit.converter.Person.hashCode;NonSmelly
retrofit;retrofit.converter.Person;ClassDataShouldBePrivate
retrofit;retrofit.converter.Person.Builder.Builder;NonSmelly
retrofit;retrofit.converter.Person.Builder.Builder;NonSmelly
retrofit;retrofit.converter.Person.Builder.name;NonSmelly
retrofit;retrofit.converter.Person.Builder.id;NonSmelly
retrofit;retrofit.converter.Person.Builder.email;NonSmelly
retrofit;retrofit.converter.Person.Builder.phone;NonSmelly
retrofit;retrofit.converter.Person.Builder.build;NonSmelly
retrofit;retrofit.converter.Person.Builder;ClassDataShouldBePrivate
retrofit;retrofit.converter.Person.PhoneNumber.PhoneNumber;NonSmelly
retrofit;retrofit.converter.Person.PhoneNumber.equals;NonSmelly
retrofit;retrofit.converter.Person.PhoneNumber.hashCode;NonSmelly
retrofit;retrofit.converter.Person.PhoneNumber;ClassDataShouldBePrivate
retrofit;retrofit.converter.Person.PhoneNumber.Builder.Builder;NonSmelly
retrofit;retrofit.converter.Person.PhoneNumber.Builder.Builder;NonSmelly
retrofit;retrofit.converter.Person.PhoneNumber.Builder.number;NonSmelly
retrofit;retrofit.converter.Person.PhoneNumber.Builder.type;NonSmelly
retrofit;retrofit.converter.Person.PhoneNumber.Builder.build;NonSmelly
retrofit;retrofit.converter.Person.PhoneNumber.Builder;ClassDataShouldBePrivate
retrofit;retrofit.converter.WireConverterTest.serialize;NonSmelly
retrofit;retrofit.converter.WireConverterTest.deserialize;NonSmelly
retrofit;retrofit.converter.WireConverterTest.deserializeWrongClass;NonSmelly
retrofit;retrofit.converter.WireConverterTest.deserializeWrongType;NonSmelly
retrofit;retrofit.converter.WireConverterTest.deserializeWrongValue;NonSmelly
retrofit;retrofit.converter.WireConverterTest.deserializeWrongMime;NonSmelly
retrofit;retrofit.converter.WireConverterTest.bytesOf;NonSmelly
retrofit;retrofit.converter.WireConverterTest.decodeBase64;NonSmelly
retrofit;retrofit.converter.WireConverterTest.decodeBase64;NonSmelly
retrofit;retrofit.converter.WireConverterTest.decodeBase64;NonSmelly
retrofit;retrofit.android.AndroidMockValuePersistence.install;FeatureEnvy
retrofit;retrofit.android.AndroidMockValuePersistence.AndroidMockValuePersistence;NonSmelly
retrofit;retrofit.android.AndroidMockValuePersistence.onMockValuesChanged;MessageChain
retrofit;retrofit.android.AndroidMockValuePersistence.onMockValuesChanged;NonSmelly
retrofit;retrofit.MockHttpException.newMovedPermanentely;NonSmelly
retrofit;retrofit.MockHttpException.newMovedTemporarily;NonSmelly
retrofit;retrofit.MockHttpException.newBadRequest;NonSmelly
retrofit;retrofit.MockHttpException.newUnauthorized;NonSmelly
retrofit;retrofit.MockHttpException.newForbidden;NonSmelly
retrofit;retrofit.MockHttpException.newNotFound;NonSmelly
retrofit;retrofit.MockHttpException.newInternalError;NonSmelly
retrofit;retrofit.MockHttpException.MockHttpException;NonSmelly
retrofit;retrofit.MockHttpException.withHeader;NonSmelly
retrofit;retrofit.MockHttpException.toResponse;NonSmelly
retrofit;retrofit.MockHttpException.toResponse;NonSmelly
retrofit;retrofit.MockHttpRetrofitError.MockHttpRetrofitError;LongParameterList
retrofit;retrofit.MockHttpRetrofitError.getBody;NonSmelly
retrofit;retrofit.MockHttpRetrofitError.getBodyAs;NonSmelly
retrofit;retrofit.MockHttpRetrofitError.getBodyAs;NonSmelly
retrofit;retrofit.MockRestAdapter.from;NonSmelly
retrofit;retrofit.MockRestAdapter.MockRestAdapter;NonSmelly
retrofit;retrofit.MockRestAdapter.setValueChangeListener;NonSmelly
retrofit;retrofit.MockRestAdapter.notifyValueChangeListener;NonSmelly
retrofit;retrofit.MockRestAdapter.setDelay;NonSmelly
retrofit;retrofit.MockRestAdapter.getDelay;NonSmelly
retrofit;retrofit.MockRestAdapter.setVariancePercentage;NonSmelly
retrofit;retrofit.MockRestAdapter.getVariancePercentage;NonSmelly
retrofit;retrofit.MockRestAdapter.setErrorPercentage;NonSmelly
retrofit;retrofit.MockRestAdapter.getErrorPercentage;NonSmelly
retrofit;retrofit.MockRestAdapter.calculateIsFailure;NonSmelly
retrofit;retrofit.MockRestAdapter.calculateDelayForError;NonSmelly
retrofit;retrofit.MockRestAdapter.calculateDelayForCall;NonSmelly
retrofit;retrofit.MockRestAdapter.create;NonSmelly
retrofit;retrofit.MockRestAdapter.sleep;NonSmelly
retrofit;retrofit.MockRestAdapter.uptimeMillis;NonSmelly
retrofit;retrofit.MockRestAdapter.uptimeMillis;NonSmelly
retrofit;retrofit.MockRestAdapter.ValueChangeListener.onMockValuesChanged;NonSmelly
retrofit;retrofit.MockRestAdapter.ValueChangeListener.onMockValuesChanged;NonSmelly
retrofit;retrofit.MockRestAdapter.MockHandler.MockHandler;NonSmelly
retrofit;retrofit.MockRestAdapter.MockHandler.invoke;NonSmelly
retrofit;retrofit.MockRestAdapter.MockHandler.buildRequest;NonSmelly
retrofit;retrofit.MockRestAdapter.MockHandler.invokeSync;FeatureEnvy
retrofit;retrofit.MockRestAdapter.MockHandler.invokeSync;LongMethod
retrofit;retrofit.MockRestAdapter.MockHandler.invokeSync;DispersedCoupling
retrofit;retrofit.MockRestAdapter.MockHandler.invokeAsync;FeatureEnvy
retrofit;retrofit.MockRestAdapter.MockHandler.invokeAsync;LongMethod
retrofit;retrofit.MockRestAdapter.MockHandler.invokeAsync;DispersedCoupling
retrofit;retrofit.MockRestAdapter.MockHandler;SpaghettiCode
retrofit;retrofit.MockRestAdapter.MockRxSupport.MockRxSupport;NonSmelly
retrofit;retrofit.MockRestAdapter.MockRxSupport.createMockObservable;LongParameterList
retrofit;retrofit.MockRestAdapter.MockRxSupport.createMockObservable;NonSmelly
retrofit;retrofit.MockTypedInput.MockTypedInput;NonSmelly
retrofit;retrofit.MockTypedInput.mimeType;NonSmelly
retrofit;retrofit.MockTypedInput.length;NonSmelly
retrofit;retrofit.MockTypedInput.in;NonSmelly
retrofit;retrofit.MockTypedInput.initBytes;NonSmelly
retrofit;retrofit.MockTypedInput.initBytes;NonSmelly
retrofit;retrofit.MockRestAdapterTest.setUp;FeatureEnvy
retrofit;retrofit.MockRestAdapterTest.setUp;MessageChain
retrofit;retrofit.MockRestAdapterTest.delayRestrictsRange;NonSmelly
retrofit;retrofit.MockRestAdapterTest.varianceRestrictsRange;NonSmelly
retrofit;retrofit.MockRestAdapterTest.errorRestrictsRange;NonSmelly
retrofit;retrofit.MockRestAdapterTest.errorPercentageIsAccurate;FeatureEnvy
retrofit;retrofit.MockRestAdapterTest.delayVarianceIsAccurate;FeatureEnvy
retrofit;retrofit.MockRestAdapterTest.errorVarianceIsAccurate;NonSmelly
retrofit;retrofit.MockRestAdapterTest.changeListenerOnlyInvokedWhenValueHasChanged;FeatureEnvy
retrofit;retrofit.MockRestAdapterTest.syncFailureTriggersNetworkError;NonSmelly
retrofit;retrofit.MockRestAdapterTest.asyncFailureTriggersNetworkError;NonSmelly
retrofit;retrofit.MockRestAdapterTest.syncApiIsCalledWithDelay;FeatureEnvy
retrofit;retrofit.MockRestAdapterTest.asyncApiIsCalledWithDelay;FeatureEnvy
retrofit;retrofit.MockRestAdapterTest.asyncApiIsCalledWithDelay;LongMethod
retrofit;retrofit.MockRestAdapterTest.asyncApiIsCalledWithDelay;MessageChain
retrofit;retrofit.MockRestAdapterTest.observableApiIsCalledWithDelay;FeatureEnvy
retrofit;retrofit.MockRestAdapterTest.observableApiIsCalledWithDelay;LongMethod
retrofit;retrofit.MockRestAdapterTest.observableApiIsCalledWithDelay;MessageChain
retrofit;retrofit.MockRestAdapterTest.syncHttpExceptionBecomesError;FeatureEnvy
retrofit;retrofit.MockRestAdapterTest.syncHttpExceptionBecomesError;MessageChain
retrofit;retrofit.MockRestAdapterTest.asyncHttpExceptionBecomesError;FeatureEnvy
retrofit;retrofit.MockRestAdapterTest.asyncHttpExceptionBecomesError;LongMethod
retrofit;retrofit.MockRestAdapterTest.asyncHttpExceptionBecomesError;MessageChain
retrofit;retrofit.MockRestAdapterTest.observableHttpExceptionBecomesError;FeatureEnvy
retrofit;retrofit.MockRestAdapterTest.observableHttpExceptionBecomesError;LongMethod
retrofit;retrofit.MockRestAdapterTest.observableHttpExceptionBecomesError;MessageChain
retrofit;retrofit.MockRestAdapterTest.syncErrorUsesErrorHandler;FeatureEnvy
retrofit;retrofit.MockRestAdapterTest.asyncErrorUsesErrorHandler;FeatureEnvy
retrofit;retrofit.MockRestAdapterTest.observableErrorUsesErrorHandler;FeatureEnvy
retrofit;retrofit.MockRestAdapterTest.asyncCanUseCallbackSubtype;FeatureEnvy
retrofit;retrofit.MockRestAdapterTest.asyncCanUseCallbackSubtype;MessageChain
retrofit;retrofit.MockRestAdapterTest;SpaghettiCode
retrofit;retrofit.MockRestAdapterTest.SyncExample.doStuff;NonSmelly
retrofit;retrofit.MockRestAdapterTest.SyncExample;LazyClass
retrofit;retrofit.MockRestAdapterTest.AsyncExample.doStuff;NonSmelly
retrofit;retrofit.MockRestAdapterTest.AsyncExample;LazyClass
retrofit;retrofit.MockRestAdapterTest.AsyncCallbackSubtypeExample.doStuff;NonSmelly
retrofit;retrofit.MockRestAdapterTest.AsyncCallbackSubtypeExample.doStuff;NonSmelly
retrofit;retrofit.MockRestAdapterTest.AsyncCallbackSubtypeExample.Foo;LazyClass
retrofit;retrofit.MockRestAdapterTest.AsyncCallbackSubtypeExample.Foo;SpeculativeGenerality
retrofit;retrofit.MockRestAdapterTest.ObservableExample.doStuff;NonSmelly
retrofit;retrofit.MockRestAdapterTest.ObservableExample;LazyClass
retrofit;.doStuff;NonSmelly
retrofit;.doStuff;NonSmelly
retrofit;.doStuff;NonSmelly
retrofit;.doStuff;NonSmelly
retrofit;.doStuff;NonSmelly
retrofit;.doStuff;NonSmelly
retrofit;.doStuff;NonSmelly
retrofit;.doStuff;NonSmelly
retrofit;.doStuff;NonSmelly
retrofit;.doStuff;NonSmelly
retrofit;.doStuff;NonSmelly
retrofit;.doStuff;NonSmelly
retrofit;.doStuff;NonSmelly
retrofit;.doStuff;NonSmelly
retrofit;.doStuff;NonSmelly
retrofit;.doStuff;NonSmelly
retrofit;.doStuff;NonSmelly
retrofit;.doStuff;NonSmelly
retrofit;.doStuff;NonSmelly
retrofit;.doStuff;NonSmelly
retrofit;.doStuff;NonSmelly
retrofit;.doStuff;NonSmelly
retrofit;.doStuff;NonSmelly
retrofit;.doStuff;NonSmelly
retrofit;com.example.retrofit.GitHubClient.main;NonSmelly
retrofit;com.example.retrofit.GitHubClient.main;NonSmelly
retrofit;com.example.retrofit.GitHubClient.Contributor;LazyClass
retrofit;com.example.retrofit.GitHubClient.GitHub.contributors;NonSmelly
retrofit;com.example.retrofit.GitHubClient.GitHub.contributors;NonSmelly
