retrofit;retrofit.appengine.UrlFetchClientTest.get;MessageChain
retrofit;retrofit.appengine.UrlFetchClientTest.post;MessageChain
retrofit;retrofit.appengine.UrlFetchClientTest.multipart;MessageChain
retrofit;retrofit.appengine.UrlFetchClientTest.response;MessageChain
retrofit;retrofit.appengine.UrlFetchClientTest.emptyResponse;MessageChain
retrofit;retrofit.client.ApacheClientTest.get;MessageChain
retrofit;retrofit.client.ApacheClientTest.post;MessageChain
retrofit;retrofit.client.ApacheClientTest.multipart;MessageChain
retrofit;retrofit.client.ApacheClientTest.response;MessageChain
retrofit;retrofit.client.ApacheClientTest.emptyResponse;MessageChain
retrofit;retrofit.client.UrlConnectionClientTest.get;MessageChain
retrofit;retrofit.client.UrlConnectionClientTest.post;MessageChain
retrofit;retrofit.client.UrlConnectionClientTest.multipart;MessageChain
retrofit;retrofit.client.UrlConnectionClientTest.response;MessageChain
retrofit;retrofit.client.UrlConnectionClientTest.createdResponse;MessageChain
retrofit;retrofit.client.UrlConnectionClientTest.errorResponse;MessageChain
retrofit;retrofit.client.UrlConnectionClientTest.emptyResponse;MessageChain
retrofit;retrofit.ErrorHandlerTest.setup;MessageChain
retrofit;retrofit.RequestBuilderTest.normalGet;MessageChain
retrofit;retrofit.RequestBuilderTest.getWithPathParam;MessageChain
retrofit;retrofit.RequestBuilderTest.getWithEncodedPathParam;MessageChain
retrofit;retrofit.RequestBuilderTest.getWithInterceptorPathParam;MessageChain
retrofit;retrofit.RequestBuilderTest.getWithPathParamAndInterceptorPathParam;MessageChain
retrofit;retrofit.RequestBuilderTest.getWithInterceptorQueryParam;MessageChain
retrofit;retrofit.RequestBuilderTest.getWithPathParamAndInterceptorQueryParam;MessageChain
retrofit;retrofit.RequestBuilderTest.getWithInterceptorPathParamAndInterceptorQueryParam;MessageChain
retrofit;retrofit.RequestBuilderTest.getWithPathParamAndInterceptorPathParamAndInterceptorQueryParam;MessageChain
retrofit;retrofit.RequestBuilderTest.pathParamRequired;MessageChain
retrofit;retrofit.RequestBuilderTest.getWithQueryParam;MessageChain
retrofit;retrofit.RequestBuilderTest.getWithEncodedQueryParam;MessageChain
retrofit;retrofit.RequestBuilderTest.queryParamOptional;MessageChain
retrofit;retrofit.RequestBuilderTest.getWithQueryUrlAndParam;MessageChain
retrofit;retrofit.RequestBuilderTest.getWithQuery;MessageChain
retrofit;retrofit.RequestBuilderTest.getWithPathAndQueryParam;MessageChain
retrofit;retrofit.RequestBuilderTest.getWithPathAndQueryQuestionMarkParam;MessageChain
retrofit;retrofit.RequestBuilderTest.getWithPathAndQueryAmpersandParam;MessageChain
retrofit;retrofit.RequestBuilderTest.getWithPathAndQueryHashParam;MessageChain
retrofit;retrofit.RequestBuilderTest.getWithQueryParamList;MessageChain
retrofit;retrofit.RequestBuilderTest.getWithQueryParamArray;MessageChain
retrofit;retrofit.RequestBuilderTest.getWithQueryParamPrimitiveArray;MessageChain
retrofit;retrofit.RequestBuilderTest.getWithQueryParamMap;MessageChain
retrofit;retrofit.RequestBuilderTest.getWithEncodedQueryParamMap;MessageChain
retrofit;retrofit.RequestBuilderTest.normalPost;MessageChain
retrofit;retrofit.RequestBuilderTest.normalPostWithPathParam;MessageChain
retrofit;retrofit.RequestBuilderTest.body;MessageChain
retrofit;retrofit.RequestBuilderTest.bodyRequired;MessageChain
retrofit;retrofit.RequestBuilderTest.bodyWithPathParams;MessageChain
retrofit;retrofit.RequestBuilderTest.simpleMultipart;MessageChain
retrofit;retrofit.RequestBuilderTest.multipartPartMap;MessageChain
retrofit;retrofit.RequestBuilderTest.multipartNullRemovesPart;MessageChain
retrofit;retrofit.RequestBuilderTest.multipartPartOptional;MessageChain
retrofit;retrofit.RequestBuilderTest.simpleFormEncoded;MessageChain
retrofit;retrofit.RequestBuilderTest.formEncodedFieldOptional;MessageChain
retrofit;retrofit.RequestBuilderTest.formEncodedFieldList;MessageChain
retrofit;retrofit.RequestBuilderTest.formEncodedFieldArray;MessageChain
retrofit;retrofit.RequestBuilderTest.formEncodedFieldPrimitiveArray;MessageChain
retrofit;retrofit.RequestBuilderTest.formEncodedFieldMap;MessageChain
retrofit;retrofit.RequestBuilderTest.simpleHeaders;MessageChain
retrofit;retrofit.RequestBuilderTest.simpleInterceptorHeaders;MessageChain
retrofit;retrofit.RequestBuilderTest.headersAndInterceptorHeaders;MessageChain
retrofit;retrofit.RequestBuilderTest.allThreeHeaderTypes;MessageChain
retrofit;retrofit.RequestBuilderTest.methodHeader;MessageChain
retrofit;retrofit.RequestBuilderTest.headerParam;MessageChain
retrofit;retrofit.RequestBuilderTest.noDuplicateSlashes;MessageChain
retrofit;retrofit.RequestBuilderTest.contentTypeAnnotationHeaderOverrides;MessageChain
retrofit;retrofit.RequestBuilderTest.contentTypeParameterHeaderOverrides;MessageChain
retrofit;retrofit.RestAdapterTest.setUp;MessageChain
retrofit;retrofit.RestAdapterTest.profilerObjectPassThrough;MessageChain
retrofit;retrofit.RestAdapterTest.logRequestResponseBasic;MessageChain
retrofit;retrofit.RestAdapterTest.logRequestResponseHeaders;MessageChain
retrofit;retrofit.RestAdapterTest.logSuccessfulRequestResponseFullWhenResponseBodyPresent;MessageChain
retrofit;retrofit.RestAdapterTest.logSuccessfulRequestResponseFullWhenResponseBodyAbsent;MessageChain
retrofit;retrofit.RestAdapterTest.successfulRequestResponseWhenMimeTypeMissing;MessageChain
retrofit;retrofit.RestAdapterTest.logSuccessfulRequestResponseFullWhenMimeTypeMissing;MessageChain
retrofit;retrofit.RestAdapterTest.synchronousDoesNotUseExecutors;MessageChain
retrofit;retrofit.RestAdapterTest.asynchronousUsesExecutors;MessageChain
retrofit;retrofit.RestAdapterTest.malformedResponseThrowsConversionException;MessageChain
retrofit;retrofit.RestAdapterTest.errorResponseThrowsHttpError;MessageChain
retrofit;retrofit.RestAdapterTest.logErrorRequestResponseFullWhenMimeTypeMissing;MessageChain
retrofit;retrofit.RestAdapterTest.logErrorRequestResponseFullWhenResponseBodyAbsent;MessageChain
retrofit;retrofit.RestAdapterTest.clientExceptionThrowsNetworkError;MessageChain
retrofit;retrofit.RestAdapterTest.bodyTypedInputExceptionThrowsNetworkError;MessageChain
retrofit;retrofit.RestAdapterTest.getResponseDirectly;MessageChain
retrofit;retrofit.RestAdapterTest.streamingResponse;MessageChain
retrofit;retrofit.RestAdapterTest.closeInputStream;MessageChain
retrofit;retrofit.RestAdapterTest.getResponseDirectlyAsync;MessageChain
retrofit;retrofit.RestAdapterTest.getAsync;MessageChain
retrofit;retrofit.RestAdapterTest.errorAsync;MessageChain
retrofit;retrofit.RestAdapterTest.observableCallsOnNext;MessageChain
retrofit;retrofit.RestAdapterTest.observableCallsOnError;MessageChain
retrofit;retrofit.RestAdapterTest.observableHandlesParams;MessageChain
retrofit;retrofit.RestAdapterTest.observableUsesHttpExecutor;MessageChain
retrofit;retrofit.android.AndroidMockValuePersistence.onMockValuesChanged;MessageChain
retrofit;retrofit.MockRestAdapterTest.setUp;MessageChain
retrofit;retrofit.MockRestAdapterTest.asyncApiIsCalledWithDelay;MessageChain
retrofit;retrofit.MockRestAdapterTest.observableApiIsCalledWithDelay;MessageChain
retrofit;retrofit.MockRestAdapterTest.syncHttpExceptionBecomesError;MessageChain
retrofit;retrofit.MockRestAdapterTest.asyncHttpExceptionBecomesError;MessageChain
retrofit;retrofit.MockRestAdapterTest.observableHttpExceptionBecomesError;MessageChain
retrofit;retrofit.MockRestAdapterTest.asyncCanUseCallbackSubtype;MessageChain
