retrofit;retrofit.appengine.UrlFetchClient.createRequest;FeatureEnvy
retrofit;retrofit.client.ApacheClient.GenericEntityHttpRequest.GenericEntityHttpRequest;FeatureEnvy
retrofit;retrofit.mime.MultipartTypedOutput.buildHeader;FeatureEnvy
retrofit;retrofit.RestAdapter.logAndReplaceRequest;FeatureEnvy
retrofit;retrofit.RestAdapter.logAndReplaceResponse;FeatureEnvy
retrofit;retrofit.RestAdapter.RestHandler.invokeRequest;FeatureEnvy
retrofit;retrofit.RestAdapter.Builder.ensureSaneDefaults;FeatureEnvy
retrofit;retrofit.Utils.readBodyToBytesIfNecessary;FeatureEnvy
retrofit;retrofit.Utils.replaceResponseBody;FeatureEnvy
retrofit;retrofit.appengine.UrlFetchClientTest.response;FeatureEnvy
retrofit;retrofit.appengine.UrlFetchClientTest.emptyResponse;FeatureEnvy
retrofit;retrofit.client.ApacheClientTest.response;FeatureEnvy
retrofit;retrofit.client.ApacheClientTest.emptyResponse;FeatureEnvy
retrofit;retrofit.client.UrlConnectionClientTest.post;FeatureEnvy
retrofit;retrofit.client.UrlConnectionClientTest.multipart;FeatureEnvy
retrofit;retrofit.client.UrlConnectionClientTest.response;FeatureEnvy
retrofit;retrofit.client.UrlConnectionClientTest.createdResponse;FeatureEnvy
retrofit;retrofit.client.UrlConnectionClientTest.errorResponse;FeatureEnvy
retrofit;retrofit.client.UrlConnectionClientTest.emptyResponse;FeatureEnvy
retrofit;retrofit.ErrorHandlerTest.setup;FeatureEnvy
retrofit;retrofit.mime.FormUrlEncodingTypedOutputTest.encodedPairs;FeatureEnvy
retrofit;retrofit.mime.MimeUtilTest.charsetParsing;FeatureEnvy
retrofit;retrofit.mime.MultipartTypedOutputTest.threeParts;FeatureEnvy
retrofit;retrofit.mime.TypedByteArrayTest.objectEquals;FeatureEnvy
retrofit;retrofit.mime.TypedFileTest.objectEquals;FeatureEnvy
retrofit;retrofit.RequestBuilderTest.normalGet;FeatureEnvy
retrofit;retrofit.RequestBuilderTest.getWithPathParam;FeatureEnvy
retrofit;retrofit.RequestBuilderTest.getWithEncodedPathParam;FeatureEnvy
retrofit;retrofit.RequestBuilderTest.getWithInterceptorPathParam;FeatureEnvy
retrofit;retrofit.RequestBuilderTest.getWithPathParamAndInterceptorPathParam;FeatureEnvy
retrofit;retrofit.RequestBuilderTest.getWithInterceptorQueryParam;FeatureEnvy
retrofit;retrofit.RequestBuilderTest.getWithPathParamAndInterceptorQueryParam;FeatureEnvy
retrofit;retrofit.RequestBuilderTest.getWithInterceptorPathParamAndInterceptorQueryParam;FeatureEnvy
retrofit;retrofit.RequestBuilderTest.getWithPathParamAndInterceptorPathParamAndInterceptorQueryParam;FeatureEnvy
retrofit;retrofit.RequestBuilderTest.pathParamRequired;FeatureEnvy
retrofit;retrofit.RequestBuilderTest.getWithQueryParam;FeatureEnvy
retrofit;retrofit.RequestBuilderTest.getWithEncodedQueryParam;FeatureEnvy
retrofit;retrofit.RequestBuilderTest.queryParamOptional;FeatureEnvy
retrofit;retrofit.RequestBuilderTest.getWithQueryUrlAndParam;FeatureEnvy
retrofit;retrofit.RequestBuilderTest.getWithQuery;FeatureEnvy
retrofit;retrofit.RequestBuilderTest.getWithPathAndQueryParam;FeatureEnvy
retrofit;retrofit.RequestBuilderTest.getWithPathAndQueryQuestionMarkParam;FeatureEnvy
retrofit;retrofit.RequestBuilderTest.getWithPathAndQueryAmpersandParam;FeatureEnvy
retrofit;retrofit.RequestBuilderTest.getWithPathAndQueryHashParam;FeatureEnvy
retrofit;retrofit.RequestBuilderTest.getWithQueryParamList;FeatureEnvy
retrofit;retrofit.RequestBuilderTest.getWithQueryParamArray;FeatureEnvy
retrofit;retrofit.RequestBuilderTest.getWithQueryParamPrimitiveArray;FeatureEnvy
retrofit;retrofit.RequestBuilderTest.getWithQueryParamMap;FeatureEnvy
retrofit;retrofit.RequestBuilderTest.getWithEncodedQueryParamMap;FeatureEnvy
retrofit;retrofit.RequestBuilderTest.normalPost;FeatureEnvy
retrofit;retrofit.RequestBuilderTest.normalPostWithPathParam;FeatureEnvy
retrofit;retrofit.RequestBuilderTest.body;FeatureEnvy
retrofit;retrofit.RequestBuilderTest.bodyRequired;FeatureEnvy
retrofit;retrofit.RequestBuilderTest.bodyWithPathParams;FeatureEnvy
retrofit;retrofit.RequestBuilderTest.simpleMultipart;FeatureEnvy
retrofit;retrofit.RequestBuilderTest.multipartPartMap;FeatureEnvy
retrofit;retrofit.RequestBuilderTest.multipartNullRemovesPart;FeatureEnvy
retrofit;retrofit.RequestBuilderTest.multipartPartOptional;FeatureEnvy
retrofit;retrofit.RequestBuilderTest.simpleFormEncoded;FeatureEnvy
retrofit;retrofit.RequestBuilderTest.formEncodedFieldOptional;FeatureEnvy
retrofit;retrofit.RequestBuilderTest.formEncodedFieldList;FeatureEnvy
retrofit;retrofit.RequestBuilderTest.formEncodedFieldArray;FeatureEnvy
retrofit;retrofit.RequestBuilderTest.formEncodedFieldPrimitiveArray;FeatureEnvy
retrofit;retrofit.RequestBuilderTest.formEncodedFieldMap;FeatureEnvy
retrofit;retrofit.RequestBuilderTest.simpleHeaders;FeatureEnvy
retrofit;retrofit.RequestBuilderTest.simpleInterceptorHeaders;FeatureEnvy
retrofit;retrofit.RequestBuilderTest.headersAndInterceptorHeaders;FeatureEnvy
retrofit;retrofit.RequestBuilderTest.allThreeHeaderTypes;FeatureEnvy
retrofit;retrofit.RequestBuilderTest.methodHeader;FeatureEnvy
retrofit;retrofit.RequestBuilderTest.headerParam;FeatureEnvy
retrofit;retrofit.RequestBuilderTest.noDuplicateSlashes;FeatureEnvy
retrofit;retrofit.RequestBuilderTest.contentTypeAnnotationHeaderOverrides;FeatureEnvy
retrofit;retrofit.RequestBuilderTest.contentTypeParameterHeaderOverrides;FeatureEnvy
retrofit;retrofit.RequestBuilderTest.Helper.build;FeatureEnvy
retrofit;retrofit.RestAdapterTest.setUp;FeatureEnvy
retrofit;retrofit.RestAdapterTest.logRequestResponseBasic;FeatureEnvy
retrofit;retrofit.RestAdapterTest.logRequestResponseHeaders;FeatureEnvy
retrofit;retrofit.RestAdapterTest.logSuccessfulRequestResponseFullWhenResponseBodyPresent;FeatureEnvy
retrofit;retrofit.RestAdapterTest.logSuccessfulRequestResponseFullWhenResponseBodyAbsent;FeatureEnvy
retrofit;retrofit.RestAdapterTest.logSuccessfulRequestResponseFullWhenMimeTypeMissing;FeatureEnvy
retrofit;retrofit.RestAdapterTest.logErrorRequestResponseFullWhenMimeTypeMissing;FeatureEnvy
retrofit;retrofit.RestAdapterTest.logErrorRequestResponseFullWhenResponseBodyAbsent;FeatureEnvy
retrofit;retrofit.RestAdapterTest.closeInputStream;FeatureEnvy
retrofit;retrofit.RestAdapterTest.errorAsync;FeatureEnvy
retrofit;retrofit.android.AndroidMockValuePersistence.install;FeatureEnvy
retrofit;retrofit.MockRestAdapter.MockHandler.invokeSync;FeatureEnvy
retrofit;retrofit.MockRestAdapter.MockHandler.invokeAsync;FeatureEnvy
retrofit;retrofit.MockRestAdapterTest.setUp;FeatureEnvy
retrofit;retrofit.MockRestAdapterTest.errorPercentageIsAccurate;FeatureEnvy
retrofit;retrofit.MockRestAdapterTest.delayVarianceIsAccurate;FeatureEnvy
retrofit;retrofit.MockRestAdapterTest.changeListenerOnlyInvokedWhenValueHasChanged;FeatureEnvy
retrofit;retrofit.MockRestAdapterTest.syncApiIsCalledWithDelay;FeatureEnvy
retrofit;retrofit.MockRestAdapterTest.asyncApiIsCalledWithDelay;FeatureEnvy
retrofit;retrofit.MockRestAdapterTest.observableApiIsCalledWithDelay;FeatureEnvy
retrofit;retrofit.MockRestAdapterTest.syncHttpExceptionBecomesError;FeatureEnvy
retrofit;retrofit.MockRestAdapterTest.asyncHttpExceptionBecomesError;FeatureEnvy
retrofit;retrofit.MockRestAdapterTest.observableHttpExceptionBecomesError;FeatureEnvy
retrofit;retrofit.MockRestAdapterTest.syncErrorUsesErrorHandler;FeatureEnvy
retrofit;retrofit.MockRestAdapterTest.asyncErrorUsesErrorHandler;FeatureEnvy
retrofit;retrofit.MockRestAdapterTest.observableErrorUsesErrorHandler;FeatureEnvy
retrofit;retrofit.MockRestAdapterTest.asyncCanUseCallbackSubtype;FeatureEnvy
