nomeSistema;class;cbo;wmc;dit;rfc;maxNested;loc;nom
commons-io;org.apache.commons.io.ByteOrderMark;3;20;1;12;2;76;8
commons-io;org.apache.commons.io.ByteOrderParser;0;4;1;2;1;13;2
commons-io;org.apache.commons.io.Charsets;0;5;1;5;0;24;3
commons-io;org.apache.commons.io.comparator.AbstractFileComparator;0;5;1;4;1;17;3
commons-io;org.apache.commons.io.comparator.CompositeFileComparator;1;11;2;10;2;49;4
commons-io;org.apache.commons.io.comparator.DefaultFileComparator;3;1;2;1;0;8;1
commons-io;org.apache.commons.io.comparator.DirectoryFileComparator;3;3;2;2;0;13;2
commons-io;org.apache.commons.io.comparator.ExtensionFileComparator;5;5;2;4;0;24;4
commons-io;org.apache.commons.io.comparator.LastModifiedFileComparator;3;3;2;1;1;17;1
commons-io;org.apache.commons.io.comparator.NameFileComparator;4;5;2;3;0;22;4
commons-io;org.apache.commons.io.comparator.PathFileComparator;4;5;2;3;0;22;4
commons-io;org.apache.commons.io.comparator.ReverseComparator;1;4;2;3;1;16;3
commons-io;org.apache.commons.io.comparator.SizeFileComparator;4;12;2;5;1;43;4
commons-io;org.apache.commons.io.CopyUtils;3;15;1;11;1;69;13
commons-io;org.apache.commons.io.DirectoryWalker;5;30;4;18;5;114;16
commons-io;org.apache.commons.io.DirectoryWalker$CancelException;0;4;4;0;0;19;4
commons-io;org.apache.commons.io.EndianUtils;2;33;1;17;1;141;31
commons-io;org.apache.commons.io.FileCleaner;2;7;1;6;0;24;7
commons-io;org.apache.commons.io.FileCleaningTracker;4;13;4;10;2;86;8
commons-io;org.apache.commons.io.FileCleaningTracker$Reaper;1;6;2;9;3;22;2
commons-io;org.apache.commons.io.FileCleaningTracker$Tracker;1;4;3;1;0;15;3
commons-io;org.apache.commons.io.FileDeleteStrategy;2;10;2;3;1;39;5
commons-io;org.apache.commons.io.FileDeleteStrategy$ForceFileDeleteStrategy;2;2;2;1;0;9;2
commons-io;org.apache.commons.io.FileExistsException;0;3;4;0;0;12;3
commons-io;org.apache.commons.io.filefilter.AbstractFileFilter;2;3;1;6;0;11;3
commons-io;org.apache.commons.io.filefilter.AgeFileFilter;2;10;2;4;0;32;8
commons-io;org.apache.commons.io.filefilter.AndFileFilter;4;23;2;15;3;74;10
commons-io;org.apache.commons.io.filefilter.CanExecuteFileFilter;4;2;2;1;0;10;2
commons-io;org.apache.commons.io.filefilter.CanReadFileFilter;5;2;2;1;0;11;2
commons-io;org.apache.commons.io.filefilter.CanWriteFileFilter;4;2;2;1;0;10;2
commons-io;org.apache.commons.io.filefilter.ConditionalFileFilter;1;4;1;0;0;6;4
commons-io;org.apache.commons.io.filefilter.DelegateFileFilter;1;10;2;6;1;35;5
commons-io;org.apache.commons.io.filefilter.DirectoryFileFilter;3;2;2;1;0;10;2
commons-io;org.apache.commons.io.filefilter.EmptyFileFilter;4;4;2;3;1;14;2
commons-io;org.apache.commons.io.filefilter.FalseFileFilter;2;3;1;0;0;13;3
commons-io;org.apache.commons.io.filefilter.FileFileFilter;3;2;2;1;0;9;2
commons-io;org.apache.commons.io.filefilter.FileFilterUtils;15;60;1;16;3;181;43
commons-io;org.apache.commons.io.filefilter.HiddenFileFilter;4;2;2;1;0;10;2
commons-io;org.apache.commons.io.filefilter.IOFileFilter;0;2;1;0;0;4;2
commons-io;org.apache.commons.io.filefilter.MagicNumberFileFilter;2;17;2;13;4;65;6
commons-io;org.apache.commons.io.filefilter.NameFileFilter;2;22;2;8;3;68;9
commons-io;org.apache.commons.io.filefilter.NotFileFilter;2;5;2;4;1;19;4
commons-io;org.apache.commons.io.filefilter.OrFileFilter;4;21;2;14;3;68;10
commons-io;org.apache.commons.io.filefilter.PrefixFileFilter;2;22;2;8;3;68;9
commons-io;org.apache.commons.io.filefilter.RegexFileFilter;2;11;2;5;1;35;5
commons-io;org.apache.commons.io.filefilter.SizeFileFilter;1;8;2;2;1;23;4
commons-io;org.apache.commons.io.filefilter.SuffixFileFilter;2;22;2;8;3;68;9
commons-io;org.apache.commons.io.filefilter.TrueFileFilter;2;3;1;0;0;13;3
commons-io;org.apache.commons.io.filefilter.WildcardFileFilter;3;22;2;8;3;68;9
commons-io;org.apache.commons.io.filefilter.WildcardFilter;2;15;2;6;2;45;5
commons-io;org.apache.commons.io.FilenameUtils;4;232;1;76;5;644;45
commons-io;org.apache.commons.io.FileSystem;2;34;1;23;2;108;15
commons-io;org.apache.commons.io.FileSystemUtils;4;69;1;50;2;231;13
commons-io;org.apache.commons.io.FileUtils;11;326;1;158;5;1041;121
commons-io;org.apache.commons.io.HexDump;4;16;1;11;3;59;4
commons-io;org.apache.commons.io.input.AbstractCharacterFilterReader;2;9;3;3;2;31;4
commons-io;org.apache.commons.io.input.AutoCloseInputStream;3;5;4;3;1;18;4
commons-io;org.apache.commons.io.input.BOMInputStream$Anonymous1;1;3;1;1;1;13;1
commons-io;org.apache.commons.io.input.BOMInputStream;5;44;4;18;4;143;17
commons-io;org.apache.commons.io.input.BoundedInputStream;2;24;2;11;1;74;14
commons-io;org.apache.commons.io.input.BoundedReader;2;12;2;5;2;45;6
commons-io;org.apache.commons.io.input.BrokenInputStream;0;7;2;0;0;24;7
commons-io;org.apache.commons.io.input.buffer.CircularBufferInputStream;3;19;2;14;2;74;8
commons-io;org.apache.commons.io.input.buffer.CircularByteBuffer;1;42;1;2;2;118;13
commons-io;org.apache.commons.io.input.buffer.PeekableInputStream;3;8;3;4;1;28;4
commons-io;org.apache.commons.io.input.CharacterFilterReader;1;3;4;0;0;10;2
commons-io;org.apache.commons.io.input.CharacterSetFilterReader;1;3;4;4;0;11;2
commons-io;org.apache.commons.io.input.CharSequenceInputStream;2;38;2;29;3;128;14
commons-io;org.apache.commons.io.input.CharSequenceReader;2;20;2;5;2;64;9
commons-io;org.apache.commons.io.input.ClassLoaderObjectInputStream;0;6;3;5;1;27;3
commons-io;org.apache.commons.io.input.ClosedInputStream;1;1;2;0;0;6;1
commons-io;org.apache.commons.io.input.CloseShieldInputStream;2;2;4;0;0;8;2
commons-io;org.apache.commons.io.input.CountingInputStream;2;10;4;3;1;38;7
commons-io;org.apache.commons.io.input.DemuxInputStream;0;5;2;4;1;21;3
commons-io;org.apache.commons.io.input.InfiniteCircularInputStream;1;2;2;0;0;11;2
commons-io;org.apache.commons.io.input.MessageDigestCalculatingInputStream$MessageDigestMaintainingObserver;2;3;2;2;0;12;3
commons-io;org.apache.commons.io.input.MessageDigestCalculatingInputStream;3;4;6;2;0;29;4
commons-io;org.apache.commons.io.input.NullInputStream;2;31;2;4;1;119;16
commons-io;org.apache.commons.io.input.NullReader;2;28;2;4;1;107;15
commons-io;org.apache.commons.io.input.ObservableInputStream;4;35;4;19;2;140;15
commons-io;org.apache.commons.io.input.ObservableInputStream$Observer;1;5;1;0;0;13;5
commons-io;org.apache.commons.io.input.ProxyInputStream;2;22;3;12;1;88;13
commons-io;org.apache.commons.io.input.ProxyReader;2;26;3;14;1;105;14
commons-io;org.apache.commons.io.input.ReaderInputStream;2;31;2;25;3;97;12
commons-io;org.apache.commons.io.input.ReversedLinesFileReader;4;22;1;13;2;177;6
commons-io;org.apache.commons.io.input.ReversedLinesFileReader$FilePart;2;25;1;5;3;94;5
commons-io;org.apache.commons.io.input.SwappedDataInputStream;4;19;4;12;2;58;16
commons-io;org.apache.commons.io.input.TaggedInputStream;2;4;4;3;0;15;4
commons-io;org.apache.commons.io.input.Tailer;5;47;1;29;5;201;20
commons-io;org.apache.commons.io.input.TailerListener;1;5;1;0;0;7;5
commons-io;org.apache.commons.io.input.TailerListenerAdapter;2;6;1;0;0;14;6
commons-io;org.apache.commons.io.input.TeeInputStream;2;10;4;7;2;43;6
commons-io;org.apache.commons.io.input.UnixLineEndingInputStream;1;18;2;5;1;55;6
commons-io;org.apache.commons.io.input.WindowsLineEndingInputStream;1;19;2;4;3;67;6
commons-io;org.apache.commons.io.input.XmlStreamReader;6;97;2;41;3;300;23
commons-io;org.apache.commons.io.input.XmlStreamReaderException;0;7;4;0;0;34;7
commons-io;org.apache.commons.io.IOCase;2;23;1;11;3;65;12
commons-io;org.apache.commons.io.IOExceptionWithCause;0;2;4;0;0;9;2
commons-io;org.apache.commons.io.IOUtils;7;251;1;99;2;788;132
commons-io;org.apache.commons.io.LineIterator;1;21;1;7;4;81;8
commons-io;org.apache.commons.io.monitor.FileAlterationListener;1;8;1;0;0;10;8
commons-io;org.apache.commons.io.monitor.FileAlterationListenerAdaptor;2;8;1;0;0;18;8
commons-io;org.apache.commons.io.monitor.FileAlterationMonitor;2;27;1;13;2;91;12
commons-io;org.apache.commons.io.monitor.FileAlterationObserver;4;58;1;41;3;193;23
commons-io;org.apache.commons.io.monitor.FileEntry;1;29;1;6;1;83;19
commons-io;org.apache.commons.io.output.AppendableOutputStream;1;3;2;1;0;12;3
commons-io;org.apache.commons.io.output.BrokenOutputStream;0;5;2;0;0;18;5
commons-io;org.apache.commons.io.output.ByteArrayOutputStream;3;40;2;17;3;173;17
commons-io;org.apache.commons.io.output.ChunkedOutputStream;1;5;3;2;1;24;3
commons-io;org.apache.commons.io.output.ChunkedWriter;1;5;3;2;1;24;3
commons-io;org.apache.commons.io.output.ClosedOutputStream;1;2;2;0;0;9;2
commons-io;org.apache.commons.io.output.CloseShieldOutputStream;2;2;4;0;0;8;2
commons-io;org.apache.commons.io.output.CountingOutputStream;2;8;4;2;1;31;6
commons-io;org.apache.commons.io.output.DeferredFileOutputStream;6;21;3;9;2;90;12
commons-io;org.apache.commons.io.output.DemuxOutputStream;0;7;2;5;1;26;4
commons-io;org.apache.commons.io.output.FileWriterWithEncoding;3;28;2;12;3;99;20
commons-io;org.apache.commons.io.output.LockableFileWriter;4;28;2;26;2;106;20
commons-io;org.apache.commons.io.output.NullOutputStream;2;3;2;0;0;9;3
commons-io;org.apache.commons.io.output.NullWriter;2;11;2;0;0;28;11
commons-io;org.apache.commons.io.output.ProxyOutputStream;2;15;3;8;1;59;9
commons-io;org.apache.commons.io.output.ProxyWriter;2;27;3;15;2;123;14
commons-io;org.apache.commons.io.output.StringBuilderWriter;2;15;2;6;1;45;12
commons-io;org.apache.commons.io.output.TaggedOutputStream;2;4;4;3;0;15;4
commons-io;org.apache.commons.io.output.TeeOutputStream;2;6;4;10;1;31;6
commons-io;org.apache.commons.io.output.ThresholdingOutputStream;2;18;2;9;1;58;14
commons-io;org.apache.commons.io.output.WriterOutputStream;2;25;2;33;2;109;15
commons-io;org.apache.commons.io.output.XmlStreamWriter;2;22;2;19;4;88;10
commons-io;org.apache.commons.io.serialization.ClassNameMatcher;0;1;1;0;0;3;1
commons-io;org.apache.commons.io.serialization.FullClassNameMatcher;1;2;1;3;0;9;2
commons-io;org.apache.commons.io.serialization.RegexpClassNameMatcher;1;4;1;3;1;15;3
commons-io;org.apache.commons.io.serialization.ValidatingObjectInputStream;5;21;3;7;2;71;12
commons-io;org.apache.commons.io.serialization.WildcardClassNameMatcher;2;2;1;1;0;9;2
commons-io;org.apache.commons.io.TaggedIOException;2;7;5;5;1;22;5
commons-io;org.apache.commons.io.ThreadMonitor;1;10;1;9;1;43;6
