file,class,type,cbo,wmc,dit,rfc,lcom,tcc,lcc,totalMethodsQty,staticMethodsQty,publicMethodsQty,privateMethodsQty,protectedMethodsQty,defaultMethodsQty,visibleMethodsQty,abstractMethodsQty,finalMethodsQty,synchronizedMethodsQty,totalFieldsQty,staticFieldsQty,publicFieldsQty,privateFieldsQty,protectedFieldsQty,defaultFieldsQty,finalFieldsQty,synchronizedFieldsQty,nosi,loc,returnQty,loopQty,comparisonsQty,tryCatchQty,parenthesizedExpsQty,stringLiteralsQty,numbersQty,assignmentsQty,mathOperationsQty,variablesQty,maxNestedBlocksQty,anonymousClassesQty,innerClassesQty,lambdasQty,uniqueWordsQty,modifiers,logStatementsQty
C:\Users\Win-10\Documents\Mestrado\Sistema\commons-io\src\main\java\org\apache\commons\io\ByteOrderMark.java,org.apache.commons.io.ByteOrderMark,class,3,20,1,12,0,0.0,0.0,8,0,8,0,0,0,8,0,0,0,9,7,6,3,0,0,9,0,2,76,10,4,5,0,1,10,24,18,0,16,2,0,0,0,95,1,0
C:\Users\Win-10\Documents\Mestrado\Sistema\commons-io\src\main\java\org\apache\commons\io\ByteOrderParser.java,org.apache.commons.io.ByteOrderParser,class,0,4,1,2,1,NaN,NaN,2,1,1,1,0,0,1,0,0,0,0,0,0,0,0,0,0,0,0,13,2,0,0,0,0,3,0,0,1,0,1,0,0,0,40,17,0
C:\Users\Win-10\Documents\Mestrado\Sistema\commons-io\src\main\java\org\apache\commons\io\Charsets.java,org.apache.commons.io.Charsets,class,0,5,1,5,3,0.0,0.0,3,3,3,0,0,0,3,0,0,0,6,6,6,0,0,0,6,0,4,24,3,0,2,0,0,0,0,7,0,7,0,0,0,0,109,1,0
C:\Users\Win-10\Documents\Mestrado\Sistema\commons-io\src\main\java\org\apache\commons\io\comparator\AbstractFileComparator.java,org.apache.commons.io.comparator.AbstractFileComparator,class,0,5,1,4,3,0.0,0.0,3,0,3,0,0,0,3,0,0,0,0,0,0,0,0,0,0,0,2,17,3,0,2,0,0,0,0,0,0,0,1,0,0,0,35,1024,0
C:\Users\Win-10\Documents\Mestrado\Sistema\commons-io\src\main\java\org\apache\commons\io\comparator\CompositeFileComparator.java,org.apache.commons.io.comparator.CompositeFileComparator,class,1,11,2,10,0,0.0,0.0,4,0,4,0,0,0,4,0,0,0,3,2,0,3,0,0,3,0,1,49,2,3,3,0,0,2,7,11,0,7,2,0,0,0,78,1,0
C:\Users\Win-10\Documents\Mestrado\Sistema\commons-io\src\main\java\org\apache\commons\io\comparator\DefaultFileComparator.java,org.apache.commons.io.comparator.DefaultFileComparator,class,3,1,2,1,0,NaN,NaN,1,0,1,0,0,0,1,0,0,0,3,3,2,1,0,0,3,0,0,8,1,0,0,0,0,0,1,3,0,3,0,0,0,0,70,1,0
C:\Users\Win-10\Documents\Mestrado\Sistema\commons-io\src\main\java\org\apache\commons\io\comparator\DirectoryFileComparator.java,org.apache.commons.io.comparator.DirectoryFileComparator,class,3,3,2,2,1,NaN,NaN,2,0,1,1,0,0,1,0,0,0,5,5,2,3,0,0,5,0,0,13,2,0,0,0,0,0,3,5,1,5,0,0,0,0,77,1,0
C:\Users\Win-10\Documents\Mestrado\Sistema\commons-io\src\main\java\org\apache\commons\io\comparator\ExtensionFileComparator.java,org.apache.commons.io.comparator.ExtensionFileComparator,class,5,5,2,4,0,0.0,0.0,4,0,4,0,0,0,4,0,0,0,8,7,6,2,0,0,8,0,2,24,2,0,1,0,0,2,1,11,1,10,0,0,0,0,113,1,0
C:\Users\Win-10\Documents\Mestrado\Sistema\commons-io\src\main\java\org\apache\commons\io\comparator\LastModifiedFileComparator.java,org.apache.commons.io.comparator.LastModifiedFileComparator,class,3,3,2,1,0,NaN,NaN,1,0,1,0,0,0,1,0,0,0,3,3,2,1,0,0,3,0,0,17,3,0,0,0,0,0,6,4,1,4,1,0,0,0,86,1,0
C:\Users\Win-10\Documents\Mestrado\Sistema\commons-io\src\main\java\org\apache\commons\io\comparator\NameFileComparator.java,org.apache.commons.io.comparator.NameFileComparator,class,4,5,2,3,0,0.0,0.0,4,0,4,0,0,0,4,0,0,0,8,7,6,2,0,0,8,0,0,22,2,0,1,0,0,2,1,9,1,8,0,0,0,0,108,1,0
C:\Users\Win-10\Documents\Mestrado\Sistema\commons-io\src\main\java\org\apache\commons\io\comparator\PathFileComparator.java,org.apache.commons.io.comparator.PathFileComparator,class,4,5,2,3,0,0.0,0.0,4,0,4,0,0,0,4,0,0,0,8,7,6,2,0,0,8,0,0,22,2,0,1,0,0,2,1,9,1,8,0,0,0,0,109,1,0
C:\Users\Win-10\Documents\Mestrado\Sistema\commons-io\src\main\java\org\apache\commons\io\comparator\ReverseComparator.java,org.apache.commons.io.comparator.ReverseComparator,class,1,4,2,3,0,0.0,0.0,3,0,3,0,0,0,3,0,0,0,2,1,0,2,0,0,2,0,0,16,2,0,1,0,0,3,1,2,1,2,1,0,0,0,53,0,0
C:\Users\Win-10\Documents\Mestrado\Sistema\commons-io\src\main\java\org\apache\commons\io\comparator\SizeFileComparator.java,org.apache.commons.io.comparator.SizeFileComparator,class,4,12,2,5,0,0.0,0.0,4,0,4,0,0,0,4,0,0,0,6,5,4,2,0,0,6,0,2,43,4,0,0,0,0,2,10,14,2,9,1,0,0,0,114,1,0
C:\Users\Win-10\Documents\Mestrado\Sistema\commons-io\src\main\java\org\apache\commons\io\CopyUtils.java,org.apache.commons.io.CopyUtils,class,3,15,1,11,76,0.0,0.0,13,12,13,0,0,0,13,0,0,0,1,1,0,1,0,0,1,0,11,69,2,2,2,0,2,0,10,21,1,17,1,0,0,0,246,1,0
C:\Users\Win-10\Documents\Mestrado\Sistema\commons-io\src\main\java\org\apache\commons\io\DirectoryWalker.java,org.apache.commons.io.DirectoryWalker,class,5,30,4,18,114,0.0,0.0,16,0,0,1,15,0,15,0,2,0,2,0,0,2,0,0,2,0,3,114,3,1,7,1,0,1,4,12,1,4,5,0,1,0,357,1025,0
C:\Users\Win-10\Documents\Mestrado\Sistema\commons-io\src\main\java\org\apache\commons\io\DirectoryWalker.java,org.apache.commons.io.DirectoryWalker$CancelException,innerclass,0,4,4,0,0,0.0,0.0,4,0,4,0,0,0,4,0,0,0,3,1,0,3,0,0,3,0,0,19,2,0,0,0,0,1,1,3,0,3,0,0,0,0,47,9,0
C:\Users\Win-10\Documents\Mestrado\Sistema\commons-io\src\main\java\org\apache\commons\io\EndianUtils.java,org.apache.commons.io.EndianUtils,class,2,33,1,17,465,0.0,0.0,31,30,30,1,0,0,30,0,0,0,0,0,0,0,0,0,0,0,38,141,20,1,1,0,156,1,181,34,122,19,1,0,0,0,108,1,0
C:\Users\Win-10\Documents\Mestrado\Sistema\commons-io\src\main\java\org\apache\commons\io\FileCleaner.java,org.apache.commons.io.FileCleaner,class,2,7,1,6,0,0.0,0.0,7,7,7,0,0,0,7,0,0,1,1,1,0,0,0,1,1,0,0,24,2,0,0,0,0,0,0,1,0,1,0,0,0,0,166,1,0
C:\Users\Win-10\Documents\Mestrado\Sistema\commons-io\src\main\java\org\apache\commons\io\FileCleaningTracker.java,org.apache.commons.io.FileCleaningTracker,class,4,13,4,10,24,0.0,0.0,8,0,7,1,0,0,7,0,0,2,5,0,0,0,0,5,2,0,2,86,2,0,4,0,0,3,0,6,0,5,2,0,2,0,182,1,0
C:\Users\Win-10\Documents\Mestrado\Sistema\commons-io\src\main\java\org\apache\commons\io\FileCleaningTracker.java,org.apache.commons.io.FileCleaningTracker$Reaper,innerclass,1,6,2,9,1,0.0,0.0,2,0,1,0,0,1,2,0,0,0,0,0,0,0,0,0,0,0,0,22,0,1,1,1,0,1,1,1,0,1,3,0,0,0,36,18,0
C:\Users\Win-10\Documents\Mestrado\Sistema\commons-io\src\main\java\org\apache\commons\io\FileCleaningTracker.java,org.apache.commons.io.FileCleaningTracker$Tracker,innerclass,1,4,3,1,0,0.0,0.0,3,0,2,0,0,1,3,0,0,0,2,0,0,2,0,0,2,0,0,15,2,0,1,0,0,0,0,2,0,2,0,0,0,0,52,26,0
C:\Users\Win-10\Documents\Mestrado\Sistema\commons-io\src\main\java\org\apache\commons\io\FileDeleteStrategy.java,org.apache.commons.io.FileDeleteStrategy,class,2,10,2,3,8,0.0,0.0,5,0,3,0,2,0,5,0,0,0,3,2,2,1,0,0,3,0,0,39,5,0,3,1,0,4,0,3,2,3,1,0,1,0,122,1,0
C:\Users\Win-10\Documents\Mestrado\Sistema\commons-io\src\main\java\org\apache\commons\io\FileDeleteStrategy.java,org.apache.commons.io.FileDeleteStrategy$ForceFileDeleteStrategy,innerclass,2,2,2,1,1,0.0,0.0,2,0,0,0,1,1,2,0,0,0,0,0,0,0,0,0,0,0,1,9,1,0,0,0,0,1,0,0,0,0,0,0,0,0,32,8,0
C:\Users\Win-10\Documents\Mestrado\Sistema\commons-io\src\main\java\org\apache\commons\io\FileExistsException.java,org.apache.commons.io.FileExistsException,class,0,3,4,0,3,0.0,0.0,3,0,3,0,0,0,3,0,0,0,1,1,0,1,0,0,1,0,0,12,0,0,0,0,0,2,1,1,1,1,0,0,0,0,29,1,0
C:\Users\Win-10\Documents\Mestrado\Sistema\commons-io\src\main\java\org\apache\commons\io\filefilter\AbstractFileFilter.java,org.apache.commons.io.filefilter.AbstractFileFilter,class,2,3,1,6,3,0.0,0.0,3,0,3,0,0,0,3,0,0,0,0,0,0,0,0,0,0,0,0,11,3,0,0,0,0,0,0,0,0,0,0,0,0,0,48,1025,0
C:\Users\Win-10\Documents\Mestrado\Sistema\commons-io\src\main\java\org\apache\commons\io\filefilter\AgeFileFilter.java,org.apache.commons.io.filefilter.AgeFileFilter,class,2,10,2,4,2,0.0,0.0,8,0,8,0,0,0,8,0,0,0,3,1,0,3,0,0,3,0,1,32,2,0,0,0,0,4,1,5,1,5,0,0,0,0,89,1,0
C:\Users\Win-10\Documents\Mestrado\Sistema\commons-io\src\main\java\org\apache\commons\io\filefilter\AndFileFilter.java,org.apache.commons.io.filefilter.AndFileFilter,class,4,23,2,15,0,0.0,0.0,10,0,10,0,0,0,10,0,0,0,2,1,0,2,0,0,2,0,1,74,9,3,5,0,0,5,4,8,0,5,3,0,0,0,80,1,0
C:\Users\Win-10\Documents\Mestrado\Sistema\commons-io\src\main\java\org\apache\commons\io\filefilter\CanExecuteFileFilter.java,org.apache.commons.io.filefilter.CanExecuteFileFilter,class,4,2,2,1,1,0.0,0.0,2,0,1,0,1,0,2,0,0,0,3,3,2,1,0,0,3,0,0,10,1,0,0,0,0,0,1,3,0,3,0,0,0,0,57,1,0
C:\Users\Win-10\Documents\Mestrado\Sistema\commons-io\src\main\java\org\apache\commons\io\filefilter\CanReadFileFilter.java,org.apache.commons.io.filefilter.CanReadFileFilter,class,5,2,2,1,1,0.0,0.0,2,0,1,0,1,0,2,0,0,0,4,4,3,1,0,0,4,0,0,11,1,0,0,0,0,0,1,4,0,4,0,0,0,0,60,1,0
C:\Users\Win-10\Documents\Mestrado\Sistema\commons-io\src\main\java\org\apache\commons\io\filefilter\CanWriteFileFilter.java,org.apache.commons.io.filefilter.CanWriteFileFilter,class,4,2,2,1,1,0.0,0.0,2,0,1,0,1,0,2,0,0,0,3,3,2,1,0,0,3,0,0,10,1,0,0,0,0,0,1,3,0,3,0,0,0,0,66,1,0
C:\Users\Win-10\Documents\Mestrado\Sistema\commons-io\src\main\java\org\apache\commons\io\filefilter\ConditionalFileFilter.java,org.apache.commons.io.filefilter.ConditionalFileFilter,interface,1,4,1,0,6,0.0,0.0,4,0,0,0,0,4,4,0,0,0,0,0,0,0,0,0,0,0,0,6,0,0,0,0,0,0,0,0,0,0,0,0,0,0,42,1,0
C:\Users\Win-10\Documents\Mestrado\Sistema\commons-io\src\main\java\org\apache\commons\io\filefilter\DelegateFileFilter.java,org.apache.commons.io.filefilter.DelegateFileFilter,class,1,10,2,6,0,0.0,0.0,5,0,5,0,0,0,5,0,0,0,3,1,0,3,0,0,3,0,0,35,5,0,5,0,0,4,1,6,1,4,1,0,0,0,52,1,0
C:\Users\Win-10\Documents\Mestrado\Sistema\commons-io\src\main\java\org\apache\commons\io\filefilter\DirectoryFileFilter.java,org.apache.commons.io.filefilter.DirectoryFileFilter,class,3,2,2,1,1,0.0,0.0,2,0,1,0,1,0,2,0,0,0,3,3,2,1,0,0,3,0,0,10,1,0,0,0,0,0,1,3,0,3,0,0,0,0,72,1,0
C:\Users\Win-10\Documents\Mestrado\Sistema\commons-io\src\main\java\org\apache\commons\io\filefilter\EmptyFileFilter.java,org.apache.commons.io.filefilter.EmptyFileFilter,class,4,4,2,3,1,0.0,0.0,2,0,1,0,1,0,2,0,0,0,3,3,2,1,0,0,3,0,0,14,2,0,3,0,0,0,3,4,0,4,1,0,0,0,67,1,0
C:\Users\Win-10\Documents\Mestrado\Sistema\commons-io\src\main\java\org\apache\commons\io\filefilter\FalseFileFilter.java,org.apache.commons.io.filefilter.FalseFileFilter,class,2,3,1,0,3,0.0,0.0,3,0,2,0,1,0,3,0,0,0,3,3,2,1,0,0,3,0,0,13,2,0,0,0,0,0,1,3,0,3,0,0,0,0,56,1,0
C:\Users\Win-10\Documents\Mestrado\Sistema\commons-io\src\main\java\org\apache\commons\io\filefilter\FileFileFilter.java,org.apache.commons.io.filefilter.FileFileFilter,class,3,2,2,1,1,0.0,0.0,2,0,1,0,1,0,2,0,0,0,2,2,1,1,0,0,2,0,0,9,1,0,0,0,0,0,1,2,0,2,0,0,0,0,51,1,0
C:\Users\Win-10\Documents\Mestrado\Sistema\commons-io\src\main\java\org\apache\commons\io\filefilter\FileFilterUtils.java,org.apache.commons.io.filefilter.FileFilterUtils,class,15,60,1,16,899,0.0,0.0,43,42,42,1,0,0,42,0,0,0,2,2,0,2,0,0,2,0,19,181,45,3,12,0,0,9,3,10,2,10,3,0,0,0,220,1,0
C:\Users\Win-10\Documents\Mestrado\Sistema\commons-io\src\main\java\org\apache\commons\io\filefilter\HiddenFileFilter.java,org.apache.commons.io.filefilter.HiddenFileFilter,class,4,2,2,1,1,0.0,0.0,2,0,1,0,1,0,2,0,0,0,3,3,2,1,0,0,3,0,0,10,1,0,0,0,0,0,1,3,0,3,0,0,0,0,56,1,0
C:\Users\Win-10\Documents\Mestrado\Sistema\commons-io\src\main\java\org\apache\commons\io\filefilter\IOFileFilter.java,org.apache.commons.io.filefilter.IOFileFilter,interface,0,2,1,0,1,0.0,0.0,2,0,0,0,0,2,2,0,0,0,0,0,0,0,0,0,0,0,0,4,0,0,0,0,0,0,0,0,0,0,0,0,0,0,31,1,0
C:\Users\Win-10\Documents\Mestrado\Sistema\commons-io\src\main\java\org\apache\commons\io\filefilter\MagicNumberFileFilter.java,org.apache.commons.io.filefilter.MagicNumberFileFilter,class,2,17,2,13,3,0.0,0.0,6,0,6,0,0,0,6,0,0,0,3,1,0,3,0,0,3,0,4,65,4,0,5,2,0,10,8,9,0,7,4,0,0,0,143,1,0
C:\Users\Win-10\Documents\Mestrado\Sistema\commons-io\src\main\java\org\apache\commons\io\filefilter\NameFileFilter.java,org.apache.commons.io.filefilter.NameFileFilter,class,2,22,2,8,0,0.0,0.0,9,0,9,0,0,0,9,0,0,0,3,1,0,3,0,0,3,0,1,68,5,3,7,0,0,6,5,10,0,6,3,0,0,0,94,1,0
C:\Users\Win-10\Documents\Mestrado\Sistema\commons-io\src\main\java\org\apache\commons\io\filefilter\NotFileFilter.java,org.apache.commons.io.filefilter.NotFileFilter,class,2,5,2,4,0,0.0,0.0,4,0,4,0,0,0,4,0,0,0,2,1,0,2,0,0,2,0,0,19,3,0,1,0,0,3,1,2,1,2,1,0,0,0,54,1,0
C:\Users\Win-10\Documents\Mestrado\Sistema\commons-io\src\main\java\org\apache\commons\io\filefilter\OrFileFilter.java,org.apache.commons.io.filefilter.OrFileFilter,class,4,21,2,14,0,0.0,0.0,10,0,10,0,0,0,10,0,0,0,2,1,0,2,0,0,2,0,1,68,7,3,5,0,0,5,4,8,0,5,3,0,0,0,79,1,0
C:\Users\Win-10\Documents\Mestrado\Sistema\commons-io\src\main\java\org\apache\commons\io\filefilter\PrefixFileFilter.java,org.apache.commons.io.filefilter.PrefixFileFilter,class,2,22,2,8,0,0.0,0.0,9,0,9,0,0,0,9,0,0,0,3,1,0,3,0,0,3,0,1,68,5,3,7,0,0,6,5,10,0,6,3,0,0,0,95,1,0
C:\Users\Win-10\Documents\Mestrado\Sistema\commons-io\src\main\java\org\apache\commons\io\filefilter\RegexFileFilter.java,org.apache.commons.io.filefilter.RegexFileFilter,class,2,11,2,5,0,0.0,0.0,5,0,5,0,0,0,5,0,0,0,2,1,0,2,0,0,2,0,3,35,1,0,5,0,0,4,2,7,0,3,1,0,0,0,72,1,0
C:\Users\Win-10\Documents\Mestrado\Sistema\commons-io\src\main\java\org\apache\commons\io\filefilter\SizeFileFilter.java,org.apache.commons.io.filefilter.SizeFileFilter,class,1,8,2,2,0,0.0,0.0,4,0,4,0,0,0,4,0,0,0,3,1,0,3,0,0,3,0,0,23,2,0,0,0,0,5,2,5,1,5,1,0,0,0,80,1,0
C:\Users\Win-10\Documents\Mestrado\Sistema\commons-io\src\main\java\org\apache\commons\io\filefilter\SuffixFileFilter.java,org.apache.commons.io.filefilter.SuffixFileFilter,class,2,22,2,8,0,0.0,0.0,9,0,9,0,0,0,9,0,0,0,3,1,0,3,0,0,3,0,1,68,5,3,7,0,0,6,5,10,0,6,3,0,0,0,98,1,0
C:\Users\Win-10\Documents\Mestrado\Sistema\commons-io\src\main\java\org\apache\commons\io\filefilter\TrueFileFilter.java,org.apache.commons.io.filefilter.TrueFileFilter,class,2,3,1,0,3,0.0,0.0,3,0,2,0,1,0,3,0,0,0,3,3,2,1,0,0,3,0,0,13,2,0,0,0,0,0,1,3,0,3,0,0,0,0,56,1,0
C:\Users\Win-10\Documents\Mestrado\Sistema\commons-io\src\main\java\org\apache\commons\io\filefilter\WildcardFileFilter.java,org.apache.commons.io.filefilter.WildcardFileFilter,class,3,22,2,8,0,0.0,0.0,9,0,9,0,0,0,9,0,0,0,3,1,0,3,0,0,3,0,3,68,5,3,7,0,0,6,5,10,0,6,3,0,0,0,108,1,0
C:\Users\Win-10\Documents\Mestrado\Sistema\commons-io\src\main\java\org\apache\commons\io\filefilter\WildcardFilter.java,org.apache.commons.io.filefilter.WildcardFilter,class,2,15,2,6,0,0.0,0.0,5,0,5,0,0,0,5,0,0,0,2,1,0,2,0,0,2,0,3,45,6,2,4,0,0,3,3,4,0,2,2,0,0,0,96,1,0
C:\Users\Win-10\Documents\Mestrado\Sistema\commons-io\src\main\java\org\apache\commons\io\FilenameUtils.java,org.apache.commons.io.FilenameUtils,class,4,232,1,76,768,0.0,0.0,45,44,33,10,0,2,36,0,0,0,15,15,2,13,0,0,15,0,81,644,121,14,108,1,7,26,132,122,54,88,5,0,0,0,518,1,0
C:\Users\Win-10\Documents\Mestrado\Sistema\commons-io\src\main\java\org\apache\commons\io\FileSystem.java,org.apache.commons.io.FileSystem,enum,2,34,1,23,49,0.0,0.0,15,4,10,4,0,1,11,0,0,0,11,5,0,11,0,0,11,0,13,108,22,2,4,1,0,32,47,18,1,16,2,0,0,0,165,1,0
C:\Users\Win-10\Documents\Mestrado\Sistema\commons-io\src\main\java\org\apache\commons\io\FileSystemUtils.java,org.apache.commons.io.FileSystemUtils,class,4,69,1,50,74,0.0,0.0,13,5,6,0,0,7,14,0,0,0,8,8,0,8,0,0,8,0,19,231,14,5,14,3,0,62,33,64,19,39,2,0,0,0,264,1,0
C:\Users\Win-10\Documents\Mestrado\Sistema\commons-io\src\main\java\org\apache\commons\io\FileUtils.java,org.apache.commons.io.FileUtils,class,11,326,1,158,7256,0.0,0.0,121,120,101,19,0,1,102,0,0,0,15,15,15,0,0,0,15,0,174,1041,84,16,64,23,1,138,28,120,73,97,5,0,0,0,727,1,0
C:\Users\Win-10\Documents\Mestrado\Sistema\commons-io\src\main\java\org\apache\commons\io\HexDump.java,org.apache.commons.io.HexDump,class,4,16,1,11,0,0.0,0.0,4,3,2,2,0,0,2,0,0,0,3,3,1,2,0,0,3,0,4,59,2,5,1,0,1,5,25,14,10,11,3,0,0,0,128,1,0
C:\Users\Win-10\Documents\Mestrado\Sistema\commons-io\src\main\java\org\apache\commons\io\input\AbstractCharacterFilterReader.java,org.apache.commons.io.input.AbstractCharacterFilterReader,class,2,9,3,3,6,0.0,0.0,4,0,2,0,2,0,4,1,0,0,0,0,0,0,0,0,0,0,0,31,3,2,1,0,0,0,4,5,4,4,2,0,0,0,37,1025,0
C:\Users\Win-10\Documents\Mestrado\Sistema\commons-io\src\main\java\org\apache\commons\io\input\AutoCloseInputStream.java,org.apache.commons.io.input.AutoCloseInputStream,class,3,5,4,3,6,0.0,0.0,4,0,2,0,2,0,4,0,0,0,0,0,0,0,0,0,0,0,0,18,0,0,1,0,0,0,0,1,0,0,1,0,0,0,112,1,0
C:\Users\Win-10\Documents\Mestrado\Sistema\commons-io\src\main\java\org\apache\commons\io\input\BOMInputStream.java,org.apache.commons.io.input.BOMInputStream$Anonymous1,anonymous,1,3,1,1,0,NaN,NaN,1,0,1,0,0,0,1,0,0,0,0,0,0,0,0,0,0,0,0,13,3,0,0,0,0,0,2,2,0,2,1,0,0,0,10,-1,0
C:\Users\Win-10\Documents\Mestrado\Sistema\commons-io\src\main\java\org\apache\commons\io\input\BOMInputStream.java,org.apache.commons.io.input.BOMInputStream,class,5,44,4,18,88,0.0,0.0,17,0,14,3,0,0,14,0,0,2,9,1,0,9,0,0,3,0,2,143,13,5,9,0,3,2,19,24,4,18,4,1,0,0,174,1,0
C:\Users\Win-10\Documents\Mestrado\Sistema\commons-io\src\main\java\org\apache\commons\io\input\BoundedInputStream.java,org.apache.commons.io.input.BoundedInputStream,class,2,24,2,11,0,0.0,0.0,14,0,14,0,0,0,14,0,0,2,5,0,0,5,0,0,2,0,2,74,12,0,1,0,0,0,8,15,2,10,1,0,0,0,124,1,0
C:\Users\Win-10\Documents\Mestrado\Sistema\commons-io\src\main\java\org\apache\commons\io\input\BoundedReader.java,org.apache.commons.io.input.BoundedReader,class,2,12,2,5,0,0.0,0.0,6,0,6,0,0,0,6,0,0,0,6,1,0,6,0,0,3,0,0,45,5,1,2,0,1,0,9,11,3,8,2,0,0,0,107,1,0
C:\Users\Win-10\Documents\Mestrado\Sistema\commons-io\src\main\java\org\apache\commons\io\input\BrokenInputStream.java,org.apache.commons.io.input.BrokenInputStream,class,0,7,2,0,0,0.0,0.0,7,0,7,0,0,0,7,0,0,1,1,0,0,1,0,0,1,0,0,24,0,0,0,0,0,1,0,1,0,1,0,0,0,0,46,1,0
C:\Users\Win-10\Documents\Mestrado\Sistema\commons-io\src\main\java\org\apache\commons\io\input\buffer\CircularBufferInputStream.java,org.apache.commons.io.input.buffer.CircularBufferInputStream,class,3,19,2,14,0,0.0,0.0,8,0,6,0,2,0,8,0,0,0,4,0,0,1,3,0,3,0,3,74,8,2,1,0,0,5,14,13,2,9,2,0,0,0,77,1,0
C:\Users\Win-10\Documents\Mestrado\Sistema\commons-io\src\main\java\org\apache\commons\io\input\buffer\CircularByteBuffer.java,org.apache.commons.io.input.buffer.CircularByteBuffer,class,1,42,1,2,0,0.0,0.0,13,0,13,0,0,0,13,0,0,0,2,0,0,2,0,0,1,0,3,118,9,3,6,0,1,15,24,22,16,10,2,0,0,0,144,1,0
C:\Users\Win-10\Documents\Mestrado\Sistema\commons-io\src\main\java\org\apache\commons\io\input\buffer\PeekableInputStream.java,org.apache.commons.io.input.buffer.PeekableInputStream,class,3,8,3,4,6,0.0,0.0,4,0,4,0,0,0,4,0,0,0,0,0,0,0,0,0,0,0,2,28,2,0,0,0,0,8,1,0,2,0,1,0,0,0,71,1,0
C:\Users\Win-10\Documents\Mestrado\Sistema\commons-io\src\main\java\org\apache\commons\io\input\CharacterFilterReader.java,org.apache.commons.io.input.CharacterFilterReader,class,1,3,4,0,0,0.0,0.0,2,0,1,0,1,0,2,0,0,0,1,0,0,1,0,0,1,0,0,10,1,0,1,0,0,0,0,1,0,1,0,0,0,0,45,1,0
C:\Users\Win-10\Documents\Mestrado\Sistema\commons-io\src\main\java\org\apache\commons\io\input\CharacterSetFilterReader.java,org.apache.commons.io.input.CharacterSetFilterReader,class,1,3,4,4,0,0.0,0.0,2,0,1,0,1,0,2,0,0,0,2,1,0,2,0,0,2,0,3,11,1,0,1,0,0,0,0,2,0,2,0,0,0,0,54,1,0
C:\Users\Win-10\Documents\Mestrado\Sistema\commons-io\src\main\java\org\apache\commons\io\input\CharSequenceInputStream.java,org.apache.commons.io.input.CharSequenceInputStream,class,2,38,2,29,47,0.0,0.0,14,0,13,1,0,0,13,0,0,2,7,2,0,7,0,0,5,0,4,128,9,4,6,0,1,9,16,19,5,12,3,0,0,0,121,1,0
C:\Users\Win-10\Documents\Mestrado\Sistema\commons-io\src\main\java\org\apache\commons\io\input\CharSequenceReader.java,org.apache.commons.io.input.CharSequenceReader,class,2,20,2,5,0,0.0,0.0,9,0,9,0,0,0,9,0,0,0,4,1,0,4,0,0,2,0,1,64,9,1,3,0,0,6,8,13,6,9,2,0,0,0,113,1,0
C:\Users\Win-10\Documents\Mestrado\Sistema\commons-io\src\main\java\org\apache\commons\io\input\ClassLoaderObjectInputStream.java,org.apache.commons.io.input.ClassLoaderObjectInputStream,class,0,6,3,5,0,0.0,0.0,3,0,1,0,2,0,3,0,0,0,1,0,0,1,0,0,1,0,3,27,4,1,0,2,0,0,1,4,0,3,1,0,0,0,71,1,0
C:\Users\Win-10\Documents\Mestrado\Sistema\commons-io\src\main\java\org\apache\commons\io\input\ClosedInputStream.java,org.apache.commons.io.input.ClosedInputStream,class,1,1,2,0,0,NaN,NaN,1,0,1,0,0,0,1,0,0,0,1,1,1,0,0,0,1,0,0,6,1,0,0,0,0,0,0,1,0,1,0,0,0,0,54,1,0
C:\Users\Win-10\Documents\Mestrado\Sistema\commons-io\src\main\java\org\apache\commons\io\input\CloseShieldInputStream.java,org.apache.commons.io.input.CloseShieldInputStream,class,2,2,4,0,1,0.0,0.0,2,0,2,0,0,0,2,0,0,0,0,0,0,0,0,0,0,0,0,8,0,0,0,0,0,0,0,1,0,0,0,0,0,0,49,1,0
C:\Users\Win-10\Documents\Mestrado\Sistema\commons-io\src\main\java\org\apache\commons\io\input\CountingInputStream.java,org.apache.commons.io.input.CountingInputStream,class,2,10,4,3,9,0.0,0.0,7,0,6,0,1,0,7,0,0,4,1,0,0,1,0,0,0,0,0,38,5,0,1,0,0,4,1,7,2,5,1,0,0,0,99,1,0
C:\Users\Win-10\Documents\Mestrado\Sistema\commons-io\src\main\java\org\apache\commons\io\input\DemuxInputStream.java,org.apache.commons.io.input.DemuxInputStream,class,0,5,2,4,0,0.0,0.0,3,0,3,0,0,0,3,0,0,0,1,0,0,1,0,0,1,0,0,21,3,0,2,0,0,0,0,4,0,4,1,0,0,0,42,1,0
C:\Users\Win-10\Documents\Mestrado\Sistema\commons-io\src\main\java\org\apache\commons\io\input\InfiniteCircularInputStream.java,org.apache.commons.io.input.InfiniteCircularInputStream,class,1,2,2,0,0,0.0,0.0,2,0,2,0,0,0,2,0,0,0,2,0,0,2,0,0,1,0,0,11,1,0,0,0,1,0,3,3,2,2,0,0,0,0,43,1,0
C:\Users\Win-10\Documents\Mestrado\Sistema\commons-io\src\main\java\org\apache\commons\io\input\MessageDigestCalculatingInputStream.java,org.apache.commons.io.input.MessageDigestCalculatingInputStream$MessageDigestMaintainingObserver,innerclass,2,3,2,2,0,0.0,0.0,3,0,3,0,0,0,3,0,0,0,1,0,0,1,0,0,1,0,0,12,0,0,0,0,0,0,0,1,0,1,0,0,0,0,22,9,0
C:\Users\Win-10\Documents\Mestrado\Sistema\commons-io\src\main\java\org\apache\commons\io\input\MessageDigestCalculatingInputStream.java,org.apache.commons.io.input.MessageDigestCalculatingInputStream,class,3,4,6,2,4,0.0,0.0,4,0,4,0,0,0,4,0,0,0,1,0,0,1,0,0,1,0,2,29,1,0,0,0,0,1,0,1,0,1,0,0,1,0,80,1,0
C:\Users\Win-10\Documents\Mestrado\Sistema\commons-io\src\main\java\org\apache\commons\io\input\NullInputStream.java,org.apache.commons.io.input.NullInputStream,class,2,31,2,4,12,0.0,0.0,16,0,13,1,2,0,15,0,0,2,7,0,0,7,0,0,3,0,0,119,15,0,3,0,2,9,8,21,7,10,1,0,0,0,179,1,0
C:\Users\Win-10\Documents\Mestrado\Sistema\commons-io\src\main\java\org\apache\commons\io\input\NullReader.java,org.apache.commons.io.input.NullReader,class,2,28,2,4,17,0.0,0.0,15,0,12,1,2,0,14,0,0,2,7,0,0,7,0,0,3,0,0,107,12,0,3,0,2,9,6,20,6,9,1,0,0,0,178,1,0
C:\Users\Win-10\Documents\Mestrado\Sistema\commons-io\src\main\java\org\apache\commons\io\input\ObservableInputStream.java,org.apache.commons.io.input.ObservableInputStream,class,4,35,4,19,93,0.0,0.0,15,0,9,0,6,0,15,0,0,0,1,0,0,1,0,0,1,0,0,140,5,6,8,4,0,0,11,17,0,10,2,0,1,0,107,1,1
C:\Users\Win-10\Documents\Mestrado\Sistema\commons-io\src\main\java\org\apache\commons\io\input\ObservableInputStream.java,org.apache.commons.io.input.ObservableInputStream$Observer,innerclass,1,5,1,0,10,0.0,0.0,5,0,5,0,0,0,5,0,0,0,0,0,0,0,0,0,0,0,0,13,0,0,0,0,0,0,0,0,0,0,0,0,0,0,72,1033,0
C:\Users\Win-10\Documents\Mestrado\Sistema\commons-io\src\main\java\org\apache\commons\io\input\ProxyInputStream.java,org.apache.commons.io.input.ProxyInputStream,class,2,22,3,12,78,0.0,0.0,13,0,10,0,3,0,13,0,0,2,0,0,0,0,0,0,0,0,0,88,11,0,2,7,0,0,5,3,0,3,1,0,0,0,141,1025,0
C:\Users\Win-10\Documents\Mestrado\Sistema\commons-io\src\main\java\org\apache\commons\io\input\ProxyReader.java,org.apache.commons.io.input.ProxyReader,class,2,26,3,14,91,0.0,0.0,14,0,11,0,3,0,14,0,0,2,0,0,0,0,0,0,0,0,0,105,13,0,3,9,0,0,5,4,0,4,1,0,0,0,138,1025,0
C:\Users\Win-10\Documents\Mestrado\Sistema\commons-io\src\main\java\org\apache\commons\io\input\ReaderInputStream.java,org.apache.commons.io.input.ReaderInputStream,class,2,31,2,25,0,0.0,0.0,12,0,11,1,0,0,11,0,0,0,7,1,0,7,0,0,5,0,5,97,5,2,5,0,2,4,11,14,3,11,3,0,0,0,230,1,0
C:\Users\Win-10\Documents\Mestrado\Sistema\commons-io\src\main\java\org\apache\commons\io\input\ReversedLinesFileReader.java,org.apache.commons.io.input.ReversedLinesFileReader,class,4,22,1,13,7,0.0,0.0,6,0,6,0,0,0,6,0,0,0,12,2,0,12,0,0,10,0,8,177,1,1,12,0,1,15,10,26,6,17,2,0,1,0,129,1,0
C:\Users\Win-10\Documents\Mestrado\Sistema\commons-io\src\main\java\org\apache\commons\io\input\ReversedLinesFileReader.java,org.apache.commons.io.input.ReversedLinesFileReader$FilePart,innerclass,2,25,1,5,0,-1.0,-1.0,5,0,0,5,0,0,0,0,0,0,4,0,0,4,0,0,2,0,3,94,5,3,7,0,4,5,27,27,17,18,3,0,0,0,101,2,0
C:\Users\Win-10\Documents\Mestrado\Sistema\commons-io\src\main\java\org\apache\commons\io\input\SwappedDataInputStream.java,org.apache.commons.io.input.SwappedDataInputStream,class,4,19,4,12,120,0.0,0.0,16,0,16,0,0,0,16,0,0,0,0,0,0,0,0,0,0,0,6,58,11,1,2,0,0,2,3,4,2,3,2,0,0,0,91,1,0
C:\Users\Win-10\Documents\Mestrado\Sistema\commons-io\src\main\java\org\apache\commons\io\input\TaggedInputStream.java,org.apache.commons.io.input.TaggedInputStream,class,2,4,4,3,0,0.0,0.0,4,0,3,0,1,0,4,0,0,0,1,0,0,1,0,0,1,0,3,15,1,0,0,0,0,0,0,1,0,1,0,0,0,0,111,1,0
C:\Users\Win-10\Documents\Mestrado\Sistema\commons-io\src\main\java\org\apache\commons\io\input\Tailer.java,org.apache.commons.io.input.Tailer,class,5,47,1,29,0,0.0,0.0,20,7,18,1,1,0,19,0,0,0,12,4,0,12,0,0,11,0,12,201,11,4,5,6,3,1,11,45,2,27,5,0,0,0,204,1,0
C:\Users\Win-10\Documents\Mestrado\Sistema\commons-io\src\main\java\org\apache\commons\io\input\TailerListener.java,org.apache.commons.io.input.TailerListener,interface,1,5,1,0,10,0.0,0.0,5,0,0,0,0,5,5,0,0,0,0,0,0,0,0,0,0,0,0,7,0,0,0,0,0,0,0,0,0,0,0,0,0,0,42,1,0
C:\Users\Win-10\Documents\Mestrado\Sistema\commons-io\src\main\java\org\apache\commons\io\input\TailerListenerAdapter.java,org.apache.commons.io.input.TailerListenerAdapter,class,2,6,1,0,15,0.0,0.0,6,0,6,0,0,0,6,0,0,0,0,0,0,0,0,0,0,0,0,14,0,0,0,0,0,0,0,0,0,0,0,0,0,0,61,1,0
C:\Users\Win-10\Documents\Mestrado\Sistema\commons-io\src\main\java\org\apache\commons\io\input\TeeInputStream.java,org.apache.commons.io.input.TeeInputStream,class,2,10,4,7,0,0.0,0.0,6,0,6,0,0,0,6,0,0,0,2,0,0,2,0,0,2,0,0,43,3,0,3,1,0,0,2,5,0,5,2,0,0,0,96,1,0
C:\Users\Win-10\Documents\Mestrado\Sistema\commons-io\src\main\java\org\apache\commons\io\input\UnixLineEndingInputStream.java,org.apache.commons.io.input.UnixLineEndingInputStream,class,1,18,2,5,0,0.0,0.0,6,0,4,2,0,0,4,0,0,1,5,0,0,5,0,0,2,0,0,55,10,0,3,0,0,1,3,12,0,8,1,0,0,0,85,1,0
C:\Users\Win-10\Documents\Mestrado\Sistema\commons-io\src\main\java\org\apache\commons\io\input\WindowsLineEndingInputStream.java,org.apache.commons.io.input.WindowsLineEndingInputStream,class,1,19,2,4,0,0.0,0.0,6,0,4,2,0,0,4,0,0,1,6,0,0,6,0,0,2,0,0,67,11,0,4,0,0,1,3,17,0,9,3,0,0,0,82,1,0
C:\Users\Win-10\Documents\Mestrado\Sistema\commons-io\src\main\java\org\apache\commons\io\input\XmlStreamReader.java,org.apache.commons.io.input.XmlStreamReader,class,6,97,2,41,165,0.0,0.0,23,5,13,4,0,6,19,0,0,0,22,19,1,21,0,0,22,0,20,300,28,2,33,3,3,34,67,97,5,72,3,0,0,0,268,1,0
C:\Users\Win-10\Documents\Mestrado\Sistema\commons-io\src\main\java\org\apache\commons\io\input\XmlStreamReaderException.java,org.apache.commons.io.input.XmlStreamReaderException,class,0,7,4,0,11,0.0,0.0,7,0,7,0,0,0,7,0,0,0,6,1,0,6,0,0,6,0,0,34,5,0,0,0,0,0,1,6,0,6,0,0,0,0,100,1,0
C:\Users\Win-10\Documents\Mestrado\Sistema\commons-io\src\main\java\org\apache\commons\io\IOCase.java,org.apache.commons.io.IOCase,enum,2,23,1,11,4,0.0,0.0,12,1,10,1,0,1,11,0,0,0,3,1,0,3,0,0,3,0,3,65,12,2,4,0,0,6,6,6,3,6,3,0,0,0,178,1,0
C:\Users\Win-10\Documents\Mestrado\Sistema\commons-io\src\main\java\org\apache\commons\io\IOExceptionWithCause.java,org.apache.commons.io.IOExceptionWithCause,class,0,2,4,0,1,0.0,0.0,2,0,2,0,0,0,2,0,0,0,1,1,0,1,0,0,1,0,0,9,0,0,0,0,0,0,1,1,0,1,0,0,0,0,59,1,0
C:\Users\Win-10\Documents\Mestrado\Sistema\commons-io\src\main\java\org\apache\commons\io\IOUtils.java,org.apache.commons.io.IOUtils,class,7,251,1,99,8464,0.0,0.0,132,131,132,0,0,0,133,0,0,0,11,11,7,4,0,0,9,0,145,788,95,21,65,12,9,26,62,118,31,88,2,0,0,0,493,1,0
C:\Users\Win-10\Documents\Mestrado\Sistema\commons-io\src\main\java\org\apache\commons\io\LineIterator.java,org.apache.commons.io.LineIterator,class,1,21,1,7,18,0.0,0.0,8,1,7,0,1,0,8,0,0,0,3,0,0,3,0,0,1,0,0,81,7,1,5,3,0,3,0,10,0,5,4,0,0,0,128,1,0
C:\Users\Win-10\Documents\Mestrado\Sistema\commons-io\src\main\java\org\apache\commons\io\monitor\FileAlterationListener.java,org.apache.commons.io.monitor.FileAlterationListener,interface,1,8,1,0,28,0.0,0.0,8,0,0,0,0,8,8,0,0,0,0,0,0,0,0,0,0,0,0,10,0,0,0,0,0,0,0,0,0,0,0,0,0,0,32,1,0
C:\Users\Win-10\Documents\Mestrado\Sistema\commons-io\src\main\java\org\apache\commons\io\monitor\FileAlterationListenerAdaptor.java,org.apache.commons.io.monitor.FileAlterationListenerAdaptor,class,2,8,1,0,28,0.0,0.0,8,0,8,0,0,0,8,0,0,0,0,0,0,0,0,0,0,0,0,18,0,0,0,0,0,0,0,0,0,0,0,0,0,0,28,1,0
C:\Users\Win-10\Documents\Mestrado\Sistema\commons-io\src\main\java\org\apache\commons\io\monitor\FileAlterationMonitor.java,org.apache.commons.io.monitor.FileAlterationMonitor,class,2,27,1,13,4,0.0,0.0,12,0,12,0,0,0,12,0,0,4,5,0,0,5,0,0,2,0,2,91,2,6,5,2,0,2,1,9,0,5,2,0,0,0,80,17,0
C:\Users\Win-10\Documents\Mestrado\Sistema\commons-io\src\main\java\org\apache\commons\io\monitor\FileAlterationObserver.java,org.apache.commons.io.monitor.FileAlterationObserver,class,4,58,1,41,125,0.0,0.0,23,0,15,7,1,0,16,0,0,0,5,1,0,5,0,0,5,0,1,193,7,11,10,0,0,6,8,25,0,17,3,0,0,0,207,1,0
C:\Users\Win-10\Documents\Mestrado\Sistema\commons-io\src\main\java\org\apache\commons\io\monitor\FileEntry.java,org.apache.commons.io.monitor.FileEntry,class,1,29,1,6,109,0.0,0.0,19,0,19,0,0,0,19,0,0,0,10,2,0,9,0,1,4,0,0,83,11,0,7,0,0,1,6,20,1,14,1,0,0,0,134,1,0
C:\Users\Win-10\Documents\Mestrado\Sistema\commons-io\src\main\java\org\apache\commons\io\output\AppendableOutputStream.java,org.apache.commons.io.output.AppendableOutputStream,class,1,3,2,1,0,0.0,0.0,3,0,3,0,0,0,3,0,0,0,1,0,0,1,0,0,1,0,0,12,1,0,0,0,0,0,0,1,0,1,0,0,0,0,41,1,0
C:\Users\Win-10\Documents\Mestrado\Sistema\commons-io\src\main\java\org\apache\commons\io\output\BrokenOutputStream.java,org.apache.commons.io.output.BrokenOutputStream,class,0,5,2,0,0,0.0,0.0,5,0,5,0,0,0,5,0,0,0,1,0,0,1,0,0,1,0,0,18,0,0,0,0,0,1,0,1,0,1,0,0,0,0,42,1,0
C:\Users\Win-10\Documents\Mestrado\Sistema\commons-io\src\main\java\org\apache\commons\io\output\ByteArrayOutputStream.java,org.apache.commons.io.output.ByteArrayOutputStream,class,3,40,2,17,66,0.0,0.0,17,2,16,1,0,0,16,0,0,7,8,2,0,7,0,1,3,0,10,173,12,5,10,0,7,2,31,51,16,28,3,0,0,0,244,1,0
C:\Users\Win-10\Documents\Mestrado\Sistema\commons-io\src\main\java\org\apache\commons\io\output\ChunkedOutputStream.java,org.apache.commons.io.output.ChunkedOutputStream,class,1,5,3,2,1,0.0,0.0,3,0,3,0,0,0,3,0,0,0,2,1,0,2,0,0,2,0,1,24,0,1,0,0,0,0,4,7,1,5,1,0,0,0,80,1,0
C:\Users\Win-10\Documents\Mestrado\Sistema\commons-io\src\main\java\org\apache\commons\io\output\ChunkedWriter.java,org.apache.commons.io.output.ChunkedWriter,class,1,5,3,2,1,0.0,0.0,3,0,3,0,0,0,3,0,0,0,2,1,0,2,0,0,2,0,1,24,0,1,0,0,0,0,4,7,1,5,1,0,0,0,80,1,0
C:\Users\Win-10\Documents\Mestrado\Sistema\commons-io\src\main\java\org\apache\commons\io\output\ClosedOutputStream.java,org.apache.commons.io.output.ClosedOutputStream,class,1,2,2,0,1,0.0,0.0,2,0,2,0,0,0,2,0,0,0,1,1,1,0,0,0,1,0,0,9,0,0,0,0,0,3,0,1,1,1,0,0,0,0,57,1,0
C:\Users\Win-10\Documents\Mestrado\Sistema\commons-io\src\main\java\org\apache\commons\io\output\CloseShieldOutputStream.java,org.apache.commons.io.output.CloseShieldOutputStream,class,2,2,4,0,1,0.0,0.0,2,0,2,0,0,0,2,0,0,0,0,0,0,0,0,0,0,0,0,8,0,0,0,0,0,0,0,1,0,0,0,0,0,0,51,1,0
C:\Users\Win-10\Documents\Mestrado\Sistema\commons-io\src\main\java\org\apache\commons\io\output\CountingOutputStream.java,org.apache.commons.io.output.CountingOutputStream,class,2,8,4,2,9,0.0,0.0,6,0,5,0,1,0,6,0,0,3,1,0,0,1,0,0,0,0,0,31,4,0,0,0,0,4,2,6,2,4,1,0,0,0,83,1,0
C:\Users\Win-10\Documents\Mestrado\Sistema\commons-io\src\main\java\org\apache\commons\io\output\DeferredFileOutputStream.java,org.apache.commons.io.output.DeferredFileOutputStream,class,6,21,3,9,14,0.0,0.0,12,0,9,1,2,0,11,0,0,0,7,0,0,7,0,0,3,0,3,90,5,0,4,2,0,5,2,13,0,9,2,0,0,0,167,1,0
C:\Users\Win-10\Documents\Mestrado\Sistema\commons-io\src\main\java\org\apache\commons\io\output\DemuxOutputStream.java,org.apache.commons.io.output.DemuxOutputStream,class,0,7,2,5,0,0.0,0.0,4,0,4,0,0,0,4,0,0,0,1,0,0,1,0,0,1,0,0,26,1,0,3,0,0,2,0,5,0,5,1,0,0,0,38,1,0
C:\Users\Win-10\Documents\Mestrado\Sistema\commons-io\src\main\java\org\apache\commons\io\output\FileWriterWithEncoding.java,org.apache.commons.io.output.FileWriterWithEncoding,class,3,28,2,12,100,0.0,0.0,20,1,19,1,0,0,19,0,0,0,1,0,0,1,0,0,1,0,4,99,3,0,4,2,0,2,0,6,0,3,3,0,0,0,100,1,0
C:\Users\Win-10\Documents\Mestrado\Sistema\commons-io\src\main\java\org\apache\commons\io\output\LockableFileWriter.java,org.apache.commons.io.output.LockableFileWriter,class,4,28,2,26,124,0.0,0.0,20,0,17,3,0,0,17,0,0,0,3,1,0,3,0,0,3,0,8,106,1,0,3,2,0,7,0,7,4,5,2,0,0,0,135,1,0
C:\Users\Win-10\Documents\Mestrado\Sistema\commons-io\src\main\java\org\apache\commons\io\output\NullOutputStream.java,org.apache.commons.io.output.NullOutputStream,class,2,3,2,0,3,0.0,0.0,3,0,3,0,0,0,3,0,0,0,1,1,1,0,0,0,1,0,0,9,0,0,0,0,0,0,0,1,0,1,0,0,0,0,52,1,0
C:\Users\Win-10\Documents\Mestrado\Sistema\commons-io\src\main\java\org\apache\commons\io\output\NullWriter.java,org.apache.commons.io.output.NullWriter,class,2,11,2,0,55,0.0,0.0,11,0,11,0,0,0,11,0,0,0,1,1,1,0,0,0,1,0,0,28,3,0,0,0,0,0,0,1,0,1,0,0,0,0,63,1,0
C:\Users\Win-10\Documents\Mestrado\Sistema\commons-io\src\main\java\org\apache\commons\io\output\ProxyOutputStream.java,org.apache.commons.io.output.ProxyOutputStream,class,2,15,3,8,36,0.0,0.0,9,0,6,0,3,0,9,0,0,0,0,0,0,0,0,0,0,0,0,59,0,0,1,5,0,0,3,1,0,1,1,0,0,0,107,1,0
C:\Users\Win-10\Documents\Mestrado\Sistema\commons-io\src\main\java\org\apache\commons\io\output\ProxyWriter.java,org.apache.commons.io.output.ProxyWriter,class,2,27,3,15,91,0.0,0.0,14,0,11,0,3,0,14,0,0,0,0,0,0,0,0,0,0,0,0,123,3,0,3,10,0,0,7,6,2,3,2,0,0,0,115,1,0
C:\Users\Win-10\Documents\Mestrado\Sistema\commons-io\src\main\java\org\apache\commons\io\output\StringBuilderWriter.java,org.apache.commons.io.output.StringBuilderWriter,class,2,15,2,6,0,0.0,0.0,12,0,12,0,0,0,12,0,0,0,2,1,0,2,0,0,2,0,0,45,5,0,3,0,0,0,1,4,0,2,1,0,0,0,86,1,0
C:\Users\Win-10\Documents\Mestrado\Sistema\commons-io\src\main\java\org\apache\commons\io\output\TaggedOutputStream.java,org.apache.commons.io.output.TaggedOutputStream,class,2,4,4,3,0,0.0,0.0,4,0,3,0,1,0,4,0,0,0,1,0,0,1,0,0,1,0,3,15,1,0,0,0,0,0,0,1,0,1,0,0,0,0,111,1,0
C:\Users\Win-10\Documents\Mestrado\Sistema\commons-io\src\main\java\org\apache\commons\io\output\TeeOutputStream.java,org.apache.commons.io.output.TeeOutputStream,class,2,6,4,10,0,0.0,0.0,6,0,6,0,0,0,6,0,0,3,1,0,0,0,1,0,0,0,0,31,0,0,0,1,0,0,0,1,0,1,1,0,0,0,65,1,0
C:\Users\Win-10\Documents\Mestrado\Sistema\commons-io\src\main\java\org\apache\commons\io\output\ThresholdingOutputStream.java,org.apache.commons.io.output.ThresholdingOutputStream,class,2,18,2,9,25,0.0,0.0,14,0,9,0,5,0,14,2,0,0,3,0,0,3,0,0,1,0,0,58,3,0,0,1,0,0,2,7,1,3,1,0,0,0,138,1025,0
C:\Users\Win-10\Documents\Mestrado\Sistema\commons-io\src\main\java\org\apache\commons\io\output\WriterOutputStream.java,org.apache.commons.io.output.WriterOutputStream,class,2,25,2,33,1,0.0,0.0,15,1,12,3,0,0,12,0,0,0,6,1,0,6,0,0,6,0,8,109,1,3,1,1,1,8,11,17,3,15,2,0,0,0,241,1,0
C:\Users\Win-10\Documents\Mestrado\Sistema\commons-io\src\main\java\org\apache\commons\io\output\XmlStreamWriter.java,org.apache.commons.io.output.XmlStreamWriter,class,2,22,2,19,5,0.0,0.0,10,0,9,1,0,0,9,0,0,0,7,2,0,6,0,1,4,0,0,88,2,0,5,0,0,3,9,19,5,11,4,0,0,0,100,1,0
C:\Users\Win-10\Documents\Mestrado\Sistema\commons-io\src\main\java\org\apache\commons\io\serialization\ClassNameMatcher.java,org.apache.commons.io.serialization.ClassNameMatcher,interface,0,1,1,0,0,NaN,NaN,1,0,0,0,0,1,1,0,0,0,0,0,0,0,0,0,0,0,0,3,0,0,0,0,0,0,0,0,0,0,0,0,0,0,18,1,0
C:\Users\Win-10\Documents\Mestrado\Sistema\commons-io\src\main\java\org\apache\commons\io\serialization\FullClassNameMatcher.java,org.apache.commons.io.serialization.FullClassNameMatcher,class,1,2,1,3,0,0.0,0.0,2,0,2,0,0,0,2,0,0,0,1,0,0,1,0,0,1,0,2,9,1,0,0,0,0,0,0,1,0,1,0,0,0,0,28,16,0
C:\Users\Win-10\Documents\Mestrado\Sistema\commons-io\src\main\java\org\apache\commons\io\serialization\RegexpClassNameMatcher.java,org.apache.commons.io.serialization.RegexpClassNameMatcher,class,1,4,1,3,1,0.0,0.0,3,0,3,0,0,0,3,0,0,0,1,0,0,1,0,0,1,0,1,15,1,0,1,0,0,1,0,1,0,1,1,0,0,0,36,16,0
C:\Users\Win-10\Documents\Mestrado\Sistema\commons-io\src\main\java\org\apache\commons\io\serialization\ValidatingObjectInputStream.java,org.apache.commons.io.serialization.ValidatingObjectInputStream,class,5,21,3,7,26,0.0,0.0,12,0,9,1,2,0,11,0,0,0,2,0,0,2,0,0,2,0,0,71,9,6,0,0,0,1,0,4,1,3,2,0,0,0,123,1,0
C:\Users\Win-10\Documents\Mestrado\Sistema\commons-io\src\main\java\org\apache\commons\io\serialization\WildcardClassNameMatcher.java,org.apache.commons.io.serialization.WildcardClassNameMatcher,class,2,2,1,1,0,0.0,0.0,2,0,2,0,0,0,2,0,0,0,1,0,0,1,0,0,1,0,1,9,1,0,0,0,0,0,0,1,0,1,0,0,0,0,28,16,0
C:\Users\Win-10\Documents\Mestrado\Sistema\commons-io\src\main\java\org\apache\commons\io\TaggedIOException.java,org.apache.commons.io.TaggedIOException,class,2,7,5,5,4,0.0,0.0,5,2,5,0,0,0,5,0,0,0,2,1,0,2,0,0,2,0,1,22,3,0,1,0,2,1,1,2,0,2,1,0,0,0,111,1,0
C:\Users\Win-10\Documents\Mestrado\Sistema\commons-io\src\main\java\org\apache\commons\io\ThreadMonitor.java,org.apache.commons.io.ThreadMonitor,class,1,10,1,9,0,0.0,0.0,6,4,4,2,0,0,4,0,0,0,2,0,0,2,0,0,2,0,6,43,2,1,1,1,0,0,2,8,2,6,1,0,0,0,95,0,0
C:\Users\Win-10\Documents\Mestrado\Sistema\commons-io\src\test\java\org\apache\commons\io\ByteOrderMarkTestCase.java,org.apache.commons.io.ByteOrderMarkTestCase,class,4,13,1,15,0,0.0,0.0,9,0,9,0,0,0,9,0,0,0,3,3,0,3,0,0,3,0,8,82,0,0,0,4,0,50,44,4,3,4,1,0,0,0,57,1,0
C:\Users\Win-10\Documents\Mestrado\Sistema\commons-io\src\test\java\org\apache\commons\io\ByteOrderParserTest.java,org.apache.commons.io.ByteOrderParserTest,class,3,4,1,3,6,0.0,0.0,4,0,3,1,0,0,3,0,0,0,0,0,0,0,0,0,0,0,1,14,1,0,0,0,0,3,0,0,0,0,0,0,0,0,13,1,0
C:\Users\Win-10\Documents\Mestrado\Sistema\commons-io\src\test\java\org\apache\commons\io\CharsetsTestCase.java,org.apache.commons.io.CharsetsTestCase,class,2,8,1,8,28,0.0,0.0,8,0,8,0,0,0,8,0,0,0,0,0,0,0,0,0,0,0,11,35,0,0,0,0,0,21,0,1,0,1,0,0,0,0,18,1,0
C:\Users\Win-10\Documents\Mestrado\Sistema\commons-io\src\test\java\org\apache\commons\io\comparator\ComparatorAbstractTestCase.java,org.apache.commons.io.comparator.ComparatorAbstractTestCase,class,4,12,1,14,0,0.0,0.0,8,0,7,0,1,0,8,0,0,0,7,0,1,0,6,0,0,0,0,52,1,0,0,0,0,15,16,6,0,9,0,0,0,0,43,1025,0
C:\Users\Win-10\Documents\Mestrado\Sistema\commons-io\src\test\java\org\apache\commons\io\comparator\CompositeFileComparatorTest.java,org.apache.commons.io.comparator.CompositeFileComparatorTest,class,7,10,2,9,6,0.0,0.0,4,0,4,0,0,0,4,0,0,0,0,0,0,0,0,0,0,0,4,56,0,0,0,4,0,23,11,15,4,9,1,0,0,0,52,1,0
C:\Users\Win-10\Documents\Mestrado\Sistema\commons-io\src\test\java\org\apache\commons\io\comparator\DefaultFileComparatorTest.java,org.apache.commons.io.comparator.DefaultFileComparatorTest,class,3,1,2,0,0,NaN,NaN,1,0,1,0,0,0,1,0,0,0,0,0,0,0,0,0,0,0,0,10,0,0,0,0,0,4,0,6,0,0,0,0,0,0,16,1,0
C:\Users\Win-10\Documents\Mestrado\Sistema\commons-io\src\test\java\org\apache\commons\io\comparator\DirectoryFileComparatorTest.java,org.apache.commons.io.comparator.DirectoryFileComparatorTest,class,4,3,2,0,3,0.0,0.0,3,0,3,0,0,0,3,0,0,0,0,0,0,0,0,0,0,0,0,15,0,0,0,0,0,5,0,7,0,1,0,0,0,0,25,1,0
C:\Users\Win-10\Documents\Mestrado\Sistema\commons-io\src\test\java\org\apache\commons\io\comparator\ExtensionFileComparatorTest.java,org.apache.commons.io.comparator.ExtensionFileComparatorTest,class,5,9,2,2,1,0.0,0.0,2,0,2,0,0,0,2,0,0,0,0,0,0,0,0,0,0,0,0,22,0,0,3,0,0,12,7,9,0,3,0,0,0,0,28,1,0
C:\Users\Win-10\Documents\Mestrado\Sistema\commons-io\src\test\java\org\apache\commons\io\comparator\LastModifiedFileComparatorTest.java,org.apache.commons.io.comparator.LastModifiedFileComparatorTest,class,4,6,2,8,0,NaN,NaN,1,0,1,0,0,0,1,0,0,0,0,0,0,0,0,0,0,0,7,42,0,2,2,3,0,9,5,13,3,7,1,0,0,0,38,1,0
C:\Users\Win-10\Documents\Mestrado\Sistema\commons-io\src\test\java\org\apache\commons\io\comparator\NameFileComparatorTest.java,org.apache.commons.io.comparator.NameFileComparatorTest,class,5,9,2,2,1,0.0,0.0,2,0,2,0,0,0,2,0,0,0,0,0,0,0,0,0,0,0,0,22,0,0,3,0,0,12,7,9,0,3,0,0,0,0,28,1,0
C:\Users\Win-10\Documents\Mestrado\Sistema\commons-io\src\test\java\org\apache\commons\io\comparator\PathFileComparatorTest.java,org.apache.commons.io.comparator.PathFileComparatorTest,class,5,9,2,2,1,0.0,0.0,2,0,2,0,0,0,2,0,0,0,0,0,0,0,0,0,0,0,0,22,0,0,3,0,0,12,7,9,0,3,0,0,0,0,28,1,0
C:\Users\Win-10\Documents\Mestrado\Sistema\commons-io\src\test\java\org\apache\commons\io\comparator\SizeFileComparatorTest.java,org.apache.commons.io.comparator.SizeFileComparatorTest,class,5,7,2,9,1,0.0,0.0,3,0,3,0,0,0,3,0,0,0,4,0,0,4,0,0,0,0,3,50,0,0,0,3,0,17,7,16,3,10,1,0,0,0,49,1,0
C:\Users\Win-10\Documents\Mestrado\Sistema\commons-io\src\test\java\org\apache\commons\io\CopyUtilsTest.java,org.apache.commons.io.CopyUtilsTest,class,7,11,1,20,0,0.0,0.0,11,0,11,0,0,0,11,0,0,0,2,1,0,2,0,0,2,0,19,101,0,0,0,0,0,36,5,42,2,38,0,0,0,0,56,1,0
C:\Users\Win-10\Documents\Mestrado\Sistema\commons-io\src\test\java\org\apache\commons\io\DemuxTestCase.java,org.apache.commons.io.DemuxTestCase,class,7,10,3,18,4,0.0,0.0,8,0,2,6,0,0,2,0,0,0,11,9,0,11,0,0,11,0,0,124,2,2,0,0,0,18,0,21,0,21,1,0,2,0,49,1,0
C:\Users\Win-10\Documents\Mestrado\Sistema\commons-io\src\test\java\org\apache\commons\io\DemuxTestCase.java,org.apache.commons.io.DemuxTestCase$ReaderThread,innerclass,2,5,2,8,0,0.0,0.0,3,0,2,0,0,1,3,0,0,0,3,0,0,3,0,0,3,0,2,28,1,1,1,1,0,0,2,6,1,5,2,0,0,0,20,10,0
C:\Users\Win-10\Documents\Mestrado\Sistema\commons-io\src\test\java\org\apache\commons\io\DemuxTestCase.java,org.apache.commons.io.DemuxTestCase$WriterThread,innerclass,3,4,2,7,0,0.0,0.0,2,0,1,0,0,1,2,0,0,0,3,0,0,3,0,0,3,0,2,24,0,1,0,1,0,0,1,4,1,4,2,0,0,0,16,10,0
C:\Users\Win-10\Documents\Mestrado\Sistema\commons-io\src\test\java\org\apache\commons\io\DirectoryWalkerTestCase.java,org.apache.commons.io.DirectoryWalkerTestCase$TestFileFinder,innerclass,2,6,2,4,10,0.0,0.0,5,0,0,0,5,0,5,0,0,0,0,0,0,0,0,0,0,0,0,24,1,0,0,1,0,0,0,1,0,1,1,0,0,0,35,10,0
C:\Users\Win-10\Documents\Mestrado\Sistema\commons-io\src\test\java\org\apache\commons\io\DirectoryWalkerTestCase.java,org.apache.commons.io.DirectoryWalkerTestCase,class,13,39,7,27,56,0.0,0.0,20,1,15,5,0,0,15,0,0,0,20,20,0,20,0,0,20,0,4,338,3,5,0,7,0,90,35,56,30,50,2,0,5,0,116,1,0
C:\Users\Win-10\Documents\Mestrado\Sistema\commons-io\src\test\java\org\apache\commons\io\DirectoryWalkerTestCase.java,org.apache.commons.io.DirectoryWalkerTestCase$TestCancelWalker,innerclass,2,8,2,5,2,0.0,0.0,5,0,0,0,4,1,5,0,0,0,2,0,0,2,0,0,2,0,0,31,1,0,0,0,0,0,0,3,0,3,1,0,0,0,35,8,0
C:\Users\Win-10\Documents\Mestrado\Sistema\commons-io\src\test\java\org\apache\commons\io\DirectoryWalkerTestCase.java,org.apache.commons.io.DirectoryWalkerTestCase$TestFalseFileFinder,innerclass,1,2,3,0,1,0.0,0.0,2,0,0,0,2,0,2,0,0,0,0,0,0,0,0,0,0,0,0,8,1,0,0,0,0,0,0,0,0,0,0,0,0,0,19,10,0
C:\Users\Win-10\Documents\Mestrado\Sistema\commons-io\src\test\java\org\apache\commons\io\DirectoryWalkerTestCase.java,org.apache.commons.io.DirectoryWalkerTestCase$TestFileFinderString,innerclass,1,4,2,5,3,0.0,0.0,3,0,0,0,3,0,3,0,0,0,0,0,0,0,0,0,0,0,0,18,1,0,0,1,0,0,0,1,0,1,1,0,0,0,34,10,0
C:\Users\Win-10\Documents\Mestrado\Sistema\commons-io\src\test\java\org\apache\commons\io\DirectoryWalkerTestCase.java,org.apache.commons.io.DirectoryWalkerTestCase$TestMultiThreadCancelWalker,innerclass,2,9,2,6,0,0.0,0.0,6,0,0,0,5,1,6,0,0,0,4,0,1,3,0,0,2,0,0,38,2,0,0,0,0,0,0,5,0,4,1,0,0,0,42,8,0
C:\Users\Win-10\Documents\Mestrado\Sistema\commons-io\src\test\java\org\apache\commons\io\DirectoryWalkerTestCaseJava4.java,org.apache.commons.io.DirectoryWalkerTestCaseJava4$TestMultiThreadCancelWalker,innerclass,2,9,2,6,0,0.0,0.0,6,0,0,0,5,1,6,0,0,0,4,0,1,3,0,0,2,0,0,38,2,0,0,0,0,0,0,5,0,4,1,0,0,0,45,8,0
C:\Users\Win-10\Documents\Mestrado\Sistema\commons-io\src\test\java\org\apache\commons\io\DirectoryWalkerTestCaseJava4.java,org.apache.commons.io.DirectoryWalkerTestCaseJava4$TestCancelWalker,innerclass,2,8,2,5,2,0.0,0.0,5,0,0,0,4,1,5,0,0,0,2,0,0,2,0,0,2,0,0,31,1,0,0,0,0,0,0,3,0,3,1,0,0,0,38,8,0
C:\Users\Win-10\Documents\Mestrado\Sistema\commons-io\src\test\java\org\apache\commons\io\DirectoryWalkerTestCaseJava4.java,org.apache.commons.io.DirectoryWalkerTestCaseJava4,class,12,30,6,23,41,0.0,0.0,18,1,14,4,0,0,14,0,0,0,20,20,0,20,0,0,20,0,4,287,3,4,0,5,0,77,33,54,22,48,2,0,4,0,122,1,0
C:\Users\Win-10\Documents\Mestrado\Sistema\commons-io\src\test\java\org\apache\commons\io\DirectoryWalkerTestCaseJava4.java,org.apache.commons.io.DirectoryWalkerTestCaseJava4$TestFalseFileFinder,innerclass,1,2,3,0,1,0.0,0.0,2,0,0,0,2,0,2,0,0,0,0,0,0,0,0,0,0,0,0,8,1,0,0,0,0,0,0,0,0,0,0,0,0,0,20,10,0
C:\Users\Win-10\Documents\Mestrado\Sistema\commons-io\src\test\java\org\apache\commons\io\DirectoryWalkerTestCaseJava4.java,org.apache.commons.io.DirectoryWalkerTestCaseJava4$TestFileFinder,innerclass,2,6,2,4,10,0.0,0.0,5,0,0,0,5,0,5,0,0,0,0,0,0,0,0,0,0,0,0,24,1,0,0,1,0,0,0,1,0,1,1,0,0,0,37,10,0
C:\Users\Win-10\Documents\Mestrado\Sistema\commons-io\src\test\java\org\apache\commons\io\EndianUtilsTest.java,org.apache.commons.io.EndianUtilsTest,class,4,24,1,35,231,0.0,0.0,22,0,22,0,0,0,22,0,0,0,0,0,0,0,0,0,0,0,71,214,0,1,0,1,0,3,252,53,0,46,1,0,0,0,81,1,0
C:\Users\Win-10\Documents\Mestrado\Sistema\commons-io\src\test\java\org\apache\commons\io\FileCleanerTestCase.java,org.apache.commons.io.FileCleanerTestCase,class,3,1,2,1,0,NaN,NaN,1,0,0,0,1,0,1,0,0,0,0,0,0,0,0,0,0,0,1,5,1,0,0,0,0,1,0,0,0,0,0,0,0,0,8,1,0
C:\Users\Win-10\Documents\Mestrado\Sistema\commons-io\src\test\java\org\apache\commons\io\FileCleaningTrackerTestCase.java,org.apache.commons.io.FileCleaningTrackerTestCase,class,8,34,1,30,0,0.0,0.0,16,0,11,4,1,0,12,0,0,0,3,0,1,2,0,0,0,0,9,235,4,4,5,8,1,25,38,35,6,20,3,0,0,0,100,1,0
C:\Users\Win-10\Documents\Mestrado\Sistema\commons-io\src\test\java\org\apache\commons\io\FileDeleteStrategyTestCase.java,org.apache.commons.io.FileDeleteStrategyTestCase,class,6,11,1,13,15,0.0,0.0,6,0,5,1,0,0,5,0,0,0,1,0,1,0,0,0,0,0,3,91,1,0,0,5,0,14,3,13,3,13,1,0,0,0,43,1,0
C:\Users\Win-10\Documents\Mestrado\Sistema\commons-io\src\test\java\org\apache\commons\io\filefilter\AndFileFilterTestCase.java,org.apache.commons.io.filefilter.AndFileFilterTestCase,class,7,12,3,6,45,0.0,0.0,11,0,1,0,10,0,11,0,0,0,7,2,0,7,0,0,2,0,0,193,10,1,0,0,0,2,96,35,1,35,1,0,0,0,50,1,0
C:\Users\Win-10\Documents\Mestrado\Sistema\commons-io\src\test\java\org\apache\commons\io\filefilter\ConditionalFileFilterAbstractTestCase.java,org.apache.commons.io.filefilter.ConditionalFileFilterAbstractTestCase,class,9,21,2,32,108,0.0,0.0,16,0,6,0,10,0,16,10,0,0,6,2,0,4,2,0,2,0,23,116,0,5,0,0,0,8,17,43,3,37,1,0,0,0,60,1025,0
C:\Users\Win-10\Documents\Mestrado\Sistema\commons-io\src\test\java\org\apache\commons\io\filefilter\FileFilterTestCase.java,org.apache.commons.io.filefilter.FileFilterTestCase,class,21,122,1,92,1213,0.0,0.0,50,0,49,1,0,0,49,0,0,0,3,2,1,1,0,1,2,0,158,1095,1,2,6,67,0,351,69,226,28,186,2,0,0,0,154,1,0
C:\Users\Win-10\Documents\Mestrado\Sistema\commons-io\src\test\java\org\apache\commons\io\filefilter\IOFileFilterAbstractTestCase.java,org.apache.commons.io.filefilter.IOFileFilterAbstractTestCase,class,6,17,3,12,28,0.0,0.0,8,8,8,0,0,0,8,0,0,0,0,0,0,0,0,0,0,0,1,87,1,4,5,0,0,26,4,3,9,3,2,0,2,0,35,1025,0
C:\Users\Win-10\Documents\Mestrado\Sistema\commons-io\src\test\java\org\apache\commons\io\filefilter\IOFileFilterAbstractTestCase.java,org.apache.commons.io.filefilter.IOFileFilterAbstractTestCase$TesterFalseFileFilter,innerclass,2,5,2,3,8,0.0,0.0,5,0,5,0,0,0,5,0,0,0,2,1,0,2,0,0,1,0,0,21,3,0,0,0,0,0,1,2,0,2,0,0,0,0,21,0,0
C:\Users\Win-10\Documents\Mestrado\Sistema\commons-io\src\test\java\org\apache\commons\io\filefilter\IOFileFilterAbstractTestCase.java,org.apache.commons.io.filefilter.IOFileFilterAbstractTestCase$TesterTrueFileFilter,innerclass,2,5,2,3,8,0.0,0.0,5,0,5,0,0,0,5,0,0,0,2,1,0,2,0,0,1,0,0,21,3,0,0,0,0,0,1,2,0,2,0,0,0,0,21,0,0
C:\Users\Win-10\Documents\Mestrado\Sistema\commons-io\src\test\java\org\apache\commons\io\filefilter\OrFileFilterTestCase.java,org.apache.commons.io.filefilter.OrFileFilterTestCase,class,7,12,3,6,45,0.0,0.0,11,0,1,0,10,0,11,0,0,0,7,2,0,7,0,0,2,0,0,193,10,1,0,0,0,2,96,35,1,35,1,0,0,0,50,1,0
C:\Users\Win-10\Documents\Mestrado\Sistema\commons-io\src\test\java\org\apache\commons\io\filefilter\RegexFileFilterTestCase.java,org.apache.commons.io.filefilter.RegexFileFilterTestCase,class,6,9,1,10,1,0.0,0.0,2,0,2,0,0,0,2,0,0,0,1,0,1,0,0,0,0,0,1,58,0,0,3,4,0,29,0,6,3,2,1,0,0,0,26,1,0
C:\Users\Win-10\Documents\Mestrado\Sistema\commons-io\src\test\java\org\apache\commons\io\FilenameUtilsTestCase.java,org.apache.commons.io.FilenameUtilsTestCase,class,6,59,1,40,717,0.0,0.0,39,0,39,0,0,0,39,0,0,0,7,2,1,6,0,0,2,0,779,938,0,0,1,16,0,1603,62,11,234,11,2,0,0,0,118,1,0
C:\Users\Win-10\Documents\Mestrado\Sistema\commons-io\src\test\java\org\apache\commons\io\FilenameUtilsWildcardTestCase.java,org.apache.commons.io.FilenameUtilsWildcardTestCase,class,3,11,1,14,26,0.0,0.0,8,0,7,1,0,0,7,0,0,0,1,1,0,1,0,0,1,0,89,162,0,2,1,1,0,281,5,6,3,6,3,0,0,0,43,1,0
C:\Users\Win-10\Documents\Mestrado\Sistema\commons-io\src\test\java\org\apache\commons\io\FileSystemTestCase.java,org.apache.commons.io.FileSystemTestCase,class,3,18,1,14,10,0.0,0.0,5,0,5,0,0,0,5,0,0,0,0,0,0,0,0,0,0,0,9,58,0,12,0,1,0,5,11,10,2,10,2,0,0,0,29,1,0
C:\Users\Win-10\Documents\Mestrado\Sistema\commons-io\src\test\java\org\apache\commons\io\FileSystemUtilsTestCase.java,org.apache.commons.io.FileSystemUtilsTestCase$MockFileSystemUtils$Anonymous3,anonymous,0,6,1,0,15,0.0,0.0,6,0,6,0,0,0,6,0,0,0,0,0,0,0,0,0,0,0,0,19,5,0,0,0,0,0,0,0,0,0,0,0,0,0,17,-1,0
C:\Users\Win-10\Documents\Mestrado\Sistema\commons-io\src\test\java\org\apache\commons\io\FileSystemUtilsTestCase.java,org.apache.commons.io.FileSystemUtilsTestCase$Anonymous2,anonymous,0,2,1,0,0,NaN,NaN,1,0,0,0,1,0,1,0,0,0,0,0,0,0,0,0,0,0,0,5,1,0,0,0,0,0,2,0,0,0,0,0,0,0,10,-1,0
C:\Users\Win-10\Documents\Mestrado\Sistema\commons-io\src\test\java\org\apache\commons\io\FileSystemUtilsTestCase.java,org.apache.commons.io.FileSystemUtilsTestCase$Anonymous1,anonymous,0,1,1,0,0,NaN,NaN,1,0,0,0,1,0,1,0,0,0,0,0,0,0,0,0,0,0,0,5,1,0,0,0,0,0,1,0,0,0,0,0,0,0,9,-1,0
C:\Users\Win-10\Documents\Mestrado\Sistema\commons-io\src\test\java\org\apache\commons\io\FileSystemUtilsTestCase.java,org.apache.commons.io.FileSystemUtilsTestCase$MockFileSystemUtils,innerclass,3,4,2,2,0,0.0,0.0,3,0,2,0,0,1,3,0,0,0,3,0,0,3,0,0,3,0,0,38,1,0,1,0,0,0,1,3,1,3,1,1,0,0,15,8,0
C:\Users\Win-10\Documents\Mestrado\Sistema\commons-io\src\test\java\org\apache\commons\io\FileSystemUtilsTestCase.java,org.apache.commons.io.FileSystemUtilsTestCase,class,3,69,2,15,435,0.0,0.0,30,0,30,0,0,0,30,0,0,0,0,0,0,0,0,0,0,0,6,408,0,0,1,32,0,187,109,69,25,65,3,2,1,0,125,1,0
C:\Users\Win-10\Documents\Mestrado\Sistema\commons-io\src\test\java\org\apache\commons\io\FileUtilsCleanDirectoryTestCase.java,org.apache.commons.io.FileUtilsCleanDirectoryTestCase,class,6,16,1,20,0,0.0,0.0,7,0,6,1,0,0,6,0,0,0,2,0,1,1,0,0,0,0,13,71,4,0,1,3,0,15,9,7,2,7,1,0,0,0,48,1,0
C:\Users\Win-10\Documents\Mestrado\Sistema\commons-io\src\test\java\org\apache\commons\io\FileUtilsCleanSymlinksTestCase.java,org.apache.commons.io.FileUtilsCleanSymlinksTestCase,class,6,18,1,20,0,0.0,0.0,10,0,9,1,0,0,9,0,0,0,2,0,1,1,0,0,0,0,31,148,8,0,0,0,0,54,17,32,0,32,1,0,0,0,62,1,0
C:\Users\Win-10\Documents\Mestrado\Sistema\commons-io\src\test\java\org\apache\commons\io\FileUtilsCopyToFileTestCase.java,org.apache.commons.io.FileUtilsCopyToFileTestCase,class,9,5,3,10,0,0.0,0.0,4,0,3,1,0,0,3,0,0,0,3,0,1,2,0,0,0,0,3,41,1,0,0,2,0,5,1,5,1,5,1,0,1,0,44,1,0
C:\Users\Win-10\Documents\Mestrado\Sistema\commons-io\src\test\java\org\apache\commons\io\FileUtilsCopyToFileTestCase.java,org.apache.commons.io.FileUtilsCopyToFileTestCase$CheckingInputStream,innerclass,1,3,3,1,0,0.0,0.0,3,0,3,0,0,0,3,0,0,0,1,0,0,1,0,0,0,0,0,14,1,0,0,0,0,0,0,2,0,1,0,0,0,0,15,2,0
C:\Users\Win-10\Documents\Mestrado\Sistema\commons-io\src\test\java\org\apache\commons\io\FileUtilsDirectoryContainsTestCase.java,org.apache.commons.io.FileUtilsDirectoryContainsTestCase,class,5,15,1,10,0,0.0,0.0,12,0,12,0,0,0,12,0,0,0,10,0,1,9,0,0,0,0,28,102,0,0,0,3,0,20,0,16,2,16,1,0,0,0,68,1,0
C:\Users\Win-10\Documents\Mestrado\Sistema\commons-io\src\test\java\org\apache\commons\io\FileUtilsFileNewerTestCase.java,org.apache.commons.io.FileUtilsFileNewerTestCase,class,7,12,1,13,0,0.0,0.0,8,0,6,1,1,0,7,0,0,0,5,2,1,4,0,0,2,0,8,63,1,0,0,2,0,20,6,11,9,11,1,0,0,0,116,1,0
C:\Users\Win-10\Documents\Mestrado\Sistema\commons-io\src\test\java\org\apache\commons\io\FileUtilsListFilesTestCase.java,org.apache.commons.io.FileUtilsListFilesTestCase,class,8,10,1,26,21,0.0,0.0,7,0,4,3,0,0,4,0,0,0,1,0,1,0,0,0,0,0,28,126,3,2,0,1,0,59,6,46,0,15,1,0,0,0,43,1,0
C:\Users\Win-10\Documents\Mestrado\Sistema\commons-io\src\test\java\org\apache\commons\io\FileUtilsTestCase.java,org.apache.commons.io.FileUtilsTestCase$Anonymous1,anonymous,0,1,1,0,0,NaN,NaN,1,0,1,0,0,0,1,0,0,0,1,1,0,1,0,0,1,0,0,6,1,0,0,0,0,0,1,1,0,1,0,0,0,0,12,-1,0
C:\Users\Win-10\Documents\Mestrado\Sistema\commons-io\src\test\java\org\apache\commons\io\FileUtilsTestCase.java,org.apache.commons.io.FileUtilsTestCase$Anonymous2,anonymous,0,2,1,0,1,0.0,0.0,2,0,2,0,0,0,2,0,0,0,1,1,0,1,0,0,1,0,0,9,2,0,0,0,0,0,1,1,0,1,0,0,0,0,13,-1,0
C:\Users\Win-10\Documents\Mestrado\Sistema\commons-io\src\test\java\org\apache\commons\io\FileUtilsTestCase.java,org.apache.commons.io.FileUtilsTestCase,class,17,288,3,170,10250,0.0,0.0,148,0,143,4,0,1,144,0,0,0,9,4,1,8,0,0,4,0,534,2181,2,9,6,113,1,831,190,466,94,464,3,3,2,0,367,1,0
C:\Users\Win-10\Documents\Mestrado\Sistema\commons-io\src\test\java\org\apache\commons\io\FileUtilsTestCase.java,org.apache.commons.io.FileUtilsTestCase$ShorterFile,innerclass,0,2,2,1,1,0.0,0.0,2,0,2,0,0,0,2,0,0,0,1,1,0,1,0,0,1,0,0,9,1,0,0,0,0,0,2,1,1,1,0,0,0,0,11,10,0
C:\Users\Win-10\Documents\Mestrado\Sistema\commons-io\src\test\java\org\apache\commons\io\FileUtilsTestCase.java,org.apache.commons.io.FileUtilsTestCase$Anonymous3,anonymous,0,1,1,0,0,NaN,NaN,1,0,1,0,0,0,1,0,0,0,1,1,0,1,0,0,1,0,0,6,1,0,0,0,0,0,1,1,0,1,0,0,0,0,12,-1,0
C:\Users\Win-10\Documents\Mestrado\Sistema\commons-io\src\test\java\org\apache\commons\io\FileUtilsTestCase.java,org.apache.commons.io.FileUtilsTestCase$ListDirectoryWalker,innerclass,1,5,2,2,6,0.0,0.0,4,0,0,0,2,2,4,0,0,0,0,0,0,0,0,0,0,0,0,18,1,0,0,0,0,0,1,1,0,1,1,0,0,0,23,8,0
C:\Users\Win-10\Documents\Mestrado\Sistema\commons-io\src\test\java\org\apache\commons\io\FileUtilsWaitForTestCase.java,org.apache.commons.io.FileUtilsWaitForTestCase$Anonymous1,anonymous,1,1,1,5,0,NaN,NaN,1,0,1,0,0,0,1,0,0,0,0,0,0,0,0,0,0,0,2,7,0,0,0,0,0,1,1,0,0,0,0,0,0,0,2,-1,0
C:\Users\Win-10\Documents\Mestrado\Sistema\commons-io\src\test\java\org\apache\commons\io\FileUtilsWaitForTestCase.java,org.apache.commons.io.FileUtilsWaitForTestCase,class,2,2,1,7,1,0.0,0.0,2,0,2,0,0,0,2,0,0,0,0,0,0,0,0,0,0,0,2,24,0,0,0,0,0,2,3,4,0,4,0,1,0,0,28,1,0
C:\Users\Win-10\Documents\Mestrado\Sistema\commons-io\src\test\java\org\apache\commons\io\HexDumpTest.java,org.apache.commons.io.HexDumpTest,class,6,27,1,9,3,NaN,NaN,3,0,1,2,0,0,1,0,0,0,0,0,0,0,0,0,0,0,11,163,2,17,0,3,16,15,75,94,34,29,3,0,0,0,44,1,0
C:\Users\Win-10\Documents\Mestrado\Sistema\commons-io\src\test\java\org\apache\commons\io\input\AutoCloseInputStreamTest.java,org.apache.commons.io.input.AutoCloseInputStreamTest,class,4,10,1,7,0,0.0,0.0,5,0,5,0,0,0,5,0,0,0,3,0,0,3,0,0,0,0,0,56,0,5,2,0,0,16,15,15,4,11,2,1,0,0,34,1,0
C:\Users\Win-10\Documents\Mestrado\Sistema\commons-io\src\test\java\org\apache\commons\io\input\AutoCloseInputStreamTest.java,org.apache.commons.io.input.AutoCloseInputStreamTest$Anonymous1,anonymous,0,1,1,0,0,NaN,NaN,1,0,1,0,0,0,1,0,0,0,0,0,0,0,0,0,0,0,0,5,0,0,0,0,0,0,0,1,0,0,0,0,0,0,3,-1,0
C:\Users\Win-10\Documents\Mestrado\Sistema\commons-io\src\test\java\org\apache\commons\io\input\BOMInputStreamTest.java,org.apache.commons.io.input.BOMInputStreamTest$ExpectCloseInputStream,innerclass,0,3,2,1,1,0.0,0.0,3,0,3,0,0,0,3,0,0,0,1,0,0,1,0,0,0,0,0,12,1,0,0,0,0,0,1,1,0,1,0,0,0,0,21,10,0
C:\Users\Win-10\Documents\Mestrado\Sistema\commons-io\src\test\java\org\apache\commons\io\input\BOMInputStreamTest.java,org.apache.commons.io.input.BOMInputStreamTest,class,12,72,2,54,1540,0.0,0.0,56,0,44,12,0,0,44,0,0,0,0,0,0,0,0,0,0,0,14,587,8,2,0,52,3,92,157,128,7,108,2,0,1,0,144,1,0
C:\Users\Win-10\Documents\Mestrado\Sistema\commons-io\src\test\java\org\apache\commons\io\input\BoundedInputStreamTest.java,org.apache.commons.io.input.BoundedInputStreamTest,class,5,7,1,5,3,0.0,0.0,3,0,2,1,0,0,2,0,0,0,0,0,0,0,0,0,0,0,5,43,0,4,0,0,0,21,12,16,8,10,1,0,0,0,21,1,0
C:\Users\Win-10\Documents\Mestrado\Sistema\commons-io\src\test\java\org\apache\commons\io\input\BoundedReaderTest.java,org.apache.commons.io.input.BoundedReaderTest$Anonymous1,anonymous,0,1,1,2,0,NaN,NaN,1,0,1,0,0,0,1,0,0,0,0,0,0,0,0,0,0,0,0,6,0,0,0,0,0,0,0,0,0,0,0,0,0,0,5,-1,0
C:\Users\Win-10\Documents\Mestrado\Sistema\commons-io\src\test\java\org\apache\commons\io\input\BoundedReaderTest.java,org.apache.commons.io.input.BoundedReaderTest,class,5,21,1,18,39,0.0,0.0,18,0,17,1,0,0,17,0,0,0,4,2,0,4,0,0,4,0,3,165,0,3,1,16,0,6,52,31,0,29,2,1,0,0,69,1,0
C:\Users\Win-10\Documents\Mestrado\Sistema\commons-io\src\test\java\org\apache\commons\io\input\BrokenInputStreamTest.java,org.apache.commons.io.input.BrokenInputStreamTest,class,4,13,1,9,0,0.0,0.0,6,0,6,0,0,0,6,0,0,0,2,0,0,2,0,0,0,0,0,67,0,0,0,7,0,9,5,2,0,2,1,0,0,0,25,1,0
C:\Users\Win-10\Documents\Mestrado\Sistema\commons-io\src\test\java\org\apache\commons\io\input\buffer\CircularBufferInputStreamTest.java,org.apache.commons.io.input.buffer.CircularBufferInputStreamTest,class,4,11,1,5,0,NaN,NaN,2,0,1,1,0,0,1,0,0,0,1,0,0,1,0,0,1,0,0,53,1,2,5,0,0,11,16,11,8,11,5,0,0,0,37,1,0
C:\Users\Win-10\Documents\Mestrado\Sistema\commons-io\src\test\java\org\apache\commons\io\input\CharacterFilterReaderTest.java,org.apache.commons.io.input.CharacterFilterReaderTest,class,3,5,1,4,10,0.0,0.0,5,0,5,0,0,0,5,0,0,0,0,0,0,0,0,0,0,0,1,35,0,0,0,5,0,5,5,11,0,11,1,0,0,0,20,1,0
C:\Users\Win-10\Documents\Mestrado\Sistema\commons-io\src\test\java\org\apache\commons\io\input\CharacterSetFilterReaderTest.java,org.apache.commons.io.input.CharacterSetFilterReaderTest,class,3,10,1,4,45,0.0,0.0,10,0,10,0,0,0,10,0,0,0,0,0,0,0,0,0,0,0,11,86,0,0,0,10,0,10,10,28,0,28,1,0,0,0,23,1,0
C:\Users\Win-10\Documents\Mestrado\Sistema\commons-io\src\test\java\org\apache\commons\io\input\CharSequenceInputStreamTest.java,org.apache.commons.io.input.CharSequenceInputStreamTest,class,7,68,1,42,904,0.0,0.0,44,0,30,14,0,0,31,0,0,0,4,3,0,4,0,0,4,0,5,271,4,18,3,11,0,52,76,47,13,43,3,0,0,0,129,1,0
C:\Users\Win-10\Documents\Mestrado\Sistema\commons-io\src\test\java\org\apache\commons\io\input\CharSequenceReaderTest.java,org.apache.commons.io.input.CharSequenceReaderTest,class,4,11,1,14,34,0.0,0.0,9,0,7,2,0,0,7,0,0,0,1,1,0,1,0,0,1,0,0,83,0,2,0,5,1,20,35,14,2,12,1,0,0,0,27,1,0
C:\Users\Win-10\Documents\Mestrado\Sistema\commons-io\src\test\java\org\apache\commons\io\input\ClassLoaderObjectInputStreamTest.java,org.apache.commons.io.input.ClassLoaderObjectInputStreamTest$E,enum,0,0,1,0,0,-1.0,-1.0,0,0,0,0,0,0,0,0,0,0,0,0,0,0,0,0,0,0,0,1,0,0,0,0,0,0,0,0,0,0,0,0,0,0,3,10,0
C:\Users\Win-10\Documents\Mestrado\Sistema\commons-io\src\test\java\org\apache\commons\io\input\ClassLoaderObjectInputStreamTest.java,org.apache.commons.io.input.ClassLoaderObjectInputStreamTest,class,3,7,1,19,21,0.0,0.0,7,0,7,0,0,0,7,0,0,0,0,0,0,0,0,0,0,0,0,113,0,0,0,7,0,5,5,42,0,42,1,0,2,0,40,1,0
C:\Users\Win-10\Documents\Mestrado\Sistema\commons-io\src\test\java\org\apache\commons\io\input\ClassLoaderObjectInputStreamTest.java,org.apache.commons.io.input.ClassLoaderObjectInputStreamTest$Test,innerclass,2,6,1,3,0,0.0,0.0,4,0,2,1,0,1,3,0,0,0,4,1,0,4,0,0,4,0,0,27,5,0,4,0,2,0,1,5,0,5,1,0,0,0,22,10,0
C:\Users\Win-10\Documents\Mestrado\Sistema\commons-io\src\test\java\org\apache\commons\io\input\ClosedInputStreamTest.java,org.apache.commons.io.input.ClosedInputStreamTest,class,2,1,1,2,0,NaN,NaN,1,0,1,0,0,0,1,0,0,0,0,0,0,0,0,0,0,0,0,7,0,0,0,1,0,1,1,1,0,1,1,0,0,0,13,1,0
C:\Users\Win-10\Documents\Mestrado\Sistema\commons-io\src\test\java\org\apache\commons\io\input\CloseShieldInputStreamTest.java,org.apache.commons.io.input.CloseShieldInputStreamTest,class,4,2,1,4,0,0.0,0.0,2,0,2,0,0,0,2,0,0,0,4,0,0,4,0,0,0,0,0,23,0,0,0,0,0,3,2,4,0,4,0,1,0,0,24,1,0
C:\Users\Win-10\Documents\Mestrado\Sistema\commons-io\src\test\java\org\apache\commons\io\input\CloseShieldInputStreamTest.java,org.apache.commons.io.input.CloseShieldInputStreamTest$Anonymous1,anonymous,0,1,1,0,0,NaN,NaN,1,0,1,0,0,0,1,0,0,0,0,0,0,0,0,0,0,0,0,5,0,0,0,0,0,0,0,1,0,0,0,0,0,0,3,-1,0
C:\Users\Win-10\Documents\Mestrado\Sistema\commons-io\src\test\java\org\apache\commons\io\input\compatibility\XmlStreamReader.java,org.apache.commons.io.input.compatibility.XmlStreamReader,class,6,131,2,43,147,0.0,0.0,26,9,13,6,0,7,20,0,0,0,21,18,1,20,0,0,18,0,12,368,12,2,59,6,8,34,76,106,5,61,4,0,0,0,256,1,0
C:\Users\Win-10\Documents\Mestrado\Sistema\commons-io\src\test\java\org\apache\commons\io\input\compatibility\XmlStreamReaderException.java,org.apache.commons.io.input.compatibility.XmlStreamReaderException,class,1,3,5,0,0,0.0,0.0,3,0,3,0,0,0,3,0,0,0,2,1,0,2,0,0,2,0,0,14,1,0,0,0,0,0,1,2,0,2,0,0,0,0,81,1,0
C:\Users\Win-10\Documents\Mestrado\Sistema\commons-io\src\test\java\org\apache\commons\io\input\compatibility\XmlStreamReaderUtilitiesCompatibilityTest.java,org.apache.commons.io.input.compatibility.XmlStreamReaderUtilitiesCompatibilityTest,class,3,2,4,4,1,0.0,0.0,2,0,0,0,2,0,2,0,0,0,0,0,0,0,0,0,0,0,2,17,2,0,0,2,0,0,0,2,0,2,1,0,1,0,26,1,0
C:\Users\Win-10\Documents\Mestrado\Sistema\commons-io\src\test\java\org\apache\commons\io\input\compatibility\XmlStreamReaderUtilitiesCompatibilityTest.java,org.apache.commons.io.input.compatibility.XmlStreamReaderUtilitiesCompatibilityTest$MockXmlStreamReader,innerclass,1,1,3,1,0,NaN,NaN,1,0,0,0,0,1,1,0,0,0,0,0,0,0,0,0,0,0,0,5,0,0,0,0,0,1,0,0,0,0,0,0,0,0,13,10,0
C:\Users\Win-10\Documents\Mestrado\Sistema\commons-io\src\test\java\org\apache\commons\io\input\CountingInputStreamTest.java,org.apache.commons.io.input.CountingInputStreamTest,class,7,12,1,15,45,0.0,0.0,10,0,10,0,0,0,10,0,0,0,0,0,0,0,0,0,0,0,3,131,0,0,0,11,0,8,50,53,1,47,1,0,0,0,54,1,0
C:\Users\Win-10\Documents\Mestrado\Sistema\commons-io\src\test\java\org\apache\commons\io\input\InfiniteCircularInputStreamTest.java,org.apache.commons.io.input.InfiniteCircularInputStreamTest,class,4,4,1,5,3,0.0,0.0,3,0,2,1,0,0,2,0,0,0,0,0,0,0,0,0,0,0,1,25,0,1,0,1,0,0,9,11,2,10,1,0,0,0,30,1,0
C:\Users\Win-10\Documents\Mestrado\Sistema\commons-io\src\test\java\org\apache\commons\io\input\MessageDigestCalculatingInputStreamTest.java,org.apache.commons.io.input.MessageDigestCalculatingInputStreamTest,class,5,3,1,8,1,0.0,0.0,2,1,2,0,0,0,2,0,0,0,0,0,0,0,0,0,0,0,2,20,1,1,0,1,0,1,3,9,1,8,2,0,0,0,23,1,0
C:\Users\Win-10\Documents\Mestrado\Sistema\commons-io\src\test\java\org\apache\commons\io\input\NullInputStreamTest.java,org.apache.commons.io.input.NullInputStreamTest$TestNullInputStream,innerclass,2,5,3,1,6,0.0,0.0,4,0,2,0,2,0,4,0,0,0,0,0,0,0,0,0,0,0,0,17,1,1,0,0,1,0,1,3,3,2,1,0,0,0,18,26,0
C:\Users\Win-10\Documents\Mestrado\Sistema\commons-io\src\test\java\org\apache\commons\io\input\NullInputStreamTest.java,org.apache.commons.io.input.NullInputStreamTest,class,4,21,3,14,15,0.0,0.0,6,0,6,0,0,0,6,0,0,0,0,0,0,0,0,0,0,0,0,150,0,7,0,8,0,56,37,25,14,25,1,0,1,0,77,1,0
C:\Users\Win-10\Documents\Mestrado\Sistema\commons-io\src\test\java\org\apache\commons\io\input\NullReaderTest.java,org.apache.commons.io.input.NullReaderTest,class,4,21,3,16,15,0.0,0.0,6,0,6,0,0,0,6,0,0,0,0,0,0,0,0,0,0,0,0,147,0,7,0,8,0,52,36,25,12,25,1,0,1,0,73,1,0
C:\Users\Win-10\Documents\Mestrado\Sistema\commons-io\src\test\java\org\apache\commons\io\input\NullReaderTest.java,org.apache.commons.io.input.NullReaderTest$TestNullReader,innerclass,2,5,3,1,6,0.0,0.0,4,0,2,0,2,0,4,0,0,0,0,0,0,0,0,0,0,0,0,17,1,1,0,0,1,0,1,3,3,2,1,0,0,0,17,26,0
C:\Users\Win-10\Documents\Mestrado\Sistema\commons-io\src\test\java\org\apache\commons\io\input\ObservableInputStreamTest.java,org.apache.commons.io.input.ObservableInputStreamTest$LastByteKeepingObserver,innerclass,1,3,2,3,3,0.0,0.0,3,0,3,0,0,0,3,0,0,0,3,0,0,3,0,0,0,0,0,17,0,0,0,0,0,0,1,4,0,3,0,0,0,0,14,10,0
C:\Users\Win-10\Documents\Mestrado\Sistema\commons-io\src\test\java\org\apache\commons\io\input\ObservableInputStreamTest.java,org.apache.commons.io.input.ObservableInputStreamTest$LastBytesKeepingObserver,innerclass,2,1,2,1,0,NaN,NaN,1,0,1,0,0,0,1,0,0,0,3,0,0,3,0,0,0,0,0,11,0,0,0,0,0,0,2,6,0,3,0,0,0,0,16,10,0
C:\Users\Win-10\Documents\Mestrado\Sistema\commons-io\src\test\java\org\apache\commons\io\input\ObservableInputStreamTest.java,org.apache.commons.io.input.ObservableInputStreamTest,class,7,7,3,11,1,0.0,0.0,2,0,2,0,0,0,2,0,0,0,0,0,0,0,0,0,0,0,3,93,0,2,2,0,0,0,15,14,0,14,3,0,2,0,29,1,0
C:\Users\Win-10\Documents\Mestrado\Sistema\commons-io\src\test\java\org\apache\commons\io\input\ProxyReaderTest.java,org.apache.commons.io.input.ProxyReaderTest$ProxyReaderImpl,innerclass,1,1,4,0,0,NaN,NaN,1,0,0,0,0,1,1,0,0,0,0,0,0,0,0,0,0,0,0,5,0,0,0,0,0,0,0,0,0,0,0,0,0,0,5,10,0
C:\Users\Win-10\Documents\Mestrado\Sistema\commons-io\src\test\java\org\apache\commons\io\input\ProxyReaderTest.java,org.apache.commons.io.input.ProxyReaderTest,class,6,2,6,4,1,0.0,0.0,2,0,2,0,0,0,2,0,0,0,0,0,0,0,0,0,0,0,0,29,0,0,0,0,0,0,4,2,0,2,0,0,2,0,13,1,0
C:\Users\Win-10\Documents\Mestrado\Sistema\commons-io\src\test\java\org\apache\commons\io\input\ProxyReaderTest.java,org.apache.commons.io.input.ProxyReaderTest$CustomNullReader,innerclass,2,5,3,2,3,0.0,0.0,3,0,2,0,0,1,3,0,0,0,0,0,0,0,0,0,0,0,0,11,2,0,2,0,0,0,2,0,0,0,0,0,0,0,14,10,0
C:\Users\Win-10\Documents\Mestrado\Sistema\commons-io\src\test\java\org\apache\commons\io\input\ReaderInputStreamTest.java,org.apache.commons.io.input.ReaderInputStreamTest,class,5,17,1,13,37,0.0,0.0,10,0,8,2,0,0,9,0,0,0,3,2,0,3,0,0,3,0,1,91,0,5,2,1,0,11,37,23,1,23,3,0,0,0,65,1,0
C:\Users\Win-10\Documents\Mestrado\Sistema\commons-io\src\test\java\org\apache\commons\io\input\ReversedLinesFileReaderTestParamBlockSize.java,org.apache.commons.io.input.ReversedLinesFileReaderTestParamBlockSize,class,7,28,1,14,0,0.0,0.0,23,3,20,1,0,2,22,0,0,0,15,13,0,15,0,0,14,0,17,144,1,3,2,1,1,50,12,53,4,38,2,0,0,0,104,1,0
C:\Users\Win-10\Documents\Mestrado\Sistema\commons-io\src\test\java\org\apache\commons\io\input\ReversedLinesFileReaderTestParamFile.java,org.apache.commons.io.input.ReversedLinesFileReaderTestParamFile,class,6,9,1,11,0,0.0,0.0,4,1,4,0,0,0,4,0,0,0,5,0,0,5,0,0,3,0,1,41,1,2,3,2,2,36,5,11,1,9,1,0,0,0,49,1,0
C:\Users\Win-10\Documents\Mestrado\Sistema\commons-io\src\test\java\org\apache\commons\io\input\ReversedLinesFileReaderTestSimple.java,org.apache.commons.io.input.ReversedLinesFileReaderTestSimple,class,4,5,1,6,4,0.0,0.0,4,0,4,0,0,0,4,0,0,0,1,0,0,1,0,0,0,0,2,26,0,0,0,1,0,7,3,6,0,6,1,0,0,0,37,1,0
C:\Users\Win-10\Documents\Mestrado\Sistema\commons-io\src\test\java\org\apache\commons\io\input\SwappedDataInputStreamTest.java,org.apache.commons.io.input.SwappedDataInputStreamTest,class,6,17,1,19,0,0.0,0.0,16,0,16,0,0,0,16,0,0,0,2,0,0,2,0,0,0,0,2,67,0,1,0,0,0,2,27,9,0,7,1,0,0,0,54,1,0
C:\Users\Win-10\Documents\Mestrado\Sistema\commons-io\src\test\java\org\apache\commons\io\input\TaggedInputStreamTest.java,org.apache.commons.io.input.TaggedInputStreamTest,class,7,10,1,15,6,0.0,0.0,4,0,4,0,0,0,4,0,0,0,0,0,0,0,0,0,0,0,2,78,0,0,0,6,0,8,17,8,0,8,2,0,0,0,30,1,0
C:\Users\Win-10\Documents\Mestrado\Sistema\commons-io\src\test\java\org\apache\commons\io\input\TailerTest.java,org.apache.commons.io.input.TailerTest,class,11,34,2,45,0,0.0,0.0,15,0,11,3,1,0,12,0,0,0,2,0,1,1,0,0,0,0,29,316,1,8,3,8,2,115,74,94,20,78,3,0,1,0,115,1,0
C:\Users\Win-10\Documents\Mestrado\Sistema\commons-io\src\test\java\org\apache\commons\io\input\TailerTest.java,org.apache.commons.io.input.TailerTest$TestTailerListener,innerclass,2,8,2,3,22,0.0,0.0,8,0,8,0,0,0,8,0,0,0,6,0,0,1,0,5,1,0,1,32,1,0,0,0,0,0,4,7,0,6,0,0,0,0,29,10,0
C:\Users\Win-10\Documents\Mestrado\Sistema\commons-io\src\test\java\org\apache\commons\io\input\TeeInputStreamTest.java,org.apache.commons.io.input.TeeInputStreamTest,class,4,8,1,9,0,0.0,0.0,8,0,8,0,0,0,8,0,0,0,3,0,0,3,0,0,1,0,0,59,0,0,0,0,0,9,22,6,0,6,0,0,0,0,34,1,0
C:\Users\Win-10\Documents\Mestrado\Sistema\commons-io\src\test\java\org\apache\commons\io\input\UnixLineEndingInputStreamTest.java,org.apache.commons.io.input.UnixLineEndingInputStreamTest,class,4,10,1,6,45,0.0,0.0,10,0,8,2,0,0,8,0,0,0,0,0,0,0,0,0,0,0,0,38,2,0,0,0,0,20,2,4,0,4,0,0,0,0,39,1,0
C:\Users\Win-10\Documents\Mestrado\Sistema\commons-io\src\test\java\org\apache\commons\io\input\WindowsLineEndingInputStreamTest.java,org.apache.commons.io.input.WindowsLineEndingInputStreamTest,class,4,9,1,6,36,0.0,0.0,9,0,7,2,0,0,7,0,0,0,0,0,0,0,0,0,0,0,0,36,2,0,0,0,0,18,2,5,0,5,0,0,0,0,37,1,0
C:\Users\Win-10\Documents\Mestrado\Sistema\commons-io\src\test\java\org\apache\commons\io\input\XmlStreamReaderTest.java,org.apache.commons.io.input.XmlStreamReaderTest,class,8,45,1,31,189,0.0,0.0,26,0,18,1,7,0,27,0,0,0,21,20,1,20,0,0,20,0,3,323,2,3,7,4,2,417,22,69,5,59,2,0,0,0,124,1,0
C:\Users\Win-10\Documents\Mestrado\Sistema\commons-io\src\test\java\org\apache\commons\io\input\XmlStreamReaderUtilitiesTest.java,org.apache.commons.io.input.XmlStreamReaderUtilitiesTest,class,5,26,3,33,223,0.0,0.0,22,0,11,9,2,0,13,0,0,0,14,14,0,14,0,0,0,0,6,246,2,0,0,2,0,272,0,22,10,22,1,0,1,0,84,1,0
C:\Users\Win-10\Documents\Mestrado\Sistema\commons-io\src\test\java\org\apache\commons\io\input\XmlStreamReaderUtilitiesTest.java,org.apache.commons.io.input.XmlStreamReaderUtilitiesTest$MockXmlStreamReader,innerclass,1,1,3,1,0,NaN,NaN,1,0,0,0,0,1,1,0,0,0,0,0,0,0,0,0,0,0,0,5,0,0,0,0,0,1,0,0,0,0,0,0,0,0,13,10,0
C:\Users\Win-10\Documents\Mestrado\Sistema\commons-io\src\test\java\org\apache\commons\io\IOCaseTestCase.java,org.apache.commons.io.IOCaseTestCase,class,3,51,1,21,111,0.0,0.0,18,0,17,1,0,0,17,0,0,0,1,1,0,1,0,0,1,0,5,316,1,0,3,23,0,256,113,5,0,5,1,0,0,0,55,1,0
C:\Users\Win-10\Documents\Mestrado\Sistema\commons-io\src\test\java\org\apache\commons\io\IOExceptionWithCauseTestCase.java,org.apache.commons.io.IOExceptionWithCauseTestCase,class,2,3,1,5,3,0.0,0.0,3,0,2,0,0,1,3,0,0,0,0,0,0,0,0,0,0,0,0,17,0,0,0,0,0,5,0,4,0,4,0,0,0,0,22,1,0
C:\Users\Win-10\Documents\Mestrado\Sistema\commons-io\src\test\java\org\apache\commons\io\IOUtilsCopyTestCase.java,org.apache.commons.io.IOUtilsCopyTestCase,class,12,28,1,23,106,0.0,0.0,28,0,27,1,0,0,27,0,0,0,2,1,0,2,0,0,2,0,41,240,0,0,0,0,0,76,28,101,5,85,0,0,0,0,64,1,0
C:\Users\Win-10\Documents\Mestrado\Sistema\commons-io\src\test\java\org\apache\commons\io\IOUtilsTestCase.java,org.apache.commons.io.IOUtilsTestCase$Anonymous8,anonymous,0,1,1,0,0,NaN,NaN,1,0,1,0,0,0,1,0,0,0,0,0,0,0,0,0,0,0,0,4,0,0,0,0,0,0,0,0,0,0,0,0,0,0,5,-1,0
C:\Users\Win-10\Documents\Mestrado\Sistema\commons-io\src\test\java\org\apache\commons\io\IOUtilsTestCase.java,org.apache.commons.io.IOUtilsTestCase$Anonymous7,anonymous,0,1,1,0,0,NaN,NaN,1,0,1,0,0,0,1,0,0,0,0,0,0,0,0,0,0,0,0,5,1,0,0,0,0,0,1,0,0,0,0,0,0,0,4,-1,0
C:\Users\Win-10\Documents\Mestrado\Sistema\commons-io\src\test\java\org\apache\commons\io\IOUtilsTestCase.java,org.apache.commons.io.IOUtilsTestCase$Anonymous9,anonymous,0,1,1,0,0,NaN,NaN,1,0,1,0,0,0,1,0,0,0,0,0,0,0,0,0,0,0,0,4,0,0,0,0,0,0,0,0,0,0,0,0,0,0,5,-1,0
C:\Users\Win-10\Documents\Mestrado\Sistema\commons-io\src\test\java\org\apache\commons\io\IOUtilsTestCase.java,org.apache.commons.io.IOUtilsTestCase$Anonymous4,anonymous,0,1,1,0,0,NaN,NaN,1,0,1,0,0,0,1,0,0,0,0,0,0,0,0,0,0,0,0,5,0,0,0,0,0,0,0,0,0,0,0,0,0,0,4,-1,0
C:\Users\Win-10\Documents\Mestrado\Sistema\commons-io\src\test\java\org\apache\commons\io\IOUtilsTestCase.java,org.apache.commons.io.IOUtilsTestCase$Anonymous3,anonymous,0,1,1,0,0,NaN,NaN,1,0,1,0,0,0,1,0,0,0,0,0,0,0,0,0,0,0,0,5,0,0,0,0,0,0,0,0,0,0,0,0,0,0,4,-1,0
C:\Users\Win-10\Documents\Mestrado\Sistema\commons-io\src\test\java\org\apache\commons\io\IOUtilsTestCase.java,org.apache.commons.io.IOUtilsTestCase$Anonymous6,anonymous,0,1,1,0,0,NaN,NaN,1,0,1,0,0,0,1,0,0,0,0,0,0,0,0,0,0,0,0,5,1,0,0,0,0,0,1,0,0,0,0,0,0,0,4,-1,0
C:\Users\Win-10\Documents\Mestrado\Sistema\commons-io\src\test\java\org\apache\commons\io\IOUtilsTestCase.java,org.apache.commons.io.IOUtilsTestCase$Anonymous5,anonymous,0,1,1,0,0,NaN,NaN,1,0,1,0,0,0,1,0,0,1,0,0,0,0,0,0,0,0,0,5,0,0,0,0,0,0,0,0,0,0,0,0,0,0,4,-1,0
C:\Users\Win-10\Documents\Mestrado\Sistema\commons-io\src\test\java\org\apache\commons\io\IOUtilsTestCase.java,org.apache.commons.io.IOUtilsTestCase,class,11,147,1,132,4998,0.0,0.0,112,0,108,4,0,0,108,0,0,0,6,2,1,5,0,0,2,0,279,1193,1,2,1,70,0,172,191,261,18,207,2,13,0,0,244,1,0
C:\Users\Win-10\Documents\Mestrado\Sistema\commons-io\src\test\java\org\apache\commons\io\IOUtilsTestCase.java,org.apache.commons.io.IOUtilsTestCase$Anonymous2,anonymous,0,1,1,0,0,NaN,NaN,1,0,1,0,0,0,1,0,0,0,0,0,0,0,0,0,0,0,0,5,0,0,0,0,0,0,0,0,0,0,0,0,0,0,4,-1,0
C:\Users\Win-10\Documents\Mestrado\Sistema\commons-io\src\test\java\org\apache\commons\io\IOUtilsTestCase.java,org.apache.commons.io.IOUtilsTestCase$Anonymous1,anonymous,0,1,1,0,0,NaN,NaN,1,0,1,0,0,0,1,0,0,0,0,0,0,0,0,0,0,0,0,5,0,0,0,0,0,0,0,0,0,0,0,0,0,0,4,-1,0
C:\Users\Win-10\Documents\Mestrado\Sistema\commons-io\src\test\java\org\apache\commons\io\IOUtilsTestCase.java,org.apache.commons.io.IOUtilsTestCase$Anonymous13,anonymous,1,4,1,0,6,0.0,0.0,4,0,4,0,0,0,4,0,0,0,0,0,0,0,0,0,0,0,0,10,0,0,0,0,0,0,0,0,0,0,0,0,0,0,8,-1,0
C:\Users\Win-10\Documents\Mestrado\Sistema\commons-io\src\test\java\org\apache\commons\io\IOUtilsTestCase.java,org.apache.commons.io.IOUtilsTestCase$Anonymous12,anonymous,1,4,1,0,6,0.0,0.0,4,0,4,0,0,0,4,0,0,0,0,0,0,0,0,0,0,0,0,10,0,0,0,0,0,0,0,0,0,0,0,0,0,0,8,-1,0
C:\Users\Win-10\Documents\Mestrado\Sistema\commons-io\src\test\java\org\apache\commons\io\IOUtilsTestCase.java,org.apache.commons.io.IOUtilsTestCase$Anonymous11,anonymous,1,2,1,0,1,0.0,0.0,2,0,2,0,0,0,2,0,0,0,0,0,0,0,0,0,0,0,0,7,1,0,0,0,0,0,1,0,0,0,0,0,0,0,6,-1,0
C:\Users\Win-10\Documents\Mestrado\Sistema\commons-io\src\test\java\org\apache\commons\io\IOUtilsTestCase.java,org.apache.commons.io.IOUtilsTestCase$Anonymous10,anonymous,1,2,1,0,1,0.0,0.0,2,0,2,0,0,0,2,0,0,0,0,0,0,0,0,0,0,0,0,7,1,0,0,0,0,0,1,0,0,0,0,0,0,0,6,-1,0
C:\Users\Win-10\Documents\Mestrado\Sistema\commons-io\src\test\java\org\apache\commons\io\IOUtilsWriteTestCase.java,org.apache.commons.io.IOUtilsWriteTestCase,class,7,68,1,30,622,0.0,0.0,53,0,53,0,0,0,53,0,0,0,2,1,0,2,0,0,2,0,80,517,0,0,0,15,0,164,18,155,5,151,1,0,0,0,64,1,0
C:\Users\Win-10\Documents\Mestrado\Sistema\commons-io\src\test\java\org\apache\commons\io\LineIteratorTestCase.java,org.apache.commons.io.LineIteratorTestCase,class,7,46,1,29,276,0.0,0.0,24,0,17,7,0,0,17,0,0,0,1,0,1,0,0,0,0,0,20,298,4,6,1,20,0,49,26,61,9,59,3,2,0,0,102,1,0
C:\Users\Win-10\Documents\Mestrado\Sistema\commons-io\src\test\java\org\apache\commons\io\LineIteratorTestCase.java,org.apache.commons.io.LineIteratorTestCase$Anonymous1,anonymous,0,1,1,0,0,NaN,NaN,1,0,1,0,0,0,1,0,0,0,0,0,0,0,0,0,0,0,0,5,0,0,0,0,0,1,0,0,0,0,0,0,0,0,5,-1,0
C:\Users\Win-10\Documents\Mestrado\Sistema\commons-io\src\test\java\org\apache\commons\io\LineIteratorTestCase.java,org.apache.commons.io.LineIteratorTestCase$Anonymous2,anonymous,0,2,1,2,0,NaN,NaN,1,0,0,0,1,0,1,0,0,0,0,0,0,0,0,0,0,0,0,6,1,0,1,0,1,0,4,1,3,1,0,0,0,0,5,-1,0
C:\Users\Win-10\Documents\Mestrado\Sistema\commons-io\src\test\java\org\apache\commons\io\monitor\AbstractMonitorTestCase.java,org.apache.commons.io.monitor.AbstractMonitorTestCase,class,11,9,1,25,8,0.0,0.0,5,0,1,0,4,0,5,0,0,0,5,0,1,0,4,0,0,0,10,58,1,1,1,2,0,18,8,15,10,13,2,0,0,0,91,1025,0
C:\Users\Win-10\Documents\Mestrado\Sistema\commons-io\src\test\java\org\apache\commons\io\monitor\CollectionFileListener.java,org.apache.commons.io.monitor.CollectionFileListener,class,3,17,1,3,82,0.0,0.0,16,0,16,0,0,0,16,0,0,0,8,1,0,8,0,0,8,0,0,64,6,0,0,0,0,0,1,8,0,8,1,0,0,0,60,1,0
C:\Users\Win-10\Documents\Mestrado\Sistema\commons-io\src\test\java\org\apache\commons\io\monitor\FileAlterationMonitorTestCase.java,org.apache.commons.io.monitor.FileAlterationMonitorTestCase$Anonymous1,anonymous,0,1,1,4,0,NaN,NaN,1,0,1,0,0,0,1,0,0,0,1,0,0,1,0,0,1,0,1,9,1,0,0,0,0,0,0,2,0,2,0,0,0,0,8,-1,0
C:\Users\Win-10\Documents\Mestrado\Sistema\commons-io\src\test\java\org\apache\commons\io\monitor\FileAlterationMonitorTestCase.java,org.apache.commons.io.monitor.FileAlterationMonitorTestCase,class,7,12,2,29,21,0.0,0.0,7,0,6,1,0,0,6,0,0,0,0,0,0,0,0,0,0,0,3,110,1,2,0,2,0,29,13,20,1,15,2,1,0,0,79,1,0
C:\Users\Win-10\Documents\Mestrado\Sistema\commons-io\src\test\java\org\apache\commons\io\monitor\FileAlterationObserverTestCase.java,org.apache.commons.io.monitor.FileAlterationObserverTestCase,class,9,9,2,30,36,0.0,0.0,9,0,8,0,1,0,9,0,0,0,0,0,0,0,0,0,0,0,9,251,0,0,0,0,0,148,108,65,2,36,0,0,0,0,66,1,0
C:\Users\Win-10\Documents\Mestrado\Sistema\commons-io\src\test\java\org\apache\commons\io\output\AppendableOutputStreamTest.java,org.apache.commons.io.output.AppendableOutputStreamTest,class,3,3,1,6,0,0.0,0.0,3,0,3,0,0,0,3,0,0,0,1,0,0,1,0,0,0,0,0,15,0,0,0,0,0,2,0,2,0,2,0,0,0,0,18,1,0
C:\Users\Win-10\Documents\Mestrado\Sistema\commons-io\src\test\java\org\apache\commons\io\output\BrokenOutputStreamTest.java,org.apache.commons.io.output.BrokenOutputStreamTest,class,4,9,1,7,0,0.0,0.0,4,0,4,0,0,0,4,0,0,0,2,0,0,2,0,0,0,0,0,49,0,0,0,5,0,6,5,2,0,2,1,0,0,0,23,1,0
C:\Users\Win-10\Documents\Mestrado\Sistema\commons-io\src\test\java\org\apache\commons\io\output\ByteArrayOutputStreamTestCase.java,org.apache.commons.io.output.ByteArrayOutputStreamTestCase,class,6,19,1,27,28,0.0,0.0,8,1,3,5,0,0,4,0,0,0,1,1,0,1,0,0,1,0,5,130,5,5,3,0,0,7,49,36,0,27,2,0,0,0,64,1,0
C:\Users\Win-10\Documents\Mestrado\Sistema\commons-io\src\test\java\org\apache\commons\io\output\ChunkedOutputStreamTest.java,org.apache.commons.io.output.ChunkedOutputStreamTest$Anonymous1,anonymous,1,1,1,2,0,NaN,NaN,1,0,1,0,0,0,1,0,0,0,0,0,0,0,0,0,0,0,0,6,0,0,0,0,0,0,0,0,0,0,0,0,0,0,2,-1,0
C:\Users\Win-10\Documents\Mestrado\Sistema\commons-io\src\test\java\org\apache\commons\io\output\ChunkedOutputStreamTest.java,org.apache.commons.io.output.ChunkedOutputStreamTest,class,6,4,1,6,6,0.0,0.0,4,0,3,1,0,0,3,0,0,0,0,0,0,0,0,0,0,0,0,31,1,0,0,0,0,1,7,7,2,7,0,1,0,0,31,1,0
C:\Users\Win-10\Documents\Mestrado\Sistema\commons-io\src\test\java\org\apache\commons\io\output\ChunkedWriterTest.java,org.apache.commons.io.output.ChunkedWriterTest$Anonymous1,anonymous,1,1,1,2,0,NaN,NaN,1,0,1,0,0,0,1,0,0,0,0,0,0,0,0,0,0,0,0,6,0,0,0,0,0,0,0,0,0,0,0,0,0,0,5,-1,0
C:\Users\Win-10\Documents\Mestrado\Sistema\commons-io\src\test\java\org\apache\commons\io\output\ChunkedWriterTest.java,org.apache.commons.io.output.ChunkedWriterTest,class,6,4,1,7,6,0.0,0.0,4,0,3,1,0,0,3,0,0,0,0,0,0,0,0,0,0,0,0,35,1,0,0,4,1,1,7,7,2,7,2,1,0,0,29,1,0
C:\Users\Win-10\Documents\Mestrado\Sistema\commons-io\src\test\java\org\apache\commons\io\output\ClosedOutputStreamTest.java,org.apache.commons.io.output.ClosedOutputStreamTest,class,2,4,1,3,1,0.0,0.0,2,0,2,0,0,0,2,0,0,0,0,0,0,0,0,0,0,0,0,18,0,0,0,2,0,2,0,2,0,2,1,0,0,0,21,1,0
C:\Users\Win-10\Documents\Mestrado\Sistema\commons-io\src\test\java\org\apache\commons\io\output\CloseShieldOutputStreamTest.java,org.apache.commons.io.output.CloseShieldOutputStreamTest$Anonymous1,anonymous,0,1,1,0,0,NaN,NaN,1,0,1,0,0,0,1,0,0,0,0,0,0,0,0,0,0,0,0,5,0,0,0,0,0,0,0,1,0,0,0,0,0,0,3,-1,0
C:\Users\Win-10\Documents\Mestrado\Sistema\commons-io\src\test\java\org\apache\commons\io\output\CloseShieldOutputStreamTest.java,org.apache.commons.io.output.CloseShieldOutputStreamTest,class,4,3,1,8,0,0.0,0.0,2,0,2,0,0,0,2,0,0,0,3,0,0,3,0,0,0,0,0,28,0,0,0,1,0,2,2,3,0,3,1,1,0,0,26,1,0
C:\Users\Win-10\Documents\Mestrado\Sistema\commons-io\src\test\java\org\apache\commons\io\output\CountingOutputStreamTest.java,org.apache.commons.io.output.CountingOutputStreamTest,class,8,10,1,13,3,0.0,0.0,3,0,2,1,0,0,2,0,0,0,0,0,0,0,0,0,0,0,2,60,0,5,0,3,0,15,27,15,5,13,2,0,0,0,37,1,0
C:\Users\Win-10\Documents\Mestrado\Sistema\commons-io\src\test\java\org\apache\commons\io\output\DeferredFileOutputStreamTest.java,org.apache.commons.io.output.DeferredFileOutputStreamTest,class,9,28,1,28,0,0.0,0.0,13,1,12,1,0,0,12,0,0,0,3,0,0,3,0,0,3,0,6,218,1,0,0,14,1,43,33,37,13,37,2,0,0,0,125,1,0
C:\Users\Win-10\Documents\Mestrado\Sistema\commons-io\src\test\java\org\apache\commons\io\output\FileWriterWithEncodingTest.java,org.apache.commons.io.output.FileWriterWithEncodingTest,class,9,26,1,28,0,0.0,0.0,16,0,13,3,0,0,13,0,0,0,6,0,1,5,0,0,1,0,19,185,1,1,0,11,0,9,12,34,1,23,3,0,0,0,68,1,0
C:\Users\Win-10\Documents\Mestrado\Sistema\commons-io\src\test\java\org\apache\commons\io\output\LockableFileWriterTest.java,org.apache.commons.io.output.LockableFileWriterTest,class,6,16,1,11,0,0.0,0.0,9,0,8,1,0,0,8,0,0,0,6,0,1,5,0,0,0,0,1,119,1,0,0,11,0,15,0,20,2,20,2,0,0,0,71,1,0
C:\Users\Win-10\Documents\Mestrado\Sistema\commons-io\src\test\java\org\apache\commons\io\output\NullOutputStreamTest.java,org.apache.commons.io.output.NullOutputStreamTest,class,2,1,1,6,0,NaN,NaN,1,0,1,0,0,0,1,0,0,0,0,0,0,0,0,0,0,0,0,14,0,0,0,1,0,3,5,1,0,1,1,0,0,0,21,1,0
C:\Users\Win-10\Documents\Mestrado\Sistema\commons-io\src\test\java\org\apache\commons\io\output\NullWriterTest.java,org.apache.commons.io.output.NullWriterTest,class,3,1,1,6,0,NaN,NaN,1,0,1,0,0,0,1,0,0,0,0,0,0,0,0,0,0,0,0,13,0,0,0,1,0,2,5,2,0,2,1,0,0,0,17,1,0
C:\Users\Win-10\Documents\Mestrado\Sistema\commons-io\src\test\java\org\apache\commons\io\output\ProxyOutputStreamTest.java,org.apache.commons.io.output.ProxyOutputStreamTest,class,5,3,1,5,0,0.0,0.0,3,0,3,0,0,0,3,0,0,0,2,0,0,2,0,0,0,0,0,25,0,0,0,0,0,0,2,3,0,3,0,1,0,0,25,1,0
C:\Users\Win-10\Documents\Mestrado\Sistema\commons-io\src\test\java\org\apache\commons\io\output\ProxyOutputStreamTest.java,org.apache.commons.io.output.ProxyOutputStreamTest$Anonymous1,anonymous,1,2,1,1,0,NaN,NaN,1,0,1,0,0,0,1,0,0,0,0,0,0,0,0,0,0,0,0,7,0,0,1,0,0,0,0,0,0,0,1,0,0,0,6,-1,0
C:\Users\Win-10\Documents\Mestrado\Sistema\commons-io\src\test\java\org\apache\commons\io\output\ProxyWriterTest.java,org.apache.commons.io.output.ProxyWriterTest$Anonymous9,anonymous,0,1,1,0,0,NaN,NaN,1,0,1,0,0,0,1,0,0,0,0,0,0,0,0,0,0,0,0,5,0,0,0,0,0,1,0,0,0,0,0,0,0,0,6,-1,0
C:\Users\Win-10\Documents\Mestrado\Sistema\commons-io\src\test\java\org\apache\commons\io\output\ProxyWriterTest.java,org.apache.commons.io.output.ProxyWriterTest,class,6,21,1,13,210,0.0,0.0,21,0,21,0,0,0,21,0,0,0,0,0,0,0,0,0,0,0,0,189,0,0,0,31,0,18,17,40,0,40,2,10,0,0,38,1,0
C:\Users\Win-10\Documents\Mestrado\Sistema\commons-io\src\test\java\org\apache\commons\io\output\ProxyWriterTest.java,org.apache.commons.io.output.ProxyWriterTest$Anonymous7,anonymous,0,1,1,0,0,NaN,NaN,1,0,1,0,0,0,1,0,0,0,0,0,0,0,0,0,0,0,0,5,0,0,0,0,0,1,0,0,0,0,0,0,0,0,7,-1,0
C:\Users\Win-10\Documents\Mestrado\Sistema\commons-io\src\test\java\org\apache\commons\io\output\ProxyWriterTest.java,org.apache.commons.io.output.ProxyWriterTest$Anonymous8,anonymous,0,1,1,0,0,NaN,NaN,1,0,1,0,0,0,1,0,0,0,0,0,0,0,0,0,0,0,0,5,0,0,0,0,0,1,0,0,0,0,0,0,0,0,7,-1,0
C:\Users\Win-10\Documents\Mestrado\Sistema\commons-io\src\test\java\org\apache\commons\io\output\ProxyWriterTest.java,org.apache.commons.io.output.ProxyWriterTest$Anonymous1,anonymous,0,1,1,0,0,NaN,NaN,1,0,1,0,0,0,1,0,0,0,0,0,0,0,0,0,0,0,0,5,0,0,0,0,0,1,0,0,0,0,0,0,0,0,7,-1,0
C:\Users\Win-10\Documents\Mestrado\Sistema\commons-io\src\test\java\org\apache\commons\io\output\ProxyWriterTest.java,org.apache.commons.io.output.ProxyWriterTest$Anonymous2,anonymous,0,1,1,0,0,NaN,NaN,1,0,1,0,0,0,1,0,0,0,0,0,0,0,0,0,0,0,0,5,0,0,0,0,0,1,0,0,0,0,0,0,0,0,10,-1,0
C:\Users\Win-10\Documents\Mestrado\Sistema\commons-io\src\test\java\org\apache\commons\io\output\ProxyWriterTest.java,org.apache.commons.io.output.ProxyWriterTest$Anonymous5,anonymous,1,1,1,0,0,NaN,NaN,1,0,1,0,0,0,1,0,0,0,0,0,0,0,0,0,0,0,0,5,0,0,0,0,0,1,0,0,0,0,0,0,0,0,7,-1,0
C:\Users\Win-10\Documents\Mestrado\Sistema\commons-io\src\test\java\org\apache\commons\io\output\ProxyWriterTest.java,org.apache.commons.io.output.ProxyWriterTest$Anonymous6,anonymous,1,1,1,0,0,NaN,NaN,1,0,1,0,0,0,1,0,0,0,0,0,0,0,0,0,0,0,0,5,0,0,0,0,0,1,0,0,0,0,0,0,0,0,7,-1,0
C:\Users\Win-10\Documents\Mestrado\Sistema\commons-io\src\test\java\org\apache\commons\io\output\ProxyWriterTest.java,org.apache.commons.io.output.ProxyWriterTest$Anonymous3,anonymous,0,1,1,0,0,NaN,NaN,1,0,1,0,0,0,1,0,0,0,0,0,0,0,0,0,0,0,0,5,0,0,0,0,0,1,0,0,0,0,0,0,0,0,10,-1,0
C:\Users\Win-10\Documents\Mestrado\Sistema\commons-io\src\test\java\org\apache\commons\io\output\ProxyWriterTest.java,org.apache.commons.io.output.ProxyWriterTest$Anonymous10,anonymous,0,1,1,0,0,NaN,NaN,1,0,1,0,0,0,1,0,0,0,0,0,0,0,0,0,0,0,0,5,0,0,0,0,0,1,0,0,0,0,0,0,0,0,6,-1,0
C:\Users\Win-10\Documents\Mestrado\Sistema\commons-io\src\test\java\org\apache\commons\io\output\ProxyWriterTest.java,org.apache.commons.io.output.ProxyWriterTest$Anonymous4,anonymous,0,1,1,0,0,NaN,NaN,1,0,1,0,0,0,1,0,0,0,0,0,0,0,0,0,0,0,0,5,0,0,0,0,0,1,0,0,0,0,0,0,0,0,7,-1,0
C:\Users\Win-10\Documents\Mestrado\Sistema\commons-io\src\test\java\org\apache\commons\io\output\StringBuilderWriterTest.java,org.apache.commons.io.output.StringBuilderWriterTest,class,3,13,1,16,66,0.0,0.0,12,0,12,0,0,0,12,0,0,0,1,1,0,1,0,0,1,0,0,96,0,0,0,13,0,33,13,14,1,14,2,0,0,0,36,1,0
C:\Users\Win-10\Documents\Mestrado\Sistema\commons-io\src\test\java\org\apache\commons\io\output\TaggedOutputStreamTest.java,org.apache.commons.io.output.TaggedOutputStreamTest,class,8,12,1,16,3,0.0,0.0,3,0,3,0,0,0,3,0,0,0,0,0,0,0,0,0,0,0,2,84,0,0,0,11,0,11,6,7,0,7,2,0,0,0,29,1,0
C:\Users\Win-10\Documents\Mestrado\Sistema\commons-io\src\test\java\org\apache\commons\io\output\TeeOutputStreamTest.java,org.apache.commons.io.output.TeeOutputStreamTest$RecordCloseByteArrayOutputStream,innerclass,0,1,3,1,0,NaN,NaN,1,0,1,0,0,0,1,0,0,0,1,0,0,0,0,1,0,0,0,7,0,0,0,0,0,0,0,1,0,1,0,0,0,0,12,10,0
C:\Users\Win-10\Documents\Mestrado\Sistema\commons-io\src\test\java\org\apache\commons\io\output\TeeOutputStreamTest.java,org.apache.commons.io.output.TeeOutputStreamTest$ExceptionOnCloseByteArrayOutputStream,innerclass,0,1,3,0,0,NaN,NaN,1,0,1,0,0,0,1,0,0,0,0,0,0,0,0,0,0,0,0,5,0,0,0,0,0,0,0,0,0,0,0,0,0,0,10,10,0
C:\Users\Win-10\Documents\Mestrado\Sistema\commons-io\src\test\java\org\apache\commons\io\output\TeeOutputStreamTest.java,org.apache.commons.io.output.TeeOutputStreamTest,class,6,10,5,16,6,0.0,0.0,4,0,3,1,0,0,3,0,0,0,0,0,0,0,0,0,0,0,0,75,0,4,0,3,0,11,14,17,6,15,2,0,2,0,41,1,0
C:\Users\Win-10\Documents\Mestrado\Sistema\commons-io\src\test\java\org\apache\commons\io\output\ThresholdingOutputStreamTest.java,org.apache.commons.io.output.ThresholdingOutputStreamTest$Anonymous1,anonymous,2,3,1,2,1,0.0,0.0,2,0,0,0,2,0,3,0,0,0,0,0,0,0,0,0,0,0,0,11,1,0,0,0,0,0,2,0,0,0,0,0,0,0,13,-1,0
C:\Users\Win-10\Documents\Mestrado\Sistema\commons-io\src\test\java\org\apache\commons\io\output\ThresholdingOutputStreamTest.java,org.apache.commons.io.output.ThresholdingOutputStreamTest,class,2,1,1,4,0,NaN,NaN,1,0,1,0,0,0,1,0,0,0,0,0,0,0,0,0,0,0,0,22,0,0,0,1,0,0,3,2,0,2,1,1,0,0,17,1,0
C:\Users\Win-10\Documents\Mestrado\Sistema\commons-io\src\test\java\org\apache\commons\io\output\WriterOutputStreamTest.java,org.apache.commons.io.output.WriterOutputStreamTest,class,4,22,1,19,33,0.0,0.0,14,0,12,2,0,0,13,0,0,0,3,2,0,3,0,0,3,0,3,95,0,3,0,2,0,25,7,18,1,17,2,0,0,0,64,1,0
C:\Users\Win-10\Documents\Mestrado\Sistema\commons-io\src\test\java\org\apache\commons\io\output\XmlStreamWriterTest.java,org.apache.commons.io.output.XmlStreamWriterTest,class,7,20,1,13,102,0.0,0.0,17,4,13,4,0,0,13,0,0,0,6,5,1,5,0,0,5,0,22,88,1,0,3,1,0,35,0,17,3,15,1,0,0,0,72,1,0
C:\Users\Win-10\Documents\Mestrado\Sistema\commons-io\src\test\java\org\apache\commons\io\SelectorAdapter.java,org.apache.commons.io.SelectorAdapter,class,0,9,2,0,36,0.0,0.0,9,0,9,0,0,0,9,0,0,0,0,0,0,0,0,0,0,0,0,28,8,0,0,0,0,0,3,0,0,0,0,0,0,0,23,1,0
C:\Users\Win-10\Documents\Mestrado\Sistema\commons-io\src\test\java\org\apache\commons\io\serialization\ClosingBase.java,org.apache.commons.io.serialization.ClosingBase,class,3,5,1,3,0,0.0,0.0,3,0,2,0,1,0,3,0,0,0,1,0,0,1,0,0,1,0,0,19,1,1,0,1,0,0,0,1,0,1,2,0,0,0,25,1,0
C:\Users\Win-10\Documents\Mestrado\Sistema\commons-io\src\test\java\org\apache\commons\io\serialization\FullClassNameMatcherTest.java,org.apache.commons.io.serialization.FullClassNameMatcherTest,class,2,2,1,6,1,0.0,0.0,2,0,2,0,0,0,2,0,0,0,1,1,0,1,0,0,1,0,0,12,0,0,0,0,0,0,0,3,0,3,0,0,0,0,21,1,0
C:\Users\Win-10\Documents\Mestrado\Sistema\commons-io\src\test\java\org\apache\commons\io\serialization\MockSerializedClass.java,org.apache.commons.io.serialization.MockSerializedClass,class,1,4,1,2,0,0.0,0.0,3,0,2,0,0,1,3,0,0,0,2,1,0,2,0,0,2,0,0,16,3,0,0,0,2,0,1,2,0,2,1,0,0,0,18,1,0
C:\Users\Win-10\Documents\Mestrado\Sistema\commons-io\src\test\java\org\apache\commons\io\serialization\MoreComplexObject.java,org.apache.commons.io.serialization.MoreComplexObject,class,0,3,1,8,0,0.0,0.0,2,0,1,0,0,1,2,0,0,0,8,1,0,8,0,0,8,0,3,18,1,1,0,0,0,0,3,9,1,9,1,0,0,0,38,1,0
C:\Users\Win-10\Documents\Mestrado\Sistema\commons-io\src\test\java\org\apache\commons\io\serialization\MoreComplexObjectTest.java,org.apache.commons.io.serialization.MoreComplexObjectTest,class,6,5,2,13,0,0.0,0.0,5,0,4,1,0,0,4,0,0,0,2,0,0,2,0,0,0,0,0,25,0,0,0,0,1,10,0,6,0,6,0,0,0,0,101,1,0
C:\Users\Win-10\Documents\Mestrado\Sistema\commons-io\src\test\java\org\apache\commons\io\serialization\RegexpClassNameMatcherTest.java,org.apache.commons.io.serialization.RegexpClassNameMatcherTest,class,3,5,1,4,10,0.0,0.0,5,0,5,0,0,0,5,0,0,0,0,0,0,0,0,0,0,0,1,24,0,0,0,0,0,10,0,3,0,3,0,0,0,0,18,1,0
C:\Users\Win-10\Documents\Mestrado\Sistema\commons-io\src\test\java\org\apache\commons\io\serialization\ValidatingObjectInputStreamTest.java,org.apache.commons.io.serialization.ValidatingObjectInputStreamTest$1CustomVOIS,innerclass,1,2,4,0,1,0.0,0.0,2,0,0,0,1,1,2,0,0,0,0,0,0,0,0,0,0,0,0,8,0,0,0,0,0,1,0,0,0,0,0,0,0,0,18,0,0
C:\Users\Win-10\Documents\Mestrado\Sistema\commons-io\src\test\java\org\apache\commons\io\serialization\ValidatingObjectInputStreamTest.java,org.apache.commons.io.serialization.ValidatingObjectInputStreamTest$Anonymous1,anonymous,0,1,1,0,0,NaN,NaN,1,0,1,0,0,0,1,0,0,0,0,0,0,0,0,0,0,0,0,5,1,0,0,0,0,0,0,0,0,0,0,0,0,0,4,-1,0
C:\Users\Win-10\Documents\Mestrado\Sistema\commons-io\src\test\java\org\apache\commons\io\serialization\ValidatingObjectInputStreamTest.java,org.apache.commons.io.serialization.ValidatingObjectInputStreamTest,class,8,21,5,26,0,0.0,0.0,20,0,19,1,0,0,19,0,0,0,3,1,0,3,0,0,1,0,3,91,0,0,0,1,1,10,0,7,1,7,1,1,1,0,68,1,0
C:\Users\Win-10\Documents\Mestrado\Sistema\commons-io\src\test\java\org\apache\commons\io\serialization\WildcardClassNameMatcherTest.java,org.apache.commons.io.serialization.WildcardClassNameMatcherTest,class,3,3,1,3,3,0.0,0.0,3,0,3,0,0,0,3,0,0,0,0,0,0,0,0,0,0,0,0,18,0,0,0,0,0,10,0,3,0,3,0,0,0,0,15,1,0
C:\Users\Win-10\Documents\Mestrado\Sistema\commons-io\src\test\java\org\apache\commons\io\TaggedIOExceptionTest.java,org.apache.commons.io.TaggedIOExceptionTest,class,2,1,1,7,0,NaN,NaN,1,0,1,0,0,0,1,0,0,0,0,0,0,0,0,0,0,0,4,11,0,0,0,0,0,1,0,3,0,3,0,0,0,0,17,1,0
C:\Users\Win-10\Documents\Mestrado\Sistema\commons-io\src\test\java\org\apache\commons\io\testtools\SystemDefaultsSwitch.java,org.apache.commons.io.testtools.SystemDefaultsSwitch,class,6,4,1,5,1,NaN,NaN,2,0,1,1,0,0,1,0,0,0,0,0,0,0,0,0,0,0,1,28,4,0,1,0,0,0,0,2,0,2,1,1,0,0,50,1,0
C:\Users\Win-10\Documents\Mestrado\Sistema\commons-io\src\test\java\org\apache\commons\io\testtools\SystemDefaultsSwitch.java,org.apache.commons.io.testtools.SystemDefaultsSwitch$Anonymous1,anonymous,0,1,1,3,0,NaN,NaN,1,0,1,0,0,0,1,0,0,0,0,0,0,0,0,0,0,0,3,12,0,0,0,1,0,0,0,1,0,1,1,0,0,0,5,-1,0
C:\Users\Win-10\Documents\Mestrado\Sistema\commons-io\src\test\java\org\apache\commons\io\testtools\TestUtils.java,org.apache.commons.io.testtools.TestUtils,class,6,34,1,21,105,0.0,0.0,15,14,13,2,0,0,13,0,0,0,0,0,0,0,0,0,0,0,9,129,2,8,3,10,3,26,17,29,14,23,3,0,0,0,132,1025,0
C:\Users\Win-10\Documents\Mestrado\Sistema\commons-io\src\test\java\org\apache\commons\io\testtools\YellOnCloseInputStream.java,org.apache.commons.io.testtools.YellOnCloseInputStream,class,2,2,4,0,1,0.0,0.0,2,0,2,0,0,0,2,0,0,0,0,0,0,0,0,0,0,0,0,8,0,0,0,0,0,1,0,0,0,0,0,0,0,0,23,1,0
C:\Users\Win-10\Documents\Mestrado\Sistema\commons-io\src\test\java\org\apache\commons\io\testtools\YellOnFlushAndCloseOutputStream.java,org.apache.commons.io.testtools.YellOnFlushAndCloseOutputStream,class,2,6,4,2,0,0.0,0.0,4,0,4,0,0,0,4,0,0,0,2,0,0,2,0,0,0,0,0,25,0,0,0,0,0,2,0,4,0,2,1,0,0,0,33,1,0
C:\Users\Win-10\Documents\Mestrado\Sistema\commons-io\src\test\java\org\apache\commons\io\ThreadMonitorTestCase.java,org.apache.commons.io.ThreadMonitorTestCase,class,3,7,1,5,3,0.0,0.0,3,0,3,0,0,0,3,0,0,0,0,0,0,0,0,0,0,0,12,42,0,0,0,4,0,6,8,4,2,4,1,0,0,0,23,1,0
