<!--
   Licensed to the Apache Software Foundation (ASF) under one or more
   contributor license agreements.  See the NOTICE file distributed with
   this work for additional information regarding copyright ownership.
   The ASF licenses this file to You under the Apache License, Version 2.0
   (the "License"); you may not use this file except in compliance with
   the License.  You may obtain a copy of the License at
 
       http://www.apache.org/licenses/LICENSE-2.0
 
   Unless required by applicable law or agreed to in writing, software
   distributed under the License is distributed on an "AS IS" BASIS,
   WITHOUT WARRANTIES OR CONDITIONS OF ANY KIND, either express or implied.
   See the License for the specific language governing permissions and
   limitations under the License.
-->
<FindBugsFilter>
	 <Match classregex=".*\.PackageTest">
	 	<BugCode name="OS"/>
	 </Match>
	 <Match classregex=".*\$Test">
	 	<BugCode name="OS"/>
	 </Match>
     <Match classregex=".*" >
     	<!-- 
     	EI,EI2 - may expose internal representation
     	IS2 - Inconsistent synchronisation
     	MS - mutable static field
     	Se - serialisation
     	SIC - should be static inner class?
		HE - hashcode/equals
     	-->
       <BugCode name="EI,EI2,IS2,HE" />
     </Match>
</FindBugsFilter>
