file,class,type,cbo,cboModified,fanin,fanout,wmc,dit,noc,rfc,lcom,lcom*,tcc,lcc,totalMethodsQty,staticMethodsQty,publicMethodsQty,privateMethodsQty,protectedMethodsQty,defaultMethodsQty,visibleMethodsQty,abstractMethodsQty,finalMethodsQty,synchronizedMethodsQty,totalFieldsQty,staticFieldsQty,publicFieldsQty,privateFieldsQty,protectedFieldsQty,defaultFieldsQty,finalFieldsQty,synchronizedFieldsQty,nosi,loc,returnQty,loopQty,comparisonsQty,tryCatchQty,parenthesizedExpsQty,stringLiteralsQty,numbersQty,assignmentsQty,mathOperationsQty,variablesQty,maxNestedBlocksQty,anonymousClassesQty,innerClassesQty,lambdasQty,uniqueWordsQty,modifiers,logStatementsQty
C:\Users\rique\Documents\Doutorado\SmellDetectionCaller-master\Temp\jsoup-master\src\main\java\org\jsoup\nodes\Document.java,org.jsoup.nodes.Document$QuirksMode,enum,0,0,0,0,0,1,0,0,0,0.0,-1.0,-1.0,0,0,0,0,0,0,0,0,0,0,0,0,0,0,0,0,0,0,0,1,0,0,0,0,0,0,0,0,0,0,0,0,0,0,4,1,0
C:\Users\rique\Documents\Doutorado\SmellDetectionCaller-master\Temp\jsoup-master\src\main\java\org\jsoup\helper\DataUtil.java,org.jsoup.helper.DataUtil,class,19,25,6,19,70,1,0,69,72,0.9010989,0.0,0.0,13,12,5,3,0,5,10,0,0,0,7,7,1,3,0,3,7,0,25,189,20,3,34,6,3,25,52,53,3,33,6,0,1,0,197,17,0
C:\Users\rique\Documents\Doutorado\SmellDetectionCaller-master\Temp\jsoup-master\src\main\java\org\jsoup\select\StructuralEvaluator.java,org.jsoup.select.StructuralEvaluator$ImmediateParent,innerclass,3,3,0,3,5,3,0,3,3,0.0,0.0,0.0,3,0,3,0,0,0,3,0,0,0,0,0,0,0,0,0,0,0,1,13,3,0,2,0,0,1,0,2,0,1,1,0,0,0,14,8,0
C:\Users\rique\Documents\Doutorado\SmellDetectionCaller-master\Temp\jsoup-master\src\main\java\org\jsoup\Connection.java,org.jsoup.Connection$Response,interface,5,5,0,5,10,1,0,0,45,0.0,0.0,0.0,10,0,0,0,0,10,10,0,0,0,0,0,0,0,0,0,0,0,0,12,0,0,0,0,0,0,0,0,0,0,0,0,0,0,118,0,0
C:\Users\rique\Documents\Doutorado\SmellDetectionCaller-master\Temp\jsoup-master\src\main\java\org\jsoup\helper\ChangeNotifyingArrayList.java,org.jsoup.helper.ChangeNotifyingArrayList,class,2,5,3,2,13,4,0,12,78,0.0,0.0,0.0,13,0,12,0,1,0,13,1,0,0,0,0,0,0,0,0,0,0,0,50,8,0,0,0,0,0,0,0,0,0,0,0,0,0,32,1025,0
C:\Users\rique\Documents\Doutorado\SmellDetectionCaller-master\Temp\jsoup-master\src\test\java\org\jsoup\helper\DataUtilTest.java,org.jsoup.helper.DataUtilTest,class,12,13,1,12,23,1,0,32,231,0.0,0.0,0.0,22,0,20,2,0,0,20,0,0,0,0,0,0,0,0,0,0,0,48,134,3,0,0,1,1,101,0,36,4,30,1,0,0,0,155,1,0
C:\Users\rique\Documents\Doutorado\SmellDetectionCaller-master\Temp\jsoup-master\src\main\java\org\jsoup\select\Evaluator.java,org.jsoup.select.Evaluator$IsOnlyOfType,innerclass,5,5,0,5,7,2,0,4,1,0.0,0.0,0.0,2,0,2,0,0,0,2,0,0,0,0,0,0,0,0,0,0,0,0,15,3,1,2,0,0,1,2,3,0,3,2,0,0,0,19,25,0
C:\Users\rique\Documents\Doutorado\SmellDetectionCaller-master\Temp\jsoup-master\src\main\java\org\jsoup\select\Evaluator.java,org.jsoup.select.Evaluator$IndexEvaluator,innerclass,1,1,0,1,1,2,0,0,0,0.0,NaN,NaN,1,0,1,0,0,0,1,0,0,0,1,0,0,0,0,1,0,0,0,6,0,0,0,0,0,0,0,1,0,1,0,0,0,0,8,1033,0
C:\Users\rique\Documents\Doutorado\SmellDetectionCaller-master\Temp\jsoup-master\src\test\java\org\jsoup\select\CssTest.java,org.jsoup.select.CssTest,class,9,10,1,9,28,1,0,18,0,0.5,0.0,0.0,20,1,19,0,1,0,20,0,0,0,2,1,0,2,0,0,0,0,21,158,0,8,0,0,0,252,40,17,5,16,1,0,0,0,58,1,0
C:\Users\rique\Documents\Doutorado\SmellDetectionCaller-master\Temp\jsoup-master\src\main\java\org\jsoup\nodes\Entities.java,org.jsoup.nodes.Entities$CoreCharset,enum,1,1,0,1,3,1,0,2,0,0.0,NaN,NaN,1,1,0,0,0,1,1,0,0,0,0,0,0,0,0,0,0,0,0,6,3,0,0,0,0,2,0,0,0,0,1,0,0,0,9,0,0
C:\Users\rique\Documents\Doutorado\SmellDetectionCaller-master\Temp\jsoup-master\src\test\java\org\jsoup\parser\ParserSettingsTest.java,org.jsoup.parser.ParserSettingsTest,class,4,4,0,4,3,1,0,9,3,0.0,0.0,0.0,3,0,3,0,0,0,3,0,0,0,0,0,0,0,0,0,0,0,3,31,0,0,0,0,0,21,1,9,0,9,0,0,0,0,23,1,0
C:\Users\rique\Documents\Doutorado\SmellDetectionCaller-master\Temp\jsoup-master\src\main\java\org\jsoup\safety\Cleaner.java,org.jsoup.safety.Cleaner,class,16,21,5,16,11,1,0,23,15,0.5714286,0.0,0.0,7,0,5,2,0,0,5,0,0,0,1,0,0,1,0,0,1,0,12,102,5,1,2,0,0,3,5,17,0,16,2,0,2,0,151,1,0
C:\Users\rique\Documents\Doutorado\SmellDetectionCaller-master\Temp\jsoup-master\src\main\java\org\jsoup\nodes\Element.java,org.jsoup.nodes.Element,class,48,168,120,48,248,6,3,167,7159,0.93877554,0.0,0.0,126,6,107,9,5,5,117,0,1,0,7,3,0,6,0,1,3,0,98,745,141,13,42,3,11,34,51,100,16,81,4,2,1,0,525,1,0
C:\Users\rique\Documents\Doutorado\SmellDetectionCaller-master\Temp\jsoup-master\src\main\java\org\jsoup\helper\HttpConnection.java,org.jsoup.helper.HttpConnection,class,16,21,5,16,63,3,0,50,0,0.92021275,0.0,0.0,47,7,40,5,0,2,42,0,0,0,12,10,5,7,0,0,10,0,27,987,48,7,2,4,0,29,6,31,3,21,2,0,4,0,190,1,0
C:\Users\rique\Documents\Doutorado\SmellDetectionCaller-master\Temp\jsoup-master\src\main\java\org\jsoup\select\NodeTraversor.java,org.jsoup.select.NodeTraversor,class,7,16,9,7,31,1,0,14,6,0.0,0.0,0.0,4,4,4,0,0,0,4,0,0,0,0,0,0,0,0,0,0,0,8,75,5,6,20,0,2,0,8,18,0,8,4,0,0,0,55,1,0
C:\Users\rique\Documents\Doutorado\SmellDetectionCaller-master\Temp\jsoup-master\src\test\java\org\jsoup\integration\UrlConnectTest.java,org.jsoup.integration.UrlConnectTest,class,14,15,1,14,52,1,0,60,990,0.9777778,0.0,0.0,45,1,44,1,0,0,44,0,0,0,3,3,1,2,0,0,2,0,54,316,1,0,1,4,1,134,18,113,3,104,1,0,0,2,267,1,0
C:\Users\rique\Documents\Doutorado\SmellDetectionCaller-master\Temp\jsoup-master\src\test\java\org\jsoup\select\ElementsTest.java,org.jsoup.select.ElementsTest$Anonymous1,anonymous,1,1,0,1,2,1,0,2,1,0.0,0.0,0.0,2,0,2,0,0,0,2,0,0,0,0,0,0,0,0,0,0,0,0,8,0,0,0,0,0,4,0,0,0,0,0,0,0,0,4,-1,0
C:\Users\rique\Documents\Doutorado\SmellDetectionCaller-master\Temp\jsoup-master\src\main\java\org\jsoup\safety\Safelist.java,org.jsoup.safety.Safelist$AttributeKey,innerclass,2,2,0,2,2,2,0,0,1,0.0,0.0,0.0,2,1,0,0,0,2,2,0,0,0,0,0,0,0,0,0,0,0,0,8,1,0,0,0,0,0,0,0,0,0,0,0,0,0,6,8,0
C:\Users\rique\Documents\Doutorado\SmellDetectionCaller-master\Temp\jsoup-master\src\main\java\org\jsoup\select\Evaluator.java,org.jsoup.select.Evaluator$MatchesOwn,innerclass,2,2,0,2,3,2,0,4,0,0.0,0.0,0.0,3,0,3,0,0,0,3,0,0,0,1,0,0,1,0,0,1,0,1,13,2,0,0,0,0,1,0,2,0,2,0,0,0,0,17,25,0
C:\Users\rique\Documents\Doutorado\SmellDetectionCaller-master\Temp\jsoup-master\src\main\java\org\jsoup\select\CombiningEvaluator.java,org.jsoup.select.CombiningEvaluator$And,innerclass,4,4,0,4,6,3,0,4,6,0.0,0.0,0.0,4,0,2,0,0,2,4,0,0,0,0,0,0,0,0,0,0,0,2,18,3,1,0,0,0,1,2,2,1,2,2,0,0,0,14,25,0
C:\Users\rique\Documents\Doutorado\SmellDetectionCaller-master\Temp\jsoup-master\src\test\java\org\jsoup\internal\StringUtilTest.java,org.jsoup.internal.StringUtilTest,class,4,4,0,4,11,1,0,16,45,0.0,0.0,0.0,10,0,9,0,0,1,10,0,0,0,0,0,0,0,0,0,0,0,76,103,0,1,0,0,0,139,7,5,0,5,1,0,0,0,42,1,0
C:\Users\rique\Documents\Doutorado\SmellDetectionCaller-master\Temp\jsoup-master\src\main\java\org\jsoup\parser\Token.java,org.jsoup.parser.Token$EndTag,innerclass,1,1,0,1,2,3,0,1,1,0.0,0.0,0.0,2,0,1,0,0,1,2,0,0,0,0,0,0,0,0,0,0,0,0,9,1,0,0,0,0,2,0,1,1,0,0,0,0,0,6,24,0
C:\Users\rique\Documents\Doutorado\SmellDetectionCaller-master\Temp\jsoup-master\src\main\java\org\jsoup\helper\HttpConnection.java,org.jsoup.helper.HttpConnection$Request,innerclass,7,7,0,7,30,2,0,11,227,0.87637365,0.0,0.0,26,0,23,0,0,3,27,0,0,0,14,0,0,14,0,0,1,0,8,138,23,0,0,0,0,8,6,39,1,14,1,0,0,0,57,9,0
C:\Users\rique\Documents\Doutorado\SmellDetectionCaller-master\Temp\jsoup-master\src\test\java\org\jsoup\parser\HtmlParserTest.java,org.jsoup.parser.HtmlParserTest,class,21,22,1,21,169,1,0,103,12246,0.0,0.0,0.0,157,0,156,1,0,0,156,0,0,0,0,0,0,0,0,0,0,0,279,1064,1,7,0,0,4,678,131,385,23,376,1,0,0,0,529,1,0
C:\Users\rique\Documents\Doutorado\SmellDetectionCaller-master\Temp\jsoup-master\src\main\java\org\jsoup\nodes\Document.java,org.jsoup.nodes.Document,class,20,87,67,20,59,3,0,56,379,0.90000004,0.0,0.0,30,1,26,4,0,0,26,0,0,0,7,1,0,7,0,0,2,0,9,289,28,8,7,0,1,36,5,38,1,30,5,0,2,0,222,1,0
C:\Users\rique\Documents\Doutorado\SmellDetectionCaller-master\Temp\jsoup-master\src\test\java\org\jsoup\nodes\LeafNodeTest.java,org.jsoup.nodes.LeafNodeTest$Anonymous1,anonymous,2,2,0,2,3,1,0,1,1,0.0,0.0,0.0,2,0,2,0,0,0,2,0,0,0,0,0,0,0,0,0,0,0,0,14,3,0,0,0,0,0,1,1,0,0,1,0,0,0,7,-1,0
C:\Users\rique\Documents\Doutorado\SmellDetectionCaller-master\Temp\jsoup-master\src\main\java\org\jsoup\Jsoup.java,org.jsoup.Jsoup,class,12,60,48,12,22,1,0,22,231,0.0,0.0,0.0,22,21,21,1,0,0,21,0,0,0,0,0,0,0,0,0,0,0,18,76,21,0,0,0,0,3,0,7,0,7,0,0,0,0,275,1,0
C:\Users\rique\Documents\Doutorado\SmellDetectionCaller-master\Temp\jsoup-master\src\main\java\org\jsoup\parser\HtmlTreeBuilder.java,org.jsoup.parser.HtmlTreeBuilder,class,30,60,30,30,197,2,0,92,2906,0.96188945,0.0,0.0,81,0,1,7,3,70,74,0,0,0,23,10,1,15,0,7,10,0,20,576,62,20,28,1,5,147,57,127,28,98,6,0,0,0,230,1,1
C:\Users\rique\Documents\Doutorado\SmellDetectionCaller-master\Temp\jsoup-master\src\test\java\org\jsoup\select\TraversorTest.java,org.jsoup.select.TraversorTest,class,9,9,0,9,7,1,0,12,21,0.0,0.0,0.0,7,0,7,0,0,0,7,0,0,0,0,0,0,0,0,0,0,0,14,121,0,0,0,0,0,24,0,13,1,13,0,7,0,0,35,1,0
C:\Users\rique\Documents\Doutorado\SmellDetectionCaller-master\Temp\jsoup-master\src\main\java\org\jsoup\nodes\FormElement.java,org.jsoup.nodes.FormElement,class,13,20,7,13,23,3,0,28,9,0.42857143,0.0,0.0,7,0,6,0,1,0,7,0,0,0,1,0,0,1,0,0,1,0,6,61,5,2,3,0,0,16,2,13,0,12,4,0,0,0,130,1,0
C:\Users\rique\Documents\Doutorado\SmellDetectionCaller-master\Temp\jsoup-master\src\test\java\org\jsoup\integration\ConnectIT.java,org.jsoup.integration.ConnectIT,class,6,6,0,6,11,1,0,19,10,0.0,0.0,0.0,5,0,5,0,0,0,5,0,0,0,0,0,0,0,0,0,0,0,9,67,0,0,0,3,2,9,21,18,9,15,2,0,0,2,56,1,0
C:\Users\rique\Documents\Doutorado\SmellDetectionCaller-master\Temp\jsoup-master\src\main\java\org\jsoup\UnsupportedMimeTypeException.java,org.jsoup.UnsupportedMimeTypeException,class,0,2,2,0,4,4,0,1,0,0.25,0.0,0.0,4,0,4,0,0,0,4,0,0,0,2,0,0,2,0,0,2,0,0,18,3,0,0,0,0,2,0,2,1,2,0,0,0,0,28,1,0
C:\Users\rique\Documents\Doutorado\SmellDetectionCaller-master\Temp\jsoup-master\src\test\java\org\jsoup\helper\W3CDomTest.java,org.jsoup.helper.W3CDomTest,class,15,16,1,15,16,1,0,51,66,0.0,0.0,0.0,12,1,9,3,0,0,9,0,0,0,0,0,0,0,0,0,0,0,39,199,5,0,0,1,1,88,15,77,0,71,3,0,0,1,147,1,0
C:\Users\rique\Documents\Doutorado\SmellDetectionCaller-master\Temp\jsoup-master\src\main\java\org\jsoup\select\StructuralEvaluator.java,org.jsoup.select.StructuralEvaluator,class,2,9,7,2,0,15,12,0,0,NaN,-1.0,-1.0,0,0,0,0,0,0,0,0,0,0,1,0,0,0,0,1,0,0,0,94,0,0,0,0,0,0,0,0,0,1,0,0,7,0,5,1024,0
C:\Users\rique\Documents\Doutorado\SmellDetectionCaller-master\Temp\jsoup-master\src\test\java\org\jsoup\parser\ParserIT.java,org.jsoup.parser.ParserIT,class,5,5,0,5,7,1,0,16,1,0.0,0.0,0.0,2,0,2,0,0,0,2,0,0,0,0,0,0,0,0,0,0,0,4,28,0,3,0,1,0,7,11,7,2,7,2,0,0,0,33,1,0
C:\Users\rique\Documents\Doutorado\SmellDetectionCaller-master\Temp\jsoup-master\src\test\java\org\jsoup\integration\SessionIT.java,org.jsoup.integration.SessionIT,class,10,10,0,10,12,1,0,14,6,0.0,0.0,0.0,4,2,4,0,0,0,4,0,0,0,0,0,0,0,0,0,0,0,8,79,0,6,0,2,0,13,10,23,5,21,5,0,1,2,63,1,0
C:\Users\rique\Documents\Doutorado\SmellDetectionCaller-master\Temp\jsoup-master\src\test\java\org\jsoup\parser\HtmlTreeBuilderStateTest.java,org.jsoup.parser.HtmlTreeBuilderStateTest,class,5,7,2,5,11,1,0,17,10,0.0,0.0,0.0,5,2,3,0,0,2,5,0,0,0,0,0,0,0,0,0,0,0,8,40,1,2,0,1,0,39,1,9,4,9,3,0,0,0,38,1,0
C:\Users\rique\Documents\Doutorado\SmellDetectionCaller-master\Temp\jsoup-master\src\test\java\org\jsoup\nodes\TextNodeTest.java,org.jsoup.nodes.TextNodeTest,class,10,10,0,10,14,1,0,37,45,0.0,0.0,0.0,10,0,10,0,0,0,10,0,0,0,0,0,0,0,0,0,0,0,12,117,0,2,0,0,0,46,11,36,1,35,4,0,0,0,69,1,0
C:\Users\rique\Documents\Doutorado\SmellDetectionCaller-master\Temp\jsoup-master\src\test\java\org\jsoup\parser\HtmlTreeBuilderTest.java,org.jsoup.parser.HtmlTreeBuilderTest,class,6,6,0,6,5,1,0,12,3,0.0,0.0,0.0,3,0,3,0,0,0,3,0,0,0,0,0,0,0,0,0,0,0,2,24,0,1,0,0,0,1,1,6,0,5,2,0,0,1,31,1,0
C:\Users\rique\Documents\Doutorado\SmellDetectionCaller-master\Temp\jsoup-master\src\main\java\org\jsoup\nodes\EntitiesData.java,org.jsoup.nodes.EntitiesData,class,0,0,0,0,1,1,0,0,0,NaN,NaN,NaN,0,0,0,0,0,0,1,0,0,0,3,3,0,0,0,3,3,0,0,10,0,0,0,0,0,3,0,3,0,3,0,0,0,0,4763,0,0
C:\Users\rique\Documents\Doutorado\SmellDetectionCaller-master\Temp\jsoup-master\src\test\java\org\jsoup\integration\servlets\FileServlet.java,org.jsoup.integration.servlets.FileServlet,class,7,12,5,7,6,3,0,15,3,0.6666667,0.0,0.0,3,1,1,0,2,0,3,0,0,0,3,3,3,0,0,0,3,0,3,28,1,0,1,0,0,5,0,8,1,7,2,0,0,0,28,1,0
C:\Users\rique\Documents\Doutorado\SmellDetectionCaller-master\Temp\jsoup-master\src\main\java\org\jsoup\select\Evaluator.java,org.jsoup.select.Evaluator$IndexEquals,innerclass,2,2,0,2,4,3,0,2,3,0.0,0.0,0.0,3,0,3,0,0,0,3,0,0,0,0,0,0,0,0,0,0,0,1,11,2,0,1,0,0,1,0,0,0,0,0,0,0,0,15,25,0
C:\Users\rique\Documents\Doutorado\SmellDetectionCaller-master\Temp\jsoup-master\src\test\java\org\jsoup\nodes\ElementTest.java,org.jsoup.nodes.ElementTest,class,19,20,1,19,147,1,0,176,9039,0.9777778,0.0,0.0,135,2,132,2,0,1,133,0,0,0,1,0,0,1,0,0,0,0,176,1454,0,8,0,4,7,860,247,483,18,466,1,2,0,2,443,1,0
C:\Users\rique\Documents\Doutorado\SmellDetectionCaller-master\Temp\jsoup-master\src\main\java\org\jsoup\select\Selector.java,org.jsoup.select.Selector$SelectorParseException,innerclass,0,0,0,0,1,5,0,1,0,0.0,NaN,NaN,1,0,1,0,0,0,1,0,0,0,0,0,0,0,0,0,0,0,1,5,0,0,0,0,0,0,0,0,0,0,0,0,0,0,6,9,0
C:\Users\rique\Documents\Doutorado\SmellDetectionCaller-master\Temp\jsoup-master\src\main\java\org\jsoup\parser\Token.java,org.jsoup.parser.Token$Tag,innerclass,8,8,0,8,42,2,0,21,123,0.82196975,0.0,0.0,22,0,1,2,0,19,20,1,18,0,12,1,0,8,2,2,3,0,8,141,8,1,11,0,0,2,7,40,0,14,4,0,0,0,40,1032,0
C:\Users\rique\Documents\Doutorado\SmellDetectionCaller-master\Temp\jsoup-master\src\main\java\org\jsoup\nodes\XmlDeclaration.java,org.jsoup.nodes.XmlDeclaration,class,9,18,9,9,15,3,0,17,34,0.7777778,0.0,0.0,9,0,6,1,0,2,8,0,0,0,1,0,0,1,0,0,1,0,4,52,5,1,0,1,0,8,0,5,0,4,3,0,0,0,49,1,0
C:\Users\rique\Documents\Doutorado\SmellDetectionCaller-master\Temp\jsoup-master\src\main\java\org\jsoup\parser\Token.java,org.jsoup.parser.Token$Doctype,innerclass,2,2,0,2,7,2,0,2,11,0.71428573,0.0,0.0,7,0,2,0,0,5,7,0,0,0,5,0,0,0,0,5,3,0,3,33,6,0,0,0,0,0,0,8,0,5,0,0,0,0,24,24,0
C:\Users\rique\Documents\Doutorado\SmellDetectionCaller-master\Temp\jsoup-master\src\main\java\org\jsoup\select\Evaluator.java,org.jsoup.select.Evaluator$TagEndsWith,innerclass,2,2,0,2,3,2,0,3,0,0.0,0.0,0.0,3,0,3,0,0,0,3,0,0,0,1,0,0,1,0,0,1,0,1,12,2,0,0,0,1,1,0,1,0,1,0,0,0,0,15,25,0
C:\Users\rique\Documents\Doutorado\SmellDetectionCaller-master\Temp\jsoup-master\src\main\java\org\jsoup\helper\CookieUtil.java,org.jsoup.helper.CookieUtil,class,5,7,2,5,14,1,0,23,6,0.75,0.0,0.0,4,4,0,1,0,3,3,0,0,0,4,4,0,4,0,0,4,0,6,48,2,2,3,1,0,4,3,14,1,12,3,0,0,0,67,0,0
C:\Users\rique\Documents\Doutorado\SmellDetectionCaller-master\Temp\jsoup-master\src\test\java\org\jsoup\nodes\BuildEntities.java,org.jsoup.nodes.BuildEntities$Anonymous1,anonymous,0,0,0,0,0,1,0,0,0,0.0,-1.0,-1.0,0,0,0,0,0,0,0,0,0,0,0,0,0,0,0,0,0,0,0,2,0,0,0,0,0,0,0,0,0,0,0,0,0,0,0,-1,0
C:\Users\rique\Documents\Doutorado\SmellDetectionCaller-master\Temp\jsoup-master\src\test\java\org\jsoup\integration\TestServer.java,org.jsoup.integration.TestServer,class,4,17,13,4,10,1,0,11,0,0.5,0.0,0.0,4,3,3,1,0,0,4,0,0,0,3,3,0,3,0,0,2,0,1,45,1,0,2,2,1,3,5,7,3,7,3,0,0,0,23,1,0
C:\Users\rique\Documents\Doutorado\SmellDetectionCaller-master\Temp\jsoup-master\src\main\java\org\jsoup\select\Evaluator.java,org.jsoup.select.Evaluator$Tag,innerclass,2,2,0,2,3,2,0,3,0,0.0,0.0,0.0,3,0,3,0,0,0,3,0,0,0,1,0,0,1,0,0,1,0,1,12,2,0,0,0,1,1,0,1,0,1,0,0,0,0,10,25,0
C:\Users\rique\Documents\Doutorado\SmellDetectionCaller-master\Temp\jsoup-master\src\main\java\org\jsoup\nodes\Document.java,org.jsoup.nodes.Document$OutputSettings$Syntax,enum,0,0,0,0,0,1,0,0,0,0.0,-1.0,-1.0,0,0,0,0,0,0,0,0,0,0,0,0,0,0,0,0,0,0,0,1,0,0,0,0,0,0,0,0,0,0,0,0,0,0,6,1,0
C:\Users\rique\Documents\Doutorado\SmellDetectionCaller-master\Temp\jsoup-master\src\main\java\org\jsoup\internal\StringUtil.java,org.jsoup.internal.StringUtil,class,4,49,45,4,64,1,0,48,145,0.92063487,0.0,0.0,18,18,18,0,0,0,18,0,0,0,7,7,0,6,0,1,7,0,19,174,28,8,18,2,1,29,19,41,3,32,3,1,1,0,215,17,0
C:\Users\rique\Documents\Doutorado\SmellDetectionCaller-master\Temp\jsoup-master\src\main\java\org\jsoup\parser\TokeniserState.java,org.jsoup.parser.TokeniserState$Anonymous24,anonymous,2,2,0,2,6,1,0,6,0,0.0,NaN,NaN,1,0,0,0,0,1,1,0,0,0,0,0,0,0,0,0,0,0,0,30,1,0,0,0,0,0,0,1,0,1,1,0,0,0,13,-1,1
C:\Users\rique\Documents\Doutorado\SmellDetectionCaller-master\Temp\jsoup-master\src\main\java\org\jsoup\parser\TokeniserState.java,org.jsoup.parser.TokeniserState$Anonymous25,anonymous,2,2,0,2,3,1,0,9,0,0.0,NaN,NaN,1,0,0,0,0,1,1,0,0,0,0,0,0,0,0,0,0,0,0,19,0,0,0,0,0,1,0,0,0,0,1,0,0,0,14,-1,0
C:\Users\rique\Documents\Doutorado\SmellDetectionCaller-master\Temp\jsoup-master\src\main\java\org\jsoup\parser\TokeniserState.java,org.jsoup.parser.TokeniserState$Anonymous26,anonymous,3,3,0,3,2,1,0,8,0,0.0,NaN,NaN,1,0,0,0,0,1,1,0,0,0,0,0,0,0,0,0,0,0,0,14,0,0,0,0,0,1,0,0,0,0,1,0,0,0,12,-1,0
C:\Users\rique\Documents\Doutorado\SmellDetectionCaller-master\Temp\jsoup-master\src\main\java\org\jsoup\parser\TokeniserState.java,org.jsoup.parser.TokeniserState$Anonymous27,anonymous,3,3,0,3,1,1,0,1,0,0.0,NaN,NaN,1,0,0,0,0,1,1,0,0,0,0,0,0,0,0,0,0,0,1,5,0,0,0,0,0,0,0,0,0,0,0,0,0,0,9,-1,0
C:\Users\rique\Documents\Doutorado\SmellDetectionCaller-master\Temp\jsoup-master\src\main\java\org\jsoup\parser\TokeniserState.java,org.jsoup.parser.TokeniserState$Anonymous20,anonymous,2,2,0,2,2,1,0,4,0,0.0,NaN,NaN,1,0,0,0,0,1,1,0,0,0,0,0,0,0,0,0,0,0,0,11,0,0,0,0,0,0,0,0,0,0,1,0,0,0,10,-1,0
C:\Users\rique\Documents\Doutorado\SmellDetectionCaller-master\Temp\jsoup-master\src\main\java\org\jsoup\parser\TokeniserState.java,org.jsoup.parser.TokeniserState$Anonymous21,anonymous,2,2,0,2,2,1,0,4,0,0.0,NaN,NaN,1,0,0,0,0,1,1,0,0,0,0,0,0,0,0,0,0,0,0,11,0,0,0,0,0,0,0,0,0,0,1,0,0,0,9,-1,0
C:\Users\rique\Documents\Doutorado\SmellDetectionCaller-master\Temp\jsoup-master\src\main\java\org\jsoup\parser\TokeniserState.java,org.jsoup.parser.TokeniserState$Anonymous22,anonymous,2,2,0,2,5,1,0,10,0,0.0,NaN,NaN,1,0,0,0,0,1,1,0,0,0,0,0,0,0,0,0,0,0,0,26,1,0,0,0,0,0,0,1,0,1,1,0,0,0,14,-1,1
C:\Users\rique\Documents\Doutorado\SmellDetectionCaller-master\Temp\jsoup-master\src\test\java\org\jsoup\select\TraversorTest.java,org.jsoup.select.TraversorTest$Anonymous7,anonymous,2,2,0,2,4,1,0,3,0,0.0,0.0,0.0,2,0,2,0,0,0,2,0,0,0,1,0,0,0,0,1,0,0,0,15,0,0,0,0,0,6,1,3,2,3,1,0,0,0,9,-1,0
C:\Users\rique\Documents\Doutorado\SmellDetectionCaller-master\Temp\jsoup-master\src\main\java\org\jsoup\parser\Tokeniser.java,org.jsoup.parser.Tokeniser,class,18,93,75,18,78,1,0,56,254,0.90646255,0.0,0.0,28,0,0,1,0,27,28,0,0,0,21,4,0,11,0,10,8,0,12,242,19,2,20,1,4,15,61,52,3,37,5,0,0,0,137,16,0
C:\Users\rique\Documents\Doutorado\SmellDetectionCaller-master\Temp\jsoup-master\src\main\java\org\jsoup\parser\TokeniserState.java,org.jsoup.parser.TokeniserState$Anonymous23,anonymous,2,2,0,2,5,1,0,6,0,0.0,NaN,NaN,1,0,0,0,0,1,1,0,0,0,0,0,0,0,0,0,0,0,0,27,1,0,0,0,0,0,0,1,0,1,1,0,0,0,14,-1,1
C:\Users\rique\Documents\Doutorado\SmellDetectionCaller-master\Temp\jsoup-master\src\test\java\org\jsoup\select\TraversorTest.java,org.jsoup.select.TraversorTest$Anonymous6,anonymous,2,2,0,2,4,1,0,5,1,0.0,0.0,0.0,2,0,2,0,0,0,2,0,0,0,0,0,0,0,0,0,0,0,0,13,0,0,0,0,0,2,1,2,0,2,2,0,0,0,8,-1,0
C:\Users\rique\Documents\Doutorado\SmellDetectionCaller-master\Temp\jsoup-master\src\main\java\org\jsoup\nodes\Comment.java,org.jsoup.nodes.Comment,class,13,26,13,13,19,3,0,31,55,0.0,0.0,0.0,11,1,8,1,0,2,10,0,0,0,0,0,0,0,0,0,0,0,4,48,9,0,1,0,6,8,6,9,2,7,1,0,0,0,66,1,0
C:\Users\rique\Documents\Doutorado\SmellDetectionCaller-master\Temp\jsoup-master\src\main\java\org\jsoup\select\Evaluator.java,org.jsoup.select.Evaluator$IndexGreaterThan,innerclass,2,2,0,2,4,3,0,2,3,0.0,0.0,0.0,3,0,3,0,0,0,3,0,0,0,0,0,0,0,0,0,0,0,1,11,2,0,0,0,0,1,0,0,0,0,0,0,0,0,16,25,0
C:\Users\rique\Documents\Doutorado\SmellDetectionCaller-master\Temp\jsoup-master\src\main\java\org\jsoup\nodes\LeafNode.java,org.jsoup.nodes.LeafNode,class,4,15,11,4,24,2,5,18,78,0.5625,0.0,0.0,16,0,9,1,4,2,15,0,2,0,1,0,0,0,0,1,0,0,1,72,14,0,1,0,1,1,1,6,0,4,2,0,0,0,35,1024,0
C:\Users\rique\Documents\Doutorado\SmellDetectionCaller-master\Temp\jsoup-master\src\main\java\org\jsoup\parser\TokeniserState.java,org.jsoup.parser.TokeniserState$Anonymous28,anonymous,3,3,0,3,1,1,0,1,0,0.0,NaN,NaN,1,0,0,0,0,1,1,0,0,0,0,0,0,0,0,0,0,0,1,5,0,0,0,0,0,0,0,0,0,0,0,0,0,0,10,-1,0
C:\Users\rique\Documents\Doutorado\SmellDetectionCaller-master\Temp\jsoup-master\src\main\java\org\jsoup\parser\TokeniserState.java,org.jsoup.parser.TokeniserState$Anonymous29,anonymous,2,2,0,2,5,1,0,9,0,0.0,NaN,NaN,1,0,0,0,0,1,1,0,0,0,0,0,0,0,0,0,0,0,0,27,0,0,0,0,0,0,0,2,0,2,1,0,0,0,16,-1,1
C:\Users\rique\Documents\Doutorado\SmellDetectionCaller-master\Temp\jsoup-master\src\test\java\org\jsoup\nodes\BuildEntities.java,org.jsoup.nodes.BuildEntities,class,9,11,2,9,8,1,0,28,3,0.6666667,NaN,NaN,3,3,1,2,0,0,1,0,0,0,2,2,0,2,0,0,0,0,5,83,1,4,0,0,0,12,4,19,3,16,2,1,3,0,66,0,0
C:\Users\rique\Documents\Doutorado\SmellDetectionCaller-master\Temp\jsoup-master\src\test\java\org\jsoup\TextUtil.java,org.jsoup.TextUtil,class,0,12,12,0,2,1,0,3,1,0.5,0.0,0.0,2,2,2,0,0,0,2,0,0,0,2,2,0,0,0,2,0,0,2,10,2,0,0,0,0,4,0,2,0,2,0,0,0,0,14,1,0
C:\Users\rique\Documents\Doutorado\SmellDetectionCaller-master\Temp\jsoup-master\src\main\java\org\jsoup\select\Selector.java,org.jsoup.select.Selector,class,9,12,3,9,13,5,0,9,15,0.0,0.0,0.0,6,5,4,1,0,1,5,0,0,0,0,0,0,0,0,0,0,0,13,52,5,4,1,0,0,0,0,7,0,6,3,0,1,0,267,1,0
C:\Users\rique\Documents\Doutorado\SmellDetectionCaller-master\Temp\jsoup-master\src\main\java\org\jsoup\select\Evaluator.java,org.jsoup.select.Evaluator$AttributeWithValueEnding,innerclass,4,4,0,4,3,3,0,5,3,0.0,0.0,0.0,3,0,3,0,0,0,3,0,0,0,0,0,0,0,0,0,0,0,2,11,2,0,0,0,0,1,0,0,0,0,0,0,0,0,20,25,0
C:\Users\rique\Documents\Doutorado\SmellDetectionCaller-master\Temp\jsoup-master\src\main\java\org\jsoup\select\Collector.java,org.jsoup.select.Collector$FirstFinder,innerclass,6,6,0,6,5,1,0,1,1,0.44444445,0.0,0.0,3,0,2,0,0,1,3,0,0,0,3,0,0,3,0,0,2,0,0,22,3,0,0,0,0,0,0,5,0,4,2,0,0,0,25,10,0
C:\Users\rique\Documents\Doutorado\SmellDetectionCaller-master\Temp\jsoup-master\src\main\java\org\jsoup\select\StructuralEvaluator.java,org.jsoup.select.StructuralEvaluator$ImmediatePreviousSibling,innerclass,3,3,0,3,5,3,0,3,3,0.0,0.0,0.0,3,0,3,0,0,0,3,0,0,0,0,0,0,0,0,0,0,0,1,13,3,0,2,0,0,1,0,2,0,1,1,0,0,0,15,8,0
C:\Users\rique\Documents\Doutorado\SmellDetectionCaller-master\Temp\jsoup-master\src\test\java\org\jsoup\nodes\BuildEntities.java,org.jsoup.nodes.BuildEntities$CharacterRef,innerclass,2,2,0,2,2,1,0,1,0,0.0,NaN,NaN,1,0,1,0,0,0,1,0,0,0,3,0,0,0,0,3,0,0,3,8,1,0,0,0,1,4,3,0,2,3,0,0,0,0,9,10,0
C:\Users\rique\Documents\Doutorado\SmellDetectionCaller-master\Temp\jsoup-master\src\main\java\org\jsoup\parser\TokeniserState.java,org.jsoup.parser.TokeniserState$Anonymous30,anonymous,2,2,0,2,5,1,0,5,0,0.0,NaN,NaN,1,0,0,0,0,1,1,0,0,0,0,0,0,0,0,0,0,0,0,27,0,0,0,0,0,0,0,1,0,1,1,0,0,0,15,-1,1
C:\Users\rique\Documents\Doutorado\SmellDetectionCaller-master\Temp\jsoup-master\src\main\java\org\jsoup\safety\Safelist.java,org.jsoup.safety.Safelist$AttributeValue,innerclass,2,2,0,2,2,2,0,0,1,0.0,0.0,0.0,2,1,0,0,0,2,2,0,0,0,0,0,0,0,0,0,0,0,0,8,1,0,0,0,0,0,0,0,0,0,0,0,0,0,5,8,0
C:\Users\rique\Documents\Doutorado\SmellDetectionCaller-master\Temp\jsoup-master\src\main\java\org\jsoup\helper\HttpConnection.java,org.jsoup.helper.HttpConnection$KeyVal,innerclass,4,4,0,4,14,1,0,4,10,0.65384614,0.0,0.0,13,2,12,1,0,0,12,0,0,0,4,0,0,4,0,0,0,0,6,56,12,0,1,0,0,6,0,6,1,4,0,0,0,0,18,9,0
C:\Users\rique\Documents\Doutorado\SmellDetectionCaller-master\Temp\jsoup-master\src\main\java\org\jsoup\parser\HtmlTreeBuilderState.java,org.jsoup.parser.HtmlTreeBuilderState$Anonymous5,anonymous,7,7,0,7,16,1,0,18,1,0.0,NaN,NaN,2,0,0,1,0,1,1,0,0,0,0,0,0,0,0,0,0,0,3,33,7,0,0,0,2,3,0,0,0,0,1,0,0,0,17,-1,3
C:\Users\rique\Documents\Doutorado\SmellDetectionCaller-master\Temp\jsoup-master\src\main\java\org\jsoup\parser\TokeniserState.java,org.jsoup.parser.TokeniserState$Anonymous35,anonymous,3,3,0,3,13,1,0,8,0,0.0,NaN,NaN,1,0,0,0,0,1,1,0,0,0,0,0,0,0,0,0,0,0,0,38,0,0,0,0,0,0,0,2,0,2,1,0,0,0,20,-1,1
C:\Users\rique\Documents\Doutorado\SmellDetectionCaller-master\Temp\jsoup-master\src\main\java\org\jsoup\parser\HtmlTreeBuilderState.java,org.jsoup.parser.HtmlTreeBuilderState$Anonymous4,anonymous,12,12,0,12,19,1,0,25,1,0.0,NaN,NaN,2,0,0,1,0,1,1,0,0,0,0,0,0,0,0,0,0,0,6,75,10,0,0,0,0,10,0,5,0,4,3,0,0,0,29,-1,3
C:\Users\rique\Documents\Doutorado\SmellDetectionCaller-master\Temp\jsoup-master\src\main\java\org\jsoup\parser\TokeniserState.java,org.jsoup.parser.TokeniserState$Anonymous36,anonymous,3,3,0,3,14,1,0,8,0,0.0,NaN,NaN,1,0,0,0,0,1,1,0,0,0,0,0,0,0,0,0,0,0,0,44,0,0,0,0,0,0,0,1,0,1,1,0,0,0,17,-1,2
C:\Users\rique\Documents\Doutorado\SmellDetectionCaller-master\Temp\jsoup-master\src\main\java\org\jsoup\parser\HtmlTreeBuilderState.java,org.jsoup.parser.HtmlTreeBuilderState$Anonymous7,anonymous,18,18,0,18,179,1,0,95,10,0.0,0.0,0.0,5,0,0,3,0,2,2,0,0,0,0,0,0,0,0,0,0,0,21,582,36,11,21,0,2,112,28,60,6,43,4,0,0,0,86,-1,35
C:\Users\rique\Documents\Doutorado\SmellDetectionCaller-master\Temp\jsoup-master\src\main\java\org\jsoup\parser\TokeniserState.java,org.jsoup.parser.TokeniserState$Anonymous37,anonymous,3,3,0,3,16,1,0,7,0,0.0,NaN,NaN,1,0,0,0,0,1,1,0,0,0,0,0,0,0,0,0,0,0,0,48,0,0,0,0,0,0,0,1,0,1,1,0,0,0,15,-1,3
C:\Users\rique\Documents\Doutorado\SmellDetectionCaller-master\Temp\jsoup-master\src\main\java\org\jsoup\parser\HtmlTreeBuilderState.java,org.jsoup.parser.HtmlTreeBuilderState$Anonymous6,anonymous,9,9,0,9,13,1,0,25,1,0.0,NaN,NaN,2,0,0,1,0,1,1,0,0,0,0,0,0,0,0,0,0,0,3,61,5,0,0,0,0,5,0,3,0,3,2,0,0,0,23,-1,4
C:\Users\rique\Documents\Doutorado\SmellDetectionCaller-master\Temp\jsoup-master\src\main\java\org\jsoup\parser\TokeniserState.java,org.jsoup.parser.TokeniserState$Anonymous38,anonymous,4,4,0,4,8,1,0,11,0,0.0,NaN,NaN,1,0,0,0,0,1,1,0,0,0,0,0,0,0,0,0,0,0,0,28,0,0,1,0,0,0,1,3,0,3,2,0,0,0,17,-1,1
C:\Users\rique\Documents\Doutorado\SmellDetectionCaller-master\Temp\jsoup-master\src\main\java\org\jsoup\parser\HtmlTreeBuilderState.java,org.jsoup.parser.HtmlTreeBuilderState$Anonymous1,anonymous,8,8,0,8,5,1,0,18,0,0.0,NaN,NaN,1,0,0,0,0,1,1,0,0,0,0,0,0,0,0,0,0,0,1,23,3,0,0,0,0,0,0,2,0,2,2,0,0,0,15,-1,0
C:\Users\rique\Documents\Doutorado\SmellDetectionCaller-master\Temp\jsoup-master\src\main\java\org\jsoup\parser\TokeniserState.java,org.jsoup.parser.TokeniserState$Anonymous31,anonymous,2,2,0,2,6,1,0,5,0,0.0,NaN,NaN,1,0,0,0,0,1,1,0,0,0,0,0,0,0,0,0,0,0,0,30,0,0,0,0,0,0,0,1,0,1,1,0,0,0,14,-1,1
C:\Users\rique\Documents\Doutorado\SmellDetectionCaller-master\Temp\jsoup-master\src\test\java\org\jsoup\nodes\BuildEntities.java,org.jsoup.nodes.BuildEntities$ByName,innerclass,1,1,0,1,1,1,0,1,0,0.0,NaN,NaN,1,0,1,0,0,0,1,0,0,0,0,0,0,0,0,0,0,0,0,5,1,0,0,0,0,0,0,0,0,0,0,0,0,0,6,10,0
C:\Users\rique\Documents\Doutorado\SmellDetectionCaller-master\Temp\jsoup-master\src\main\java\org\jsoup\parser\TokeniserState.java,org.jsoup.parser.TokeniserState$Anonymous32,anonymous,2,2,0,2,2,1,0,5,0,0.0,NaN,NaN,1,0,0,0,0,1,1,0,0,0,0,0,0,0,0,0,0,0,0,12,0,0,0,0,0,0,0,0,0,0,1,0,0,0,11,-1,0
C:\Users\rique\Documents\Doutorado\SmellDetectionCaller-master\Temp\jsoup-master\src\test\java\org\jsoup\nodes\AttributeTest.java,org.jsoup.nodes.AttributeTest,class,6,6,0,6,8,1,0,22,28,0.0,0.0,0.0,8,0,8,0,0,0,8,0,0,0,0,0,0,0,0,0,0,0,3,58,0,0,0,0,0,35,2,15,2,14,1,0,0,2,48,1,0
C:\Users\rique\Documents\Doutorado\SmellDetectionCaller-master\Temp\jsoup-master\src\main\java\org\jsoup\parser\HtmlTreeBuilderState.java,org.jsoup.parser.HtmlTreeBuilderState$Anonymous3,anonymous,7,7,0,7,11,1,0,21,0,0.0,NaN,NaN,1,0,0,0,0,1,1,0,0,0,0,0,0,0,0,0,0,0,2,35,6,0,0,0,1,4,0,1,0,1,1,0,0,0,17,-1,2
C:\Users\rique\Documents\Doutorado\SmellDetectionCaller-master\Temp\jsoup-master\src\main\java\org\jsoup\parser\TokeniserState.java,org.jsoup.parser.TokeniserState$Anonymous33,anonymous,3,3,0,3,1,1,0,1,0,0.0,NaN,NaN,1,0,0,0,0,1,1,0,0,0,0,0,0,0,0,0,0,0,1,5,0,0,0,0,0,0,0,0,0,0,0,0,0,0,10,-1,0
C:\Users\rique\Documents\Doutorado\SmellDetectionCaller-master\Temp\jsoup-master\src\main\java\org\jsoup\parser\HtmlTreeBuilderState.java,org.jsoup.parser.HtmlTreeBuilderState$Anonymous2,anonymous,6,6,0,6,10,1,0,20,1,0.0,NaN,NaN,2,0,0,1,0,1,1,0,0,0,0,0,0,0,0,0,0,0,2,34,6,0,0,0,1,2,0,0,0,0,1,0,0,0,17,-1,2
C:\Users\rique\Documents\Doutorado\SmellDetectionCaller-master\Temp\jsoup-master\src\main\java\org\jsoup\parser\TokeniserState.java,org.jsoup.parser.TokeniserState$Anonymous34,anonymous,3,3,0,3,14,1,0,8,0,0.0,NaN,NaN,1,0,0,0,0,1,1,0,0,0,0,0,0,0,0,0,0,0,0,45,0,0,0,0,0,0,0,1,0,1,1,0,0,0,13,-1,3
C:\Users\rique\Documents\Doutorado\SmellDetectionCaller-master\Temp\jsoup-master\src\test\java\org\jsoup\integration\servlets\BaseServlet.java,org.jsoup.integration.servlets.BaseServlet,class,3,11,8,3,3,2,8,3,3,1.0,0.0,0.0,3,0,0,0,3,0,3,0,0,0,1,1,0,0,0,1,1,0,0,12,0,0,0,0,0,1,0,1,0,1,0,0,0,0,20,1025,0
C:\Users\rique\Documents\Doutorado\SmellDetectionCaller-master\Temp\jsoup-master\src\test\java\org\jsoup\parser\CharacterReaderTest.java,org.jsoup.parser.CharacterReaderTest,class,3,3,0,3,26,1,0,31,253,1.0,0.0,0.0,23,0,23,0,0,0,23,0,0,0,1,1,1,0,0,0,1,0,0,277,0,3,0,0,0,100,39,48,0,47,1,0,0,0,86,1,0
C:\Users\rique\Documents\Doutorado\SmellDetectionCaller-master\Temp\jsoup-master\src\main\java\org\jsoup\parser\HtmlTreeBuilderState.java,org.jsoup.parser.HtmlTreeBuilderState$Anonymous9,anonymous,10,10,0,10,27,1,0,38,1,0.0,0.0,0.0,2,0,0,0,0,2,2,0,0,0,0,0,0,0,0,0,0,0,5,119,20,0,2,0,1,13,0,4,0,4,4,0,0,0,25,-1,7
C:\Users\rique\Documents\Doutorado\SmellDetectionCaller-master\Temp\jsoup-master\src\main\java\org\jsoup\parser\TokeniserState.java,org.jsoup.parser.TokeniserState$Anonymous39,anonymous,4,4,0,4,8,1,0,11,0,0.0,NaN,NaN,1,0,0,0,0,1,1,0,0,0,0,0,0,0,0,0,0,0,0,28,0,0,1,0,0,0,1,3,0,3,2,0,0,0,17,-1,1
C:\Users\rique\Documents\Doutorado\SmellDetectionCaller-master\Temp\jsoup-master\src\main\java\org\jsoup\parser\HtmlTreeBuilderState.java,org.jsoup.parser.HtmlTreeBuilderState$Anonymous8,anonymous,2,2,0,2,4,1,0,10,0,0.0,NaN,NaN,1,0,0,0,0,1,1,0,0,0,0,0,0,0,0,0,0,0,0,18,2,0,0,0,0,0,0,0,0,0,1,0,0,0,8,-1,1
C:\Users\rique\Documents\Doutorado\SmellDetectionCaller-master\Temp\jsoup-master\src\main\java\org\jsoup\nodes\Node.java,org.jsoup.nodes.Node,class,17,97,80,17,122,1,2,79,1535,0.8690476,0.0,0.0,63,0,42,3,15,3,60,10,1,0,4,2,0,0,0,4,2,0,40,370,55,12,24,1,4,8,25,58,7,48,3,0,1,0,348,1025,0
C:\Users\rique\Documents\Doutorado\SmellDetectionCaller-master\Temp\jsoup-master\src\main\java\org\jsoup\safety\Safelist.java,org.jsoup.safety.Safelist$TypedValue,innerclass,2,2,0,2,9,1,0,4,0,0.0,0.0,0.0,4,0,3,0,0,1,4,0,0,0,1,0,0,1,0,0,0,0,1,26,7,0,6,0,2,0,3,5,2,4,1,0,0,0,18,1032,0
C:\Users\rique\Documents\Doutorado\SmellDetectionCaller-master\Temp\jsoup-master\src\main\java\org\jsoup\helper\DataUtil.java,org.jsoup.helper.DataUtil$BomCharset,innerclass,0,0,0,0,1,1,0,0,0,0.0,NaN,NaN,1,0,1,0,0,0,1,0,0,0,2,0,0,2,0,0,2,0,0,8,0,0,0,0,0,0,0,2,0,2,0,0,0,0,4,10,0
C:\Users\rique\Documents\Doutorado\SmellDetectionCaller-master\Temp\jsoup-master\src\main\java\org\jsoup\parser\HtmlTreeBuilderState.java,org.jsoup.parser.HtmlTreeBuilderState,enum,6,21,15,6,6,1,0,9,10,1.0,NaN,NaN,5,4,0,4,0,1,1,1,0,0,1,1,0,1,0,0,1,0,3,1634,3,0,0,0,0,0,0,2,0,2,1,23,1,0,117,0,0
C:\Users\rique\Documents\Doutorado\SmellDetectionCaller-master\Temp\jsoup-master\src\test\java\org\jsoup\integration\SafelistExtensionTest.java,org.jsoup.integration.SafelistExtensionTest,class,5,5,0,5,1,2,0,4,0,0.0,NaN,NaN,1,0,1,0,0,0,1,0,0,0,0,0,0,0,0,0,0,0,5,24,0,0,0,0,0,3,0,5,0,5,0,0,1,0,23,1,0
C:\Users\rique\Documents\Doutorado\SmellDetectionCaller-master\Temp\jsoup-master\src\main\java\org\jsoup\select\Evaluator.java,org.jsoup.select.Evaluator$AttributeStarting,innerclass,6,6,0,6,5,2,0,7,0,0.0,0.0,0.0,3,0,3,0,0,0,3,0,0,0,1,0,0,1,0,0,1,0,4,17,3,1,0,0,0,1,0,2,0,2,2,0,0,0,19,25,0
C:\Users\rique\Documents\Doutorado\SmellDetectionCaller-master\Temp\jsoup-master\src\main\java\org\jsoup\parser\TokeniserState.java,org.jsoup.parser.TokeniserState$Anonymous40,anonymous,4,4,0,4,18,1,0,11,0,0.0,NaN,NaN,1,0,0,0,0,1,1,0,0,0,0,0,0,0,0,0,0,0,0,43,0,0,1,0,0,0,1,3,0,3,2,0,0,0,18,-1,2
C:\Users\rique\Documents\Doutorado\SmellDetectionCaller-master\Temp\jsoup-master\src\main\java\org\jsoup\nodes\DataNode.java,org.jsoup.nodes.DataNode,class,5,14,9,5,9,3,0,7,36,0.0,0.0,0.0,9,1,7,0,0,2,9,0,0,0,0,0,0,0,0,0,0,0,1,30,6,0,0,0,0,1,0,2,0,1,0,0,0,0,65,1,0
C:\Users\rique\Documents\Doutorado\SmellDetectionCaller-master\Temp\jsoup-master\src\main\java\org\jsoup\parser\TokeniserState.java,org.jsoup.parser.TokeniserState$Anonymous41,anonymous,2,2,0,2,9,1,0,6,0,0.0,NaN,NaN,1,0,0,0,0,1,1,0,0,0,0,0,0,0,0,0,0,0,0,29,0,0,0,0,0,0,0,1,0,1,1,0,0,0,14,-1,1
C:\Users\rique\Documents\Doutorado\SmellDetectionCaller-master\Temp\jsoup-master\src\test\java\org\jsoup\select\SelectorTest.java,org.jsoup.select.SelectorTest,class,8,8,0,8,80,1,0,32,3120,0.9375,0.0,0.0,80,0,80,0,0,0,80,0,0,0,2,0,0,2,0,0,2,0,104,761,0,0,0,0,0,464,225,261,5,254,0,0,0,0,276,1,0
C:\Users\rique\Documents\Doutorado\SmellDetectionCaller-master\Temp\jsoup-master\src\main\java\org\jsoup\nodes\Attributes.java,org.jsoup.nodes.Attributes,class,13,45,32,13,88,2,0,41,153,0.8031747,0.0,0.0,35,3,25,5,0,5,30,0,1,0,9,6,0,4,1,4,6,0,24,284,36,8,23,2,3,5,24,55,13,38,3,1,1,0,203,1,0
C:\Users\rique\Documents\Doutorado\SmellDetectionCaller-master\Temp\jsoup-master\src\main\java\org\jsoup\helper\W3CDom.java,org.jsoup.helper.W3CDom,class,14,17,3,14,21,1,0,36,43,0.8,0.0,0.0,10,6,8,1,0,1,9,0,0,0,1,0,0,0,1,0,0,0,13,156,8,0,3,2,1,4,1,15,0,15,4,0,1,0,106,1,0
C:\Users\rique\Documents\Doutorado\SmellDetectionCaller-master\Temp\jsoup-master\src\test\java\org\jsoup\parser\TokenQueueTest.java,org.jsoup.parser.TokenQueueTest,class,8,9,1,8,12,1,0,19,55,0.0,0.0,0.0,11,1,10,1,0,0,10,0,0,0,0,0,0,0,0,0,0,0,11,79,0,0,0,1,0,56,6,22,3,19,1,0,0,0,70,1,0
C:\Users\rique\Documents\Doutorado\SmellDetectionCaller-master\Temp\jsoup-master\src\test\java\org\jsoup\integration\servlets\InterruptedServlet.java,org.jsoup.integration.servlets.InterruptedServlet,class,5,6,1,5,4,3,0,12,0,0.33333334,NaN,NaN,1,0,0,0,1,0,1,0,0,0,3,3,3,0,0,0,3,0,1,21,0,1,1,0,0,6,2,8,2,7,1,0,0,0,30,1,0
C:\Users\rique\Documents\Doutorado\SmellDetectionCaller-master\Temp\jsoup-master\src\main\java\org\jsoup\parser\XmlTreeBuilder.java,org.jsoup.parser.XmlTreeBuilder,class,24,28,4,24,32,2,0,49,91,0.0,0.0,0.0,14,0,0,2,2,10,12,0,0,0,0,0,0,0,0,0,0,0,2,102,9,2,3,0,0,1,4,15,3,13,2,0,0,0,93,1,0
C:\Users\rique\Documents\Doutorado\SmellDetectionCaller-master\Temp\jsoup-master\src\test\java\org\jsoup\parser\TokeniserStateTest.java,org.jsoup.parser.TokeniserStateTest,class,13,13,0,13,33,1,0,26,190,0.8095238,0.0,0.0,21,0,21,0,0,0,21,0,0,0,2,0,0,0,0,2,2,0,55,187,0,12,0,0,0,80,24,77,10,61,3,0,0,0,128,1,0
C:\Users\rique\Documents\Doutorado\SmellDetectionCaller-master\Temp\jsoup-master\src\main\java\org\jsoup\nodes\Document.java,org.jsoup.nodes.Document$OutputSettings,innerclass,6,6,0,6,20,1,0,14,100,0.86029404,0.0,0.0,17,0,15,0,0,2,17,0,0,0,8,0,0,7,0,1,1,0,4,82,16,0,1,1,0,0,2,18,0,11,1,0,1,0,137,9,0
C:\Users\rique\Documents\Doutorado\SmellDetectionCaller-master\Temp\jsoup-master\src\main\java\org\jsoup\select\CombiningEvaluator.java,org.jsoup.select.CombiningEvaluator,class,3,7,4,3,6,6,4,5,0,0.2,0.0,0.0,5,0,0,0,0,5,5,0,0,0,2,0,0,0,0,2,1,0,0,68,1,0,0,0,0,0,4,3,2,2,0,0,2,0,16,1025,0
C:\Users\rique\Documents\Doutorado\SmellDetectionCaller-master\Temp\jsoup-master\src\test\java\org\jsoup\safety\CompatibilityTests.java,org.jsoup.safety.CompatibilityTests,class,9,9,0,9,8,1,0,24,28,0.0,0.0,0.0,8,0,8,0,0,0,8,0,0,0,0,0,0,0,0,0,0,0,26,61,0,0,0,0,0,38,1,23,1,23,0,0,0,0,81,1,0
C:\Users\rique\Documents\Doutorado\SmellDetectionCaller-master\Temp\jsoup-master\src\main\java\org\jsoup\select\Evaluator.java,org.jsoup.select.Evaluator$ContainsData,innerclass,3,3,0,3,3,2,0,4,0,0.0,0.0,0.0,3,0,3,0,0,0,3,0,0,0,1,0,0,1,0,0,1,0,3,12,2,0,0,0,0,1,0,1,0,1,0,0,0,0,17,25,0
C:\Users\rique\Documents\Doutorado\SmellDetectionCaller-master\Temp\jsoup-master\src\main\java\org\jsoup\internal\Normalizer.java,org.jsoup.internal.Normalizer,class,1,21,20,1,5,1,0,4,3,0.0,0.0,0.0,3,3,3,0,0,0,3,0,0,0,0,0,0,0,0,0,0,0,3,11,3,0,1,0,0,1,0,0,0,0,0,0,0,0,18,17,0
C:\Users\rique\Documents\Doutorado\SmellDetectionCaller-master\Temp\jsoup-master\src\main\java\org\jsoup\nodes\Attributes.java,org.jsoup.nodes.Attributes$Dataset$EntrySet,innerclass,1,1,0,1,3,3,0,1,1,0.0,0.0,0.0,2,0,2,0,0,0,2,0,0,0,0,0,0,0,0,0,0,0,0,11,2,1,0,0,0,0,1,2,0,2,1,0,0,0,8,2,0
C:\Users\rique\Documents\Doutorado\SmellDetectionCaller-master\Temp\jsoup-master\src\main\java\org\jsoup\nodes\Attributes.java,org.jsoup.nodes.Attributes$Dataset,innerclass,2,2,0,2,4,4,0,4,1,0.33333334,0.0,0.0,3,0,2,1,0,0,2,0,0,0,1,0,0,1,0,0,1,0,1,43,2,0,0,0,0,0,0,3,0,3,0,0,2,0,14,10,0
C:\Users\rique\Documents\Doutorado\SmellDetectionCaller-master\Temp\jsoup-master\src\main\java\org\jsoup\parser\TokeniserState.java,org.jsoup.parser.TokeniserState$Anonymous13,anonymous,4,4,0,4,13,1,0,12,1,0.0,NaN,NaN,2,0,0,1,0,1,1,0,0,0,0,0,0,0,0,0,0,0,0,40,1,0,0,0,0,1,0,2,0,2,2,0,0,0,18,-1,0
C:\Users\rique\Documents\Doutorado\SmellDetectionCaller-master\Temp\jsoup-master\src\main\java\org\jsoup\parser\TokeniserState.java,org.jsoup.parser.TokeniserState$Anonymous14,anonymous,2,2,0,2,2,1,0,5,0,0.0,NaN,NaN,1,0,0,0,0,1,1,0,0,0,0,0,0,0,0,0,0,0,0,12,0,0,0,0,0,0,0,0,0,0,1,0,0,0,9,-1,0
C:\Users\rique\Documents\Doutorado\SmellDetectionCaller-master\Temp\jsoup-master\src\main\java\org\jsoup\helper\Validate.java,org.jsoup.helper.Validate,class,2,45,43,2,25,1,0,2,78,0.0,0.0,0.0,13,12,12,1,0,0,12,0,0,0,0,0,0,0,0,0,0,0,1,40,0,1,7,0,0,5,2,0,0,0,2,0,0,0,59,17,0
C:\Users\rique\Documents\Doutorado\SmellDetectionCaller-master\Temp\jsoup-master\src\main\java\org\jsoup\parser\TokeniserState.java,org.jsoup.parser.TokeniserState$Anonymous15,anonymous,3,3,0,3,1,1,0,1,0,0.0,NaN,NaN,1,0,0,0,0,1,1,0,0,0,0,0,0,0,0,0,0,0,1,5,0,0,0,0,0,0,0,0,0,0,0,0,0,0,7,-1,0
C:\Users\rique\Documents\Doutorado\SmellDetectionCaller-master\Temp\jsoup-master\src\main\java\org\jsoup\parser\TokeniserState.java,org.jsoup.parser.TokeniserState$Anonymous16,anonymous,3,3,0,3,1,1,0,1,0,0.0,NaN,NaN,1,0,0,0,0,1,1,0,0,0,0,0,0,0,0,0,0,0,1,5,0,0,0,0,0,0,0,0,0,0,0,0,0,0,9,-1,0
C:\Users\rique\Documents\Doutorado\SmellDetectionCaller-master\Temp\jsoup-master\src\main\java\org\jsoup\parser\TokeniserState.java,org.jsoup.parser.TokeniserState$Anonymous10,anonymous,3,3,0,3,11,1,0,9,0,0.0,NaN,NaN,1,0,0,0,0,1,1,0,0,0,0,0,0,0,0,0,0,0,0,35,0,0,0,0,0,0,0,2,0,2,1,0,0,0,17,-1,1
C:\Users\rique\Documents\Doutorado\SmellDetectionCaller-master\Temp\jsoup-master\src\main\java\org\jsoup\parser\TokeniserState.java,org.jsoup.parser.TokeniserState$Anonymous11,anonymous,3,3,0,3,5,1,0,11,0,0.0,NaN,NaN,1,0,0,0,0,1,1,0,0,0,0,0,0,0,0,0,0,0,0,17,0,0,1,0,0,2,0,1,1,0,1,0,0,0,16,-1,0
C:\Users\rique\Documents\Doutorado\SmellDetectionCaller-master\Temp\jsoup-master\src\main\java\org\jsoup\parser\TokeniserState.java,org.jsoup.parser.TokeniserState$Anonymous12,anonymous,3,3,0,3,2,1,0,8,0,0.0,NaN,NaN,1,0,0,0,0,1,1,0,0,0,0,0,0,0,0,0,0,0,0,14,0,0,0,0,0,1,0,0,0,0,1,0,0,0,15,-1,0
C:\Users\rique\Documents\Doutorado\SmellDetectionCaller-master\Temp\jsoup-master\src\main\java\org\jsoup\parser\TokeniserState.java,org.jsoup.parser.TokeniserState$Anonymous17,anonymous,2,2,0,2,4,1,0,6,0,0.0,NaN,NaN,1,0,0,0,0,1,1,0,0,0,0,0,0,0,0,0,0,0,0,23,0,0,0,0,0,3,0,0,0,0,1,0,0,0,12,-1,0
C:\Users\rique\Documents\Doutorado\SmellDetectionCaller-master\Temp\jsoup-master\src\main\java\org\jsoup\parser\TokeniserState.java,org.jsoup.parser.TokeniserState$Anonymous18,anonymous,3,3,0,3,1,1,0,1,0,0.0,NaN,NaN,1,0,0,0,0,1,1,0,0,0,0,0,0,0,0,0,0,0,1,5,0,0,0,0,0,0,0,0,0,0,0,0,0,0,7,-1,0
C:\Users\rique\Documents\Doutorado\SmellDetectionCaller-master\Temp\jsoup-master\src\main\java\org\jsoup\parser\TokeniserState.java,org.jsoup.parser.TokeniserState$Anonymous19,anonymous,3,3,0,3,1,1,0,1,0,0.0,NaN,NaN,1,0,0,0,0,1,1,0,0,0,0,0,0,0,0,0,0,0,1,5,0,0,0,0,0,0,0,0,0,0,0,0,0,0,9,-1,0
C:\Users\rique\Documents\Doutorado\SmellDetectionCaller-master\Temp\jsoup-master\src\main\java\org\jsoup\select\Evaluator.java,org.jsoup.select.Evaluator$CssNthEvaluator,innerclass,4,4,0,4,13,2,0,4,3,0.4166667,0.0,0.0,6,0,4,0,2,0,6,2,0,0,1,0,0,0,1,0,1,0,3,24,6,0,6,0,3,3,6,4,4,4,1,0,0,0,21,1033,0
C:\Users\rique\Documents\Doutorado\SmellDetectionCaller-master\Temp\jsoup-master\src\test\java\org\jsoup\select\TraversorTest.java,org.jsoup.select.TraversorTest$Anonymous5,anonymous,2,2,0,2,3,1,0,3,1,0.0,0.0,0.0,2,0,2,0,0,0,2,0,0,0,0,0,0,0,0,0,0,0,0,10,2,0,0,0,1,5,0,0,0,0,0,0,0,0,6,-1,0
C:\Users\rique\Documents\Doutorado\SmellDetectionCaller-master\Temp\jsoup-master\src\main\java\org\jsoup\parser\Token.java,org.jsoup.parser.Token$Comment,innerclass,2,2,0,2,10,2,0,7,1,0.52380955,0.0,0.0,7,0,1,1,0,5,6,0,2,0,3,0,0,2,0,1,1,0,1,41,5,0,3,0,0,2,1,7,1,3,1,0,0,0,16,24,0
C:\Users\rique\Documents\Doutorado\SmellDetectionCaller-master\Temp\jsoup-master\src\test\java\org\jsoup\select\TraversorTest.java,org.jsoup.select.TraversorTest$Anonymous4,anonymous,2,2,0,2,4,1,0,2,1,0.0,0.0,0.0,2,0,2,0,0,0,2,0,0,0,0,0,0,0,0,0,0,0,0,8,2,0,0,0,2,2,0,0,0,0,0,0,0,0,6,-1,0
C:\Users\rique\Documents\Doutorado\SmellDetectionCaller-master\Temp\jsoup-master\src\test\java\org\jsoup\select\TraversorTest.java,org.jsoup.select.TraversorTest$Anonymous3,anonymous,2,2,0,2,3,1,0,3,1,0.0,0.0,0.0,2,0,2,0,0,0,2,0,0,0,0,0,0,0,0,0,0,0,0,11,3,0,0,0,0,5,0,0,0,0,1,0,0,0,6,-1,0
C:\Users\rique\Documents\Doutorado\SmellDetectionCaller-master\Temp\jsoup-master\src\test\java\org\jsoup\select\TraversorTest.java,org.jsoup.select.TraversorTest$Anonymous2,anonymous,2,2,0,2,3,1,0,3,1,0.0,0.0,0.0,2,0,2,0,0,0,2,0,0,0,0,0,0,0,0,0,0,0,0,10,2,0,0,0,1,5,0,0,0,0,0,0,0,0,6,-1,0
C:\Users\rique\Documents\Doutorado\SmellDetectionCaller-master\Temp\jsoup-master\src\test\java\org\jsoup\integration\servlets\SlowRider.java,org.jsoup.integration.servlets.SlowRider,class,5,6,1,5,10,3,0,14,3,0.6666667,0.0,0.0,3,2,1,1,1,0,2,0,0,0,3,3,2,1,0,0,3,0,8,44,2,1,1,1,0,5,4,9,1,8,2,0,0,0,52,1,0
C:\Users\rique\Documents\Doutorado\SmellDetectionCaller-master\Temp\jsoup-master\src\test\java\org\jsoup\select\TraversorTest.java,org.jsoup.select.TraversorTest$Anonymous1,anonymous,2,2,0,2,2,1,0,2,1,0.0,0.0,0.0,2,0,2,0,0,0,2,0,0,0,0,0,0,0,0,0,0,0,0,10,2,0,0,0,0,4,0,0,0,0,0,0,0,0,6,-1,0
C:\Users\rique\Documents\Doutorado\SmellDetectionCaller-master\Temp\jsoup-master\src\main\java\org\jsoup\select\Evaluator.java,org.jsoup.select.Evaluator$IsFirstOfType,innerclass,1,1,0,1,2,4,0,0,1,0.0,0.0,0.0,2,0,2,0,0,0,2,0,0,0,0,0,0,0,0,0,0,0,0,8,1,0,0,0,0,1,2,0,0,0,0,0,0,0,8,25,0
C:\Users\rique\Documents\Doutorado\SmellDetectionCaller-master\Temp\jsoup-master\src\main\java\org\jsoup\nodes\Element.java,org.jsoup.nodes.Element$NodeList,innerclass,3,3,0,3,2,5,0,1,0,0.0,0.0,0.0,2,0,1,0,0,1,2,0,0,0,1,0,0,1,0,0,1,0,0,10,0,0,0,0,0,0,0,1,0,1,0,0,0,0,9,26,0
C:\Users\rique\Documents\Doutorado\SmellDetectionCaller-master\Temp\jsoup-master\src\main\java\org\jsoup\examples\Wikipedia.java,org.jsoup.examples.Wikipedia,class,7,8,1,7,3,1,0,9,1,0.0,NaN,NaN,2,2,1,1,0,0,1,0,0,0,0,0,0,0,0,0,0,0,4,13,0,1,0,0,0,5,0,2,0,2,1,0,0,0,23,1,0
C:\Users\rique\Documents\Doutorado\SmellDetectionCaller-master\Temp\jsoup-master\src\main\java\org\jsoup\parser\ParseError.java,org.jsoup.parser.ParseError,class,0,6,6,0,5,1,0,1,0,0.2,0.0,0.0,5,0,3,0,0,2,5,0,0,0,2,0,0,2,0,0,0,0,1,21,3,0,0,0,0,1,0,4,1,2,0,0,0,0,33,1,0
C:\Users\rique\Documents\Doutorado\SmellDetectionCaller-master\Temp\jsoup-master\src\main\java\org\jsoup\safety\Safelist.java,org.jsoup.safety.Safelist,class,12,21,9,12,58,5,3,68,76,0.6857143,0.0,0.0,21,5,16,2,2,1,19,0,0,0,5,0,0,5,0,0,0,0,50,302,24,9,3,0,0,180,3,47,0,41,3,0,5,0,254,1,0
C:\Users\rique\Documents\Doutorado\SmellDetectionCaller-master\Temp\jsoup-master\src\main\java\org\jsoup\parser\TokeniserState.java,org.jsoup.parser.TokeniserState$Anonymous64,anonymous,2,2,0,2,5,1,0,6,0,0.0,NaN,NaN,1,0,0,0,0,1,1,0,0,0,0,0,0,0,0,0,0,0,0,28,0,0,0,0,0,0,0,3,0,1,1,0,0,0,14,-1,2
C:\Users\rique\Documents\Doutorado\SmellDetectionCaller-master\Temp\jsoup-master\src\main\java\org\jsoup\parser\TokeniserState.java,org.jsoup.parser.TokeniserState$Anonymous65,anonymous,2,2,0,2,8,1,0,5,0,0.0,NaN,NaN,1,0,0,0,0,1,1,0,0,0,0,0,0,0,0,0,0,0,0,26,0,0,0,0,0,0,0,2,0,1,1,0,0,0,10,-1,1
C:\Users\rique\Documents\Doutorado\SmellDetectionCaller-master\Temp\jsoup-master\src\main\java\org\jsoup\parser\TokeniserState.java,org.jsoup.parser.TokeniserState$Anonymous66,anonymous,2,2,0,2,3,1,0,3,0,0.0,NaN,NaN,1,0,0,0,0,1,1,0,0,0,0,0,0,0,0,0,0,0,0,17,0,0,0,0,0,0,0,1,0,1,1,0,0,0,7,-1,0
C:\Users\rique\Documents\Doutorado\SmellDetectionCaller-master\Temp\jsoup-master\src\main\java\org\jsoup\parser\TreeBuilder.java,org.jsoup.parser.TreeBuilder,class,18,39,21,18,23,1,2,23,53,0.79999995,0.0,0.0,14,0,1,0,9,4,14,4,0,0,10,0,0,2,6,2,0,0,3,87,11,1,6,0,0,2,4,21,1,18,2,0,0,0,116,1024,0
C:\Users\rique\Documents\Doutorado\SmellDetectionCaller-master\Temp\jsoup-master\src\main\java\org\jsoup\parser\TokeniserState.java,org.jsoup.parser.TokeniserState$Anonymous67,anonymous,3,3,0,3,3,1,0,7,0,0.0,NaN,NaN,1,0,0,0,0,1,1,0,0,0,0,0,0,0,0,0,0,0,0,10,0,0,0,0,0,2,0,1,0,1,1,0,0,0,7,-1,0
C:\Users\rique\Documents\Doutorado\SmellDetectionCaller-master\Temp\jsoup-master\src\main\java\org\jsoup\nodes\PseudoTextElement.java,org.jsoup.nodes.PseudoTextElement,class,4,5,1,4,3,3,0,0,3,0.0,0.0,0.0,3,0,1,0,0,2,3,0,0,0,0,0,0,0,0,0,0,0,0,9,0,0,0,0,0,0,0,0,0,0,0,0,0,0,25,1,0
C:\Users\rique\Documents\Doutorado\SmellDetectionCaller-master\Temp\jsoup-master\src\main\java\org\jsoup\parser\TokeniserState.java,org.jsoup.parser.TokeniserState$Anonymous1,anonymous,3,3,0,3,6,1,0,8,0,0.0,NaN,NaN,1,0,0,0,0,1,1,0,0,0,0,0,0,0,0,0,0,0,0,23,0,0,0,0,0,0,0,1,0,1,1,0,0,0,11,-1,1
C:\Users\rique\Documents\Doutorado\SmellDetectionCaller-master\Temp\jsoup-master\src\test\java\org\jsoup\integration\servlets\CookieServlet.java,org.jsoup.integration.servlets.CookieServlet,class,7,8,1,7,9,3,0,17,10,0.8666666,0.0,0.0,5,0,0,2,3,0,3,0,0,0,3,3,3,0,0,0,3,0,2,46,1,1,3,0,0,14,1,9,0,9,2,0,0,0,35,1,0
C:\Users\rique\Documents\Doutorado\SmellDetectionCaller-master\Temp\jsoup-master\src\test\java\org\jsoup\nodes\CommentTest.java,org.jsoup.nodes.CommentTest,class,8,8,0,8,7,1,0,21,0,0.5,0.0,0.0,7,0,7,0,0,0,7,0,0,0,2,0,0,2,0,0,0,0,3,42,0,0,0,0,0,15,1,9,0,8,0,0,0,0,44,1,0
C:\Users\rique\Documents\Doutorado\SmellDetectionCaller-master\Temp\jsoup-master\src\main\java\org\jsoup\parser\Parser.java,org.jsoup.parser.Parser,class,11,49,38,11,26,1,0,18,87,0.6818182,0.0,0.0,22,8,21,1,0,0,21,0,0,0,3,0,0,3,0,0,0,0,6,96,20,2,0,0,0,0,5,22,1,14,1,0,0,0,180,1,0
C:\Users\rique\Documents\Doutorado\SmellDetectionCaller-master\Temp\jsoup-master\src\main\java\org\jsoup\select\Evaluator.java,org.jsoup.select.Evaluator$IsEmpty,innerclass,6,6,0,6,6,2,0,1,1,0.0,0.0,0.0,2,0,2,0,0,0,2,0,0,0,0,0,0,0,0,0,0,0,0,12,3,1,0,0,1,1,0,1,0,1,2,0,0,0,18,25,0
C:\Users\rique\Documents\Doutorado\SmellDetectionCaller-master\Temp\jsoup-master\src\test\java\org\jsoup\integration\FuzzFixesTest.java,org.jsoup.integration.FuzzFixesTest,class,6,6,0,6,6,1,0,9,10,0.0,0.0,0.0,5,1,2,1,0,2,4,0,0,0,0,0,0,0,0,0,0,0,7,28,1,0,0,0,0,9,1,8,0,8,0,0,0,0,45,1,0
C:\Users\rique\Documents\Doutorado\SmellDetectionCaller-master\Temp\jsoup-master\src\test\java\org\jsoup\integration\SessionTest.java,org.jsoup.integration.SessionTest,class,13,14,1,13,9,1,0,32,36,0.0,0.0,0.0,9,4,5,4,0,0,5,0,0,0,0,0,0,0,0,0,0,0,13,74,2,0,0,0,0,27,11,25,2,25,0,0,0,0,51,1,0
C:\Users\rique\Documents\Doutorado\SmellDetectionCaller-master\Temp\jsoup-master\src\main\java\org\jsoup\parser\TokeniserState.java,org.jsoup.parser.TokeniserState$Anonymous7,anonymous,3,3,0,3,3,1,0,7,0,0.0,NaN,NaN,1,0,0,0,0,1,1,0,0,0,0,0,0,0,0,0,0,0,0,18,0,0,0,0,0,0,0,1,0,1,1,0,0,0,9,-1,1
C:\Users\rique\Documents\Doutorado\SmellDetectionCaller-master\Temp\jsoup-master\src\main\java\org\jsoup\parser\TokeniserState.java,org.jsoup.parser.TokeniserState$Anonymous6,anonymous,3,3,0,3,1,1,0,1,0,0.0,NaN,NaN,1,0,0,0,0,1,1,0,0,0,0,0,0,0,0,0,0,0,1,5,0,0,0,0,0,0,0,0,0,0,0,0,0,0,7,-1,0
C:\Users\rique\Documents\Doutorado\SmellDetectionCaller-master\Temp\jsoup-master\src\main\java\org\jsoup\parser\TokeniserState.java,org.jsoup.parser.TokeniserState$Anonymous9,anonymous,3,3,0,3,4,1,0,11,0,0.0,NaN,NaN,1,0,0,0,0,1,1,0,0,0,0,0,0,0,0,0,0,0,0,23,0,0,0,0,0,1,0,0,0,0,1,0,0,0,11,-1,2
C:\Users\rique\Documents\Doutorado\SmellDetectionCaller-master\Temp\jsoup-master\src\main\java\org\jsoup\select\Evaluator.java,org.jsoup.select.Evaluator$AttributeWithValueMatching,innerclass,4,4,0,4,3,2,0,7,0,0.0,0.0,0.0,3,0,3,0,0,0,3,0,0,0,2,0,0,0,0,2,0,0,2,14,2,0,0,0,0,1,0,2,0,2,0,0,0,0,19,25,0
C:\Users\rique\Documents\Doutorado\SmellDetectionCaller-master\Temp\jsoup-master\src\main\java\org\jsoup\parser\TokeniserState.java,org.jsoup.parser.TokeniserState$Anonymous8,anonymous,2,2,0,2,5,1,0,8,0,0.0,NaN,NaN,1,0,0,0,0,1,1,0,0,0,0,0,0,0,0,0,0,0,0,27,0,0,0,0,0,0,0,0,0,0,2,0,0,0,15,-1,1
C:\Users\rique\Documents\Doutorado\SmellDetectionCaller-master\Temp\jsoup-master\src\main\java\org\jsoup\parser\TokeniserState.java,org.jsoup.parser.TokeniserState$Anonymous3,anonymous,3,3,0,3,6,1,0,8,0,0.0,NaN,NaN,1,0,0,0,0,1,1,0,0,0,0,0,0,0,0,0,0,0,0,24,0,0,0,0,0,0,0,1,0,1,1,0,0,0,13,-1,1
C:\Users\rique\Documents\Doutorado\SmellDetectionCaller-master\Temp\jsoup-master\src\main\java\org\jsoup\parser\TokeniserState.java,org.jsoup.parser.TokeniserState$Anonymous2,anonymous,3,3,0,3,1,1,0,1,0,0.0,NaN,NaN,1,0,0,0,0,1,1,0,0,0,0,0,0,0,0,0,0,0,1,5,0,0,0,0,0,0,0,0,0,0,0,0,0,0,7,-1,0
C:\Users\rique\Documents\Doutorado\SmellDetectionCaller-master\Temp\jsoup-master\src\main\java\org\jsoup\parser\TokeniserState.java,org.jsoup.parser.TokeniserState$Anonymous5,anonymous,3,3,0,3,1,1,0,1,0,0.0,NaN,NaN,1,0,0,0,0,1,1,0,0,0,0,0,0,0,0,0,0,0,1,5,0,0,0,0,0,0,0,0,0,0,0,0,0,0,7,-1,0
C:\Users\rique\Documents\Doutorado\SmellDetectionCaller-master\Temp\jsoup-master\src\main\java\org\jsoup\parser\TokeniserState.java,org.jsoup.parser.TokeniserState$Anonymous4,anonymous,3,3,0,3,1,1,0,1,0,0.0,NaN,NaN,1,0,0,0,0,1,1,0,0,0,0,0,0,0,0,0,0,0,1,5,0,0,0,0,0,0,0,0,0,0,0,0,0,0,7,-1,0
C:\Users\rique\Documents\Doutorado\SmellDetectionCaller-master\Temp\jsoup-master\src\main\java\org\jsoup\examples\ListLinks.java,org.jsoup.examples.ListLinks,class,8,9,1,8,9,1,0,16,3,0.0,NaN,NaN,3,3,1,2,0,0,1,0,0,0,0,0,0,0,0,0,0,0,13,31,2,3,1,0,0,22,6,5,2,5,2,0,0,0,28,1,0
C:\Users\rique\Documents\Doutorado\SmellDetectionCaller-master\Temp\jsoup-master\src\main\java\org\jsoup\internal\StringUtil.java,org.jsoup.internal.StringUtil$Anonymous1,anonymous,0,0,0,0,1,1,0,0,0,0.0,NaN,NaN,1,0,0,0,1,0,1,0,0,0,0,0,0,0,0,0,0,0,0,5,1,0,0,0,0,0,0,0,0,0,0,0,0,0,2,-1,0
C:\Users\rique\Documents\Doutorado\SmellDetectionCaller-master\Temp\jsoup-master\src\main\java\org\jsoup\select\Evaluator.java,org.jsoup.select.Evaluator$IsNthChild,innerclass,2,2,0,2,3,3,0,1,3,0.0,0.0,0.0,3,0,1,0,2,0,3,0,0,0,0,0,0,0,0,0,0,0,0,11,2,0,0,0,0,1,1,0,1,0,0,0,0,0,18,25,0
C:\Users\rique\Documents\Doutorado\SmellDetectionCaller-master\Temp\jsoup-master\src\test\java\org\jsoup\nodes\LeafNodeTest.java,org.jsoup.nodes.LeafNodeTest,class,10,11,1,10,2,1,0,17,1,0.0,NaN,NaN,2,0,1,1,0,0,1,0,0,0,0,0,0,0,0,0,0,0,1,50,1,0,0,0,0,9,4,10,0,9,0,1,0,0,31,1,0
C:\Users\rique\Documents\Doutorado\SmellDetectionCaller-master\Temp\jsoup-master\src\main\java\org\jsoup\parser\HtmlTreeBuilderState.java,org.jsoup.parser.HtmlTreeBuilderState$Constants,innerclass,0,0,0,0,0,1,0,0,0,NaN,-1.0,-1.0,0,0,0,0,0,0,0,0,0,0,38,38,0,0,0,38,38,0,0,40,0,0,0,0,0,245,0,38,0,38,0,0,0,0,44,24,0
C:\Users\rique\Documents\Doutorado\SmellDetectionCaller-master\Temp\jsoup-master\src\main\java\org\jsoup\safety\Safelist.java,org.jsoup.safety.Safelist$TagName,innerclass,2,2,0,2,2,2,0,0,1,0.0,0.0,0.0,2,1,0,0,0,2,2,0,0,0,0,0,0,0,0,0,0,0,0,8,1,0,0,0,0,0,0,0,0,0,0,0,0,0,6,8,0
C:\Users\rique\Documents\Doutorado\SmellDetectionCaller-master\Temp\jsoup-master\src\main\java\org\jsoup\select\Evaluator.java,org.jsoup.select.Evaluator$Class,innerclass,2,2,0,2,3,2,0,2,0,0.0,0.0,0.0,3,0,3,0,0,0,3,0,0,0,1,0,0,1,0,0,1,0,1,12,2,0,0,0,1,1,0,1,0,1,0,0,0,0,9,25,0
C:\Users\rique\Documents\Doutorado\SmellDetectionCaller-master\Temp\jsoup-master\src\main\java\org\jsoup\nodes\Attributes.java,org.jsoup.nodes.Attributes$Anonymous1,anonymous,2,2,0,2,6,1,0,2,0,0.0,0.0,0.0,3,0,3,0,0,0,3,0,0,0,1,0,0,0,0,1,0,0,0,18,2,1,0,0,0,0,1,2,0,2,2,0,0,0,11,-1,0
C:\Users\rique\Documents\Doutorado\SmellDetectionCaller-master\Temp\jsoup-master\src\test\java\org\jsoup\nodes\DocumentTest.java,org.jsoup.nodes.DocumentTest,class,14,15,1,14,38,1,0,74,598,0.88888884,0.0,0.0,36,0,34,2,0,0,34,0,0,0,2,2,0,2,0,0,2,0,46,328,2,1,0,0,0,247,11,103,19,97,1,0,0,1,208,1,0
C:\Users\rique\Documents\Doutorado\SmellDetectionCaller-master\Temp\jsoup-master\src\main\java\org\jsoup\select\StructuralEvaluator.java,org.jsoup.select.StructuralEvaluator$Has,innerclass,3,3,0,3,6,3,0,3,3,0.0,0.0,0.0,3,0,3,0,0,0,3,0,0,0,0,0,0,0,0,0,0,0,1,14,3,1,1,0,0,1,0,1,0,0,2,0,0,0,12,8,0
C:\Users\rique\Documents\Doutorado\SmellDetectionCaller-master\Temp\jsoup-master\src\main\java\org\jsoup\nodes\Node.java,org.jsoup.nodes.Node$OuterHtmlVisitor,innerclass,4,4,0,4,6,1,0,5,0,0.0,0.0,0.0,3,0,2,0,0,1,3,0,0,0,2,0,0,2,0,0,2,0,0,27,0,0,0,2,0,1,0,2,0,2,2,0,0,0,15,10,0
C:\Users\rique\Documents\Doutorado\SmellDetectionCaller-master\Temp\jsoup-master\src\main\java\org\jsoup\parser\Token.java,org.jsoup.parser.Token,class,9,43,34,9,23,12,10,4,90,0.625,0.0,0.0,16,1,0,1,0,15,15,1,12,0,1,0,0,0,0,1,0,0,0,337,13,0,7,0,0,0,1,0,0,1,1,0,9,0,42,1024,0
C:\Users\rique\Documents\Doutorado\SmellDetectionCaller-master\Temp\jsoup-master\src\main\java\org\jsoup\safety\Cleaner.java,org.jsoup.safety.Cleaner$CleaningVisitor,innerclass,8,8,0,8,11,1,0,9,0,0.33333334,0.0,0.0,3,0,2,1,0,0,2,0,0,0,3,0,0,3,0,0,1,0,0,42,0,0,1,0,0,0,1,13,0,10,2,0,0,0,30,18,0
C:\Users\rique\Documents\Doutorado\SmellDetectionCaller-master\Temp\jsoup-master\src\main\java\org\jsoup\select\Evaluator.java,org.jsoup.select.Evaluator$AttributeKeyPair,innerclass,3,3,0,3,4,2,0,7,0,0.0,0.0,0.0,2,0,2,0,0,0,2,0,0,0,2,0,0,0,0,2,0,0,5,17,0,0,0,0,0,4,2,4,1,3,1,0,0,0,17,1033,0
C:\Users\rique\Documents\Doutorado\SmellDetectionCaller-master\Temp\jsoup-master\src\test\java\org\jsoup\integration\ParseTest.java,org.jsoup.integration.ParseTest,class,12,21,9,12,21,1,0,44,153,0.0,0.0,0.0,18,3,18,0,0,0,18,0,0,0,0,0,0,0,0,0,0,0,39,154,3,0,1,1,0,117,8,58,1,52,1,0,0,0,228,1,0
C:\Users\rique\Documents\Doutorado\SmellDetectionCaller-master\Temp\jsoup-master\src\main\java\org\jsoup\select\Evaluator.java,org.jsoup.select.Evaluator$IsNthLastOfType,innerclass,4,4,0,4,6,3,0,7,3,0.0,0.0,0.0,3,0,1,0,2,0,3,0,0,0,0,0,0,0,0,0,0,0,0,17,3,1,1,0,0,1,2,3,0,3,2,0,0,0,22,9,0
C:\Users\rique\Documents\Doutorado\SmellDetectionCaller-master\Temp\jsoup-master\src\main\java\org\jsoup\parser\Tag.java,org.jsoup.parser.Tag,class,4,24,20,4,51,1,0,14,34,0.84033614,0.0,0.0,21,4,17,2,1,1,20,0,0,0,17,8,0,17,0,0,8,0,12,160,28,7,10,1,8,187,21,49,14,28,2,0,0,0,122,1,0
C:\Users\rique\Documents\Doutorado\SmellDetectionCaller-master\Temp\jsoup-master\src\main\java\org\jsoup\parser\Token.java,org.jsoup.parser.Token$Character,innerclass,2,2,0,2,5,2,0,1,4,0.4,0.0,0.0,5,0,1,0,0,4,5,0,0,0,1,0,0,1,0,0,0,0,0,21,4,0,0,0,0,0,0,3,0,1,0,0,0,0,10,8,0
C:\Users\rique\Documents\Doutorado\SmellDetectionCaller-master\Temp\jsoup-master\src\main\java\org\jsoup\select\Evaluator.java,org.jsoup.select.Evaluator$IsLastOfType,innerclass,1,1,0,1,2,4,0,0,1,0.0,0.0,0.0,2,0,2,0,0,0,2,0,0,0,0,0,0,0,0,0,0,0,0,8,1,0,0,0,0,1,2,0,0,0,0,0,0,0,8,25,0
C:\Users\rique\Documents\Doutorado\SmellDetectionCaller-master\Temp\jsoup-master\src\test\java\org\jsoup\parser\ParserTest.java,org.jsoup.parser.ParserTest,class,5,5,0,5,4,1,0,9,3,0.0,0.0,0.0,3,0,3,0,0,0,3,0,0,0,0,0,0,0,0,0,0,0,3,20,0,1,0,0,0,8,3,5,1,5,1,0,0,0,27,1,0
C:\Users\rique\Documents\Doutorado\SmellDetectionCaller-master\Temp\jsoup-master\src\main\java\org\jsoup\select\Evaluator.java,org.jsoup.select.Evaluator$Attribute,innerclass,3,3,0,3,3,2,0,2,0,0.0,0.0,0.0,3,0,3,0,0,0,3,0,0,0,1,0,0,1,0,0,1,0,1,12,2,0,0,0,0,1,0,1,0,1,0,0,0,0,11,25,0
C:\Users\rique\Documents\Doutorado\SmellDetectionCaller-master\Temp\jsoup-master\src\test\java\org\jsoup\integration\servlets\RedirectServlet.java,org.jsoup.integration.servlets.RedirectServlet,class,6,7,1,6,5,3,0,7,1,0.6,0.0,0.0,2,0,0,0,2,0,2,0,0,0,5,5,4,1,0,0,5,0,2,23,0,0,3,0,0,9,0,10,0,8,1,0,0,0,22,1,0
C:\Users\rique\Documents\Doutorado\SmellDetectionCaller-master\Temp\jsoup-master\src\main\java\org\jsoup\internal\StringUtil.java,org.jsoup.internal.StringUtil$StringJoiner,innerclass,4,4,0,4,5,1,0,5,0,0.5,0.0,0.0,4,0,4,0,0,0,4,0,0,0,3,0,0,0,0,3,1,0,4,25,3,0,0,0,0,0,0,6,0,4,1,0,0,0,62,9,0
C:\Users\rique\Documents\Doutorado\SmellDetectionCaller-master\Temp\jsoup-master\src\test\java\org\jsoup\parser\XmlTreeBuilderTest.java,org.jsoup.parser.XmlTreeBuilderTest,class,17,17,0,17,29,1,0,58,406,0.0,0.0,0.0,29,0,29,0,0,0,29,0,0,0,0,0,0,0,0,0,0,0,63,189,0,0,0,0,1,118,15,67,1,67,0,0,0,0,171,1,0
C:\Users\rique\Documents\Doutorado\SmellDetectionCaller-master\Temp\jsoup-master\src\main\java\org\jsoup\select\NodeFilter.java,org.jsoup.select.NodeFilter$FilterResult,enum,0,0,0,0,0,1,0,0,0,0.0,-1.0,-1.0,0,0,0,0,0,0,0,0,0,0,0,0,0,0,0,0,0,0,0,6,0,0,0,0,0,0,0,0,0,0,0,0,0,0,22,0,0
C:\Users\rique\Documents\Doutorado\SmellDetectionCaller-master\Temp\jsoup-master\src\main\java\org\jsoup\Connection.java,org.jsoup.Connection$KeyVal,interface,2,2,0,2,9,1,0,0,36,0.0,0.0,0.0,9,0,0,0,0,9,9,0,0,0,0,0,0,0,0,0,0,0,0,11,0,0,0,0,0,0,0,0,0,0,0,0,0,0,58,0,0
C:\Users\rique\Documents\Doutorado\SmellDetectionCaller-master\Temp\jsoup-master\src\main\java\org\jsoup\nodes\Entities.java,org.jsoup.nodes.Entities,class,11,21,10,11,54,1,0,34,56,0.8333333,0.0,0.0,13,12,7,4,0,2,9,0,0,0,6,6,0,5,0,1,6,0,17,204,16,2,13,2,1,10,22,46,0,30,4,0,2,0,148,1,0
C:\Users\rique\Documents\Doutorado\SmellDetectionCaller-master\Temp\jsoup-master\src\main\java\org\jsoup\parser\Token.java,org.jsoup.parser.Token$CData,innerclass,1,1,0,1,2,3,0,2,1,0.0,0.0,0.0,2,0,1,0,0,1,2,0,0,0,0,0,0,0,0,0,0,0,0,9,1,0,0,0,0,2,0,0,1,0,0,0,0,0,7,24,0
C:\Users\rique\Documents\Doutorado\SmellDetectionCaller-master\Temp\jsoup-master\src\main\java\org\jsoup\select\Elements.java,org.jsoup.select.Elements,class,17,57,40,17,110,4,0,59,1540,0.0,0.0,0.0,56,0,54,2,0,0,54,0,0,0,0,0,0,0,0,0,0,0,15,286,57,33,6,0,0,5,7,17,1,16,4,0,0,0,279,1,0
C:\Users\rique\Documents\Doutorado\SmellDetectionCaller-master\Temp\jsoup-master\src\main\java\org\jsoup\select\Evaluator.java,org.jsoup.select.Evaluator$AttributeWithValueContaining,innerclass,4,4,0,4,3,3,0,5,3,0.0,0.0,0.0,3,0,3,0,0,0,3,0,0,0,0,0,0,0,0,0,0,0,2,11,2,0,0,0,0,1,0,0,0,0,0,0,0,0,20,25,0
C:\Users\rique\Documents\Doutorado\SmellDetectionCaller-master\Temp\jsoup-master\src\main\java\org\jsoup\select\Evaluator.java,org.jsoup.select.Evaluator$AllElements,innerclass,2,2,0,2,2,2,0,0,1,0.0,0.0,0.0,2,0,2,0,0,0,2,0,0,0,0,0,0,0,0,0,0,0,0,8,2,0,0,0,0,1,0,0,0,0,0,0,0,0,12,25,0
C:\Users\rique\Documents\Doutorado\SmellDetectionCaller-master\Temp\jsoup-master\src\main\java\org\jsoup\parser\TokeniserState.java,org.jsoup.parser.TokeniserState$Anonymous46,anonymous,3,3,0,3,5,1,0,6,0,0.0,NaN,NaN,1,0,0,0,0,1,1,0,0,0,0,0,0,0,0,0,0,0,0,28,0,0,0,0,0,0,0,1,0,1,1,0,0,0,12,-1,2
C:\Users\rique\Documents\Doutorado\SmellDetectionCaller-master\Temp\jsoup-master\src\main\java\org\jsoup\parser\TokeniserState.java,org.jsoup.parser.TokeniserState$Anonymous47,anonymous,3,3,0,3,4,1,0,10,0,0.0,NaN,NaN,1,0,0,0,0,1,1,0,0,0,0,0,0,0,0,0,0,0,0,22,0,0,0,0,0,0,0,1,0,1,1,0,0,0,12,-1,1
C:\Users\rique\Documents\Doutorado\SmellDetectionCaller-master\Temp\jsoup-master\src\main\java\org\jsoup\parser\TokeniserState.java,org.jsoup.parser.TokeniserState$Anonymous48,anonymous,3,3,0,3,4,1,0,6,0,0.0,NaN,NaN,1,0,0,0,0,1,1,0,0,0,0,0,0,0,0,0,0,0,0,23,0,0,0,0,0,0,0,1,0,1,1,0,0,0,11,-1,1
C:\Users\rique\Documents\Doutorado\SmellDetectionCaller-master\Temp\jsoup-master\src\test\java\org\jsoup\helper\HttpConnectionTest.java,org.jsoup.helper.HttpConnectionTest,class,15,15,0,15,29,1,0,71,351,0.0,0.0,0.0,27,0,27,0,0,0,27,0,0,0,0,0,0,0,0,0,0,0,16,243,0,0,0,2,0,148,13,49,1,45,1,0,0,7,107,1,0
C:\Users\rique\Documents\Doutorado\SmellDetectionCaller-master\Temp\jsoup-master\src\test\java\org\jsoup\safety\CleanerTest.java,org.jsoup.safety.CleanerTest,class,9,9,0,9,36,1,0,40,630,0.0,0.0,0.0,36,0,36,0,0,0,36,0,0,0,0,0,0,0,0,0,0,0,114,239,0,0,0,0,0,133,1,94,1,91,1,0,0,1,181,1,0
C:\Users\rique\Documents\Doutorado\SmellDetectionCaller-master\Temp\jsoup-master\src\main\java\org\jsoup\parser\TokeniserState.java,org.jsoup.parser.TokeniserState$Anonymous49,anonymous,3,3,0,3,6,1,0,7,0,0.0,NaN,NaN,1,0,0,0,0,1,1,0,0,0,0,0,0,0,0,0,0,0,0,33,0,0,0,0,0,2,0,1,0,1,1,0,0,0,12,-1,4
C:\Users\rique\Documents\Doutorado\SmellDetectionCaller-master\Temp\jsoup-master\src\main\java\org\jsoup\parser\TokeniserState.java,org.jsoup.parser.TokeniserState$Anonymous42,anonymous,2,2,0,2,3,1,0,6,0,0.0,NaN,NaN,1,0,0,0,0,1,1,0,0,0,0,0,0,0,0,0,0,0,0,20,0,0,0,0,0,0,0,2,0,1,1,0,0,0,11,-1,1
C:\Users\rique\Documents\Doutorado\SmellDetectionCaller-master\Temp\jsoup-master\src\main\java\org\jsoup\nodes\TextNode.java,org.jsoup.nodes.TextNode,class,10,31,21,10,28,3,1,29,105,0.0,0.0,0.0,15,4,10,0,0,5,15,0,0,0,0,0,0,0,0,0,0,0,8,61,12,0,4,0,4,5,7,10,2,8,1,0,0,0,121,1,0
C:\Users\rique\Documents\Doutorado\SmellDetectionCaller-master\Temp\jsoup-master\src\main\java\org\jsoup\parser\TokeniserState.java,org.jsoup.parser.TokeniserState$Anonymous43,anonymous,3,3,0,3,3,1,0,6,0,0.0,NaN,NaN,1,0,0,0,0,1,1,0,0,0,0,0,0,0,0,0,0,0,0,11,0,0,2,0,0,0,0,1,0,1,1,0,0,0,8,-1,0
C:\Users\rique\Documents\Doutorado\SmellDetectionCaller-master\Temp\jsoup-master\src\main\java\org\jsoup\parser\TokeniserState.java,org.jsoup.parser.TokeniserState$Anonymous44,anonymous,2,2,0,2,4,1,0,7,0,0.0,NaN,NaN,1,0,0,0,0,1,1,0,0,0,0,0,0,0,0,0,0,0,0,20,0,0,0,0,0,3,0,0,0,0,1,0,0,0,11,-1,1
C:\Users\rique\Documents\Doutorado\SmellDetectionCaller-master\Temp\jsoup-master\src\main\java\org\jsoup\select\Evaluator.java,org.jsoup.select.Evaluator$AttributeWithValue,innerclass,3,3,0,3,3,3,0,5,3,0.0,0.0,0.0,3,0,3,0,0,0,3,0,0,0,0,0,0,0,0,0,0,0,1,11,2,0,0,0,0,1,0,0,0,0,0,0,0,0,16,25,0
C:\Users\rique\Documents\Doutorado\SmellDetectionCaller-master\Temp\jsoup-master\src\test\java\org\jsoup\nodes\BuildEntities.java,org.jsoup.nodes.BuildEntities$ByCode,innerclass,2,2,0,2,7,1,0,2,0,0.0,NaN,NaN,1,0,1,0,0,0,1,0,0,0,0,0,0,0,0,0,0,0,0,15,5,0,6,0,0,0,10,4,4,4,2,0,0,0,10,10,0
C:\Users\rique\Documents\Doutorado\SmellDetectionCaller-master\Temp\jsoup-master\src\test\java\org\jsoup\nodes\ElementTest.java,org.jsoup.nodes.ElementTest$Anonymous1,anonymous,1,1,0,1,2,1,0,1,1,0.0,0.0,0.0,2,0,2,0,0,0,2,0,0,0,0,0,0,0,0,0,0,0,0,7,0,0,0,0,0,0,0,0,0,0,0,0,0,0,4,-1,0
C:\Users\rique\Documents\Doutorado\SmellDetectionCaller-master\Temp\jsoup-master\src\main\java\org\jsoup\parser\TokeniserState.java,org.jsoup.parser.TokeniserState$Anonymous45,anonymous,3,3,0,3,5,1,0,7,0,0.0,NaN,NaN,1,0,0,0,0,1,1,0,0,0,0,0,0,0,0,0,0,0,0,28,0,0,0,0,0,0,0,1,0,1,1,0,0,0,12,-1,2
C:\Users\rique\Documents\Doutorado\SmellDetectionCaller-master\Temp\jsoup-master\src\test\java\org\jsoup\nodes\ElementTest.java,org.jsoup.nodes.ElementTest$Anonymous2,anonymous,2,2,0,2,2,1,0,0,1,0.0,0.0,0.0,2,0,2,0,0,0,2,0,0,0,0,0,0,0,0,0,0,0,0,8,2,0,0,0,0,0,0,0,0,0,0,0,0,0,6,-1,0
C:\Users\rique\Documents\Doutorado\SmellDetectionCaller-master\Temp\jsoup-master\src\main\java\org\jsoup\select\Evaluator.java,org.jsoup.select.Evaluator$AttributeWithValueNot,innerclass,3,3,0,3,3,3,0,3,3,0.0,0.0,0.0,3,0,3,0,0,0,3,0,0,0,0,0,0,0,0,0,0,0,1,11,2,0,0,0,0,1,0,0,0,0,0,0,0,0,17,25,0
C:\Users\rique\Documents\Doutorado\SmellDetectionCaller-master\Temp\jsoup-master\src\main\java\org\jsoup\parser\ParseErrorList.java,org.jsoup.parser.ParseErrorList,class,2,10,8,2,7,4,0,1,0,0.5555555,0.0,0.0,6,2,2,0,0,4,6,0,0,0,3,1,0,3,0,0,3,0,0,25,4,0,0,0,0,0,3,3,0,3,0,0,0,0,40,1,0
C:\Users\rique\Documents\Doutorado\SmellDetectionCaller-master\Temp\jsoup-master\src\test\java\org\jsoup\nodes\FormElementTest.java,org.jsoup.nodes.FormElementTest,class,15,15,0,15,15,1,0,47,91,0.0,0.0,0.0,14,2,14,0,0,0,14,0,0,0,0,0,0,0,0,0,0,0,15,130,0,0,0,1,3,88,25,50,4,49,1,0,0,0,111,1,0
C:\Users\rique\Documents\Doutorado\SmellDetectionCaller-master\Temp\jsoup-master\src\main\java\org\jsoup\nodes\Element.java,org.jsoup.nodes.Element$Anonymous1,anonymous,4,4,0,4,12,1,0,8,1,0.0,0.0,0.0,2,0,2,0,0,0,2,0,0,0,0,0,0,0,0,0,0,0,3,18,0,0,0,0,2,1,1,3,0,3,2,0,0,0,12,-1,0
C:\Users\rique\Documents\Doutorado\SmellDetectionCaller-master\Temp\jsoup-master\src\main\java\org\jsoup\nodes\Element.java,org.jsoup.nodes.Element$Anonymous2,anonymous,2,2,0,2,3,1,0,2,1,0.0,0.0,0.0,2,0,2,0,0,0,2,0,0,0,0,0,0,0,0,0,0,0,0,10,0,0,0,0,0,0,0,1,0,1,1,0,0,0,7,-1,0
C:\Users\rique\Documents\Doutorado\SmellDetectionCaller-master\Temp\jsoup-master\src\main\java\org\jsoup\SerializationException.java,org.jsoup.SerializationException,class,0,5,5,0,4,4,0,0,6,0.0,0.0,0.0,4,0,4,0,0,0,4,0,0,0,0,0,0,0,0,0,0,0,0,14,0,0,0,0,0,0,0,0,0,0,0,0,0,0,44,17,0
C:\Users\rique\Documents\Doutorado\SmellDetectionCaller-master\Temp\jsoup-master\src\main\java\org\jsoup\select\CombiningEvaluator.java,org.jsoup.select.CombiningEvaluator$Or,innerclass,5,5,0,5,9,3,0,7,15,0.0,0.0,0.0,6,0,3,0,0,3,6,0,0,0,0,0,0,0,0,0,0,0,2,28,3,1,0,0,0,1,2,2,0,2,2,0,0,0,44,25,0
C:\Users\rique\Documents\Doutorado\SmellDetectionCaller-master\Temp\jsoup-master\src\main\java\org\jsoup\select\Evaluator.java,org.jsoup.select.Evaluator$ContainsText,innerclass,3,3,0,3,3,2,0,4,0,0.0,0.0,0.0,3,0,3,0,0,0,3,0,0,0,1,0,0,1,0,0,1,0,3,12,2,0,0,0,0,1,0,1,0,1,0,0,0,0,16,25,0
C:\Users\rique\Documents\Doutorado\SmellDetectionCaller-master\Temp\jsoup-master\src\main\java\org\jsoup\Connection.java,org.jsoup.Connection$Base,interface,4,4,0,4,18,1,0,0,153,0.0,0.0,0.0,18,0,0,0,0,18,18,0,0,0,0,0,0,0,0,0,0,0,0,20,0,0,0,0,0,1,0,0,0,0,0,0,0,0,129,0,0
C:\Users\rique\Documents\Doutorado\SmellDetectionCaller-master\Temp\jsoup-master\src\test\java\org\jsoup\nodes\EntitiesTest.java,org.jsoup.nodes.EntitiesTest,class,10,10,0,10,16,1,0,20,120,0.0,0.0,0.0,16,0,16,0,0,0,16,0,0,0,0,0,0,0,0,0,0,0,39,122,0,0,0,0,0,73,9,36,0,36,0,0,0,0,111,1,0
C:\Users\rique\Documents\Doutorado\SmellDetectionCaller-master\Temp\jsoup-master\src\main\java\org\jsoup\parser\TokeniserState.java,org.jsoup.parser.TokeniserState$Anonymous50,anonymous,3,3,0,3,5,1,0,7,0,0.0,NaN,NaN,1,0,0,0,0,1,1,0,0,0,0,0,0,0,0,0,0,0,0,28,0,0,0,0,0,3,0,1,0,1,1,0,0,0,12,-1,1
C:\Users\rique\Documents\Doutorado\SmellDetectionCaller-master\Temp\jsoup-master\src\main\java\org\jsoup\parser\TokeniserState.java,org.jsoup.parser.TokeniserState$Anonymous51,anonymous,2,2,0,2,8,1,0,6,0,0.0,NaN,NaN,1,0,0,0,0,1,1,0,0,0,0,0,0,0,0,0,0,0,0,26,0,0,0,0,0,0,0,2,0,1,1,0,0,0,11,-1,2
C:\Users\rique\Documents\Doutorado\SmellDetectionCaller-master\Temp\jsoup-master\src\main\java\org\jsoup\select\Evaluator.java,org.jsoup.select.Evaluator$Id,innerclass,2,2,0,2,3,2,0,3,0,0.0,0.0,0.0,3,0,3,0,0,0,3,0,0,0,1,0,0,1,0,0,1,0,1,12,2,0,0,0,1,1,0,1,0,1,0,0,0,0,8,25,0
C:\Users\rique\Documents\Doutorado\SmellDetectionCaller-master\Temp\jsoup-master\src\main\java\org\jsoup\select\Evaluator.java,org.jsoup.select.Evaluator$IsNthOfType,innerclass,4,4,0,4,7,3,0,4,3,0.0,0.0,0.0,3,0,1,0,2,0,3,0,0,0,0,0,0,0,0,0,0,0,0,18,3,1,2,0,0,1,2,2,0,2,2,0,0,0,24,9,0
C:\Users\rique\Documents\Doutorado\SmellDetectionCaller-master\Temp\jsoup-master\src\test\java\org\jsoup\integration\ConnectTest.java,org.jsoup.integration.ConnectTest,class,30,31,1,30,57,1,0,94,748,0.5833333,0.0,0.0,48,3,46,1,0,1,47,0,0,0,1,1,0,1,0,0,0,0,129,411,1,1,1,5,0,278,28,134,8,130,1,0,0,2,258,1,0
C:\Users\rique\Documents\Doutorado\SmellDetectionCaller-master\Temp\jsoup-master\src\main\java\org\jsoup\parser\TokeniserState.java,org.jsoup.parser.TokeniserState$Anonymous52,anonymous,2,2,0,2,9,1,0,8,0,0.0,NaN,NaN,1,0,0,0,0,1,1,0,0,0,0,0,0,0,0,0,0,0,0,35,1,0,0,0,0,0,0,2,0,1,1,0,0,0,12,-1,1
C:\Users\rique\Documents\Doutorado\SmellDetectionCaller-master\Temp\jsoup-master\src\test\java\org\jsoup\parser\TagTest.java,org.jsoup.parser.TagTest,class,3,3,0,3,11,1,0,15,55,0.0,0.0,0.0,11,0,11,0,0,0,11,0,0,0,0,0,0,0,0,0,0,0,16,57,0,0,0,0,0,16,0,13,0,13,0,0,0,2,39,1,0
C:\Users\rique\Documents\Doutorado\SmellDetectionCaller-master\Temp\jsoup-master\src\main\java\org\jsoup\select\StructuralEvaluator.java,org.jsoup.select.StructuralEvaluator$PreviousSibling,innerclass,3,3,0,3,6,3,0,3,3,0.0,0.0,0.0,3,0,3,0,0,0,3,0,0,0,0,0,0,0,0,0,0,0,1,17,4,1,2,0,0,1,0,3,0,1,2,0,0,0,15,8,0
C:\Users\rique\Documents\Doutorado\SmellDetectionCaller-master\Temp\jsoup-master\src\main\java\org\jsoup\parser\TokeniserState.java,org.jsoup.parser.TokeniserState$Anonymous57,anonymous,2,2,0,2,5,1,0,6,0,0.0,NaN,NaN,1,0,0,0,0,1,1,0,0,0,0,0,0,0,0,0,0,0,0,28,0,0,0,0,0,0,0,3,0,1,1,0,0,0,14,-1,2
C:\Users\rique\Documents\Doutorado\SmellDetectionCaller-master\Temp\jsoup-master\src\main\java\org\jsoup\safety\Whitelist.java,org.jsoup.safety.Whitelist,class,5,9,4,5,19,2,0,17,171,0.0,0.0,0.0,19,5,16,0,2,1,19,0,0,0,0,0,0,0,0,0,0,0,5,68,17,0,0,0,0,0,0,0,0,0,0,0,0,0,93,1,0
C:\Users\rique\Documents\Doutorado\SmellDetectionCaller-master\Temp\jsoup-master\src\main\java\org\jsoup\parser\TokeniserState.java,org.jsoup.parser.TokeniserState$Anonymous58,anonymous,2,2,0,2,5,1,0,6,0,0.0,NaN,NaN,1,0,0,0,0,1,1,0,0,0,0,0,0,0,0,0,0,0,0,28,0,0,0,0,0,0,0,3,0,1,1,0,0,0,14,-1,2
C:\Users\rique\Documents\Doutorado\SmellDetectionCaller-master\Temp\jsoup-master\src\main\java\org\jsoup\parser\TokeniserState.java,org.jsoup.parser.TokeniserState$Anonymous59,anonymous,2,2,0,2,10,1,0,5,0,0.0,NaN,NaN,1,0,0,0,0,1,1,0,0,0,0,0,0,0,0,0,0,0,0,36,0,0,0,0,0,0,0,3,0,1,1,0,0,0,19,-1,3
C:\Users\rique\Documents\Doutorado\SmellDetectionCaller-master\Temp\jsoup-master\src\main\java\org\jsoup\examples\HtmlToPlainText.java,org.jsoup.examples.HtmlToPlainText$FormattingVisitor,innerclass,5,5,0,5,18,1,0,14,4,0.6666667,0.0,0.0,4,0,3,1,0,0,3,0,0,0,3,1,0,3,0,0,1,0,4,44,2,1,2,0,2,32,7,14,5,9,4,0,0,0,22,10,0
C:\Users\rique\Documents\Doutorado\SmellDetectionCaller-master\Temp\jsoup-master\src\main\java\org\jsoup\parser\TokeniserState.java,org.jsoup.parser.TokeniserState$Anonymous53,anonymous,2,2,0,2,10,1,0,9,0,0.0,NaN,NaN,1,0,0,0,0,1,1,0,0,0,0,0,0,0,0,0,0,0,0,35,1,0,0,0,0,0,0,3,0,2,1,0,0,0,14,-1,1
C:\Users\rique\Documents\Doutorado\SmellDetectionCaller-master\Temp\jsoup-master\src\main\java\org\jsoup\select\Collector.java,org.jsoup.select.Collector,class,9,11,2,9,3,1,0,2,3,0.0,0.0,0.0,3,2,2,1,0,0,2,0,0,0,0,0,0,0,0,0,0,0,2,54,2,0,0,0,0,0,0,2,0,2,0,0,2,0,48,1,0
C:\Users\rique\Documents\Doutorado\SmellDetectionCaller-master\Temp\jsoup-master\src\main\java\org\jsoup\select\Collector.java,org.jsoup.select.Collector$Accumulator,innerclass,5,5,0,5,5,1,0,2,1,0.33333334,0.0,0.0,3,0,2,0,0,1,3,0,0,0,3,0,0,3,0,0,3,0,0,18,0,0,0,0,0,0,0,4,0,4,2,0,0,0,14,10,0
C:\Users\rique\Documents\Doutorado\SmellDetectionCaller-master\Temp\jsoup-master\src\main\java\org\jsoup\parser\TokeniserState.java,org.jsoup.parser.TokeniserState$Anonymous54,anonymous,2,2,0,2,6,1,0,10,0,0.0,NaN,NaN,1,0,0,0,0,1,1,0,0,0,0,0,0,0,0,0,0,0,0,29,1,0,0,0,0,0,0,4,0,0,2,0,0,0,13,-1,1
C:\Users\rique\Documents\Doutorado\SmellDetectionCaller-master\Temp\jsoup-master\src\main\java\org\jsoup\parser\TokeniserState.java,org.jsoup.parser.TokeniserState$Anonymous55,anonymous,2,2,0,2,10,1,0,5,0,0.0,NaN,NaN,1,0,0,0,0,1,1,0,0,0,0,0,0,0,0,0,0,0,0,38,0,0,0,0,0,0,0,4,0,1,1,0,0,0,16,-1,4
C:\Users\rique\Documents\Doutorado\SmellDetectionCaller-master\Temp\jsoup-master\src\main\java\org\jsoup\nodes\Attributes.java,org.jsoup.nodes.Attributes$Dataset$DatasetIterator,innerclass,2,2,0,2,5,1,0,9,0,0.33333334,0.0,0.0,3,0,3,0,0,0,3,0,0,0,2,0,0,2,0,0,0,0,0,17,3,1,0,0,0,0,0,2,0,2,2,0,0,0,11,2,0
C:\Users\rique\Documents\Doutorado\SmellDetectionCaller-master\Temp\jsoup-master\src\main\java\org\jsoup\parser\TokeniserState.java,org.jsoup.parser.TokeniserState$Anonymous56,anonymous,2,2,0,2,10,1,0,5,0,0.0,NaN,NaN,1,0,0,0,0,1,1,0,0,0,0,0,0,0,0,0,0,0,0,35,0,0,0,0,0,0,0,4,0,1,1,0,0,0,15,-1,2
C:\Users\rique\Documents\Doutorado\SmellDetectionCaller-master\Temp\jsoup-master\src\main\java\org\jsoup\select\StructuralEvaluator.java,org.jsoup.select.StructuralEvaluator$Not,innerclass,3,3,0,3,3,3,0,2,3,0.0,0.0,0.0,3,0,3,0,0,0,3,0,0,0,0,0,0,0,0,0,0,0,1,11,2,0,0,0,0,1,0,1,0,0,0,0,0,0,9,8,0
C:\Users\rique\Documents\Doutorado\SmellDetectionCaller-master\Temp\jsoup-master\src\main\java\org\jsoup\internal\ConstrainableInputStream.java,org.jsoup.internal.ConstrainableInputStream,class,3,7,4,3,28,4,0,11,0,0.6734694,0.0,0.0,7,1,5,2,0,0,5,0,0,0,7,1,0,7,0,0,3,0,6,74,9,1,3,1,1,2,16,22,4,16,3,0,0,0,91,17,0
C:\Users\rique\Documents\Doutorado\SmellDetectionCaller-master\Temp\jsoup-master\src\main\java\org\jsoup\parser\CharacterReader.java,org.jsoup.parser.CharacterReader,class,4,80,76,4,175,1,0,29,0,0.81185186,0.0,0.0,45,2,11,3,0,31,42,0,0,0,15,6,0,12,0,3,6,0,28,437,59,22,22,2,15,10,44,113,36,87,3,0,0,0,212,17,0
C:\Users\rique\Documents\Doutorado\SmellDetectionCaller-master\Temp\jsoup-master\src\main\java\org\jsoup\select\Evaluator.java,org.jsoup.select.Evaluator$IsFirstChild,innerclass,3,3,0,3,4,2,0,2,1,0.0,0.0,0.0,2,0,2,0,0,0,2,0,0,0,0,0,0,0,0,0,0,0,0,9,2,0,2,0,1,1,1,1,0,1,0,0,0,0,18,25,0
C:\Users\rique\Documents\Doutorado\SmellDetectionCaller-master\Temp\jsoup-master\src\main\java\org\jsoup\parser\TokeniserState.java,org.jsoup.parser.TokeniserState$Anonymous60,anonymous,2,2,0,2,10,1,0,5,0,0.0,NaN,NaN,1,0,0,0,0,1,1,0,0,0,0,0,0,0,0,0,0,0,0,35,0,0,0,0,0,0,0,3,0,1,1,0,0,0,15,-1,3
C:\Users\rique\Documents\Doutorado\SmellDetectionCaller-master\Temp\jsoup-master\src\main\java\org\jsoup\parser\TokeniserState.java,org.jsoup.parser.TokeniserState$Anonymous61,anonymous,2,2,0,2,10,1,0,5,0,0.0,NaN,NaN,1,0,0,0,0,1,1,0,0,0,0,0,0,0,0,0,0,0,0,38,0,0,0,0,0,0,0,4,0,1,1,0,0,0,15,-1,4
C:\Users\rique\Documents\Doutorado\SmellDetectionCaller-master\Temp\jsoup-master\src\main\java\org\jsoup\parser\TokeniserState.java,org.jsoup.parser.TokeniserState$Anonymous62,anonymous,2,2,0,2,10,1,0,5,0,0.0,NaN,NaN,1,0,0,0,0,1,1,0,0,0,0,0,0,0,0,0,0,0,0,35,0,0,0,0,0,0,0,4,0,1,1,0,0,0,15,-1,2
C:\Users\rique\Documents\Doutorado\SmellDetectionCaller-master\Temp\jsoup-master\src\main\java\org\jsoup\parser\TokeniserState.java,org.jsoup.parser.TokeniserState$Anonymous63,anonymous,2,2,0,2,5,1,0,6,0,0.0,NaN,NaN,1,0,0,0,0,1,1,0,0,0,0,0,0,0,0,0,0,0,0,28,0,0,0,0,0,0,0,3,0,1,1,0,0,0,14,-1,2
C:\Users\rique\Documents\Doutorado\SmellDetectionCaller-master\Temp\jsoup-master\src\main\java\org\jsoup\select\StructuralEvaluator.java,org.jsoup.select.StructuralEvaluator$Root,innerclass,2,2,0,2,2,2,0,0,0,0.0,NaN,NaN,1,0,1,0,0,0,1,0,0,0,0,0,0,0,0,0,0,0,0,5,1,0,1,0,0,0,0,0,0,0,0,0,0,0,6,8,0
C:\Users\rique\Documents\Doutorado\SmellDetectionCaller-master\Temp\jsoup-master\src\main\java\org\jsoup\helper\HttpConnection.java,org.jsoup.helper.HttpConnection$Response,innerclass,23,23,0,23,100,2,0,150,55,0.82467526,0.0,0.0,22,7,10,8,0,4,14,0,0,0,14,3,0,14,0,0,7,0,50,354,16,10,30,4,6,44,13,85,6,53,4,0,0,0,214,9,0
C:\Users\rique\Documents\Doutorado\SmellDetectionCaller-master\Temp\jsoup-master\src\main\java\org\jsoup\select\NodeVisitor.java,org.jsoup.select.NodeVisitor,interface,1,18,17,1,2,1,0,0,1,0.0,0.0,0.0,2,0,0,0,0,2,2,0,0,0,0,0,0,0,0,0,0,0,0,4,0,0,0,0,0,0,0,0,0,0,0,0,0,0,79,1,0
C:\Users\rique\Documents\Doutorado\SmellDetectionCaller-master\Temp\jsoup-master\src\main\java\org\jsoup\safety\Safelist.java,org.jsoup.safety.Safelist$Protocol,innerclass,2,2,0,2,2,2,0,0,1,0.0,0.0,0.0,2,1,0,0,0,2,2,0,0,0,0,0,0,0,0,0,0,0,0,8,1,0,0,0,0,0,0,0,0,0,0,0,0,0,5,8,0
C:\Users\rique\Documents\Doutorado\SmellDetectionCaller-master\Temp\jsoup-master\src\test\java\org\jsoup\helper\ValidateTest.java,org.jsoup.helper.ValidateTest,class,2,2,0,2,2,1,0,2,0,0.0,NaN,NaN,1,0,1,0,0,0,1,0,0,0,0,0,0,0,0,0,0,0,2,13,0,0,0,1,0,1,0,2,0,1,1,0,0,0,13,1,0
C:\Users\rique\Documents\Doutorado\SmellDetectionCaller-master\Temp\jsoup-master\src\main\java\org\jsoup\parser\Token.java,org.jsoup.parser.Token$EOF,innerclass,2,2,0,2,3,2,0,0,3,0.0,0.0,0.0,3,0,1,0,0,2,3,0,0,0,0,0,0,0,0,0,0,0,0,11,2,0,0,0,0,1,0,1,0,0,0,0,0,0,8,24,0
C:\Users\rique\Documents\Doutorado\SmellDetectionCaller-master\Temp\jsoup-master\src\main\java\org\jsoup\parser\Token.java,org.jsoup.parser.Token$StartTag,innerclass,4,4,0,4,6,3,0,6,6,0.0,0.0,0.0,4,0,1,0,0,3,4,0,0,0,0,0,0,0,0,0,0,0,1,21,4,0,0,0,0,5,1,5,2,0,1,0,0,0,17,24,0
C:\Users\rique\Documents\Doutorado\SmellDetectionCaller-master\Temp\jsoup-master\src\main\java\org\jsoup\select\Evaluator.java,org.jsoup.select.Evaluator$AttributeWithValueStarting,innerclass,4,4,0,4,3,3,0,5,3,0.0,0.0,0.0,3,0,3,0,0,0,3,0,0,0,0,0,0,0,0,0,0,0,2,11,2,0,0,0,0,1,0,0,0,0,0,0,0,0,20,25,0
C:\Users\rique\Documents\Doutorado\SmellDetectionCaller-master\Temp\jsoup-master\src\main\java\org\jsoup\nodes\DocumentType.java,org.jsoup.nodes.DocumentType,class,5,13,8,5,20,3,0,9,19,0.73333335,0.0,0.0,10,0,6,2,0,2,8,0,0,0,6,6,2,4,0,0,6,0,4,56,5,0,2,0,0,13,0,6,0,6,1,0,0,0,56,1,0
C:\Users\rique\Documents\Doutorado\SmellDetectionCaller-master\Temp\jsoup-master\src\main\java\org\jsoup\Connection.java,org.jsoup.Connection$Request,interface,5,5,0,5,23,1,0,0,253,0.0,0.0,0.0,23,0,0,0,0,23,23,0,0,0,0,0,0,0,0,0,0,0,0,25,0,0,0,0,0,1,0,0,0,0,0,0,0,0,124,0,0
C:\Users\rique\Documents\Doutorado\SmellDetectionCaller-master\Temp\jsoup-master\src\main\java\org\jsoup\examples\HtmlToPlainText.java,org.jsoup.examples.HtmlToPlainText,class,10,11,1,10,7,1,0,10,1,0.5,0.0,0.0,2,1,2,0,0,0,2,0,0,0,2,2,0,2,0,0,2,0,3,71,1,1,4,0,0,2,7,10,1,10,2,0,1,0,86,1,0
C:\Users\rique\Documents\Doutorado\SmellDetectionCaller-master\Temp\jsoup-master\src\main\java\org\jsoup\HttpStatusException.java,org.jsoup.HttpStatusException,class,0,2,2,0,3,4,0,0,0,0.33333334,0.0,0.0,3,0,3,0,0,0,3,0,0,0,2,0,0,2,0,0,2,0,0,15,2,0,0,0,0,3,0,2,1,2,0,0,0,0,25,1,0
C:\Users\rique\Documents\Doutorado\SmellDetectionCaller-master\Temp\jsoup-master\src\main\java\org\jsoup\select\QueryParser.java,org.jsoup.select.QueryParser,class,51,57,6,51,98,1,0,67,0,0.7077922,0.0,0.0,22,1,2,19,0,1,3,0,0,0,7,4,0,7,0,0,7,0,30,265,6,2,6,1,2,87,18,52,1,33,28,0,0,0,112,1,0
C:\Users\rique\Documents\Doutorado\SmellDetectionCaller-master\Temp\jsoup-master\src\main\java\org\jsoup\parser\HtmlTreeBuilderState.java,org.jsoup.parser.HtmlTreeBuilderState$Anonymous23,anonymous,2,2,0,2,1,1,0,0,0,0.0,NaN,NaN,1,0,0,0,0,1,1,0,0,0,0,0,0,0,0,0,0,0,0,5,1,0,0,0,0,0,0,0,0,0,0,0,0,0,7,-1,0
C:\Users\rique\Documents\Doutorado\SmellDetectionCaller-master\Temp\jsoup-master\src\main\java\org\jsoup\nodes\NodeUtils.java,org.jsoup.nodes.NodeUtils,class,5,8,3,5,5,1,0,3,1,0.0,0.0,0.0,2,2,0,0,0,2,2,0,0,0,0,0,0,0,0,0,0,0,0,10,2,0,3,0,1,1,0,2,0,2,0,0,0,0,51,16,0
C:\Users\rique\Documents\Doutorado\SmellDetectionCaller-master\Temp\jsoup-master\src\main\java\org\jsoup\parser\HtmlTreeBuilderState.java,org.jsoup.parser.HtmlTreeBuilderState$Anonymous22,anonymous,4,4,0,4,9,1,0,12,0,0.0,NaN,NaN,1,0,0,0,0,1,1,0,0,0,0,0,0,0,0,0,0,0,1,20,4,0,0,0,1,2,0,0,0,0,1,0,0,0,11,-1,1
C:\Users\rique\Documents\Doutorado\SmellDetectionCaller-master\Temp\jsoup-master\src\main\java\org\jsoup\select\Evaluator.java,org.jsoup.select.Evaluator$Matches,innerclass,2,2,0,2,3,2,0,4,0,0.0,0.0,0.0,3,0,3,0,0,0,3,0,0,0,1,0,0,1,0,0,1,0,1,13,2,0,0,0,0,1,0,2,0,2,0,0,0,0,18,25,0
C:\Users\rique\Documents\Doutorado\SmellDetectionCaller-master\Temp\jsoup-master\src\main\java\org\jsoup\select\Evaluator.java,org.jsoup.select.Evaluator$IsOnlyChild,innerclass,3,3,0,3,3,2,0,3,1,0.0,0.0,0.0,2,0,2,0,0,0,2,0,0,0,0,0,0,0,0,0,0,0,0,9,2,0,1,0,1,1,0,1,0,1,0,0,0,0,12,25,0
C:\Users\rique\Documents\Doutorado\SmellDetectionCaller-master\Temp\jsoup-master\src\test\java\org\jsoup\integration\FuzzFixesIT.java,org.jsoup.integration.FuzzFixesIT,class,6,6,0,6,8,1,0,12,1,0.44444445,0.0,0.0,3,1,0,1,0,2,2,0,0,0,3,3,0,0,0,3,0,0,11,29,1,2,0,0,0,9,7,12,4,12,2,0,0,0,58,1,0
C:\Users\rique\Documents\Doutorado\SmellDetectionCaller-master\Temp\jsoup-master\src\test\java\org\jsoup\nodes\ElementIT.java,org.jsoup.nodes.ElementIT,class,5,5,0,5,6,1,0,17,1,0.0,0.0,0.0,2,0,2,0,0,0,2,0,0,0,0,0,0,0,0,0,0,0,6,53,0,2,0,0,0,14,19,20,7,20,1,0,0,0,29,1,0
C:\Users\rique\Documents\Doutorado\SmellDetectionCaller-master\Temp\jsoup-master\src\main\java\org\jsoup\Connection.java,org.jsoup.Connection$Method,enum,0,0,0,0,2,1,0,0,0,0.0,0.0,0.0,2,0,1,0,0,1,2,0,1,0,1,0,0,1,0,0,1,0,0,8,1,0,0,0,0,0,0,1,0,1,0,0,0,0,30,0,0
C:\Users\rique\Documents\Doutorado\SmellDetectionCaller-master\Temp\jsoup-master\src\main\java\org\jsoup\UncheckedIOException.java,org.jsoup.UncheckedIOException,class,0,5,5,0,3,4,0,1,3,0.0,0.0,0.0,3,0,3,0,0,0,3,0,0,0,0,0,0,0,0,0,0,0,0,11,1,0,0,0,0,0,0,0,0,0,0,0,0,0,10,1,0
C:\Users\rique\Documents\Doutorado\SmellDetectionCaller-master\Temp\jsoup-master\src\test\java\org\jsoup\integration\SafelistExtensionTest.java,org.jsoup.integration.SafelistExtensionTest$OpenSafelist,innerclass,3,3,0,3,5,2,0,4,3,0.0,0.0,0.0,3,0,1,0,2,0,3,0,0,0,0,0,0,0,0,0,0,0,0,13,4,0,0,0,0,2,0,0,0,0,1,0,0,0,11,10,0
C:\Users\rique\Documents\Doutorado\SmellDetectionCaller-master\Temp\jsoup-master\src\main\java\org\jsoup\helper\HttpConnection.java,org.jsoup.helper.HttpConnection$Base,innerclass,10,10,0,10,61,1,0,34,134,0.79999995,0.0,0.0,24,2,18,6,0,0,19,0,0,0,5,1,0,1,0,4,1,0,23,181,30,7,11,1,8,16,28,30,3,18,3,0,0,0,89,1034,0
C:\Users\rique\Documents\Doutorado\SmellDetectionCaller-master\Temp\jsoup-master\src\main\java\org\jsoup\parser\TokenQueue.java,org.jsoup.parser.TokenQueue,class,4,8,4,4,93,1,0,33,0,0.48958334,0.0,0.0,32,1,31,1,0,0,31,0,0,0,3,1,0,3,0,0,1,0,7,211,32,12,18,0,6,9,23,49,5,31,4,0,0,0,226,1,0
C:\Users\rique\Documents\Doutorado\SmellDetectionCaller-master\Temp\jsoup-master\src\main\java\org\jsoup\parser\ParseSettings.java,org.jsoup.parser.ParseSettings,class,3,15,12,3,12,1,0,3,0,0.67857146,0.0,0.0,7,0,5,0,0,2,8,0,0,0,4,2,2,2,0,0,4,0,2,39,5,0,1,0,0,0,0,8,0,4,1,0,0,0,44,1,0
C:\Users\rique\Documents\Doutorado\SmellDetectionCaller-master\Temp\jsoup-master\src\main\java\org\jsoup\select\NodeFilter.java,org.jsoup.select.NodeFilter,interface,2,11,9,2,2,1,0,0,1,0.0,0.0,0.0,2,0,0,0,0,2,2,0,0,0,0,0,0,0,0,0,0,0,0,10,0,0,0,0,0,0,0,0,0,0,0,0,1,0,89,1,0
C:\Users\rique\Documents\Doutorado\SmellDetectionCaller-master\Temp\jsoup-master\src\main\java\org\jsoup\parser\HtmlTreeBuilderState.java,org.jsoup.parser.HtmlTreeBuilderState$Anonymous21,anonymous,5,5,0,5,9,1,0,19,0,0.0,NaN,NaN,1,0,0,0,0,1,1,0,0,0,0,0,0,0,0,0,0,0,1,27,3,0,2,0,1,3,0,2,0,2,3,0,0,0,16,-1,1
C:\Users\rique\Documents\Doutorado\SmellDetectionCaller-master\Temp\jsoup-master\src\main\java\org\jsoup\parser\HtmlTreeBuilderState.java,org.jsoup.parser.HtmlTreeBuilderState$Anonymous20,anonymous,4,4,0,4,11,1,0,17,0,0.0,NaN,NaN,1,0,0,0,0,1,1,0,0,0,0,0,0,0,0,0,0,0,1,30,5,0,0,0,0,3,0,0,0,0,1,0,0,0,13,-1,2
C:\Users\rique\Documents\Doutorado\SmellDetectionCaller-master\Temp\jsoup-master\src\main\java\org\jsoup\parser\HtmlTreeBuilderState.java,org.jsoup.parser.HtmlTreeBuilderState$Anonymous12,anonymous,8,8,0,8,14,1,0,18,1,0.0,NaN,NaN,2,0,0,1,0,1,1,0,0,0,0,0,0,0,0,0,0,0,1,53,11,0,0,0,0,6,0,3,0,3,3,0,0,0,19,-1,2
C:\Users\rique\Documents\Doutorado\SmellDetectionCaller-master\Temp\jsoup-master\src\main\java\org\jsoup\parser\HtmlTreeBuilderState.java,org.jsoup.parser.HtmlTreeBuilderState$Anonymous11,anonymous,6,6,0,6,12,1,0,17,0,0.0,NaN,NaN,1,0,0,0,0,1,1,0,0,0,0,0,0,0,0,0,0,0,2,32,5,0,0,0,1,5,0,3,0,3,3,0,0,0,17,-1,4
C:\Users\rique\Documents\Doutorado\SmellDetectionCaller-master\Temp\jsoup-master\src\main\java\org\jsoup\parser\HtmlTreeBuilderState.java,org.jsoup.parser.HtmlTreeBuilderState$Anonymous14,anonymous,8,8,0,8,16,1,0,19,3,0.0,NaN,NaN,3,0,0,2,0,1,1,0,0,0,0,0,0,0,0,0,0,0,4,67,12,0,0,0,0,5,0,5,0,5,3,0,0,0,25,-1,3
C:\Users\rique\Documents\Doutorado\SmellDetectionCaller-master\Temp\jsoup-master\src\main\java\org\jsoup\parser\HtmlTreeBuilderState.java,org.jsoup.parser.HtmlTreeBuilderState$Anonymous13,anonymous,9,9,0,9,16,1,0,20,3,0.0,NaN,NaN,3,0,0,2,0,1,1,0,0,0,0,0,0,0,0,0,0,0,4,65,12,0,0,0,1,7,0,4,0,3,3,0,0,0,22,-1,4
C:\Users\rique\Documents\Doutorado\SmellDetectionCaller-master\Temp\jsoup-master\src\test\java\org\jsoup\parser\AttributeParseTest.java,org.jsoup.parser.AttributeParseTest,class,9,9,0,9,8,1,0,22,28,0.0,0.0,0.0,8,0,8,0,0,0,8,0,0,0,0,0,0,0,0,0,0,0,10,65,0,0,0,0,0,54,8,21,0,20,0,0,0,0,64,1,0
C:\Users\rique\Documents\Doutorado\SmellDetectionCaller-master\Temp\jsoup-master\src\main\java\org\jsoup\parser\HtmlTreeBuilderState.java,org.jsoup.parser.HtmlTreeBuilderState$Anonymous16,anonymous,10,10,0,10,29,1,0,24,1,0.0,NaN,NaN,2,0,0,1,0,1,1,0,0,0,0,0,0,0,0,0,0,0,1,89,13,0,1,0,0,23,0,5,0,4,4,0,0,0,18,-1,9
C:\Users\rique\Documents\Doutorado\SmellDetectionCaller-master\Temp\jsoup-master\src\main\java\org\jsoup\helper\W3CDom.java,org.jsoup.helper.W3CDom$W3CBuilder,innerclass,14,14,0,14,20,1,0,32,0,0.57142866,0.0,0.0,5,0,3,2,0,0,3,0,0,0,7,4,0,7,0,0,6,0,2,80,1,2,1,1,0,11,2,26,1,23,2,0,0,0,63,12,0
C:\Users\rique\Documents\Doutorado\SmellDetectionCaller-master\Temp\jsoup-master\src\main\java\org\jsoup\parser\HtmlTreeBuilderState.java,org.jsoup.parser.HtmlTreeBuilderState$Anonymous15,anonymous,7,7,0,7,15,1,0,18,3,0.0,NaN,NaN,3,0,0,2,0,1,1,0,0,0,0,0,0,0,0,0,0,0,4,54,10,0,0,0,1,5,0,2,0,2,3,0,0,0,20,-1,5
C:\Users\rique\Documents\Doutorado\SmellDetectionCaller-master\Temp\jsoup-master\src\main\java\org\jsoup\parser\HtmlTreeBuilderState.java,org.jsoup.parser.HtmlTreeBuilderState$Anonymous18,anonymous,4,4,0,4,10,1,0,19,0,0.0,NaN,NaN,1,0,0,0,0,1,1,0,0,0,0,0,0,0,0,0,0,0,1,34,5,0,0,0,0,2,0,0,0,0,2,0,0,0,14,-1,3
C:\Users\rique\Documents\Doutorado\SmellDetectionCaller-master\Temp\jsoup-master\src\main\java\org\jsoup\parser\HtmlTreeBuilderState.java,org.jsoup.parser.HtmlTreeBuilderState$Anonymous17,anonymous,4,4,0,4,6,1,0,12,0,0.0,NaN,NaN,1,0,0,0,0,1,1,0,0,0,0,0,0,0,0,0,0,0,2,22,4,0,0,0,1,2,0,0,0,0,2,0,0,0,10,-1,2
C:\Users\rique\Documents\Doutorado\SmellDetectionCaller-master\Temp\jsoup-master\src\main\java\org\jsoup\parser\HtmlTreeBuilderState.java,org.jsoup.parser.HtmlTreeBuilderState$Anonymous19,anonymous,6,6,0,6,16,1,0,22,0,0.0,NaN,NaN,1,0,0,0,0,1,1,0,0,0,0,0,0,0,0,0,0,0,1,55,8,0,0,0,0,8,0,1,0,1,3,0,0,0,14,-1,5
C:\Users\rique\Documents\Doutorado\SmellDetectionCaller-master\Temp\jsoup-master\src\main\java\org\jsoup\select\Evaluator.java,org.jsoup.select.Evaluator$ContainsOwnText,innerclass,3,3,0,3,3,2,0,4,0,0.0,0.0,0.0,3,0,3,0,0,0,3,0,0,0,1,0,0,1,0,0,1,0,3,12,2,0,0,0,0,1,0,1,0,1,0,0,0,0,15,25,0
C:\Users\rique\Documents\Doutorado\SmellDetectionCaller-master\Temp\jsoup-master\src\test\java\org\jsoup\nodes\NodeTest.java,org.jsoup.nodes.NodeTest$Anonymous1,anonymous,1,1,0,1,2,1,0,2,1,0.0,0.0,0.0,2,0,2,0,0,0,2,0,0,0,0,0,0,0,0,0,0,0,0,8,0,0,0,0,0,4,0,0,0,0,0,0,0,0,4,-1,0
C:\Users\rique\Documents\Doutorado\SmellDetectionCaller-master\Temp\jsoup-master\src\main\java\org\jsoup\parser\TokeniserState.java,org.jsoup.parser.TokeniserState,enum,7,20,13,7,31,1,0,27,13,0.75,NaN,NaN,6,5,0,5,0,1,1,1,0,0,6,6,0,3,0,3,6,0,1,1675,2,0,1,0,0,3,0,15,0,13,2,67,0,0,104,0,1
C:\Users\rique\Documents\Doutorado\SmellDetectionCaller-master\Temp\jsoup-master\src\test\java\org\jsoup\integration\servlets\Deflateservlet.java,org.jsoup.integration.servlets.Deflateservlet,class,5,6,1,5,2,3,0,10,1,0.5,0.0,0.0,2,1,1,0,1,0,2,0,0,0,1,1,1,0,0,0,1,0,2,16,0,0,0,0,0,3,0,3,0,3,0,0,0,0,26,1,0
C:\Users\rique\Documents\Doutorado\SmellDetectionCaller-master\Temp\jsoup-master\src\main\java\org\jsoup\select\Evaluator.java,org.jsoup.select.Evaluator$IndexLessThan,innerclass,2,2,0,2,5,3,0,2,3,0.0,0.0,0.0,3,0,3,0,0,0,3,0,0,0,0,0,0,0,0,0,0,0,1,11,2,0,1,0,0,1,0,0,0,0,0,0,0,0,17,25,0
C:\Users\rique\Documents\Doutorado\SmellDetectionCaller-master\Temp\jsoup-master\src\test\java\org\jsoup\internal\ConstrainableInputStreamTest.java,org.jsoup.internal.ConstrainableInputStreamTest,class,7,7,0,7,3,1,0,13,1,0.0,0.0,0.0,2,0,2,0,0,0,2,0,0,0,0,0,0,0,0,0,0,0,2,43,0,0,1,0,0,4,10,22,3,22,0,0,0,0,34,1,0
C:\Users\rique\Documents\Doutorado\SmellDetectionCaller-master\Temp\jsoup-master\src\main\java\org\jsoup\nodes\Entities.java,org.jsoup.nodes.Entities$EscapeMode,enum,2,2,0,2,8,1,0,3,4,0.6875,0.0,0.0,4,0,0,1,0,3,3,0,0,0,4,0,0,4,0,0,0,0,3,25,4,0,1,0,1,0,8,2,3,6,1,0,0,0,31,1,0
C:\Users\rique\Documents\Doutorado\SmellDetectionCaller-master\Temp\jsoup-master\src\test\java\org\jsoup\nodes\DocumentTypeTest.java,org.jsoup.nodes.DocumentTypeTest,class,6,7,1,6,7,1,0,12,21,0.0,0.0,0.0,7,0,5,2,0,0,5,0,0,0,0,0,0,0,0,0,0,0,3,45,2,0,0,0,0,32,2,9,0,9,0,0,0,1,67,1,0
C:\Users\rique\Documents\Doutorado\SmellDetectionCaller-master\Temp\jsoup-master\src\test\java\org\jsoup\select\QueryParserTest.java,org.jsoup.select.QueryParserTest,class,12,12,0,12,10,1,0,13,36,0.0,0.0,0.0,9,0,9,0,0,0,9,0,0,0,0,0,0,0,0,0,0,0,5,57,0,1,0,0,0,23,9,12,1,12,1,0,0,4,73,1,0
C:\Users\rique\Documents\Doutorado\SmellDetectionCaller-master\Temp\jsoup-master\src\main\java\org\jsoup\select\Evaluator.java,org.jsoup.select.Evaluator$MatchText,innerclass,6,6,0,6,4,2,0,7,1,0.0,0.0,0.0,2,0,2,0,0,0,2,0,0,0,0,0,0,0,0,0,0,0,1,15,3,1,0,0,0,1,0,2,0,2,1,0,0,0,15,25,0
C:\Users\rique\Documents\Doutorado\SmellDetectionCaller-master\Temp\jsoup-master\src\main\java\org\jsoup\parser\HtmlTreeBuilderState.java,org.jsoup.parser.HtmlTreeBuilderState$Anonymous10,anonymous,7,7,0,7,7,1,0,19,0,0.0,NaN,NaN,1,0,0,0,0,1,1,0,0,0,0,0,0,0,0,0,0,0,2,36,3,1,1,0,0,0,1,1,0,1,5,0,0,0,17,-1,2
C:\Users\rique\Documents\Doutorado\SmellDetectionCaller-master\Temp\jsoup-master\src\main\java\org\jsoup\safety\Cleaner.java,org.jsoup.safety.Cleaner$ElementMeta,innerclass,1,1,0,1,1,1,0,0,0,0.0,NaN,NaN,1,0,0,0,0,1,1,0,0,0,2,0,0,0,0,2,0,0,0,8,0,0,0,0,0,0,0,2,0,2,0,0,0,0,6,10,0
C:\Users\rique\Documents\Doutorado\SmellDetectionCaller-master\Temp\jsoup-master\src\test\java\org\jsoup\MultiLocaleExtension.java,org.jsoup.MultiLocaleExtension,class,7,8,1,7,2,1,0,5,1,0.5,0.0,0.0,2,0,2,0,0,0,2,0,0,0,1,0,0,1,0,0,1,0,3,10,1,0,0,0,0,1,0,1,0,1,0,0,0,0,13,1,0
C:\Users\rique\Documents\Doutorado\SmellDetectionCaller-master\Temp\jsoup-master\src\test\java\org\jsoup\integration\servlets\HelloServlet.java,org.jsoup.integration.servlets.HelloServlet,class,5,6,1,5,1,3,0,5,0,1.0,NaN,NaN,1,0,0,0,1,0,1,0,0,0,1,1,1,0,0,0,1,0,1,9,0,0,0,0,0,1,0,2,0,2,0,0,0,0,17,1,0
C:\Users\rique\Documents\Doutorado\SmellDetectionCaller-master\Temp\jsoup-master\src\main\java\org\jsoup\select\Evaluator.java,org.jsoup.select.Evaluator,class,7,52,45,7,2,54,50,0,1,0.0,0.0,0.0,2,0,1,0,1,0,2,1,0,0,0,0,0,0,0,0,0,0,0,453,0,0,0,0,0,0,0,0,0,0,0,0,37,0,22,1025,0
C:\Users\rique\Documents\Doutorado\SmellDetectionCaller-master\Temp\jsoup-master\src\test\java\org\jsoup\integration\SessionIT.java,org.jsoup.integration.SessionIT$ThreadCatcher,innerclass,0,0,0,0,3,1,0,4,0,0.0,NaN,NaN,1,0,1,0,0,0,1,0,0,0,2,0,0,0,0,2,0,0,0,9,0,0,0,0,0,1,0,2,0,2,1,0,0,0,14,8,0
C:\Users\rique\Documents\Doutorado\SmellDetectionCaller-master\Temp\jsoup-master\src\test\java\org\jsoup\nodes\AttributesTest.java,org.jsoup.nodes.AttributesTest,class,5,5,0,5,22,1,0,34,136,0.0,0.0,0.0,17,0,17,0,0,0,17,0,0,0,0,0,0,0,0,0,0,0,12,200,0,5,0,0,0,147,21,36,0,34,1,0,0,0,71,1,0
C:\Users\rique\Documents\Doutorado\SmellDetectionCaller-master\Temp\jsoup-master\src\main\java\org\jsoup\Connection.java,org.jsoup.Connection,interface,9,27,18,9,37,1,0,0,666,0.0,0.0,0.0,37,0,0,0,0,37,37,0,0,0,0,0,0,0,0,0,0,0,0,115,0,0,0,0,0,1,0,0,0,0,0,0,5,0,358,1,0
C:\Users\rique\Documents\Doutorado\SmellDetectionCaller-master\Temp\jsoup-master\src\main\java\org\jsoup\select\Evaluator.java,org.jsoup.select.Evaluator$IsRoot,innerclass,3,3,0,3,4,2,0,1,1,0.0,0.0,0.0,2,0,2,0,0,0,2,0,0,0,0,0,0,0,0,0,0,0,0,9,2,0,1,0,0,1,1,1,0,1,0,0,0,0,18,25,0
C:\Users\rique\Documents\Doutorado\SmellDetectionCaller-master\Temp\jsoup-master\src\main\java\org\jsoup\nodes\CDataNode.java,org.jsoup.nodes.CDataNode,class,4,11,7,4,7,4,0,3,15,0.0,0.0,0.0,6,0,4,0,0,2,6,0,0,0,0,0,0,0,0,0,0,0,0,25,3,0,0,1,0,3,0,0,0,0,1,0,0,0,34,1,0
C:\Users\rique\Documents\Doutorado\SmellDetectionCaller-master\Temp\jsoup-master\src\main\java\org\jsoup\select\StructuralEvaluator.java,org.jsoup.select.StructuralEvaluator$Parent,innerclass,3,3,0,3,7,3,0,3,3,0.0,0.0,0.0,3,0,3,0,0,0,3,0,0,0,0,0,0,0,0,0,0,0,1,18,4,1,3,0,0,1,0,3,0,1,2,0,0,0,14,8,0
C:\Users\rique\Documents\Doutorado\SmellDetectionCaller-master\Temp\jsoup-master\src\main\java\org\jsoup\select\Evaluator.java,org.jsoup.select.Evaluator$IsLastChild,innerclass,3,3,0,3,4,2,0,4,1,0.0,0.0,0.0,2,0,2,0,0,0,2,0,0,0,0,0,0,0,0,0,0,0,0,9,2,0,2,0,1,1,1,1,1,1,0,0,0,0,18,25,0
C:\Users\rique\Documents\Doutorado\SmellDetectionCaller-master\Temp\jsoup-master\src\test\java\org\jsoup\nodes\NodeTest.java,org.jsoup.nodes.NodeTest,class,13,14,1,13,31,1,0,64,378,0.0,0.0,0.0,28,0,26,2,0,0,26,0,0,0,0,0,0,0,0,0,0,0,37,251,2,2,0,0,1,185,16,77,1,77,2,1,0,0,149,1,0
C:\Users\rique\Documents\Doutorado\SmellDetectionCaller-master\Temp\jsoup-master\src\main\java\org\jsoup\select\Evaluator.java,org.jsoup.select.Evaluator$IsNthLastChild,innerclass,2,2,0,2,4,3,0,4,3,0.0,0.0,0.0,3,0,1,0,2,0,3,0,0,0,0,0,0,0,0,0,0,0,0,12,3,0,1,0,0,1,1,0,1,0,1,0,0,0,21,25,0
C:\Users\rique\Documents\Doutorado\SmellDetectionCaller-master\Temp\jsoup-master\src\test\java\org\jsoup\parser\TokeniserTest.java,org.jsoup.parser.TokeniserTest,class,15,15,0,15,23,1,0,37,66,0.0,0.0,0.0,12,0,12,0,0,0,12,0,0,0,0,0,0,0,0,0,0,0,11,170,0,10,1,0,3,59,20,67,15,67,2,0,0,0,97,1,0
C:\Users\rique\Documents\Doutorado\SmellDetectionCaller-master\Temp\jsoup-master\src\main\java\org\jsoup\parser\Token.java,org.jsoup.parser.Token$TokenType,enum,0,0,0,0,0,1,0,0,0,0.0,-1.0,-1.0,0,0,0,0,0,0,0,0,0,0,0,0,0,0,0,0,0,0,0,1,0,0,0,0,0,0,0,0,0,0,0,0,0,0,6,1,0
C:\Users\rique\Documents\Doutorado\SmellDetectionCaller-master\Temp\jsoup-master\src\test\java\org\jsoup\select\ElementsTest.java,org.jsoup.select.ElementsTest,class,13,13,0,13,38,1,0,84,703,0.0,0.0,0.0,38,0,38,0,0,0,38,0,0,0,0,0,0,0,0,0,0,0,47,338,0,0,0,0,0,220,75,98,0,97,0,1,0,0,138,1,0
C:\Users\rique\Documents\Doutorado\SmellDetectionCaller-master\Temp\jsoup-master\src\main\java\org\jsoup\nodes\Attribute.java,org.jsoup.nodes.Attribute,class,9,28,19,9,39,1,0,29,0,0.65000004,0.0,0.0,20,5,13,0,7,0,20,0,1,0,4,1,0,3,0,1,1,0,17,111,18,0,16,2,5,32,4,19,2,11,2,0,0,0,116,1,0
C:\Users\rique\Documents\Doutorado\SmellDetectionCaller-master\Temp\jsoup-master\src\test\java\org\jsoup\integration\Benchmark.java,org.jsoup.integration.Benchmark,class,1,2,1,1,4,1,0,6,3,0.0,NaN,NaN,3,3,1,2,0,0,1,0,0,0,0,0,0,0,0,0,0,0,9,25,1,1,0,0,1,6,6,5,7,5,1,0,0,0,34,1,0
C:\Users\rique\Documents\Doutorado\SmellDetectionCaller-master\Temp\jsoup-master\src\test\java\org\jsoup\integration\servlets\EchoServlet.java,org.jsoup.integration.servlets.EchoServlet,class,11,13,2,11,18,3,0,42,21,0.85714287,0.0,0.0,7,3,1,2,3,1,5,0,0,0,3,3,2,1,0,0,3,0,24,81,1,5,3,0,0,33,1,20,7,19,2,0,0,0,76,1,0
