nomeSistema;class;cbo;wmc;dit;rfc;maxNested;loc;nom
jsoup;org.jsoup.nodes.Document$QuirksMode;0;0;1;0;0;1;0
jsoup;org.jsoup.helper.DataUtil;19;70;1;69;6;189;13
jsoup;org.jsoup.select.StructuralEvaluator$ImmediateParent;3;5;3;3;1;13;3
jsoup;org.jsoup.Connection$Response;5;10;1;0;0;12;10
jsoup;org.jsoup.helper.ChangeNotifyingArrayList;2;13;4;12;0;50;13
jsoup;org.jsoup.select.Evaluator$IsOnlyOfType;5;7;2;4;2;15;2
jsoup;org.jsoup.select.Evaluator$IndexEvaluator;1;1;2;0;0;6;1
jsoup;org.jsoup.nodes.Entities$CoreCharset;1;3;1;2;1;6;1
jsoup;org.jsoup.safety.Cleaner;16;11;1;23;2;102;7
jsoup;org.jsoup.nodes.Element;48;248;6;167;4;745;126
jsoup;org.jsoup.helper.HttpConnection;16;63;3;50;2;987;47
jsoup;org.jsoup.select.NodeTraversor;7;31;1;14;4;75;4
jsoup;org.jsoup.safety.Safelist$AttributeKey;2;2;2;0;0;8;2
jsoup;org.jsoup.select.Evaluator$MatchesOwn;2;3;2;4;0;13;3
jsoup;org.jsoup.select.CombiningEvaluator$And;4;6;3;4;2;18;4
jsoup;org.jsoup.parser.Token$EndTag;1;2;3;1;0;9;2
jsoup;org.jsoup.helper.HttpConnection$Request;7;30;2;11;1;138;26
jsoup;org.jsoup.nodes.Document;20;59;3;56;5;289;30
jsoup;org.jsoup.Jsoup;12;22;1;22;0;76;22
jsoup;org.jsoup.parser.HtmlTreeBuilder;30;197;2;92;6;576;81
jsoup;org.jsoup.nodes.FormElement;13;23;3;28;4;61;7
jsoup;org.jsoup.UnsupportedMimeTypeException;0;4;4;1;0;18;4
jsoup;org.jsoup.select.StructuralEvaluator;2;0;15;0;0;94;0
jsoup;org.jsoup.nodes.EntitiesData;0;1;1;0;0;10;0
jsoup;org.jsoup.select.Evaluator$IndexEquals;2;4;3;2;0;11;3
jsoup;org.jsoup.select.Selector$SelectorParseException;0;1;5;1;0;5;1
jsoup;org.jsoup.parser.Token$Tag;8;42;2;21;4;141;22
jsoup;org.jsoup.nodes.XmlDeclaration;9;15;3;17;3;52;9
jsoup;org.jsoup.parser.Token$Doctype;2;7;2;2;0;33;7
jsoup;org.jsoup.select.Evaluator$TagEndsWith;2;3;2;3;0;12;3
jsoup;org.jsoup.helper.CookieUtil;5;14;1;23;3;48;4
jsoup;org.jsoup.select.Evaluator$Tag;2;3;2;3;0;12;3
jsoup;org.jsoup.nodes.Document$OutputSettings$Syntax;0;0;1;0;0;1;0
jsoup;org.jsoup.internal.StringUtil;4;64;1;48;3;174;18
jsoup;org.jsoup.parser.TokeniserState$Anonymous24;2;6;1;6;1;30;1
jsoup;org.jsoup.parser.TokeniserState$Anonymous25;2;3;1;9;1;19;1
jsoup;org.jsoup.parser.TokeniserState$Anonymous26;3;2;1;8;1;14;1
jsoup;org.jsoup.parser.TokeniserState$Anonymous27;3;1;1;1;0;5;1
jsoup;org.jsoup.parser.TokeniserState$Anonymous20;2;2;1;4;1;11;1
jsoup;org.jsoup.parser.TokeniserState$Anonymous21;2;2;1;4;1;11;1
jsoup;org.jsoup.parser.TokeniserState$Anonymous22;2;5;1;10;1;26;1
jsoup;org.jsoup.parser.Tokeniser;18;78;1;56;5;242;28
jsoup;org.jsoup.parser.TokeniserState$Anonymous23;2;5;1;6;1;27;1
jsoup;org.jsoup.nodes.Comment;13;19;3;31;1;48;11
jsoup;org.jsoup.select.Evaluator$IndexGreaterThan;2;4;3;2;0;11;3
jsoup;org.jsoup.nodes.LeafNode;4;24;2;18;2;72;16
jsoup;org.jsoup.parser.TokeniserState$Anonymous28;3;1;1;1;0;5;1
jsoup;org.jsoup.parser.TokeniserState$Anonymous29;2;5;1;9;1;27;1
jsoup;org.jsoup.select.Selector;9;13;5;9;3;52;6
jsoup;org.jsoup.select.Evaluator$AttributeWithValueEnding;4;3;3;5;0;11;3
jsoup;org.jsoup.select.Collector$FirstFinder;6;5;1;1;2;22;3
jsoup;org.jsoup.select.StructuralEvaluator$ImmediatePreviousSibling;3;5;3;3;1;13;3
jsoup;org.jsoup.parser.TokeniserState$Anonymous30;2;5;1;5;1;27;1
jsoup;org.jsoup.safety.Safelist$AttributeValue;2;2;2;0;0;8;2
jsoup;org.jsoup.helper.HttpConnection$KeyVal;4;14;1;4;0;56;13
jsoup;org.jsoup.parser.HtmlTreeBuilderState$Anonymous5;7;16;1;18;1;33;2
jsoup;org.jsoup.parser.TokeniserState$Anonymous35;3;13;1;8;1;38;1
jsoup;org.jsoup.parser.HtmlTreeBuilderState$Anonymous4;12;19;1;25;3;75;2
jsoup;org.jsoup.parser.TokeniserState$Anonymous36;3;14;1;8;1;44;1
jsoup;org.jsoup.parser.HtmlTreeBuilderState$Anonymous7;18;179;1;95;4;582;5
jsoup;org.jsoup.parser.TokeniserState$Anonymous37;3;16;1;7;1;48;1
jsoup;org.jsoup.parser.HtmlTreeBuilderState$Anonymous6;9;13;1;25;2;61;2
jsoup;org.jsoup.parser.TokeniserState$Anonymous38;4;8;1;11;2;28;1
jsoup;org.jsoup.parser.HtmlTreeBuilderState$Anonymous1;8;5;1;18;2;23;1
jsoup;org.jsoup.parser.TokeniserState$Anonymous31;2;6;1;5;1;30;1
jsoup;org.jsoup.parser.TokeniserState$Anonymous32;2;2;1;5;1;12;1
jsoup;org.jsoup.parser.HtmlTreeBuilderState$Anonymous3;7;11;1;21;1;35;1
jsoup;org.jsoup.parser.TokeniserState$Anonymous33;3;1;1;1;0;5;1
jsoup;org.jsoup.parser.HtmlTreeBuilderState$Anonymous2;6;10;1;20;1;34;2
jsoup;org.jsoup.parser.TokeniserState$Anonymous34;3;14;1;8;1;45;1
jsoup;org.jsoup.parser.HtmlTreeBuilderState$Anonymous9;10;27;1;38;4;119;2
jsoup;org.jsoup.parser.TokeniserState$Anonymous39;4;8;1;11;2;28;1
jsoup;org.jsoup.parser.HtmlTreeBuilderState$Anonymous8;2;4;1;10;1;18;1
jsoup;org.jsoup.nodes.Node;17;122;1;79;3;370;63
jsoup;org.jsoup.safety.Safelist$TypedValue;2;9;1;4;1;26;4
jsoup;org.jsoup.helper.DataUtil$BomCharset;0;1;1;0;0;8;1
jsoup;org.jsoup.parser.HtmlTreeBuilderState;6;6;1;9;1;1634;5
jsoup;org.jsoup.select.Evaluator$AttributeStarting;6;5;2;7;2;17;3
jsoup;org.jsoup.parser.TokeniserState$Anonymous40;4;18;1;11;2;43;1
jsoup;org.jsoup.nodes.DataNode;5;9;3;7;0;30;9
jsoup;org.jsoup.parser.TokeniserState$Anonymous41;2;9;1;6;1;29;1
jsoup;org.jsoup.nodes.Attributes;13;88;2;41;3;284;35
jsoup;org.jsoup.helper.W3CDom;14;21;1;36;4;156;10
jsoup;org.jsoup.parser.XmlTreeBuilder;24;32;2;49;2;102;14
jsoup;org.jsoup.nodes.Document$OutputSettings;6;20;1;14;1;82;17
jsoup;org.jsoup.select.CombiningEvaluator;3;6;6;5;0;68;5
jsoup;org.jsoup.select.Evaluator$ContainsData;3;3;2;4;0;12;3
jsoup;org.jsoup.internal.Normalizer;1;5;1;4;0;11;3
jsoup;org.jsoup.nodes.Attributes$Dataset$EntrySet;1;3;3;1;1;11;2
jsoup;org.jsoup.nodes.Attributes$Dataset;2;4;4;4;0;43;3
jsoup;org.jsoup.parser.TokeniserState$Anonymous13;4;13;1;12;2;40;2
jsoup;org.jsoup.parser.TokeniserState$Anonymous14;2;2;1;5;1;12;1
jsoup;org.jsoup.helper.Validate;2;25;1;2;2;40;13
jsoup;org.jsoup.parser.TokeniserState$Anonymous15;3;1;1;1;0;5;1
jsoup;org.jsoup.parser.TokeniserState$Anonymous16;3;1;1;1;0;5;1
jsoup;org.jsoup.parser.TokeniserState$Anonymous10;3;11;1;9;1;35;1
jsoup;org.jsoup.parser.TokeniserState$Anonymous11;3;5;1;11;1;17;1
jsoup;org.jsoup.parser.TokeniserState$Anonymous12;3;2;1;8;1;14;1
jsoup;org.jsoup.parser.TokeniserState$Anonymous17;2;4;1;6;1;23;1
jsoup;org.jsoup.parser.TokeniserState$Anonymous18;3;1;1;1;0;5;1
jsoup;org.jsoup.parser.TokeniserState$Anonymous19;3;1;1;1;0;5;1
jsoup;org.jsoup.select.Evaluator$CssNthEvaluator;4;13;2;4;1;24;6
jsoup;org.jsoup.parser.Token$Comment;2;10;2;7;1;41;7
jsoup;org.jsoup.select.Evaluator$IsFirstOfType;1;2;4;0;0;8;2
jsoup;org.jsoup.nodes.Element$NodeList;3;2;5;1;0;10;2
jsoup;org.jsoup.parser.ParseError;0;5;1;1;0;21;5
jsoup;org.jsoup.safety.Safelist;12;58;5;68;3;302;21
jsoup;org.jsoup.parser.TokeniserState$Anonymous64;2;5;1;6;1;28;1
jsoup;org.jsoup.parser.TokeniserState$Anonymous65;2;8;1;5;1;26;1
jsoup;org.jsoup.parser.TokeniserState$Anonymous66;2;3;1;3;1;17;1
jsoup;org.jsoup.parser.TreeBuilder;18;23;1;23;2;87;14
jsoup;org.jsoup.parser.TokeniserState$Anonymous67;3;3;1;7;1;10;1
jsoup;org.jsoup.nodes.PseudoTextElement;4;3;3;0;0;9;3
jsoup;org.jsoup.parser.TokeniserState$Anonymous1;3;6;1;8;1;23;1
jsoup;org.jsoup.parser.Parser;11;26;1;18;1;96;22
jsoup;org.jsoup.select.Evaluator$IsEmpty;6;6;2;1;2;12;2
jsoup;org.jsoup.parser.TokeniserState$Anonymous7;3;3;1;7;1;18;1
jsoup;org.jsoup.parser.TokeniserState$Anonymous6;3;1;1;1;0;5;1
jsoup;org.jsoup.parser.TokeniserState$Anonymous9;3;4;1;11;1;23;1
jsoup;org.jsoup.select.Evaluator$AttributeWithValueMatching;4;3;2;7;0;14;3
jsoup;org.jsoup.parser.TokeniserState$Anonymous8;2;5;1;8;2;27;1
jsoup;org.jsoup.parser.TokeniserState$Anonymous3;3;6;1;8;1;24;1
jsoup;org.jsoup.parser.TokeniserState$Anonymous2;3;1;1;1;0;5;1
jsoup;org.jsoup.parser.TokeniserState$Anonymous5;3;1;1;1;0;5;1
jsoup;org.jsoup.parser.TokeniserState$Anonymous4;3;1;1;1;0;5;1
jsoup;org.jsoup.internal.StringUtil$Anonymous1;0;1;1;0;0;5;1
jsoup;org.jsoup.select.Evaluator$IsNthChild;2;3;3;1;0;11;3
jsoup;org.jsoup.parser.HtmlTreeBuilderState$Constants;0;0;1;0;0;40;0
jsoup;org.jsoup.safety.Safelist$TagName;2;2;2;0;0;8;2
jsoup;org.jsoup.select.Evaluator$Class;2;3;2;2;0;12;3
jsoup;org.jsoup.nodes.Attributes$Anonymous1;2;6;1;2;2;18;3
jsoup;org.jsoup.select.StructuralEvaluator$Has;3;6;3;3;2;14;3
jsoup;org.jsoup.nodes.Node$OuterHtmlVisitor;4;6;1;5;2;27;3
jsoup;org.jsoup.parser.Token;9;23;12;4;1;337;16
jsoup;org.jsoup.safety.Cleaner$CleaningVisitor;8;11;1;9;2;42;3
jsoup;org.jsoup.select.Evaluator$AttributeKeyPair;3;4;2;7;1;17;2
jsoup;org.jsoup.select.Evaluator$IsNthLastOfType;4;6;3;7;2;17;3
jsoup;org.jsoup.parser.Tag;4;51;1;14;2;160;21
jsoup;org.jsoup.parser.Token$Character;2;5;2;1;0;21;5
jsoup;org.jsoup.select.Evaluator$IsLastOfType;1;2;4;0;0;8;2
jsoup;org.jsoup.select.Evaluator$Attribute;3;3;2;2;0;12;3
jsoup;org.jsoup.internal.StringUtil$StringJoiner;4;5;1;5;1;25;4
jsoup;org.jsoup.select.NodeFilter$FilterResult;0;0;1;0;0;6;0
jsoup;org.jsoup.Connection$KeyVal;2;9;1;0;0;11;9
jsoup;org.jsoup.nodes.Entities;11;54;1;34;4;204;13
jsoup;org.jsoup.parser.Token$CData;1;2;3;2;0;9;2
jsoup;org.jsoup.select.Elements;17;110;4;59;4;286;56
jsoup;org.jsoup.select.Evaluator$AttributeWithValueContaining;4;3;3;5;0;11;3
jsoup;org.jsoup.select.Evaluator$AllElements;2;2;2;0;0;8;2
jsoup;org.jsoup.parser.TokeniserState$Anonymous46;3;5;1;6;1;28;1
jsoup;org.jsoup.parser.TokeniserState$Anonymous47;3;4;1;10;1;22;1
jsoup;org.jsoup.parser.TokeniserState$Anonymous48;3;4;1;6;1;23;1
jsoup;org.jsoup.parser.TokeniserState$Anonymous49;3;6;1;7;1;33;1
jsoup;org.jsoup.parser.TokeniserState$Anonymous42;2;3;1;6;1;20;1
jsoup;org.jsoup.nodes.TextNode;10;28;3;29;1;61;15
jsoup;org.jsoup.parser.TokeniserState$Anonymous43;3;3;1;6;1;11;1
jsoup;org.jsoup.parser.TokeniserState$Anonymous44;2;4;1;7;1;20;1
jsoup;org.jsoup.select.Evaluator$AttributeWithValue;3;3;3;5;0;11;3
jsoup;org.jsoup.parser.TokeniserState$Anonymous45;3;5;1;7;1;28;1
jsoup;org.jsoup.select.Evaluator$AttributeWithValueNot;3;3;3;3;0;11;3
jsoup;org.jsoup.parser.ParseErrorList;2;7;4;1;0;25;6
jsoup;org.jsoup.nodes.Element$Anonymous1;4;12;1;8;2;18;2
jsoup;org.jsoup.nodes.Element$Anonymous2;2;3;1;2;1;10;2
jsoup;org.jsoup.SerializationException;0;4;4;0;0;14;4
jsoup;org.jsoup.select.CombiningEvaluator$Or;5;9;3;7;2;28;6
jsoup;org.jsoup.select.Evaluator$ContainsText;3;3;2;4;0;12;3
jsoup;org.jsoup.Connection$Base;4;18;1;0;0;20;18
jsoup;org.jsoup.parser.TokeniserState$Anonymous50;3;5;1;7;1;28;1
jsoup;org.jsoup.parser.TokeniserState$Anonymous51;2;8;1;6;1;26;1
jsoup;org.jsoup.select.Evaluator$Id;2;3;2;3;0;12;3
jsoup;org.jsoup.select.Evaluator$IsNthOfType;4;7;3;4;2;18;3
jsoup;org.jsoup.parser.TokeniserState$Anonymous52;2;9;1;8;1;35;1
jsoup;org.jsoup.select.StructuralEvaluator$PreviousSibling;3;6;3;3;2;17;3
jsoup;org.jsoup.parser.TokeniserState$Anonymous57;2;5;1;6;1;28;1
jsoup;org.jsoup.safety.Whitelist;5;19;2;17;0;68;19
jsoup;org.jsoup.parser.TokeniserState$Anonymous58;2;5;1;6;1;28;1
jsoup;org.jsoup.parser.TokeniserState$Anonymous59;2;10;1;5;1;36;1
jsoup;org.jsoup.parser.TokeniserState$Anonymous53;2;10;1;9;1;35;1
jsoup;org.jsoup.select.Collector;9;3;1;2;0;54;3
jsoup;org.jsoup.select.Collector$Accumulator;5;5;1;2;2;18;3
jsoup;org.jsoup.parser.TokeniserState$Anonymous54;2;6;1;10;2;29;1
jsoup;org.jsoup.parser.TokeniserState$Anonymous55;2;10;1;5;1;38;1
jsoup;org.jsoup.nodes.Attributes$Dataset$DatasetIterator;2;5;1;9;2;17;3
jsoup;org.jsoup.parser.TokeniserState$Anonymous56;2;10;1;5;1;35;1
jsoup;org.jsoup.select.StructuralEvaluator$Not;3;3;3;2;0;11;3
jsoup;org.jsoup.internal.ConstrainableInputStream;3;28;4;11;3;74;7
jsoup;org.jsoup.parser.CharacterReader;4;175;1;29;3;437;45
jsoup;org.jsoup.select.Evaluator$IsFirstChild;3;4;2;2;0;9;2
jsoup;org.jsoup.parser.TokeniserState$Anonymous60;2;10;1;5;1;35;1
jsoup;org.jsoup.parser.TokeniserState$Anonymous61;2;10;1;5;1;38;1
jsoup;org.jsoup.parser.TokeniserState$Anonymous62;2;10;1;5;1;35;1
jsoup;org.jsoup.parser.TokeniserState$Anonymous63;2;5;1;6;1;28;1
jsoup;org.jsoup.select.StructuralEvaluator$Root;2;2;2;0;0;5;1
jsoup;org.jsoup.helper.HttpConnection$Response;23;100;2;150;4;354;22
jsoup;org.jsoup.select.NodeVisitor;1;2;1;0;0;4;2
jsoup;org.jsoup.safety.Safelist$Protocol;2;2;2;0;0;8;2
jsoup;org.jsoup.parser.Token$EOF;2;3;2;0;0;11;3
jsoup;org.jsoup.parser.Token$StartTag;4;6;3;6;1;21;4
jsoup;org.jsoup.select.Evaluator$AttributeWithValueStarting;4;3;3;5;0;11;3
jsoup;org.jsoup.nodes.DocumentType;5;20;3;9;1;56;10
jsoup;org.jsoup.Connection$Request;5;23;1;0;0;25;23
jsoup;org.jsoup.HttpStatusException;0;3;4;0;0;15;3
jsoup;org.jsoup.select.QueryParser;51;98;1;67;28;265;22
jsoup;org.jsoup.parser.HtmlTreeBuilderState$Anonymous23;2;1;1;0;0;5;1
jsoup;org.jsoup.nodes.NodeUtils;5;5;1;3;0;10;2
jsoup;org.jsoup.parser.HtmlTreeBuilderState$Anonymous22;4;9;1;12;1;20;1
jsoup;org.jsoup.select.Evaluator$Matches;2;3;2;4;0;13;3
jsoup;org.jsoup.select.Evaluator$IsOnlyChild;3;3;2;3;0;9;2
jsoup;org.jsoup.Connection$Method;0;2;1;0;0;8;2
jsoup;org.jsoup.UncheckedIOException;0;3;4;1;0;11;3
jsoup;org.jsoup.helper.HttpConnection$Base;10;61;1;34;3;181;24
jsoup;org.jsoup.parser.TokenQueue;4;93;1;33;4;211;32
jsoup;org.jsoup.parser.ParseSettings;3;12;1;3;1;39;7
jsoup;org.jsoup.select.NodeFilter;2;2;1;0;0;10;2
jsoup;org.jsoup.parser.HtmlTreeBuilderState$Anonymous21;5;9;1;19;3;27;1
jsoup;org.jsoup.parser.HtmlTreeBuilderState$Anonymous20;4;11;1;17;1;30;1
jsoup;org.jsoup.parser.HtmlTreeBuilderState$Anonymous12;8;14;1;18;3;53;2
jsoup;org.jsoup.parser.HtmlTreeBuilderState$Anonymous11;6;12;1;17;3;32;1
jsoup;org.jsoup.parser.HtmlTreeBuilderState$Anonymous14;8;16;1;19;3;67;3
jsoup;org.jsoup.parser.HtmlTreeBuilderState$Anonymous13;9;16;1;20;3;65;3
jsoup;org.jsoup.parser.HtmlTreeBuilderState$Anonymous16;10;29;1;24;4;89;2
jsoup;org.jsoup.helper.W3CDom$W3CBuilder;14;20;1;32;2;80;5
jsoup;org.jsoup.parser.HtmlTreeBuilderState$Anonymous15;7;15;1;18;3;54;3
jsoup;org.jsoup.parser.HtmlTreeBuilderState$Anonymous18;4;10;1;19;2;34;1
jsoup;org.jsoup.parser.HtmlTreeBuilderState$Anonymous17;4;6;1;12;2;22;1
jsoup;org.jsoup.parser.HtmlTreeBuilderState$Anonymous19;6;16;1;22;3;55;1
jsoup;org.jsoup.select.Evaluator$ContainsOwnText;3;3;2;4;0;12;3
jsoup;org.jsoup.parser.TokeniserState;7;31;1;27;2;1675;6
jsoup;org.jsoup.select.Evaluator$IndexLessThan;2;5;3;2;0;11;3
jsoup;org.jsoup.nodes.Entities$EscapeMode;2;8;1;3;1;25;4
jsoup;org.jsoup.select.Evaluator$MatchText;6;4;2;7;1;15;2
jsoup;org.jsoup.parser.HtmlTreeBuilderState$Anonymous10;7;7;1;19;5;36;1
jsoup;org.jsoup.safety.Cleaner$ElementMeta;1;1;1;0;0;8;1
jsoup;org.jsoup.select.Evaluator;7;2;54;0;0;453;2
jsoup;org.jsoup.Connection;9;37;1;0;0;115;37
jsoup;org.jsoup.select.Evaluator$IsRoot;3;4;2;1;0;9;2
jsoup;org.jsoup.nodes.CDataNode;4;7;4;3;1;25;6
jsoup;org.jsoup.select.StructuralEvaluator$Parent;3;7;3;3;2;18;3
jsoup;org.jsoup.select.Evaluator$IsLastChild;3;4;2;4;0;9;2
jsoup;org.jsoup.select.Evaluator$IsNthLastChild;2;4;3;4;1;12;3
jsoup;org.jsoup.parser.Token$TokenType;0;0;1;0;0;1;0
jsoup;org.jsoup.nodes.Attribute;9;39;1;29;2;111;20
