nomeSistema;class;cbo;wmc;dit;rfc;maxNested;loc;nom
squirrelsql;net.sourceforge.squirrel_sql.plugins.graph.AddTableListener;0;1;1;0;0;3;1
squirrelsql;net.sourceforge.squirrel_sql.plugins.graph.AddToGraphAction;9;10;2;12;6;43;3
squirrelsql;net.sourceforge.squirrel_sql.plugins.graph.ColumnInfo;2;25;1;26;1;101;17
squirrelsql;net.sourceforge.squirrel_sql.plugins.graph.ColumnSortListener;0;1;1;0;0;3;1
squirrelsql;net.sourceforge.squirrel_sql.plugins.graph.ColumnTextArea;7;6;6;9;1;26;5
squirrelsql;net.sourceforge.squirrel_sql.plugins.graph.ConfigureNonDbConstraintController$Anonymous1;1;1;1;1;0;5;1
squirrelsql;net.sourceforge.squirrel_sql.plugins.graph.ConfigureNonDbConstraintController$Anonymous2;1;1;1;1;0;5;1
squirrelsql;net.sourceforge.squirrel_sql.plugins.graph.ConfigureNonDbConstraintController$Anonymous3;1;1;1;1;0;5;1
squirrelsql;net.sourceforge.squirrel_sql.plugins.graph.ConfigureNonDbConstraintController$Anonymous4;1;1;1;1;0;5;1
squirrelsql;net.sourceforge.squirrel_sql.plugins.graph.ConfigureNonDbConstraintController;9;20;1;34;4;115;7
squirrelsql;net.sourceforge.squirrel_sql.plugins.graph.ConfigureNonDbConstraintDlg;5;5;6;24;0;100;5
squirrelsql;net.sourceforge.squirrel_sql.plugins.graph.ConfigureNonDbConstraintDlg$Anonymous1;0;1;1;2;0;6;1
squirrelsql;net.sourceforge.squirrel_sql.plugins.graph.ConnectionPoints;0;0;1;0;0;4;0
squirrelsql;net.sourceforge.squirrel_sql.plugins.graph.ConstraintData;4;37;1;34;4;154;18
squirrelsql;net.sourceforge.squirrel_sql.plugins.graph.ConstraintDataSet$ContraintDisplayData;0;3;1;0;0;14;3
squirrelsql;net.sourceforge.squirrel_sql.plugins.graph.ConstraintDataSet;12;23;1;22;2;91;10
squirrelsql;net.sourceforge.squirrel_sql.plugins.graph.ConstraintGraph;6;31;1;25;2;129;21
squirrelsql;net.sourceforge.squirrel_sql.plugins.graph.ConstraintView$Anonymous2;1;1;1;1;0;5;1
squirrelsql;net.sourceforge.squirrel_sql.plugins.graph.ConstraintView;16;85;1;116;3;456;41
squirrelsql;net.sourceforge.squirrel_sql.plugins.graph.ConstraintView$Anonymous1;1;1;1;1;0;5;1
squirrelsql;net.sourceforge.squirrel_sql.plugins.graph.ConstraintView$Anonymous4;1;1;1;1;0;5;1
squirrelsql;net.sourceforge.squirrel_sql.plugins.graph.ConstraintView$Anonymous3;1;1;1;1;0;5;1
squirrelsql;net.sourceforge.squirrel_sql.plugins.graph.ConstraintView$Anonymous6;1;1;1;1;0;5;1
squirrelsql;net.sourceforge.squirrel_sql.plugins.graph.ConstraintView$Anonymous5;1;1;1;1;0;5;1
squirrelsql;net.sourceforge.squirrel_sql.plugins.graph.ConstraintView$Anonymous8;1;1;1;1;0;5;1
squirrelsql;net.sourceforge.squirrel_sql.plugins.graph.ConstraintView$Anonymous7;1;1;1;1;0;5;1
squirrelsql;net.sourceforge.squirrel_sql.plugins.graph.ConstraintViewAdapter;2;2;1;0;0;6;2
squirrelsql;net.sourceforge.squirrel_sql.plugins.graph.ConstraintViewCreator;9;5;1;13;1;20;1
squirrelsql;net.sourceforge.squirrel_sql.plugins.graph.ConstraintViewListener;1;2;1;0;0;4;2
squirrelsql;net.sourceforge.squirrel_sql.plugins.graph.DndCallback;1;2;1;0;0;4;2
squirrelsql;net.sourceforge.squirrel_sql.plugins.graph.DndColumn;1;2;1;0;0;4;2
squirrelsql;net.sourceforge.squirrel_sql.plugins.graph.DndEvent;2;3;1;0;0;14;3
squirrelsql;net.sourceforge.squirrel_sql.plugins.graph.DndHandler;7;5;1;8;1;62;4
squirrelsql;net.sourceforge.squirrel_sql.plugins.graph.DndHandler$Anonymous2;2;5;1;6;1;23;3
squirrelsql;net.sourceforge.squirrel_sql.plugins.graph.DndHandler$Anonymous1;0;8;1;9;1;12;1
squirrelsql;net.sourceforge.squirrel_sql.plugins.graph.EdgesGraphComponent;3;7;1;5;2;41;4
squirrelsql;net.sourceforge.squirrel_sql.plugins.graph.EdgesListener;1;1;1;0;0;3;1
squirrelsql;net.sourceforge.squirrel_sql.plugins.graph.FoldingPoint;2;9;1;4;1;41;6
squirrelsql;net.sourceforge.squirrel_sql.plugins.graph.FormatController$Anonymous2;1;2;1;1;0;8;2
squirrelsql;net.sourceforge.squirrel_sql.plugins.graph.FormatController$Anonymous1;1;1;1;1;0;5;1
squirrelsql;net.sourceforge.squirrel_sql.plugins.graph.FormatController;10;42;1;68;3;305;15
squirrelsql;net.sourceforge.squirrel_sql.plugins.graph.FormatController$Unit;1;4;1;1;0;19;4
squirrelsql;net.sourceforge.squirrel_sql.plugins.graph.FormatController$Anonymous9;0;1;1;1;0;5;1
squirrelsql;net.sourceforge.squirrel_sql.plugins.graph.FormatController$Anonymous8;1;1;1;1;0;5;1
squirrelsql;net.sourceforge.squirrel_sql.plugins.graph.FormatController$Anonymous7;1;1;1;1;0;5;1
squirrelsql;net.sourceforge.squirrel_sql.plugins.graph.FormatController$Anonymous6;1;1;1;1;0;5;1
squirrelsql;net.sourceforge.squirrel_sql.plugins.graph.FormatController$Anonymous5;1;1;1;1;0;5;1
squirrelsql;net.sourceforge.squirrel_sql.plugins.graph.FormatController$Anonymous4;1;1;1;1;0;5;1
squirrelsql;net.sourceforge.squirrel_sql.plugins.graph.FormatController$Anonymous3;1;1;1;1;0;5;1
squirrelsql;net.sourceforge.squirrel_sql.plugins.graph.FormatControllerListener;1;1;1;0;0;3;1
squirrelsql;net.sourceforge.squirrel_sql.plugins.graph.FormatDlg;2;1;6;10;0;61;1
squirrelsql;net.sourceforge.squirrel_sql.plugins.graph.GraphComponent;0;2;1;0;0;4;2
squirrelsql;net.sourceforge.squirrel_sql.plugins.graph.GraphController$Anonymous3;1;1;1;1;0;5;1
squirrelsql;net.sourceforge.squirrel_sql.plugins.graph.GraphController$Anonymous4;3;2;1;4;0;7;1
squirrelsql;net.sourceforge.squirrel_sql.plugins.graph.GraphController$Anonymous1;1;9;1;9;0;29;9
squirrelsql;net.sourceforge.squirrel_sql.plugins.graph.GraphController$Anonymous2;2;1;1;1;0;5;1
squirrelsql;net.sourceforge.squirrel_sql.plugins.graph.GraphController;19;57;1;74;3;270;22
squirrelsql;net.sourceforge.squirrel_sql.plugins.graph.GraphControllerAccessor;1;1;1;0;0;3;1
squirrelsql;net.sourceforge.squirrel_sql.plugins.graph.GraphDesktopController$Anonymous16;1;1;1;1;0;5;1
squirrelsql;net.sourceforge.squirrel_sql.plugins.graph.GraphDesktopController$Anonymous14;1;1;1;1;0;5;1
squirrelsql;net.sourceforge.squirrel_sql.plugins.graph.GraphDesktopController$Anonymous15;1;1;1;1;0;5;1
squirrelsql;net.sourceforge.squirrel_sql.plugins.graph.GraphDesktopController$Anonymous5;1;1;1;1;0;5;1
squirrelsql;net.sourceforge.squirrel_sql.plugins.graph.GraphDesktopController$Anonymous6;1;1;1;1;0;5;1
squirrelsql;net.sourceforge.squirrel_sql.plugins.graph.GraphDesktopController$Anonymous3;2;1;1;1;0;5;1
squirrelsql;net.sourceforge.squirrel_sql.plugins.graph.GraphDesktopController$Anonymous4;1;1;1;1;0;5;1
squirrelsql;net.sourceforge.squirrel_sql.plugins.graph.GraphDesktopController$Anonymous9;0;1;1;1;0;5;1
squirrelsql;net.sourceforge.squirrel_sql.plugins.graph.GraphDesktopController;14;54;1;58;3;332;34
squirrelsql;net.sourceforge.squirrel_sql.plugins.graph.GraphDesktopController$Anonymous7;1;1;1;1;0;5;1
squirrelsql;net.sourceforge.squirrel_sql.plugins.graph.GraphDesktopController$Anonymous8;1;1;1;1;0;5;1
squirrelsql;net.sourceforge.squirrel_sql.plugins.graph.GraphDesktopController$Anonymous12;1;1;1;1;0;5;1
squirrelsql;net.sourceforge.squirrel_sql.plugins.graph.GraphDesktopController$Anonymous13;1;1;1;1;0;5;1
squirrelsql;net.sourceforge.squirrel_sql.plugins.graph.GraphDesktopController$Anonymous10;1;1;1;1;0;5;1
squirrelsql;net.sourceforge.squirrel_sql.plugins.graph.GraphDesktopController$Anonymous11;1;1;1;1;0;5;1
squirrelsql;net.sourceforge.squirrel_sql.plugins.graph.GraphDesktopController$Anonymous1;1;3;1;3;0;11;3
squirrelsql;net.sourceforge.squirrel_sql.plugins.graph.GraphDesktopController$Anonymous2;1;1;1;1;0;5;1
squirrelsql;net.sourceforge.squirrel_sql.plugins.graph.GraphDesktopListener;0;9;1;0;0;11;9
squirrelsql;net.sourceforge.squirrel_sql.plugins.graph.GraphDesktopPane$Anonymous1;1;1;1;1;0;5;1
squirrelsql;net.sourceforge.squirrel_sql.plugins.graph.GraphDesktopPane;9;25;2;37;3;121;15
squirrelsql;net.sourceforge.squirrel_sql.plugins.graph.GraphLine;2;11;1;3;1;52;7
squirrelsql;net.sourceforge.squirrel_sql.plugins.graph.GraphMainPanelTab;4;6;2;4;0;23;6
squirrelsql;net.sourceforge.squirrel_sql.plugins.graph.GraphPlugin;14;29;2;23;4;116;15
squirrelsql;net.sourceforge.squirrel_sql.plugins.graph.GraphPluginResources$IKeys;0;0;1;0;0;4;0
squirrelsql;net.sourceforge.squirrel_sql.plugins.graph.GraphPluginResources;3;1;2;1;0;9;1
squirrelsql;net.sourceforge.squirrel_sql.plugins.graph.GraphPrintable;0;2;1;0;0;4;2
squirrelsql;net.sourceforge.squirrel_sql.plugins.graph.GraphSelectionDialog;2;2;6;11;0;37;2
squirrelsql;net.sourceforge.squirrel_sql.plugins.graph.GraphSelectionDialogController$Anonymous2;1;1;1;1;0;5;1
squirrelsql;net.sourceforge.squirrel_sql.plugins.graph.GraphSelectionDialogController$Anonymous1;1;1;1;1;0;5;1
squirrelsql;net.sourceforge.squirrel_sql.plugins.graph.GraphSelectionDialogController$Anonymous5;1;1;1;1;0;5;1
squirrelsql;net.sourceforge.squirrel_sql.plugins.graph.GraphSelectionDialogController$Anonymous4;1;1;1;1;0;5;1
squirrelsql;net.sourceforge.squirrel_sql.plugins.graph.GraphSelectionDialogController;4;13;1;20;1;88;10
squirrelsql;net.sourceforge.squirrel_sql.plugins.graph.GraphSelectionDialogController$Anonymous3;1;1;1;1;0;5;1
squirrelsql;net.sourceforge.squirrel_sql.plugins.graph.GraphTextAreaFactory;8;16;1;11;1;52;7
squirrelsql;net.sourceforge.squirrel_sql.plugins.graph.graphtofiles.GraphToFilesCtrlr$Anonymous2;1;1;1;1;0;5;1
squirrelsql;net.sourceforge.squirrel_sql.plugins.graph.graphtofiles.GraphToFilesCtrlr$Anonymous1;1;1;1;3;0;7;1
squirrelsql;net.sourceforge.squirrel_sql.plugins.graph.graphtofiles.GraphToFilesCtrlr;5;11;1;21;5;76;3
squirrelsql;net.sourceforge.squirrel_sql.plugins.graph.graphtofiles.GraphToFilesCtrlr$Anonymous3;1;1;1;1;0;5;1
squirrelsql;net.sourceforge.squirrel_sql.plugins.graph.graphtofiles.GraphToFilesDlg;4;4;6;13;1;43;3
squirrelsql;net.sourceforge.squirrel_sql.plugins.graph.graphtofiles.ImageSelection;1;20;2;9;2;72;7
squirrelsql;net.sourceforge.squirrel_sql.plugins.graph.graphtofiles.SaveToFilePageFormat;2;8;2;2;1;32;6
squirrelsql;net.sourceforge.squirrel_sql.plugins.graph.PixelCalculater;1;4;1;4;0;20;4
squirrelsql;net.sourceforge.squirrel_sql.plugins.graph.ScriptInterface;2;1;1;0;0;3;1
squirrelsql;net.sourceforge.squirrel_sql.plugins.graph.SqlScriptAcessor;5;2;1;8;1;12;1
squirrelsql;net.sourceforge.squirrel_sql.plugins.graph.TableFrame$MyUI;1;3;4;0;0;12;3
squirrelsql;net.sourceforge.squirrel_sql.plugins.graph.TableFrame$MyTitlePaneUI$MyTitlePaneLayout;1;1;2;2;0;8;1
squirrelsql;net.sourceforge.squirrel_sql.plugins.graph.TableFrame$MyTitlePaneUI;4;13;6;35;4;81;7
squirrelsql;net.sourceforge.squirrel_sql.plugins.graph.TableFrame;10;8;12;30;2;167;5
squirrelsql;net.sourceforge.squirrel_sql.plugins.graph.TableFrame$MyTitlePaneUI$Anonymous2;0;2;1;2;0;8;2
squirrelsql;net.sourceforge.squirrel_sql.plugins.graph.TableFrame$Anonymous1;1;3;1;1;0;9;3
squirrelsql;net.sourceforge.squirrel_sql.plugins.graph.TableFrameController$Anonymous8;2;1;1;2;0;5;1
squirrelsql;net.sourceforge.squirrel_sql.plugins.graph.TableFrameController$Anonymous4;1;3;1;1;0;11;3
squirrelsql;net.sourceforge.squirrel_sql.plugins.graph.TableFrameController$Anonymous6;1;3;1;3;0;11;3
squirrelsql;net.sourceforge.squirrel_sql.plugins.graph.TableFrameController$Anonymous25;1;1;1;2;0;5;1
squirrelsql;net.sourceforge.squirrel_sql.plugins.graph.TableFrameController$Anonymous15;1;1;1;1;0;5;1
squirrelsql;net.sourceforge.squirrel_sql.plugins.graph.TableFrameController$Anonymous23;1;1;1;2;0;6;1
squirrelsql;net.sourceforge.squirrel_sql.plugins.graph.TableFrameController$Anonymous2;2;2;1;2;0;8;2
squirrelsql;net.sourceforge.squirrel_sql.plugins.graph.TableFrameController$Anonymous13;1;1;1;1;0;5;1
squirrelsql;net.sourceforge.squirrel_sql.plugins.graph.TableFrameController$Anonymous29;1;1;1;1;0;5;1
squirrelsql;net.sourceforge.squirrel_sql.plugins.graph.TableFrameController$Anonymous19;1;1;1;1;0;5;1
squirrelsql;net.sourceforge.squirrel_sql.plugins.graph.TableFrameController;35;145;1;213;4;960;53
squirrelsql;net.sourceforge.squirrel_sql.plugins.graph.TableFrameController$Anonymous27;1;2;1;2;1;8;1
squirrelsql;net.sourceforge.squirrel_sql.plugins.graph.TableFrameController$Anonymous17;1;1;1;1;0;5;1
squirrelsql;net.sourceforge.squirrel_sql.plugins.graph.TableFrameController$Anonymous10;1;1;1;1;0;5;1
squirrelsql;net.sourceforge.squirrel_sql.plugins.graph.TableFrameController$Anonymous22;1;1;1;2;0;6;1
squirrelsql;net.sourceforge.squirrel_sql.plugins.graph.TableFrameController$Anonymous30;1;1;1;1;0;5;1
squirrelsql;net.sourceforge.squirrel_sql.plugins.graph.TableFrameController$Anonymous20;2;1;1;3;0;7;1
squirrelsql;net.sourceforge.squirrel_sql.plugins.graph.TableFrameController$Anonymous7;2;2;1;2;0;8;2
squirrelsql;net.sourceforge.squirrel_sql.plugins.graph.TableFrameController$Anonymous9;1;1;1;1;0;5;1
squirrelsql;net.sourceforge.squirrel_sql.plugins.graph.TableFrameController$Anonymous3;1;1;1;1;0;5;1
squirrelsql;net.sourceforge.squirrel_sql.plugins.graph.TableFrameController$Anonymous5;1;1;1;1;0;5;1
squirrelsql;net.sourceforge.squirrel_sql.plugins.graph.TableFrameController$Anonymous14;1;1;1;1;0;5;1
squirrelsql;net.sourceforge.squirrel_sql.plugins.graph.TableFrameController$Anonymous26;1;11;1;4;3;28;1
squirrelsql;net.sourceforge.squirrel_sql.plugins.graph.TableFrameController$Anonymous1;1;1;1;1;0;5;1
squirrelsql;net.sourceforge.squirrel_sql.plugins.graph.TableFrameController$Anonymous12;1;1;1;1;0;5;1
squirrelsql;net.sourceforge.squirrel_sql.plugins.graph.TableFrameController$Anonymous24;1;1;1;2;0;6;1
squirrelsql;net.sourceforge.squirrel_sql.plugins.graph.TableFrameController$Anonymous18;1;1;1;1;0;5;1
squirrelsql;net.sourceforge.squirrel_sql.plugins.graph.TableFrameController$Anonymous16;1;1;1;1;0;5;1
squirrelsql;net.sourceforge.squirrel_sql.plugins.graph.TableFrameController$Anonymous28;1;3;1;1;0;11;3
squirrelsql;net.sourceforge.squirrel_sql.plugins.graph.TableFrameController$Anonymous21;1;2;1;1;0;8;2
squirrelsql;net.sourceforge.squirrel_sql.plugins.graph.TableFrameController$Anonymous11;1;1;1;1;0;5;1
squirrelsql;net.sourceforge.squirrel_sql.plugins.graph.TableFrameControllerListener;1;1;1;0;0;3;1
squirrelsql;net.sourceforge.squirrel_sql.plugins.graph.TableToolTipProvider;0;1;1;0;0;3;1
squirrelsql;net.sourceforge.squirrel_sql.plugins.graph.xmlbeans.ColumnInfoXmlBean;0;22;1;0;0;79;22
squirrelsql;net.sourceforge.squirrel_sql.plugins.graph.xmlbeans.ConstraintDataXmlBean;1;12;1;0;0;44;12
squirrelsql;net.sourceforge.squirrel_sql.plugins.graph.xmlbeans.ConstraintGraphXmlBean;1;2;1;0;0;9;2
squirrelsql;net.sourceforge.squirrel_sql.plugins.graph.xmlbeans.ConstraintViewXmlBean;2;4;1;0;0;16;4
squirrelsql;net.sourceforge.squirrel_sql.plugins.graph.xmlbeans.FoldingPointXmlBean;0;4;1;0;0;16;4
squirrelsql;net.sourceforge.squirrel_sql.plugins.graph.xmlbeans.FormatXmlBean;1;13;1;6;0;49;13
squirrelsql;net.sourceforge.squirrel_sql.plugins.graph.xmlbeans.GraphControllerXmlBean;3;12;1;0;0;44;12
squirrelsql;net.sourceforge.squirrel_sql.plugins.graph.xmlbeans.GraphXmlSerializer$Anonymous2;0;2;1;1;1;8;1
squirrelsql;net.sourceforge.squirrel_sql.plugins.graph.xmlbeans.GraphXmlSerializer$Anonymous1;0;2;1;2;1;8;1
squirrelsql;net.sourceforge.squirrel_sql.plugins.graph.xmlbeans.GraphXmlSerializer;8;21;1;28;2;126;9
squirrelsql;net.sourceforge.squirrel_sql.plugins.graph.xmlbeans.PrintXmlBean;0;4;1;0;0;16;4
squirrelsql;net.sourceforge.squirrel_sql.plugins.graph.xmlbeans.TableFrameControllerXmlBean;3;16;1;0;0;58;16
squirrelsql;net.sourceforge.squirrel_sql.plugins.graph.xmlbeans.TableFrameXmlBean;0;8;1;0;0;30;8
squirrelsql;net.sourceforge.squirrel_sql.plugins.graph.xmlbeans.ZoomerXmlBean;0;8;1;0;0;30;8
squirrelsql;net.sourceforge.squirrel_sql.plugins.graph.ZoomableColumnTextArea;9;11;5;20;2;62;9
squirrelsql;net.sourceforge.squirrel_sql.plugins.graph.Zoomer;3;15;1;16;1;67;10
squirrelsql;net.sourceforge.squirrel_sql.plugins.graph.ZoomerListener;0;3;1;0;0;5;3
squirrelsql;net.sourceforge.squirrel_sql.plugins.graph.ZoomPrintController$Anonymous9;1;1;1;1;0;5;1
squirrelsql;net.sourceforge.squirrel_sql.plugins.graph.ZoomPrintController$Anonymous3;1;1;1;1;0;5;1
squirrelsql;net.sourceforge.squirrel_sql.plugins.graph.ZoomPrintController$Anonymous4;1;1;1;1;0;5;1
squirrelsql;net.sourceforge.squirrel_sql.plugins.graph.ZoomPrintController;17;38;1;60;4;245;20
squirrelsql;net.sourceforge.squirrel_sql.plugins.graph.ZoomPrintController$Anonymous1;2;1;1;1;0;5;1
squirrelsql;net.sourceforge.squirrel_sql.plugins.graph.ZoomPrintController$Anonymous2;1;1;1;1;0;5;1
squirrelsql;net.sourceforge.squirrel_sql.plugins.graph.ZoomPrintController$Anonymous7;1;1;1;1;0;5;1
squirrelsql;net.sourceforge.squirrel_sql.plugins.graph.ZoomPrintController$Anonymous8;1;1;1;1;0;5;1
squirrelsql;net.sourceforge.squirrel_sql.plugins.graph.ZoomPrintController$Anonymous5;1;1;1;1;0;5;1
squirrelsql;net.sourceforge.squirrel_sql.plugins.graph.ZoomPrintController$Anonymous6;1;1;1;1;0;5;1
squirrelsql;net.sourceforge.squirrel_sql.plugins.graph.ZoomPrintPanel;3;3;5;11;0;57;3
