file,class,type,cbo,wmc,dit,rfc,lcom,tcc,lcc,totalMethodsQty,staticMethodsQty,publicMethodsQty,privateMethodsQty,protectedMethodsQty,defaultMethodsQty,visibleMethodsQty,abstractMethodsQty,finalMethodsQty,synchronizedMethodsQty,totalFieldsQty,staticFieldsQty,publicFieldsQty,privateFieldsQty,protectedFieldsQty,defaultFieldsQty,finalFieldsQty,synchronizedFieldsQty,nosi,loc,returnQty,loopQty,comparisonsQty,tryCatchQty,parenthesizedExpsQty,stringLiteralsQty,numbersQty,assignmentsQty,mathOperationsQty,variablesQty,maxNestedBlocksQty,anonymousClassesQty,innerClassesQty,lambdasQty,uniqueWordsQty,modifiers,logStatementsQty
C:\Users\Win-10\Documents\Mestrado\Sistema\squirrel_sql-3.1.2\src\net\sourceforge\squirrel_sql\plugins\graph\AddTableListener.java,net.sourceforge.squirrel_sql.plugins.graph.AddTableListener,interface,0,1,1,0,0,NaN,NaN,1,0,0,0,0,1,1,0,0,0,0,0,0,0,0,0,0,0,0,3,0,0,0,0,0,0,0,0,0,0,0,0,0,0,7,1,0
C:\Users\Win-10\Documents\Mestrado\Sistema\squirrel_sql-3.1.2\src\net\sourceforge\squirrel_sql\plugins\graph\AddToGraphAction.java,net.sourceforge.squirrel_sql.plugins.graph.AddToGraphAction,class,9,10,2,12,0,0.0,0.0,3,0,3,0,0,0,3,0,0,0,2,0,0,0,2,0,1,0,0,43,1,1,6,0,0,0,3,11,0,8,6,0,0,0,38,1,0
C:\Users\Win-10\Documents\Mestrado\Sistema\squirrel_sql-3.1.2\src\net\sourceforge\squirrel_sql\plugins\graph\ColumnInfo.java,net.sourceforge.squirrel_sql.plugins.graph.ColumnInfo,class,2,25,1,26,64,0.0,0.0,17,0,17,0,0,0,17,0,0,0,12,0,0,12,0,0,0,0,0,101,12,0,6,0,1,12,1,18,3,15,1,0,0,0,56,1,0
C:\Users\Win-10\Documents\Mestrado\Sistema\squirrel_sql-3.1.2\src\net\sourceforge\squirrel_sql\plugins\graph\ColumnSortListener.java,net.sourceforge.squirrel_sql.plugins.graph.ColumnSortListener,interface,0,1,1,0,0,NaN,NaN,1,0,0,0,0,1,1,0,0,0,0,0,0,0,0,0,0,0,0,3,0,0,0,0,0,0,0,0,0,0,0,0,0,0,6,1,0
C:\Users\Win-10\Documents\Mestrado\Sistema\squirrel_sql-3.1.2\src\net\sourceforge\squirrel_sql\plugins\graph\ColumnTextArea.java,net.sourceforge.squirrel_sql.plugins.graph.ColumnTextArea,class,7,6,6,9,2,0.0,0.0,5,0,5,0,0,0,5,0,0,0,2,0,0,2,0,0,0,0,0,26,2,1,0,0,0,1,1,4,0,4,1,0,0,0,41,1,0
C:\Users\Win-10\Documents\Mestrado\Sistema\squirrel_sql-3.1.2\src\net\sourceforge\squirrel_sql\plugins\graph\ConfigureNonDbConstraintController.java,net.sourceforge.squirrel_sql.plugins.graph.ConfigureNonDbConstraintController$Anonymous1,anonymous,1,1,1,1,0,NaN,NaN,1,0,1,0,0,0,1,0,0,0,0,0,0,0,0,0,0,0,0,5,0,0,0,0,0,0,0,0,0,0,0,0,0,0,9,-1,0
C:\Users\Win-10\Documents\Mestrado\Sistema\squirrel_sql-3.1.2\src\net\sourceforge\squirrel_sql\plugins\graph\ConfigureNonDbConstraintController.java,net.sourceforge.squirrel_sql.plugins.graph.ConfigureNonDbConstraintController$Anonymous2,anonymous,1,1,1,1,0,NaN,NaN,1,0,1,0,0,0,1,0,0,0,0,0,0,0,0,0,0,0,0,5,0,0,0,0,0,0,0,0,0,0,0,0,0,0,8,-1,0
C:\Users\Win-10\Documents\Mestrado\Sistema\squirrel_sql-3.1.2\src\net\sourceforge\squirrel_sql\plugins\graph\ConfigureNonDbConstraintController.java,net.sourceforge.squirrel_sql.plugins.graph.ConfigureNonDbConstraintController$Anonymous3,anonymous,1,1,1,1,0,NaN,NaN,1,0,1,0,0,0,1,0,0,0,0,0,0,0,0,0,0,0,0,5,0,0,0,0,0,0,0,0,0,0,0,0,0,0,7,-1,0
C:\Users\Win-10\Documents\Mestrado\Sistema\squirrel_sql-3.1.2\src\net\sourceforge\squirrel_sql\plugins\graph\ConfigureNonDbConstraintController.java,net.sourceforge.squirrel_sql.plugins.graph.ConfigureNonDbConstraintController$Anonymous4,anonymous,1,1,1,1,0,NaN,NaN,1,0,1,0,0,0,1,0,0,0,0,0,0,0,0,0,0,0,0,5,0,0,0,0,0,0,0,0,0,0,0,0,0,0,6,-1,0
C:\Users\Win-10\Documents\Mestrado\Sistema\squirrel_sql-3.1.2\src\net\sourceforge\squirrel_sql\plugins\graph\ConfigureNonDbConstraintController.java,net.sourceforge.squirrel_sql.plugins.graph.ConfigureNonDbConstraintController,class,9,20,1,34,0,NaN,NaN,7,0,1,6,0,0,1,0,0,0,6,1,0,6,0,0,1,0,2,115,3,2,3,3,0,2,1,15,0,13,4,4,0,0,61,1,0
C:\Users\Win-10\Documents\Mestrado\Sistema\squirrel_sql-3.1.2\src\net\sourceforge\squirrel_sql\plugins\graph\ConfigureNonDbConstraintDlg.java,net.sourceforge.squirrel_sql.plugins.graph.ConfigureNonDbConstraintDlg,class,5,5,6,24,0,NaN,NaN,5,0,1,4,0,0,1,0,0,0,9,1,0,1,0,8,1,0,2,100,4,0,0,0,0,13,195,36,0,24,0,1,0,0,70,1,0
C:\Users\Win-10\Documents\Mestrado\Sistema\squirrel_sql-3.1.2\src\net\sourceforge\squirrel_sql\plugins\graph\ConfigureNonDbConstraintDlg.java,net.sourceforge.squirrel_sql.plugins.graph.ConfigureNonDbConstraintDlg$Anonymous1,anonymous,0,1,1,2,0,NaN,NaN,1,0,1,0,0,0,1,0,0,0,0,0,0,0,0,0,0,0,0,6,0,0,0,0,0,0,0,0,0,0,0,0,0,0,8,-1,0
C:\Users\Win-10\Documents\Mestrado\Sistema\squirrel_sql-3.1.2\src\net\sourceforge\squirrel_sql\plugins\graph\ConnectionPoints.java,net.sourceforge.squirrel_sql.plugins.graph.ConnectionPoints,class,0,0,1,0,0,-1.0,-1.0,0,0,0,0,0,0,0,0,0,0,2,0,0,0,0,2,0,0,0,4,0,0,0,0,0,0,0,0,0,2,0,0,0,0,7,1,0
C:\Users\Win-10\Documents\Mestrado\Sistema\squirrel_sql-3.1.2\src\net\sourceforge\squirrel_sql\plugins\graph\ConstraintData.java,net.sourceforge.squirrel_sql.plugins.graph.ConstraintData,class,4,37,1,34,15,0.0,0.0,18,0,18,0,0,0,18,0,0,0,6,0,0,6,0,0,0,0,1,154,11,11,3,0,0,22,16,31,10,19,4,0,0,0,73,1,0
C:\Users\Win-10\Documents\Mestrado\Sistema\squirrel_sql-3.1.2\src\net\sourceforge\squirrel_sql\plugins\graph\ConstraintDataSet.java,net.sourceforge.squirrel_sql.plugins.graph.ConstraintDataSet$ContraintDisplayData,innerclass,0,3,1,0,0,0.0,0.0,3,0,3,0,0,0,3,0,0,0,2,0,0,2,0,0,0,0,0,14,2,0,0,0,0,0,0,2,0,2,0,0,0,0,11,10,0
C:\Users\Win-10\Documents\Mestrado\Sistema\squirrel_sql-3.1.2\src\net\sourceforge\squirrel_sql\plugins\graph\ConstraintDataSet.java,net.sourceforge.squirrel_sql.plugins.graph.ConstraintDataSet,class,12,23,1,22,0,0.0,0.0,10,0,9,1,0,0,9,0,0,0,5,2,0,5,0,0,2,0,0,91,11,5,1,0,0,4,7,11,2,9,2,0,1,0,78,1,0
C:\Users\Win-10\Documents\Mestrado\Sistema\squirrel_sql-3.1.2\src\net\sourceforge\squirrel_sql\plugins\graph\ConstraintGraph.java,net.sourceforge.squirrel_sql.plugins.graph.ConstraintGraph,class,6,31,1,25,70,0.0,0.0,21,0,21,0,0,0,21,0,0,0,8,0,0,8,0,0,0,0,3,129,15,4,4,0,0,0,21,27,8,19,2,0,0,0,52,1,0
C:\Users\Win-10\Documents\Mestrado\Sistema\squirrel_sql-3.1.2\src\net\sourceforge\squirrel_sql\plugins\graph\ConstraintView.java,net.sourceforge.squirrel_sql.plugins.graph.ConstraintView$Anonymous2,anonymous,1,1,1,1,0,NaN,NaN,1,0,1,0,0,0,1,0,0,0,0,0,0,0,0,0,0,0,0,5,0,0,0,0,0,0,0,0,0,0,0,0,0,0,9,-1,0
C:\Users\Win-10\Documents\Mestrado\Sistema\squirrel_sql-3.1.2\src\net\sourceforge\squirrel_sql\plugins\graph\ConstraintView.java,net.sourceforge.squirrel_sql.plugins.graph.ConstraintView,class,16,85,1,116,322,0.0,0.0,41,0,26,15,0,0,26,0,0,0,20,2,1,19,0,0,2,0,7,456,16,15,5,1,36,8,53,119,98,95,3,8,0,0,203,1,0
C:\Users\Win-10\Documents\Mestrado\Sistema\squirrel_sql-3.1.2\src\net\sourceforge\squirrel_sql\plugins\graph\ConstraintView.java,net.sourceforge.squirrel_sql.plugins.graph.ConstraintView$Anonymous1,anonymous,1,1,1,1,0,NaN,NaN,1,0,1,0,0,0,1,0,0,0,0,0,0,0,0,0,0,0,0,5,0,0,0,0,0,0,0,0,0,0,0,0,0,0,9,-1,0
C:\Users\Win-10\Documents\Mestrado\Sistema\squirrel_sql-3.1.2\src\net\sourceforge\squirrel_sql\plugins\graph\ConstraintView.java,net.sourceforge.squirrel_sql.plugins.graph.ConstraintView$Anonymous4,anonymous,1,1,1,1,0,NaN,NaN,1,0,1,0,0,0,1,0,0,0,0,0,0,0,0,0,0,0,0,5,0,0,0,0,0,0,0,0,0,0,0,0,0,0,10,-1,0
C:\Users\Win-10\Documents\Mestrado\Sistema\squirrel_sql-3.1.2\src\net\sourceforge\squirrel_sql\plugins\graph\ConstraintView.java,net.sourceforge.squirrel_sql.plugins.graph.ConstraintView$Anonymous3,anonymous,1,1,1,1,0,NaN,NaN,1,0,1,0,0,0,1,0,0,0,0,0,0,0,0,0,0,0,0,5,0,0,0,0,0,0,0,0,0,0,0,0,0,0,9,-1,0
C:\Users\Win-10\Documents\Mestrado\Sistema\squirrel_sql-3.1.2\src\net\sourceforge\squirrel_sql\plugins\graph\ConstraintView.java,net.sourceforge.squirrel_sql.plugins.graph.ConstraintView$Anonymous6,anonymous,1,1,1,1,0,NaN,NaN,1,0,1,0,0,0,1,0,0,0,0,0,0,0,0,0,0,0,0,5,0,0,0,0,0,0,0,0,0,0,0,0,0,0,10,-1,0
C:\Users\Win-10\Documents\Mestrado\Sistema\squirrel_sql-3.1.2\src\net\sourceforge\squirrel_sql\plugins\graph\ConstraintView.java,net.sourceforge.squirrel_sql.plugins.graph.ConstraintView$Anonymous5,anonymous,1,1,1,1,0,NaN,NaN,1,0,1,0,0,0,1,0,0,0,0,0,0,0,0,0,0,0,0,5,0,0,0,0,0,0,0,0,0,0,0,0,0,0,10,-1,0
C:\Users\Win-10\Documents\Mestrado\Sistema\squirrel_sql-3.1.2\src\net\sourceforge\squirrel_sql\plugins\graph\ConstraintView.java,net.sourceforge.squirrel_sql.plugins.graph.ConstraintView$Anonymous8,anonymous,1,1,1,1,0,NaN,NaN,1,0,1,0,0,0,1,0,0,0,0,0,0,0,0,0,0,0,0,5,0,0,0,0,0,0,0,0,0,0,0,0,0,0,6,-1,0
C:\Users\Win-10\Documents\Mestrado\Sistema\squirrel_sql-3.1.2\src\net\sourceforge\squirrel_sql\plugins\graph\ConstraintView.java,net.sourceforge.squirrel_sql.plugins.graph.ConstraintView$Anonymous7,anonymous,1,1,1,1,0,NaN,NaN,1,0,1,0,0,0,1,0,0,0,0,0,0,0,0,0,0,0,0,5,0,0,0,0,0,0,0,0,0,0,0,0,0,0,9,-1,0
C:\Users\Win-10\Documents\Mestrado\Sistema\squirrel_sql-3.1.2\src\net\sourceforge\squirrel_sql\plugins\graph\ConstraintViewAdapter.java,net.sourceforge.squirrel_sql.plugins.graph.ConstraintViewAdapter,class,2,2,1,0,1,0.0,0.0,2,0,2,0,0,0,2,0,0,0,0,0,0,0,0,0,0,0,0,6,0,0,0,0,0,0,0,0,0,0,0,0,0,0,12,1,0
C:\Users\Win-10\Documents\Mestrado\Sistema\squirrel_sql-3.1.2\src\net\sourceforge\squirrel_sql\plugins\graph\ConstraintViewCreator.java,net.sourceforge.squirrel_sql.plugins.graph.ConstraintViewCreator,class,9,5,1,13,0,NaN,NaN,1,1,1,0,0,0,1,0,0,0,1,1,0,1,0,0,1,0,0,20,3,0,4,0,0,2,0,6,0,6,1,0,0,0,29,1,0
C:\Users\Win-10\Documents\Mestrado\Sistema\squirrel_sql-3.1.2\src\net\sourceforge\squirrel_sql\plugins\graph\ConstraintViewListener.java,net.sourceforge.squirrel_sql.plugins.graph.ConstraintViewListener,interface,1,2,1,0,1,0.0,0.0,2,0,0,0,0,2,2,0,0,0,0,0,0,0,0,0,0,0,0,4,0,0,0,0,0,0,0,0,0,0,0,0,0,0,11,1,0
C:\Users\Win-10\Documents\Mestrado\Sistema\squirrel_sql-3.1.2\src\net\sourceforge\squirrel_sql\plugins\graph\DndCallback.java,net.sourceforge.squirrel_sql.plugins.graph.DndCallback,interface,1,2,1,0,1,0.0,0.0,2,0,0,0,0,2,2,0,0,0,0,0,0,0,0,0,0,0,0,4,0,0,0,0,0,0,0,0,0,0,0,0,0,0,13,1,0
C:\Users\Win-10\Documents\Mestrado\Sistema\squirrel_sql-3.1.2\src\net\sourceforge\squirrel_sql\plugins\graph\DndColumn.java,net.sourceforge.squirrel_sql.plugins.graph.DndColumn,interface,1,2,1,0,1,0.0,0.0,2,0,0,0,0,2,2,0,0,0,0,0,0,0,0,0,0,0,0,4,0,0,0,0,0,0,0,0,0,0,0,0,0,0,6,1,0
C:\Users\Win-10\Documents\Mestrado\Sistema\squirrel_sql-3.1.2\src\net\sourceforge\squirrel_sql\plugins\graph\DndEvent.java,net.sourceforge.squirrel_sql.plugins.graph.DndEvent,class,2,3,1,0,0,0.0,0.0,3,0,3,0,0,0,3,0,0,0,2,0,0,2,0,0,0,0,0,14,2,0,0,0,0,0,0,2,0,2,0,0,0,0,12,1,0
C:\Users\Win-10\Documents\Mestrado\Sistema\squirrel_sql-3.1.2\src\net\sourceforge\squirrel_sql\plugins\graph\DndHandler.java,net.sourceforge.squirrel_sql.plugins.graph.DndHandler,class,7,5,1,8,0,0.0,0.0,4,0,3,1,0,0,3,0,0,0,6,3,0,6,0,0,2,0,0,62,2,0,0,1,0,2,0,4,0,6,1,2,0,0,42,1,1
C:\Users\Win-10\Documents\Mestrado\Sistema\squirrel_sql-3.1.2\src\net\sourceforge\squirrel_sql\plugins\graph\DndHandler.java,net.sourceforge.squirrel_sql.plugins.graph.DndHandler$Anonymous2,anonymous,2,5,1,6,3,0.0,0.0,3,0,2,0,1,0,3,0,0,0,0,0,0,0,0,0,0,0,0,23,5,0,0,0,0,0,0,2,0,1,1,0,0,0,23,-1,0
C:\Users\Win-10\Documents\Mestrado\Sistema\squirrel_sql-3.1.2\src\net\sourceforge\squirrel_sql\plugins\graph\DndHandler.java,net.sourceforge.squirrel_sql.plugins.graph.DndHandler$Anonymous1,anonymous,0,8,1,9,0,NaN,NaN,1,0,1,0,0,0,1,0,0,0,0,0,0,0,0,0,0,0,0,12,0,0,6,0,1,1,3,2,0,0,1,0,0,0,12,-1,0
C:\Users\Win-10\Documents\Mestrado\Sistema\squirrel_sql-3.1.2\src\net\sourceforge\squirrel_sql\plugins\graph\EdgesGraphComponent.java,net.sourceforge.squirrel_sql.plugins.graph.EdgesGraphComponent,class,3,7,1,5,2,0.0,0.0,4,0,4,0,0,0,4,0,0,0,6,1,1,5,0,0,1,0,0,41,2,2,0,1,0,0,7,14,1,12,2,0,0,0,47,1,0
C:\Users\Win-10\Documents\Mestrado\Sistema\squirrel_sql-3.1.2\src\net\sourceforge\squirrel_sql\plugins\graph\EdgesListener.java,net.sourceforge.squirrel_sql.plugins.graph.EdgesListener,interface,1,1,1,0,0,NaN,NaN,1,0,1,0,0,0,1,0,0,0,0,0,0,0,0,0,0,0,0,3,0,0,0,0,0,0,0,0,0,0,0,0,0,0,7,1,0
C:\Users\Win-10\Documents\Mestrado\Sistema\squirrel_sql-3.1.2\src\net\sourceforge\squirrel_sql\plugins\graph\FoldingPoint.java,net.sourceforge.squirrel_sql.plugins.graph.FoldingPoint,class,2,9,1,4,0,0.0,0.0,6,0,5,0,0,1,6,0,0,0,3,0,0,3,0,0,0,0,0,41,4,0,0,0,2,0,6,13,4,5,1,0,0,0,20,1,0
C:\Users\Win-10\Documents\Mestrado\Sistema\squirrel_sql-3.1.2\src\net\sourceforge\squirrel_sql\plugins\graph\FormatController.java,net.sourceforge.squirrel_sql.plugins.graph.FormatController$Anonymous2,anonymous,1,2,1,1,1,0.0,0.0,2,0,2,0,0,0,2,0,0,0,0,0,0,0,0,0,0,0,0,8,0,0,0,0,0,0,0,0,0,0,0,0,0,0,11,-1,0
C:\Users\Win-10\Documents\Mestrado\Sistema\squirrel_sql-3.1.2\src\net\sourceforge\squirrel_sql\plugins\graph\FormatController.java,net.sourceforge.squirrel_sql.plugins.graph.FormatController$Anonymous1,anonymous,1,1,1,1,0,NaN,NaN,1,0,1,0,0,0,1,0,0,0,0,0,0,0,0,0,0,0,0,5,0,0,0,0,0,0,0,0,0,0,0,0,0,0,7,-1,0
C:\Users\Win-10\Documents\Mestrado\Sistema\squirrel_sql-3.1.2\src\net\sourceforge\squirrel_sql\plugins\graph\FormatController.java,net.sourceforge.squirrel_sql.plugins.graph.FormatController,class,10,42,1,68,0,0.0,0.0,15,0,4,11,0,0,4,0,0,0,9,1,0,9,0,0,1,0,11,305,8,4,15,5,0,18,10,52,16,40,3,9,1,0,109,1,0
C:\Users\Win-10\Documents\Mestrado\Sistema\squirrel_sql-3.1.2\src\net\sourceforge\squirrel_sql\plugins\graph\FormatController.java,net.sourceforge.squirrel_sql.plugins.graph.FormatController$Unit,innerclass,1,4,1,1,0,0.0,0.0,4,0,3,1,0,0,3,0,0,0,4,2,2,2,0,0,2,0,0,19,3,0,0,0,0,2,2,4,0,4,0,0,0,0,19,9,0
C:\Users\Win-10\Documents\Mestrado\Sistema\squirrel_sql-3.1.2\src\net\sourceforge\squirrel_sql\plugins\graph\FormatController.java,net.sourceforge.squirrel_sql.plugins.graph.FormatController$Anonymous9,anonymous,0,1,1,1,0,NaN,NaN,1,0,1,0,0,0,1,0,0,0,0,0,0,0,0,0,0,0,0,5,0,0,0,0,0,0,0,0,0,0,0,0,0,0,4,-1,0
C:\Users\Win-10\Documents\Mestrado\Sistema\squirrel_sql-3.1.2\src\net\sourceforge\squirrel_sql\plugins\graph\FormatController.java,net.sourceforge.squirrel_sql.plugins.graph.FormatController$Anonymous8,anonymous,1,1,1,1,0,NaN,NaN,1,0,1,0,0,0,1,0,0,0,0,0,0,0,0,0,0,0,0,5,0,0,0,0,0,0,0,0,0,0,0,0,0,0,8,-1,0
C:\Users\Win-10\Documents\Mestrado\Sistema\squirrel_sql-3.1.2\src\net\sourceforge\squirrel_sql\plugins\graph\FormatController.java,net.sourceforge.squirrel_sql.plugins.graph.FormatController$Anonymous7,anonymous,1,1,1,1,0,NaN,NaN,1,0,1,0,0,0,1,0,0,0,0,0,0,0,0,0,0,0,0,5,0,0,0,0,0,0,0,0,0,0,0,0,0,0,6,-1,0
C:\Users\Win-10\Documents\Mestrado\Sistema\squirrel_sql-3.1.2\src\net\sourceforge\squirrel_sql\plugins\graph\FormatController.java,net.sourceforge.squirrel_sql.plugins.graph.FormatController$Anonymous6,anonymous,1,1,1,1,0,NaN,NaN,1,0,1,0,0,0,1,0,0,0,0,0,0,0,0,0,0,0,0,5,0,0,0,0,0,0,0,0,0,0,0,0,0,0,7,-1,0
C:\Users\Win-10\Documents\Mestrado\Sistema\squirrel_sql-3.1.2\src\net\sourceforge\squirrel_sql\plugins\graph\FormatController.java,net.sourceforge.squirrel_sql.plugins.graph.FormatController$Anonymous5,anonymous,1,1,1,1,0,NaN,NaN,1,0,1,0,0,0,1,0,0,0,0,0,0,0,0,0,0,0,0,5,0,0,0,0,0,0,0,0,0,0,0,0,0,0,7,-1,0
C:\Users\Win-10\Documents\Mestrado\Sistema\squirrel_sql-3.1.2\src\net\sourceforge\squirrel_sql\plugins\graph\FormatController.java,net.sourceforge.squirrel_sql.plugins.graph.FormatController$Anonymous4,anonymous,1,1,1,1,0,NaN,NaN,1,0,1,0,0,0,1,0,0,0,0,0,0,0,0,0,0,0,0,5,0,0,0,0,0,0,0,0,0,0,0,0,0,0,7,-1,0
C:\Users\Win-10\Documents\Mestrado\Sistema\squirrel_sql-3.1.2\src\net\sourceforge\squirrel_sql\plugins\graph\FormatController.java,net.sourceforge.squirrel_sql.plugins.graph.FormatController$Anonymous3,anonymous,1,1,1,1,0,NaN,NaN,1,0,1,0,0,0,1,0,0,0,0,0,0,0,0,0,0,0,0,5,0,0,0,0,0,0,0,0,0,0,0,0,0,0,10,-1,0
C:\Users\Win-10\Documents\Mestrado\Sistema\squirrel_sql-3.1.2\src\net\sourceforge\squirrel_sql\plugins\graph\FormatControllerListener.java,net.sourceforge.squirrel_sql.plugins.graph.FormatControllerListener,interface,1,1,1,0,0,NaN,NaN,1,0,0,0,0,1,1,0,0,0,0,0,0,0,0,0,0,0,0,3,0,0,0,0,0,0,0,0,0,0,0,0,0,0,8,1,0
C:\Users\Win-10\Documents\Mestrado\Sistema\squirrel_sql-3.1.2\src\net\sourceforge\squirrel_sql\plugins\graph\FormatDlg.java,net.sourceforge.squirrel_sql.plugins.graph.FormatDlg,class,2,1,6,10,0,NaN,NaN,1,0,1,0,0,0,1,0,0,0,9,1,0,1,0,8,1,0,0,61,0,0,0,0,0,8,10,20,0,20,0,0,0,0,51,1,0
C:\Users\Win-10\Documents\Mestrado\Sistema\squirrel_sql-3.1.2\src\net\sourceforge\squirrel_sql\plugins\graph\GraphComponent.java,net.sourceforge.squirrel_sql.plugins.graph.GraphComponent,interface,0,2,1,0,1,0.0,0.0,2,0,0,0,0,2,2,0,0,0,0,0,0,0,0,0,0,0,0,4,0,0,0,0,0,0,0,0,0,0,0,0,0,0,10,1,0
C:\Users\Win-10\Documents\Mestrado\Sistema\squirrel_sql-3.1.2\src\net\sourceforge\squirrel_sql\plugins\graph\GraphController.java,net.sourceforge.squirrel_sql.plugins.graph.GraphController$Anonymous3,anonymous,1,1,1,1,0,NaN,NaN,1,0,1,0,0,0,1,0,0,0,0,0,0,0,0,0,0,0,0,5,0,0,0,0,0,0,0,0,0,0,0,0,0,0,6,-1,0
C:\Users\Win-10\Documents\Mestrado\Sistema\squirrel_sql-3.1.2\src\net\sourceforge\squirrel_sql\plugins\graph\GraphController.java,net.sourceforge.squirrel_sql.plugins.graph.GraphController$Anonymous4,anonymous,3,2,1,4,0,NaN,NaN,1,0,1,0,0,0,1,0,0,0,0,0,0,0,0,0,0,0,0,7,0,0,1,0,0,0,0,0,0,0,0,0,0,0,8,-1,0
C:\Users\Win-10\Documents\Mestrado\Sistema\squirrel_sql-3.1.2\src\net\sourceforge\squirrel_sql\plugins\graph\GraphController.java,net.sourceforge.squirrel_sql.plugins.graph.GraphController$Anonymous1,anonymous,1,9,1,9,36,0.0,0.0,9,0,9,0,0,0,9,0,0,0,0,0,0,0,0,0,0,0,0,29,0,0,0,0,0,0,0,0,0,0,0,0,0,0,22,-1,0
C:\Users\Win-10\Documents\Mestrado\Sistema\squirrel_sql-3.1.2\src\net\sourceforge\squirrel_sql\plugins\graph\GraphController.java,net.sourceforge.squirrel_sql.plugins.graph.GraphController$Anonymous2,anonymous,2,1,1,1,0,NaN,NaN,1,0,1,0,0,0,1,0,0,0,0,0,0,0,0,0,0,0,0,5,0,0,0,0,0,0,0,0,0,0,0,0,0,0,7,-1,0
C:\Users\Win-10\Documents\Mestrado\Sistema\squirrel_sql-3.1.2\src\net\sourceforge\squirrel_sql\plugins\graph\GraphController.java,net.sourceforge.squirrel_sql.plugins.graph.GraphController,class,19,57,1,74,41,0.0,0.0,22,0,7,15,0,0,7,0,0,0,11,2,0,11,0,0,2,0,2,270,11,16,7,0,0,0,24,65,15,51,3,4,0,0,123,1,0
C:\Users\Win-10\Documents\Mestrado\Sistema\squirrel_sql-3.1.2\src\net\sourceforge\squirrel_sql\plugins\graph\GraphControllerAccessor.java,net.sourceforge.squirrel_sql.plugins.graph.GraphControllerAccessor,interface,1,1,1,0,0,NaN,NaN,1,0,0,0,0,1,1,0,0,0,0,0,0,0,0,0,0,0,0,3,0,0,0,0,0,0,0,0,0,0,0,0,0,0,8,1,0
C:\Users\Win-10\Documents\Mestrado\Sistema\squirrel_sql-3.1.2\src\net\sourceforge\squirrel_sql\plugins\graph\GraphDesktopController.java,net.sourceforge.squirrel_sql.plugins.graph.GraphDesktopController$Anonymous16,anonymous,1,1,1,1,0,NaN,NaN,1,0,1,0,0,0,1,0,0,0,0,0,0,0,0,0,0,0,0,5,0,0,0,0,0,0,0,0,0,0,0,0,0,0,2,-1,0
C:\Users\Win-10\Documents\Mestrado\Sistema\squirrel_sql-3.1.2\src\net\sourceforge\squirrel_sql\plugins\graph\GraphDesktopController.java,net.sourceforge.squirrel_sql.plugins.graph.GraphDesktopController$Anonymous14,anonymous,1,1,1,1,0,NaN,NaN,1,0,1,0,0,0,1,0,0,0,0,0,0,0,0,0,0,0,0,5,0,0,0,0,0,0,0,0,0,0,0,0,0,0,11,-1,0
C:\Users\Win-10\Documents\Mestrado\Sistema\squirrel_sql-3.1.2\src\net\sourceforge\squirrel_sql\plugins\graph\GraphDesktopController.java,net.sourceforge.squirrel_sql.plugins.graph.GraphDesktopController$Anonymous15,anonymous,1,1,1,1,0,NaN,NaN,1,0,1,0,0,0,1,0,0,0,0,0,0,0,0,0,0,0,0,5,0,0,0,0,0,0,0,0,0,0,0,0,0,0,2,-1,0
C:\Users\Win-10\Documents\Mestrado\Sistema\squirrel_sql-3.1.2\src\net\sourceforge\squirrel_sql\plugins\graph\GraphDesktopController.java,net.sourceforge.squirrel_sql.plugins.graph.GraphDesktopController$Anonymous5,anonymous,1,1,1,1,0,NaN,NaN,1,0,1,0,0,0,1,0,0,0,0,0,0,0,0,0,0,0,0,5,0,0,0,0,0,0,0,0,0,0,0,0,0,0,8,-1,0
C:\Users\Win-10\Documents\Mestrado\Sistema\squirrel_sql-3.1.2\src\net\sourceforge\squirrel_sql\plugins\graph\GraphDesktopController.java,net.sourceforge.squirrel_sql.plugins.graph.GraphDesktopController$Anonymous6,anonymous,1,1,1,1,0,NaN,NaN,1,0,1,0,0,0,1,0,0,0,0,0,0,0,0,0,0,0,0,5,0,0,0,0,0,0,0,0,0,0,0,0,0,0,8,-1,0
C:\Users\Win-10\Documents\Mestrado\Sistema\squirrel_sql-3.1.2\src\net\sourceforge\squirrel_sql\plugins\graph\GraphDesktopController.java,net.sourceforge.squirrel_sql.plugins.graph.GraphDesktopController$Anonymous3,anonymous,2,1,1,1,0,NaN,NaN,1,0,1,0,0,0,1,0,0,0,0,0,0,0,0,0,0,0,0,5,0,0,0,0,0,0,0,0,0,0,0,0,0,0,7,-1,0
C:\Users\Win-10\Documents\Mestrado\Sistema\squirrel_sql-3.1.2\src\net\sourceforge\squirrel_sql\plugins\graph\GraphDesktopController.java,net.sourceforge.squirrel_sql.plugins.graph.GraphDesktopController$Anonymous4,anonymous,1,1,1,1,0,NaN,NaN,1,0,1,0,0,0,1,0,0,0,0,0,0,0,0,0,0,0,0,5,0,0,0,0,0,0,0,0,0,0,0,0,0,0,8,-1,0
C:\Users\Win-10\Documents\Mestrado\Sistema\squirrel_sql-3.1.2\src\net\sourceforge\squirrel_sql\plugins\graph\GraphDesktopController.java,net.sourceforge.squirrel_sql.plugins.graph.GraphDesktopController$Anonymous9,anonymous,0,1,1,1,0,NaN,NaN,1,0,1,0,0,0,1,0,0,0,0,0,0,0,0,0,0,0,0,5,0,0,0,0,0,0,0,0,0,0,0,0,0,0,5,-1,0
C:\Users\Win-10\Documents\Mestrado\Sistema\squirrel_sql-3.1.2\src\net\sourceforge\squirrel_sql\plugins\graph\GraphDesktopController.java,net.sourceforge.squirrel_sql.plugins.graph.GraphDesktopController,class,14,54,1,58,325,0.0,0.0,34,0,17,16,0,1,18,0,0,0,21,1,0,21,0,0,1,0,4,332,8,3,13,0,0,13,4,36,0,35,3,16,0,0,122,1,0
C:\Users\Win-10\Documents\Mestrado\Sistema\squirrel_sql-3.1.2\src\net\sourceforge\squirrel_sql\plugins\graph\GraphDesktopController.java,net.sourceforge.squirrel_sql.plugins.graph.GraphDesktopController$Anonymous7,anonymous,1,1,1,1,0,NaN,NaN,1,0,1,0,0,0,1,0,0,0,0,0,0,0,0,0,0,0,0,5,0,0,0,0,0,0,0,0,0,0,0,0,0,0,9,-1,0
C:\Users\Win-10\Documents\Mestrado\Sistema\squirrel_sql-3.1.2\src\net\sourceforge\squirrel_sql\plugins\graph\GraphDesktopController.java,net.sourceforge.squirrel_sql.plugins.graph.GraphDesktopController$Anonymous8,anonymous,1,1,1,1,0,NaN,NaN,1,0,1,0,0,0,1,0,0,0,0,0,0,0,0,0,0,0,0,5,0,0,0,0,0,0,0,0,0,0,0,0,0,0,9,-1,0
C:\Users\Win-10\Documents\Mestrado\Sistema\squirrel_sql-3.1.2\src\net\sourceforge\squirrel_sql\plugins\graph\GraphDesktopController.java,net.sourceforge.squirrel_sql.plugins.graph.GraphDesktopController$Anonymous12,anonymous,1,1,1,1,0,NaN,NaN,1,0,1,0,0,0,1,0,0,0,0,0,0,0,0,0,0,0,0,5,0,0,0,0,0,0,0,0,0,0,0,0,0,0,10,-1,0
C:\Users\Win-10\Documents\Mestrado\Sistema\squirrel_sql-3.1.2\src\net\sourceforge\squirrel_sql\plugins\graph\GraphDesktopController.java,net.sourceforge.squirrel_sql.plugins.graph.GraphDesktopController$Anonymous13,anonymous,1,1,1,1,0,NaN,NaN,1,0,1,0,0,0,1,0,0,0,0,0,0,0,0,0,0,0,0,5,0,0,0,0,0,0,0,0,0,0,0,0,0,0,11,-1,0
C:\Users\Win-10\Documents\Mestrado\Sistema\squirrel_sql-3.1.2\src\net\sourceforge\squirrel_sql\plugins\graph\GraphDesktopController.java,net.sourceforge.squirrel_sql.plugins.graph.GraphDesktopController$Anonymous10,anonymous,1,1,1,1,0,NaN,NaN,1,0,1,0,0,0,1,0,0,0,0,0,0,0,0,0,0,0,0,5,0,0,0,0,0,0,0,0,0,0,0,0,0,0,10,-1,0
C:\Users\Win-10\Documents\Mestrado\Sistema\squirrel_sql-3.1.2\src\net\sourceforge\squirrel_sql\plugins\graph\GraphDesktopController.java,net.sourceforge.squirrel_sql.plugins.graph.GraphDesktopController$Anonymous11,anonymous,1,1,1,1,0,NaN,NaN,1,0,1,0,0,0,1,0,0,0,0,0,0,0,0,0,0,0,0,5,0,0,0,0,0,0,0,0,0,0,0,0,0,0,8,-1,0
C:\Users\Win-10\Documents\Mestrado\Sistema\squirrel_sql-3.1.2\src\net\sourceforge\squirrel_sql\plugins\graph\GraphDesktopController.java,net.sourceforge.squirrel_sql.plugins.graph.GraphDesktopController$Anonymous1,anonymous,1,3,1,3,3,0.0,0.0,3,0,3,0,0,0,3,0,0,0,0,0,0,0,0,0,0,0,0,11,0,0,0,0,0,0,0,0,0,0,0,0,0,0,8,-1,0
C:\Users\Win-10\Documents\Mestrado\Sistema\squirrel_sql-3.1.2\src\net\sourceforge\squirrel_sql\plugins\graph\GraphDesktopController.java,net.sourceforge.squirrel_sql.plugins.graph.GraphDesktopController$Anonymous2,anonymous,1,1,1,1,0,NaN,NaN,1,0,1,0,0,0,1,0,0,0,0,0,0,0,0,0,0,0,0,5,0,0,0,0,0,0,0,0,0,0,0,0,0,0,6,-1,0
C:\Users\Win-10\Documents\Mestrado\Sistema\squirrel_sql-3.1.2\src\net\sourceforge\squirrel_sql\plugins\graph\GraphDesktopListener.java,net.sourceforge.squirrel_sql.plugins.graph.GraphDesktopListener,interface,0,9,1,0,36,0.0,0.0,9,0,0,0,0,9,9,0,0,0,0,0,0,0,0,0,0,0,0,11,0,0,0,0,0,0,0,0,0,0,0,0,0,0,24,1,0
C:\Users\Win-10\Documents\Mestrado\Sistema\squirrel_sql-3.1.2\src\net\sourceforge\squirrel_sql\plugins\graph\GraphDesktopPane.java,net.sourceforge.squirrel_sql.plugins.graph.GraphDesktopPane$Anonymous1,anonymous,1,1,1,1,0,NaN,NaN,1,0,1,0,0,0,1,0,0,0,0,0,0,0,0,0,0,0,0,5,0,0,0,0,0,0,0,0,0,0,0,0,0,0,7,-1,0
C:\Users\Win-10\Documents\Mestrado\Sistema\squirrel_sql-3.1.2\src\net\sourceforge\squirrel_sql\plugins\graph\GraphDesktopPane.java,net.sourceforge.squirrel_sql.plugins.graph.GraphDesktopPane,class,9,25,2,37,75,0.0,0.0,15,0,11,4,0,0,11,0,0,0,7,1,0,7,0,0,1,0,5,121,10,3,1,1,6,0,8,33,19,27,3,1,0,0,84,1,0
C:\Users\Win-10\Documents\Mestrado\Sistema\squirrel_sql-3.1.2\src\net\sourceforge\squirrel_sql\plugins\graph\GraphLine.java,net.sourceforge.squirrel_sql.plugins.graph.GraphLine,class,2,11,1,3,0,0.0,0.0,7,0,7,0,0,0,7,0,0,0,4,0,0,4,0,0,0,0,0,52,4,0,4,0,0,0,0,12,0,4,1,0,0,0,15,1,0
C:\Users\Win-10\Documents\Mestrado\Sistema\squirrel_sql-3.1.2\src\net\sourceforge\squirrel_sql\plugins\graph\GraphMainPanelTab.java,net.sourceforge.squirrel_sql.plugins.graph.GraphMainPanelTab,class,4,6,2,4,7,0.0,0.0,6,0,5,0,1,0,6,0,0,0,3,1,0,3,0,0,1,0,0,23,3,0,0,0,0,2,0,4,0,3,0,0,0,0,22,1,0
C:\Users\Win-10\Documents\Mestrado\Sistema\squirrel_sql-3.1.2\src\net\sourceforge\squirrel_sql\plugins\graph\GraphPlugin.java,net.sourceforge.squirrel_sql.plugins.graph.GraphPlugin,class,14,29,2,23,75,0.0,0.0,15,0,15,0,0,0,15,0,0,1,3,1,0,3,0,0,0,0,2,116,12,5,5,0,0,13,7,27,2,22,4,0,0,0,112,1,0
C:\Users\Win-10\Documents\Mestrado\Sistema\squirrel_sql-3.1.2\src\net\sourceforge\squirrel_sql\plugins\graph\GraphPluginResources.java,net.sourceforge.squirrel_sql.plugins.graph.GraphPluginResources$IKeys,interface,0,0,1,0,0,-1.0,-1.0,0,0,0,0,0,0,0,0,0,0,2,0,0,0,0,2,0,0,0,4,0,0,0,0,0,2,0,2,0,2,0,0,0,0,16,1,0
C:\Users\Win-10\Documents\Mestrado\Sistema\squirrel_sql-3.1.2\src\net\sourceforge\squirrel_sql\plugins\graph\GraphPluginResources.java,net.sourceforge.squirrel_sql.plugins.graph.GraphPluginResources,class,3,1,2,1,0,NaN,NaN,1,0,0,0,0,1,1,0,0,0,0,0,0,0,0,0,0,0,0,9,0,0,0,0,0,0,0,0,0,0,0,0,1,0,5,17,0
C:\Users\Win-10\Documents\Mestrado\Sistema\squirrel_sql-3.1.2\src\net\sourceforge\squirrel_sql\plugins\graph\GraphPrintable.java,net.sourceforge.squirrel_sql.plugins.graph.GraphPrintable,interface,0,2,1,0,1,0.0,0.0,2,0,0,0,0,2,2,0,0,0,0,0,0,0,0,0,0,0,0,4,0,0,0,0,0,0,0,0,0,0,0,0,0,0,10,1,0
C:\Users\Win-10\Documents\Mestrado\Sistema\squirrel_sql-3.1.2\src\net\sourceforge\squirrel_sql\plugins\graph\GraphSelectionDialog.java,net.sourceforge.squirrel_sql.plugins.graph.GraphSelectionDialog,class,2,2,6,11,0,NaN,NaN,2,0,1,1,0,0,1,0,0,0,5,1,0,1,0,4,1,0,0,37,1,0,0,0,0,5,74,12,0,8,0,0,0,0,39,1,0
C:\Users\Win-10\Documents\Mestrado\Sistema\squirrel_sql-3.1.2\src\net\sourceforge\squirrel_sql\plugins\graph\GraphSelectionDialogController.java,net.sourceforge.squirrel_sql.plugins.graph.GraphSelectionDialogController$Anonymous2,anonymous,1,1,1,1,0,NaN,NaN,1,0,1,0,0,0,1,0,0,0,0,0,0,0,0,0,0,0,0,5,0,0,0,0,0,0,0,0,0,0,0,0,0,0,8,-1,0
C:\Users\Win-10\Documents\Mestrado\Sistema\squirrel_sql-3.1.2\src\net\sourceforge\squirrel_sql\plugins\graph\GraphSelectionDialogController.java,net.sourceforge.squirrel_sql.plugins.graph.GraphSelectionDialogController$Anonymous1,anonymous,1,1,1,1,0,NaN,NaN,1,0,1,0,0,0,1,0,0,0,0,0,0,0,0,0,0,0,0,5,0,0,0,0,0,0,0,0,0,0,0,0,0,0,7,-1,0
C:\Users\Win-10\Documents\Mestrado\Sistema\squirrel_sql-3.1.2\src\net\sourceforge\squirrel_sql\plugins\graph\GraphSelectionDialogController.java,net.sourceforge.squirrel_sql.plugins.graph.GraphSelectionDialogController$Anonymous5,anonymous,1,1,1,1,0,NaN,NaN,1,0,1,0,0,0,1,0,0,0,0,0,0,0,0,0,0,0,0,5,0,0,0,0,0,0,0,0,0,0,0,0,0,0,5,-1,0
C:\Users\Win-10\Documents\Mestrado\Sistema\squirrel_sql-3.1.2\src\net\sourceforge\squirrel_sql\plugins\graph\GraphSelectionDialogController.java,net.sourceforge.squirrel_sql.plugins.graph.GraphSelectionDialogController$Anonymous4,anonymous,1,1,1,1,0,NaN,NaN,1,0,1,0,0,0,1,0,0,0,0,0,0,0,0,0,0,0,0,5,0,0,0,0,0,0,0,0,0,0,0,0,0,0,7,-1,0
C:\Users\Win-10\Documents\Mestrado\Sistema\squirrel_sql-3.1.2\src\net\sourceforge\squirrel_sql\plugins\graph\GraphSelectionDialogController.java,net.sourceforge.squirrel_sql.plugins.graph.GraphSelectionDialogController,class,4,13,1,20,25,0.0,0.0,10,0,4,6,0,0,4,0,0,0,5,1,0,4,0,1,1,0,2,88,3,0,1,0,0,5,3,8,0,7,1,5,0,0,47,1,0
C:\Users\Win-10\Documents\Mestrado\Sistema\squirrel_sql-3.1.2\src\net\sourceforge\squirrel_sql\plugins\graph\GraphSelectionDialogController.java,net.sourceforge.squirrel_sql.plugins.graph.GraphSelectionDialogController$Anonymous3,anonymous,1,1,1,1,0,NaN,NaN,1,0,1,0,0,0,1,0,0,0,0,0,0,0,0,0,0,0,0,5,0,0,0,0,0,0,0,0,0,0,0,0,0,0,9,-1,0
C:\Users\Win-10\Documents\Mestrado\Sistema\squirrel_sql-3.1.2\src\net\sourceforge\squirrel_sql\plugins\graph\GraphTextAreaFactory.java,net.sourceforge.squirrel_sql.plugins.graph.GraphTextAreaFactory,class,8,16,1,11,9,0.0,0.0,7,0,7,0,0,0,7,0,0,0,2,0,0,2,0,0,0,0,0,52,9,0,4,0,2,0,6,4,0,4,1,0,0,0,64,1,0
C:\Users\Win-10\Documents\Mestrado\Sistema\squirrel_sql-3.1.2\src\net\sourceforge\squirrel_sql\plugins\graph\graphtofiles\GraphToFilesCtrlr.java,net.sourceforge.squirrel_sql.plugins.graph.graphtofiles.GraphToFilesCtrlr$Anonymous2,anonymous,1,1,1,1,0,NaN,NaN,1,0,1,0,0,0,1,0,0,0,0,0,0,0,0,0,0,0,0,5,0,0,0,0,0,0,0,0,0,0,0,0,0,0,9,-1,0
C:\Users\Win-10\Documents\Mestrado\Sistema\squirrel_sql-3.1.2\src\net\sourceforge\squirrel_sql\plugins\graph\graphtofiles\GraphToFilesCtrlr.java,net.sourceforge.squirrel_sql.plugins.graph.graphtofiles.GraphToFilesCtrlr$Anonymous1,anonymous,1,1,1,3,0,NaN,NaN,1,0,1,0,0,0,1,0,0,0,0,0,0,0,0,0,0,0,0,7,0,0,0,0,0,0,0,0,0,0,0,0,0,0,8,-1,0
C:\Users\Win-10\Documents\Mestrado\Sistema\squirrel_sql-3.1.2\src\net\sourceforge\squirrel_sql\plugins\graph\graphtofiles\GraphToFilesCtrlr.java,net.sourceforge.squirrel_sql.plugins.graph.graphtofiles.GraphToFilesCtrlr,class,5,11,1,21,0,NaN,NaN,3,0,1,2,0,0,1,0,0,0,5,2,0,4,0,1,2,0,6,76,0,2,4,1,1,11,6,13,3,12,5,3,0,0,57,1,0
C:\Users\Win-10\Documents\Mestrado\Sistema\squirrel_sql-3.1.2\src\net\sourceforge\squirrel_sql\plugins\graph\graphtofiles\GraphToFilesCtrlr.java,net.sourceforge.squirrel_sql.plugins.graph.graphtofiles.GraphToFilesCtrlr$Anonymous3,anonymous,1,1,1,1,0,NaN,NaN,1,0,1,0,0,0,1,0,0,0,0,0,0,0,0,0,0,0,0,5,0,0,0,0,0,0,0,0,0,0,0,0,0,0,6,-1,0
C:\Users\Win-10\Documents\Mestrado\Sistema\squirrel_sql-3.1.2\src\net\sourceforge\squirrel_sql\plugins\graph\graphtofiles\GraphToFilesDlg.java,net.sourceforge.squirrel_sql.plugins.graph.graphtofiles.GraphToFilesDlg,class,4,4,6,13,0,NaN,NaN,3,0,1,2,0,0,1,0,0,0,5,1,0,1,0,4,1,0,0,43,1,1,0,0,1,4,64,13,2,9,1,0,0,0,50,1,0
C:\Users\Win-10\Documents\Mestrado\Sistema\squirrel_sql-3.1.2\src\net\sourceforge\squirrel_sql\plugins\graph\graphtofiles\ImageSelection.java,net.sourceforge.squirrel_sql.plugins.graph.graphtofiles.ImageSelection,class,1,20,2,9,3,0.0,0.0,7,0,7,0,0,0,7,0,0,0,3,2,0,3,0,0,2,0,0,72,13,1,0,1,3,6,6,16,0,11,2,0,0,0,66,1,0
C:\Users\Win-10\Documents\Mestrado\Sistema\squirrel_sql-3.1.2\src\net\sourceforge\squirrel_sql\plugins\graph\graphtofiles\SaveToFilePageFormat.java,net.sourceforge.squirrel_sql.plugins.graph.graphtofiles.SaveToFilePageFormat,class,2,8,2,2,5,0.0,0.0,6,0,6,0,0,0,6,0,0,0,2,0,0,2,0,0,0,0,0,32,6,0,2,0,0,0,2,2,0,2,1,0,0,0,22,1,0
C:\Users\Win-10\Documents\Mestrado\Sistema\squirrel_sql-3.1.2\src\net\sourceforge\squirrel_sql\plugins\graph\PixelCalculater.java,net.sourceforge.squirrel_sql.plugins.graph.PixelCalculater,class,1,4,1,4,0,0.0,0.0,4,0,4,0,0,0,4,0,0,0,3,1,1,2,0,0,1,0,2,20,2,0,0,0,4,0,7,7,9,5,0,0,0,0,24,1,0
C:\Users\Win-10\Documents\Mestrado\Sistema\squirrel_sql-3.1.2\src\net\sourceforge\squirrel_sql\plugins\graph\ScriptInterface.java,net.sourceforge.squirrel_sql.plugins.graph.ScriptInterface,interface,2,1,1,0,0,NaN,NaN,1,0,0,0,0,1,1,0,0,0,0,0,0,0,0,0,0,0,0,3,0,0,0,0,0,0,0,0,0,0,0,0,0,0,13,1,0
C:\Users\Win-10\Documents\Mestrado\Sistema\squirrel_sql-3.1.2\src\net\sourceforge\squirrel_sql\plugins\graph\SqlScriptAcessor.java,net.sourceforge.squirrel_sql.plugins.graph.SqlScriptAcessor,class,5,2,1,8,0,NaN,NaN,1,1,1,0,0,0,1,0,0,0,1,1,0,1,0,0,1,0,1,12,1,0,1,0,0,2,0,3,0,3,1,0,0,0,24,1,0
C:\Users\Win-10\Documents\Mestrado\Sistema\squirrel_sql-3.1.2\src\net\sourceforge\squirrel_sql\plugins\graph\TableFrame.java,net.sourceforge.squirrel_sql.plugins.graph.TableFrame$MyUI,innerclass,1,3,4,0,3,0.0,0.0,3,0,2,0,1,0,3,0,0,0,0,0,0,0,0,0,0,0,0,12,2,0,0,0,0,0,0,1,0,0,0,0,0,0,16,0,0
C:\Users\Win-10\Documents\Mestrado\Sistema\squirrel_sql-3.1.2\src\net\sourceforge\squirrel_sql\plugins\graph\TableFrame.java,net.sourceforge.squirrel_sql.plugins.graph.TableFrame$MyTitlePaneUI$MyTitlePaneLayout,innerclass,1,1,2,2,0,NaN,NaN,1,0,1,0,0,0,1,0,0,0,0,0,0,0,0,0,0,0,0,8,1,0,0,0,0,0,0,3,0,1,0,0,0,0,10,0,0
C:\Users\Win-10\Documents\Mestrado\Sistema\squirrel_sql-3.1.2\src\net\sourceforge\squirrel_sql\plugins\graph\TableFrame.java,net.sourceforge.squirrel_sql.plugins.graph.TableFrame$MyTitlePaneUI,innerclass,4,13,6,35,21,0.0,0.0,7,0,3,0,4,0,7,0,0,0,1,1,1,0,0,0,1,0,0,81,3,0,2,0,5,1,22,25,12,15,4,1,1,0,87,0,0
C:\Users\Win-10\Documents\Mestrado\Sistema\squirrel_sql-3.1.2\src\net\sourceforge\squirrel_sql\plugins\graph\TableFrame.java,net.sourceforge.squirrel_sql.plugins.graph.TableFrame,class,10,8,12,30,0,0.0,0.0,5,0,4,1,0,0,4,0,0,0,5,0,0,3,0,2,0,0,0,167,2,0,2,0,8,0,11,14,16,10,2,1,2,0,60,1,0
C:\Users\Win-10\Documents\Mestrado\Sistema\squirrel_sql-3.1.2\src\net\sourceforge\squirrel_sql\plugins\graph\TableFrame.java,net.sourceforge.squirrel_sql.plugins.graph.TableFrame$MyTitlePaneUI$Anonymous2,anonymous,0,2,1,2,1,0.0,0.0,2,0,2,0,0,0,2,0,0,0,0,0,0,0,0,0,0,0,0,8,0,0,0,0,0,0,6,0,0,0,0,0,0,0,4,-1,0
C:\Users\Win-10\Documents\Mestrado\Sistema\squirrel_sql-3.1.2\src\net\sourceforge\squirrel_sql\plugins\graph\TableFrame.java,net.sourceforge.squirrel_sql.plugins.graph.TableFrame$Anonymous1,anonymous,1,3,1,1,3,0.0,0.0,3,0,3,0,0,0,3,0,0,0,0,0,0,0,0,0,0,0,0,9,0,0,0,0,0,0,0,0,0,0,0,0,0,0,11,-1,0
C:\Users\Win-10\Documents\Mestrado\Sistema\squirrel_sql-3.1.2\src\net\sourceforge\squirrel_sql\plugins\graph\TableFrameController.java,net.sourceforge.squirrel_sql.plugins.graph.TableFrameController$Anonymous8,anonymous,2,1,1,2,0,NaN,NaN,1,0,1,0,0,0,1,0,0,0,0,0,0,0,0,0,0,0,0,5,0,0,0,0,0,0,0,0,0,0,0,0,0,0,24,-1,0
C:\Users\Win-10\Documents\Mestrado\Sistema\squirrel_sql-3.1.2\src\net\sourceforge\squirrel_sql\plugins\graph\TableFrameController.java,net.sourceforge.squirrel_sql.plugins.graph.TableFrameController$Anonymous4,anonymous,1,3,1,1,3,0.0,0.0,3,0,3,0,0,0,3,0,0,0,0,0,0,0,0,0,0,0,0,11,0,0,0,0,0,0,0,0,0,0,0,0,0,0,11,-1,0
C:\Users\Win-10\Documents\Mestrado\Sistema\squirrel_sql-3.1.2\src\net\sourceforge\squirrel_sql\plugins\graph\TableFrameController.java,net.sourceforge.squirrel_sql.plugins.graph.TableFrameController$Anonymous6,anonymous,1,3,1,3,3,0.0,0.0,3,0,3,0,0,0,3,0,0,0,0,0,0,0,0,0,0,0,0,11,0,0,0,0,0,0,0,0,0,0,0,0,0,0,11,-1,0
C:\Users\Win-10\Documents\Mestrado\Sistema\squirrel_sql-3.1.2\src\net\sourceforge\squirrel_sql\plugins\graph\TableFrameController.java,net.sourceforge.squirrel_sql.plugins.graph.TableFrameController$Anonymous25,anonymous,1,1,1,2,0,NaN,NaN,1,0,1,0,0,0,1,0,0,0,0,0,0,0,0,0,0,0,0,5,1,0,0,0,0,0,0,0,0,0,0,0,0,0,4,-1,0
C:\Users\Win-10\Documents\Mestrado\Sistema\squirrel_sql-3.1.2\src\net\sourceforge\squirrel_sql\plugins\graph\TableFrameController.java,net.sourceforge.squirrel_sql.plugins.graph.TableFrameController$Anonymous15,anonymous,1,1,1,1,0,NaN,NaN,1,0,1,0,0,0,1,0,0,0,0,0,0,0,0,0,0,0,0,5,0,0,0,0,0,0,0,0,0,0,0,0,0,0,10,-1,0
C:\Users\Win-10\Documents\Mestrado\Sistema\squirrel_sql-3.1.2\src\net\sourceforge\squirrel_sql\plugins\graph\TableFrameController.java,net.sourceforge.squirrel_sql.plugins.graph.TableFrameController$Anonymous23,anonymous,1,1,1,2,0,NaN,NaN,1,0,1,0,0,0,1,0,0,0,0,0,0,0,0,0,0,0,0,6,0,0,0,0,0,0,0,0,0,0,0,0,0,0,8,-1,0
C:\Users\Win-10\Documents\Mestrado\Sistema\squirrel_sql-3.1.2\src\net\sourceforge\squirrel_sql\plugins\graph\TableFrameController.java,net.sourceforge.squirrel_sql.plugins.graph.TableFrameController$Anonymous2,anonymous,2,2,1,2,1,0.0,0.0,2,0,2,0,0,0,2,0,0,0,0,0,0,0,0,0,0,0,0,8,0,0,0,0,0,0,0,0,0,0,0,0,0,0,13,-1,0
C:\Users\Win-10\Documents\Mestrado\Sistema\squirrel_sql-3.1.2\src\net\sourceforge\squirrel_sql\plugins\graph\TableFrameController.java,net.sourceforge.squirrel_sql.plugins.graph.TableFrameController$Anonymous13,anonymous,1,1,1,1,0,NaN,NaN,1,0,1,0,0,0,1,0,0,0,0,0,0,0,0,0,0,0,0,5,0,0,0,0,0,0,0,0,0,0,0,0,0,0,8,-1,0
C:\Users\Win-10\Documents\Mestrado\Sistema\squirrel_sql-3.1.2\src\net\sourceforge\squirrel_sql\plugins\graph\TableFrameController.java,net.sourceforge.squirrel_sql.plugins.graph.TableFrameController$Anonymous29,anonymous,1,1,1,1,0,NaN,NaN,1,0,1,0,0,0,1,0,0,0,0,0,0,0,0,0,0,0,0,5,0,0,0,0,0,0,0,0,0,0,0,0,0,0,10,-1,0
C:\Users\Win-10\Documents\Mestrado\Sistema\squirrel_sql-3.1.2\src\net\sourceforge\squirrel_sql\plugins\graph\TableFrameController.java,net.sourceforge.squirrel_sql.plugins.graph.TableFrameController$Anonymous19,anonymous,1,1,1,1,0,NaN,NaN,1,0,1,0,0,0,1,0,0,0,0,0,0,0,0,0,0,0,0,5,0,0,0,0,0,0,0,0,0,0,0,0,0,0,8,-1,0
C:\Users\Win-10\Documents\Mestrado\Sistema\squirrel_sql-3.1.2\src\net\sourceforge\squirrel_sql\plugins\graph\TableFrameController.java,net.sourceforge.squirrel_sql.plugins.graph.TableFrameController,class,35,145,1,213,730,0.0,0.0,53,1,8,37,0,8,16,0,0,0,44,6,0,44,0,0,6,0,18,960,28,32,28,6,8,30,64,212,42,164,4,30,0,0,304,1,3
C:\Users\Win-10\Documents\Mestrado\Sistema\squirrel_sql-3.1.2\src\net\sourceforge\squirrel_sql\plugins\graph\TableFrameController.java,net.sourceforge.squirrel_sql.plugins.graph.TableFrameController$Anonymous27,anonymous,1,2,1,2,0,NaN,NaN,1,0,1,0,0,0,1,0,0,0,0,0,0,0,0,0,0,0,0,8,0,0,1,0,0,0,4,1,0,1,1,0,0,0,7,-1,0
C:\Users\Win-10\Documents\Mestrado\Sistema\squirrel_sql-3.1.2\src\net\sourceforge\squirrel_sql\plugins\graph\TableFrameController.java,net.sourceforge.squirrel_sql.plugins.graph.TableFrameController$Anonymous17,anonymous,1,1,1,1,0,NaN,NaN,1,0,1,0,0,0,1,0,0,0,0,0,0,0,0,0,0,0,0,5,0,0,0,0,0,0,0,0,0,0,0,0,0,0,7,-1,0
C:\Users\Win-10\Documents\Mestrado\Sistema\squirrel_sql-3.1.2\src\net\sourceforge\squirrel_sql\plugins\graph\TableFrameController.java,net.sourceforge.squirrel_sql.plugins.graph.TableFrameController$Anonymous10,anonymous,1,1,1,1,0,NaN,NaN,1,0,1,0,0,0,1,0,0,0,0,0,0,0,0,0,0,0,0,5,0,0,0,0,0,0,0,0,0,0,0,0,0,0,9,-1,0
C:\Users\Win-10\Documents\Mestrado\Sistema\squirrel_sql-3.1.2\src\net\sourceforge\squirrel_sql\plugins\graph\TableFrameController.java,net.sourceforge.squirrel_sql.plugins.graph.TableFrameController$Anonymous22,anonymous,1,1,1,2,0,NaN,NaN,1,0,1,0,0,0,1,0,0,0,0,0,0,0,0,0,0,0,0,6,0,0,0,0,0,0,0,0,0,0,0,0,0,0,8,-1,0
C:\Users\Win-10\Documents\Mestrado\Sistema\squirrel_sql-3.1.2\src\net\sourceforge\squirrel_sql\plugins\graph\TableFrameController.java,net.sourceforge.squirrel_sql.plugins.graph.TableFrameController$Anonymous30,anonymous,1,1,1,1,0,NaN,NaN,1,0,1,0,0,0,1,0,0,0,0,0,0,0,0,0,0,0,0,5,0,0,0,0,0,0,0,0,0,0,0,0,0,0,7,-1,0
C:\Users\Win-10\Documents\Mestrado\Sistema\squirrel_sql-3.1.2\src\net\sourceforge\squirrel_sql\plugins\graph\TableFrameController.java,net.sourceforge.squirrel_sql.plugins.graph.TableFrameController$Anonymous20,anonymous,2,1,1,3,0,NaN,NaN,1,0,1,0,0,0,1,0,0,0,0,0,0,0,0,0,0,0,0,7,0,0,0,0,0,0,0,0,0,0,0,0,0,0,8,-1,0
C:\Users\Win-10\Documents\Mestrado\Sistema\squirrel_sql-3.1.2\src\net\sourceforge\squirrel_sql\plugins\graph\TableFrameController.java,net.sourceforge.squirrel_sql.plugins.graph.TableFrameController$Anonymous7,anonymous,2,2,1,2,1,0.0,0.0,2,0,2,0,0,0,2,0,0,0,0,0,0,0,0,0,0,0,0,8,1,0,0,0,0,0,0,0,0,0,0,0,0,0,14,-1,0
C:\Users\Win-10\Documents\Mestrado\Sistema\squirrel_sql-3.1.2\src\net\sourceforge\squirrel_sql\plugins\graph\TableFrameController.java,net.sourceforge.squirrel_sql.plugins.graph.TableFrameController$Anonymous9,anonymous,1,1,1,1,0,NaN,NaN,1,0,1,0,0,0,1,0,0,0,0,0,0,0,0,0,0,0,0,5,0,0,0,0,0,0,0,0,0,0,0,0,0,0,9,-1,0
C:\Users\Win-10\Documents\Mestrado\Sistema\squirrel_sql-3.1.2\src\net\sourceforge\squirrel_sql\plugins\graph\TableFrameController.java,net.sourceforge.squirrel_sql.plugins.graph.TableFrameController$Anonymous3,anonymous,1,1,1,1,0,NaN,NaN,1,0,1,0,0,0,1,0,0,0,0,0,0,0,0,0,0,0,0,5,0,0,0,0,0,0,0,0,0,0,0,0,0,0,8,-1,0
C:\Users\Win-10\Documents\Mestrado\Sistema\squirrel_sql-3.1.2\src\net\sourceforge\squirrel_sql\plugins\graph\TableFrameController.java,net.sourceforge.squirrel_sql.plugins.graph.TableFrameController$Anonymous5,anonymous,1,1,1,1,0,NaN,NaN,1,0,1,0,0,0,1,0,0,0,0,0,0,0,0,0,0,0,0,5,0,0,0,0,0,0,0,0,0,0,0,0,0,0,10,-1,0
C:\Users\Win-10\Documents\Mestrado\Sistema\squirrel_sql-3.1.2\src\net\sourceforge\squirrel_sql\plugins\graph\TableFrameController.java,net.sourceforge.squirrel_sql.plugins.graph.TableFrameController$Anonymous14,anonymous,1,1,1,1,0,NaN,NaN,1,0,1,0,0,0,1,0,0,0,0,0,0,0,0,0,0,0,0,5,0,0,0,0,0,0,0,0,0,0,0,0,0,0,10,-1,0
C:\Users\Win-10\Documents\Mestrado\Sistema\squirrel_sql-3.1.2\src\net\sourceforge\squirrel_sql\plugins\graph\TableFrameController.java,net.sourceforge.squirrel_sql.plugins.graph.TableFrameController$Anonymous26,anonymous,1,11,1,4,0,NaN,NaN,1,0,1,0,0,0,1,0,0,0,0,0,0,0,0,0,0,0,0,28,6,0,8,0,0,2,4,2,2,2,3,0,0,0,8,-1,0
C:\Users\Win-10\Documents\Mestrado\Sistema\squirrel_sql-3.1.2\src\net\sourceforge\squirrel_sql\plugins\graph\TableFrameController.java,net.sourceforge.squirrel_sql.plugins.graph.TableFrameController$Anonymous1,anonymous,1,1,1,1,0,NaN,NaN,1,0,1,0,0,0,1,0,0,0,0,0,0,0,0,0,0,0,0,5,1,0,0,0,0,0,0,0,0,0,0,0,0,0,9,-1,0
C:\Users\Win-10\Documents\Mestrado\Sistema\squirrel_sql-3.1.2\src\net\sourceforge\squirrel_sql\plugins\graph\TableFrameController.java,net.sourceforge.squirrel_sql.plugins.graph.TableFrameController$Anonymous12,anonymous,1,1,1,1,0,NaN,NaN,1,0,1,0,0,0,1,0,0,0,0,0,0,0,0,0,0,0,0,5,0,0,0,0,0,0,0,0,0,0,0,0,0,0,7,-1,0
C:\Users\Win-10\Documents\Mestrado\Sistema\squirrel_sql-3.1.2\src\net\sourceforge\squirrel_sql\plugins\graph\TableFrameController.java,net.sourceforge.squirrel_sql.plugins.graph.TableFrameController$Anonymous24,anonymous,1,1,1,2,0,NaN,NaN,1,0,1,0,0,0,1,0,0,0,0,0,0,0,0,0,0,0,0,6,0,0,0,0,0,0,0,0,0,0,0,0,0,0,8,-1,0
C:\Users\Win-10\Documents\Mestrado\Sistema\squirrel_sql-3.1.2\src\net\sourceforge\squirrel_sql\plugins\graph\TableFrameController.java,net.sourceforge.squirrel_sql.plugins.graph.TableFrameController$Anonymous18,anonymous,1,1,1,1,0,NaN,NaN,1,0,1,0,0,0,1,0,0,0,0,0,0,0,0,0,0,0,0,5,0,0,0,0,0,0,0,0,0,0,0,0,0,0,7,-1,0
C:\Users\Win-10\Documents\Mestrado\Sistema\squirrel_sql-3.1.2\src\net\sourceforge\squirrel_sql\plugins\graph\TableFrameController.java,net.sourceforge.squirrel_sql.plugins.graph.TableFrameController$Anonymous16,anonymous,1,1,1,1,0,NaN,NaN,1,0,1,0,0,0,1,0,0,0,0,0,0,0,0,0,0,0,0,5,0,0,0,0,0,0,0,0,0,0,0,0,0,0,11,-1,0
C:\Users\Win-10\Documents\Mestrado\Sistema\squirrel_sql-3.1.2\src\net\sourceforge\squirrel_sql\plugins\graph\TableFrameController.java,net.sourceforge.squirrel_sql.plugins.graph.TableFrameController$Anonymous28,anonymous,1,3,1,1,3,0.0,0.0,3,0,3,0,0,0,3,0,0,0,0,0,0,0,0,0,0,0,0,11,0,0,0,0,0,0,0,0,0,0,0,0,0,0,11,-1,0
C:\Users\Win-10\Documents\Mestrado\Sistema\squirrel_sql-3.1.2\src\net\sourceforge\squirrel_sql\plugins\graph\TableFrameController.java,net.sourceforge.squirrel_sql.plugins.graph.TableFrameController$Anonymous21,anonymous,1,2,1,1,1,0.0,0.0,2,0,2,0,0,0,2,0,0,0,0,0,0,0,0,0,0,0,0,8,0,0,0,0,0,0,0,0,0,0,0,0,0,0,9,-1,0
C:\Users\Win-10\Documents\Mestrado\Sistema\squirrel_sql-3.1.2\src\net\sourceforge\squirrel_sql\plugins\graph\TableFrameController.java,net.sourceforge.squirrel_sql.plugins.graph.TableFrameController$Anonymous11,anonymous,1,1,1,1,0,NaN,NaN,1,0,1,0,0,0,1,0,0,0,0,0,0,0,0,0,0,0,0,5,0,0,0,0,0,0,0,0,0,0,0,0,0,0,10,-1,0
C:\Users\Win-10\Documents\Mestrado\Sistema\squirrel_sql-3.1.2\src\net\sourceforge\squirrel_sql\plugins\graph\TableFrameControllerListener.java,net.sourceforge.squirrel_sql.plugins.graph.TableFrameControllerListener,interface,1,1,1,0,0,NaN,NaN,1,0,0,0,0,1,1,0,0,0,0,0,0,0,0,0,0,0,0,3,0,0,0,0,0,0,0,0,0,0,0,0,0,0,6,1,0
C:\Users\Win-10\Documents\Mestrado\Sistema\squirrel_sql-3.1.2\src\net\sourceforge\squirrel_sql\plugins\graph\TableToolTipProvider.java,net.sourceforge.squirrel_sql.plugins.graph.TableToolTipProvider,interface,0,1,1,0,0,NaN,NaN,1,0,0,0,0,1,1,0,0,0,0,0,0,0,0,0,0,0,0,3,0,0,0,0,0,0,0,0,0,0,0,0,0,0,9,1,0
C:\Users\Win-10\Documents\Mestrado\Sistema\squirrel_sql-3.1.2\src\net\sourceforge\squirrel_sql\plugins\graph\xmlbeans\ColumnInfoXmlBean.java,net.sourceforge.squirrel_sql.plugins.graph.xmlbeans.ColumnInfoXmlBean,class,0,22,1,0,209,0.0,0.0,22,0,22,0,0,0,22,0,0,0,11,0,0,11,0,0,0,0,0,79,11,0,0,0,0,0,0,11,0,11,0,0,0,0,31,1,0
C:\Users\Win-10\Documents\Mestrado\Sistema\squirrel_sql-3.1.2\src\net\sourceforge\squirrel_sql\plugins\graph\xmlbeans\ConstraintDataXmlBean.java,net.sourceforge.squirrel_sql.plugins.graph.xmlbeans.ConstraintDataXmlBean,class,1,12,1,0,54,0.0,0.0,12,0,12,0,0,0,12,0,0,0,6,0,0,6,0,0,0,0,0,44,6,0,0,0,0,0,0,6,0,6,0,0,0,0,26,1,0
C:\Users\Win-10\Documents\Mestrado\Sistema\squirrel_sql-3.1.2\src\net\sourceforge\squirrel_sql\plugins\graph\xmlbeans\ConstraintGraphXmlBean.java,net.sourceforge.squirrel_sql.plugins.graph.xmlbeans.ConstraintGraphXmlBean,class,1,2,1,0,0,0.0,0.0,2,0,2,0,0,0,2,0,0,0,1,0,0,1,0,0,0,0,0,9,1,0,0,0,0,0,0,1,0,1,0,0,0,0,10,1,0
C:\Users\Win-10\Documents\Mestrado\Sistema\squirrel_sql-3.1.2\src\net\sourceforge\squirrel_sql\plugins\graph\xmlbeans\ConstraintViewXmlBean.java,net.sourceforge.squirrel_sql.plugins.graph.xmlbeans.ConstraintViewXmlBean,class,2,4,1,0,2,0.0,0.0,4,0,4,0,0,0,4,0,0,0,2,0,0,2,0,0,0,0,0,16,2,0,0,0,0,0,0,2,0,2,0,0,0,0,9,1,0
C:\Users\Win-10\Documents\Mestrado\Sistema\squirrel_sql-3.1.2\src\net\sourceforge\squirrel_sql\plugins\graph\xmlbeans\FoldingPointXmlBean.java,net.sourceforge.squirrel_sql.plugins.graph.xmlbeans.FoldingPointXmlBean,class,0,4,1,0,2,0.0,0.0,4,0,4,0,0,0,4,0,0,0,2,0,0,2,0,0,0,0,0,16,2,0,0,0,0,0,0,2,0,2,0,0,0,0,10,1,0
C:\Users\Win-10\Documents\Mestrado\Sistema\squirrel_sql-3.1.2\src\net\sourceforge\squirrel_sql\plugins\graph\xmlbeans\FormatXmlBean.java,net.sourceforge.squirrel_sql.plugins.graph.xmlbeans.FormatXmlBean,class,1,13,1,6,48,0.0,0.0,13,0,13,0,0,0,13,0,0,0,5,0,0,5,0,0,0,0,0,49,6,0,0,0,0,0,0,5,0,5,0,0,0,0,24,1,0
C:\Users\Win-10\Documents\Mestrado\Sistema\squirrel_sql-3.1.2\src\net\sourceforge\squirrel_sql\plugins\graph\xmlbeans\GraphControllerXmlBean.java,net.sourceforge.squirrel_sql.plugins.graph.xmlbeans.GraphControllerXmlBean,class,3,12,1,0,54,0.0,0.0,12,0,12,0,0,0,12,0,0,0,6,0,0,6,0,0,0,0,0,44,6,0,0,0,0,0,0,6,0,6,0,0,0,0,23,1,0
C:\Users\Win-10\Documents\Mestrado\Sistema\squirrel_sql-3.1.2\src\net\sourceforge\squirrel_sql\plugins\graph\xmlbeans\GraphXmlSerializer.java,net.sourceforge.squirrel_sql.plugins.graph.xmlbeans.GraphXmlSerializer$Anonymous2,anonymous,0,2,1,1,0,NaN,NaN,1,0,1,0,0,0,1,0,0,0,0,0,0,0,0,0,0,0,0,8,2,0,0,0,0,0,0,0,0,0,1,0,0,0,7,-1,0
C:\Users\Win-10\Documents\Mestrado\Sistema\squirrel_sql-3.1.2\src\net\sourceforge\squirrel_sql\plugins\graph\xmlbeans\GraphXmlSerializer.java,net.sourceforge.squirrel_sql.plugins.graph.xmlbeans.GraphXmlSerializer$Anonymous1,anonymous,0,2,1,2,0,NaN,NaN,1,0,1,0,0,0,1,0,0,0,0,0,0,0,0,0,0,0,0,8,2,0,0,0,0,0,0,0,1,0,1,0,0,0,19,-1,0
C:\Users\Win-10\Documents\Mestrado\Sistema\squirrel_sql-3.1.2\src\net\sourceforge\squirrel_sql\plugins\graph\xmlbeans\GraphXmlSerializer.java,net.sourceforge.squirrel_sql.plugins.graph.xmlbeans.GraphXmlSerializer,class,8,21,1,28,16,0.0,0.0,9,2,6,3,0,0,6,0,0,0,5,2,0,5,0,0,2,0,5,126,5,3,1,5,2,7,6,31,4,27,2,2,0,0,82,1,0
C:\Users\Win-10\Documents\Mestrado\Sistema\squirrel_sql-3.1.2\src\net\sourceforge\squirrel_sql\plugins\graph\xmlbeans\PrintXmlBean.java,net.sourceforge.squirrel_sql.plugins.graph.xmlbeans.PrintXmlBean,class,0,4,1,0,2,0.0,0.0,4,0,4,0,0,0,4,0,0,0,2,0,0,2,0,0,0,0,0,16,2,0,0,0,0,0,0,2,0,2,0,0,0,0,11,1,0
C:\Users\Win-10\Documents\Mestrado\Sistema\squirrel_sql-3.1.2\src\net\sourceforge\squirrel_sql\plugins\graph\xmlbeans\TableFrameControllerXmlBean.java,net.sourceforge.squirrel_sql.plugins.graph.xmlbeans.TableFrameControllerXmlBean,class,3,16,1,0,104,0.0,0.0,16,0,16,0,0,0,16,0,0,0,8,0,0,8,0,0,0,0,0,58,8,0,0,0,0,0,0,8,0,8,0,0,0,0,28,1,0
C:\Users\Win-10\Documents\Mestrado\Sistema\squirrel_sql-3.1.2\src\net\sourceforge\squirrel_sql\plugins\graph\xmlbeans\TableFrameXmlBean.java,net.sourceforge.squirrel_sql.plugins.graph.xmlbeans.TableFrameXmlBean,class,0,8,1,0,20,0.0,0.0,8,0,8,0,0,0,8,0,0,0,4,0,0,4,0,0,0,0,0,30,4,0,0,0,0,0,0,4,0,4,0,0,0,0,14,1,0
C:\Users\Win-10\Documents\Mestrado\Sistema\squirrel_sql-3.1.2\src\net\sourceforge\squirrel_sql\plugins\graph\xmlbeans\ZoomerXmlBean.java,net.sourceforge.squirrel_sql.plugins.graph.xmlbeans.ZoomerXmlBean,class,0,8,1,0,20,0.0,0.0,8,0,8,0,0,0,8,0,0,0,4,0,0,4,0,0,0,0,0,30,4,0,0,0,0,0,0,4,0,4,0,0,0,0,15,1,0
C:\Users\Win-10\Documents\Mestrado\Sistema\squirrel_sql-3.1.2\src\net\sourceforge\squirrel_sql\plugins\graph\ZoomableColumnTextArea.java,net.sourceforge.squirrel_sql.plugins.graph.ZoomableColumnTextArea,class,9,11,5,20,10,0.0,0.0,9,0,7,2,0,0,7,0,0,0,4,0,0,4,0,0,0,0,1,62,5,2,0,1,3,1,9,20,7,16,2,0,0,0,64,1,0
C:\Users\Win-10\Documents\Mestrado\Sistema\squirrel_sql-3.1.2\src\net\sourceforge\squirrel_sql\plugins\graph\Zoomer.java,net.sourceforge.squirrel_sql.plugins.graph.Zoomer,class,3,15,1,16,0,0.0,0.0,10,0,10,0,0,0,10,0,0,0,5,0,0,4,0,1,0,0,0,67,4,3,1,0,0,0,6,18,0,12,1,0,0,0,28,1,0
C:\Users\Win-10\Documents\Mestrado\Sistema\squirrel_sql-3.1.2\src\net\sourceforge\squirrel_sql\plugins\graph\ZoomerListener.java,net.sourceforge.squirrel_sql.plugins.graph.ZoomerListener,interface,0,3,1,0,3,0.0,0.0,3,0,0,0,0,3,3,0,0,0,0,0,0,0,0,0,0,0,0,5,0,0,0,0,0,0,0,0,0,0,0,0,0,0,11,1,0
C:\Users\Win-10\Documents\Mestrado\Sistema\squirrel_sql-3.1.2\src\net\sourceforge\squirrel_sql\plugins\graph\ZoomPrintController.java,net.sourceforge.squirrel_sql.plugins.graph.ZoomPrintController$Anonymous9,anonymous,1,1,1,1,0,NaN,NaN,1,0,1,0,0,0,1,0,0,0,0,0,0,0,0,0,0,0,0,5,0,0,0,0,0,0,0,0,0,0,0,0,0,0,8,-1,0
C:\Users\Win-10\Documents\Mestrado\Sistema\squirrel_sql-3.1.2\src\net\sourceforge\squirrel_sql\plugins\graph\ZoomPrintController.java,net.sourceforge.squirrel_sql.plugins.graph.ZoomPrintController$Anonymous3,anonymous,1,1,1,1,0,NaN,NaN,1,0,1,0,0,0,1,0,0,0,0,0,0,0,0,0,0,0,0,5,0,0,0,0,0,0,0,0,0,0,0,0,0,0,8,-1,0
C:\Users\Win-10\Documents\Mestrado\Sistema\squirrel_sql-3.1.2\src\net\sourceforge\squirrel_sql\plugins\graph\ZoomPrintController.java,net.sourceforge.squirrel_sql.plugins.graph.ZoomPrintController$Anonymous4,anonymous,1,1,1,1,0,NaN,NaN,1,0,1,0,0,0,1,0,0,0,0,0,0,0,0,0,0,0,0,5,0,0,0,0,0,0,0,0,0,0,0,0,0,0,7,-1,0
C:\Users\Win-10\Documents\Mestrado\Sistema\squirrel_sql-3.1.2\src\net\sourceforge\squirrel_sql\plugins\graph\ZoomPrintController.java,net.sourceforge.squirrel_sql.plugins.graph.ZoomPrintController,class,17,38,1,60,0,0.0,0.0,20,0,6,14,0,0,6,0,0,0,9,0,0,7,0,2,0,0,1,245,6,3,6,3,1,0,11,39,5,34,4,9,0,0,98,1,0
C:\Users\Win-10\Documents\Mestrado\Sistema\squirrel_sql-3.1.2\src\net\sourceforge\squirrel_sql\plugins\graph\ZoomPrintController.java,net.sourceforge.squirrel_sql.plugins.graph.ZoomPrintController$Anonymous1,anonymous,2,1,1,1,0,NaN,NaN,1,0,1,0,0,0,1,0,0,0,0,0,0,0,0,0,0,0,0,5,0,0,0,0,0,0,0,0,0,0,0,0,0,0,8,-1,0
C:\Users\Win-10\Documents\Mestrado\Sistema\squirrel_sql-3.1.2\src\net\sourceforge\squirrel_sql\plugins\graph\ZoomPrintController.java,net.sourceforge.squirrel_sql.plugins.graph.ZoomPrintController$Anonymous2,anonymous,1,1,1,1,0,NaN,NaN,1,0,1,0,0,0,1,0,0,0,0,0,0,0,0,0,0,0,0,5,0,0,0,0,0,0,0,0,0,0,0,0,0,0,8,-1,0
C:\Users\Win-10\Documents\Mestrado\Sistema\squirrel_sql-3.1.2\src\net\sourceforge\squirrel_sql\plugins\graph\ZoomPrintController.java,net.sourceforge.squirrel_sql.plugins.graph.ZoomPrintController$Anonymous7,anonymous,1,1,1,1,0,NaN,NaN,1,0,1,0,0,0,1,0,0,0,0,0,0,0,0,0,0,0,0,5,0,0,0,0,0,0,0,0,0,0,0,0,0,0,8,-1,0
C:\Users\Win-10\Documents\Mestrado\Sistema\squirrel_sql-3.1.2\src\net\sourceforge\squirrel_sql\plugins\graph\ZoomPrintController.java,net.sourceforge.squirrel_sql.plugins.graph.ZoomPrintController$Anonymous8,anonymous,1,1,1,1,0,NaN,NaN,1,0,1,0,0,0,1,0,0,0,0,0,0,0,0,0,0,0,0,5,0,0,0,0,0,0,0,0,0,0,0,0,0,0,8,-1,0
C:\Users\Win-10\Documents\Mestrado\Sistema\squirrel_sql-3.1.2\src\net\sourceforge\squirrel_sql\plugins\graph\ZoomPrintController.java,net.sourceforge.squirrel_sql.plugins.graph.ZoomPrintController$Anonymous5,anonymous,1,1,1,1,0,NaN,NaN,1,0,1,0,0,0,1,0,0,0,0,0,0,0,0,0,0,0,0,5,0,0,0,0,0,0,0,0,0,0,0,0,0,0,8,-1,0
C:\Users\Win-10\Documents\Mestrado\Sistema\squirrel_sql-3.1.2\src\net\sourceforge\squirrel_sql\plugins\graph\ZoomPrintController.java,net.sourceforge.squirrel_sql.plugins.graph.ZoomPrintController$Anonymous6,anonymous,1,1,1,1,0,NaN,NaN,1,0,1,0,0,0,1,0,0,0,0,0,0,0,0,0,0,0,0,5,0,0,0,0,0,0,0,0,0,0,0,0,0,0,9,-1,0
C:\Users\Win-10\Documents\Mestrado\Sistema\squirrel_sql-3.1.2\src\net\sourceforge\squirrel_sql\plugins\graph\ZoomPrintPanel.java,net.sourceforge.squirrel_sql.plugins.graph.ZoomPrintPanel,class,3,3,5,11,1,NaN,NaN,3,0,1,2,0,0,1,0,0,0,13,5,0,1,0,12,5,0,0,57,2,0,0,0,0,6,12,20,0,20,0,0,0,0,65,1,0
