file,class,type,cbo,cboModified,fanin,fanout,wmc,dit,noc,rfc,lcom,lcom*,tcc,lcc,totalMethodsQty,staticMethodsQty,publicMethodsQty,privateMethodsQty,protectedMethodsQty,defaultMethodsQty,visibleMethodsQty,abstractMethodsQty,finalMethodsQty,synchronizedMethodsQty,totalFieldsQty,staticFieldsQty,publicFieldsQty,privateFieldsQty,protectedFieldsQty,defaultFieldsQty,finalFieldsQty,synchronizedFieldsQty,nosi,loc,returnQty,loopQty,comparisonsQty,tryCatchQty,parenthesizedExpsQty,stringLiteralsQty,numbersQty,assignmentsQty,mathOperationsQty,variablesQty,maxNestedBlocksQty,anonymousClassesQty,innerClassesQty,lambdasQty,uniqueWordsQty,modifiers,logStatementsQty
C:\Users\rique\Documents\Doutorado\SmellDetectionCaller-master\Temp\nanohttpd-master\core\src\test\java\org\nanohttpd\junit\protocols\http\HttpServerTest.java,org.nanohttpd.junit.protocols.http.HttpServerTest$TestTempFileManager,innerclass,1,1,0,1,2,2,0,1,1,0.0,0.0,0.0,2,0,2,0,0,0,2,0,0,0,0,0,0,0,0,0,0,0,0,7,0,0,0,0,0,0,0,0,0,0,0,0,0,0,7,9,0
C:\Users\rique\Documents\Doutorado\SmellDetectionCaller-master\Temp\nanohttpd-master\core\src\test\java\org\nanohttpd\junit\protocols\http\integration\PutStreamIntegrationTest.java,org.nanohttpd.junit.protocols.http.integration.PutStreamIntegrationTest,class,8,8,0,8,2,3,0,4,1,0.0,0.0,0.0,2,0,2,0,0,0,2,0,0,0,0,0,0,0,0,0,0,0,0,34,1,0,0,0,0,3,0,4,1,4,0,0,1,0,29,1,0
C:\Users\rique\Documents\Doutorado\SmellDetectionCaller-master\Temp\nanohttpd-master\core\src\main\java\org\nanohttpd\protocols\http\sockets\SecureServerSocketFactory.java,org.nanohttpd.protocols.http.sockets.SecureServerSocketFactory,class,1,4,3,1,3,1,0,6,0,0.0,0.0,0.0,2,0,2,0,0,0,2,0,0,0,2,0,0,2,0,0,0,0,0,22,1,0,1,0,0,0,0,4,0,3,1,0,0,0,17,1,0
C:\Users\rique\Documents\Doutorado\SmellDetectionCaller-master\Temp\nanohttpd-master\core\src\test\java\org\nanohttpd\junit\protocols\http\HttpGetRequestTest.java,org.nanohttpd.junit.protocols.http.HttpGetRequestTest,class,3,3,0,3,21,2,0,13,210,0.0,0.0,0.0,21,0,21,0,0,0,21,0,0,0,0,0,0,0,0,0,0,0,1,147,0,0,0,0,0,162,38,11,21,10,0,0,0,0,99,1,0
C:\Users\rique\Documents\Doutorado\SmellDetectionCaller-master\Temp\nanohttpd-master\core\src\test\java\org\nanohttpd\junit\protocols\http\HttpDeleteRequestTest.java,org.nanohttpd.junit.protocols.http.HttpDeleteRequestTest,class,3,3,0,3,5,2,0,4,10,0.0,0.0,0.0,5,0,5,0,0,0,5,0,0,0,0,0,0,0,0,0,0,0,5,32,0,0,0,0,0,47,0,15,5,10,0,0,0,0,37,1,0
C:\Users\rique\Documents\Doutorado\SmellDetectionCaller-master\Temp\nanohttpd-master\core\src\test\java\org\nanohttpd\junit\protocols\http\HttpServerTest.java,org.nanohttpd.junit.protocols.http.HttpServerTest$TestServer,innerclass,6,6,0,6,6,2,0,10,10,0.8000001,0.0,0.0,5,0,5,0,0,0,5,0,0,0,10,0,10,0,0,0,0,0,3,42,3,0,0,1,0,1,1,10,0,10,1,0,0,0,42,9,0
C:\Users\rique\Documents\Doutorado\SmellDetectionCaller-master\Temp\nanohttpd-master\fileupload\src\main\java\org\nanohttpd\fileupload\NanoFileUpload.java,org.nanohttpd.fileupload.NanoFileUpload,class,8,10,2,8,6,2,0,5,10,0.0,0.0,0.0,5,1,5,0,0,0,5,0,1,0,0,0,0,0,0,0,0,0,0,46,4,0,1,0,0,0,0,0,0,0,0,0,1,0,29,1,0
C:\Users\rique\Documents\Doutorado\SmellDetectionCaller-master\Temp\nanohttpd-master\core\src\test\java\org\nanohttpd\junit\protocols\http\HttpPostRequestTest.java,org.nanohttpd.junit.protocols.http.HttpPostRequestTest,class,3,4,1,3,12,2,0,20,0,0.5285714,0.0,0.0,10,0,9,1,0,0,9,0,0,0,7,7,7,0,0,0,7,0,13,158,1,1,1,0,7,137,34,86,44,82,1,0,0,0,114,1,0
C:\Users\rique\Documents\Doutorado\SmellDetectionCaller-master\Temp\nanohttpd-master\samples\src\main\java\org\nanohttpd\samples\tempfiles\TempFilesServer.java,org.nanohttpd.samples.tempfiles.TempFilesServer$ExampleManagerFactory,innerclass,3,3,0,3,1,1,0,0,0,0.0,NaN,NaN,1,0,1,0,0,0,1,0,0,0,0,0,0,0,0,0,0,0,0,5,1,0,0,0,0,0,0,0,0,0,0,0,0,0,7,10,0
C:\Users\rique\Documents\Doutorado\SmellDetectionCaller-master\Temp\nanohttpd-master\websocket\src\test\java\org\nanohttpd\junit\protocols\websockets\SimpleEchoSocket.java,org.nanohttpd.junit.protocols.websockets.SimpleEchoSocket,class,5,6,1,5,9,1,0,9,11,0.6666667,0.0,0.0,7,0,7,0,0,0,7,0,0,0,3,0,0,3,0,0,3,0,0,39,3,1,0,1,0,4,4,4,1,4,2,0,0,0,37,1,0
C:\Users\rique\Documents\Doutorado\SmellDetectionCaller-master\Temp\nanohttpd-master\webserver\src\main\java\org\nanohttpd\webserver\WebServerPluginInfo.java,org.nanohttpd.webserver.WebServerPluginInfo,interface,1,4,3,1,3,1,0,0,3,0.0,0.0,0.0,3,0,0,0,0,3,3,0,0,0,0,0,0,0,0,0,0,0,0,5,0,0,0,0,0,0,0,0,0,0,0,0,0,0,17,1,0
C:\Users\rique\Documents\Doutorado\SmellDetectionCaller-master\Temp\nanohttpd-master\core\src\test\java\org\nanohttpd\junit\protocols\http\StatusTest.java,org.nanohttpd.junit.protocols.http.StatusTest,class,3,4,1,3,6,1,0,20,3,0.0,0.0,0.0,3,0,2,1,0,0,2,0,0,0,0,0,0,0,0,0,0,0,34,68,1,2,0,0,0,9,35,5,0,5,2,0,0,0,31,1,0
C:\Users\rique\Documents\Doutorado\SmellDetectionCaller-master\Temp\nanohttpd-master\nanolets\src\main\java\org\nanohttpd\router\RouterNanoHTTPD.java,org.nanohttpd.router.RouterNanoHTTPD$DefaultStreamHandler,innerclass,6,6,0,6,8,1,0,5,28,0.0,0.0,0.0,8,0,8,0,0,0,8,3,0,0,0,0,0,0,0,0,0,0,1,20,5,0,0,0,0,0,0,0,0,0,0,0,0,0,36,1033,0
C:\Users\rique\Documents\Doutorado\SmellDetectionCaller-master\Temp\nanohttpd-master\nanolets\src\test\java\org\nanohttpd\junit\router\AppNanolets.java,org.nanohttpd.junit.router.AppNanolets$UserHandler,innerclass,7,7,0,7,7,3,0,11,10,0.0,0.0,0.0,5,0,5,0,0,0,5,0,0,0,0,0,0,0,0,0,0,0,1,34,5,2,0,0,0,13,0,13,3,8,1,0,0,0,33,9,0
C:\Users\rique\Documents\Doutorado\SmellDetectionCaller-master\Temp\nanohttpd-master\core\src\main\java\org\nanohttpd\protocols\http\NanoHTTPD.java,org.nanohttpd.protocols.http.NanoHTTPD$ResponseException,innerclass,1,1,0,1,3,3,0,0,0,0.5,0.0,0.0,3,0,3,0,0,0,3,0,0,0,2,1,0,2,0,0,2,0,0,15,1,0,0,0,0,0,1,3,0,2,0,0,0,0,14,25,0
C:\Users\rique\Documents\Doutorado\SmellDetectionCaller-master\Temp\nanohttpd-master\fileupload\src\test\java\org\nanohttpd\junit\fileupload\TestNanoFileUpLoad.java,org.nanohttpd.junit.fileupload.TestNanoFileUpLoad$TestServer,innerclass,11,11,0,11,11,2,0,31,4,0.725,0.0,0.0,4,0,4,0,0,0,4,0,0,0,10,0,9,0,0,1,0,0,5,65,3,1,0,2,0,6,2,17,0,15,5,0,0,0,52,9,0
C:\Users\rique\Documents\Doutorado\SmellDetectionCaller-master\Temp\nanohttpd-master\nanolets\src\test\java\org\nanohttpd\junit\router\TestNanolets.java,org.nanohttpd.junit.router.TestNanolets$TestRouter,innerclass,1,1,0,1,2,2,0,0,1,0.5,0.0,0.0,2,0,2,0,0,0,2,0,0,0,2,0,0,2,0,0,0,0,0,10,0,0,0,0,0,0,0,2,0,2,0,0,0,0,11,26,0
C:\Users\rique\Documents\Doutorado\SmellDetectionCaller-master\Temp\nanohttpd-master\core\src\test\java\org\nanohttpd\junit\protocols\http\HttpSessionTest.java,org.nanohttpd.junit.protocols.http.HttpSessionTest,class,5,5,0,5,1,2,0,5,0,0.0,NaN,NaN,1,0,1,0,0,0,1,0,0,0,2,2,0,2,0,0,2,0,1,11,0,0,0,0,0,3,0,6,0,6,0,0,0,0,46,1,0
C:\Users\rique\Documents\Doutorado\SmellDetectionCaller-master\Temp\nanohttpd-master\core\src\main\java\org\nanohttpd\protocols\http\threading\DefaultAsyncRunner.java,org.nanohttpd.protocols.http.threading.DefaultAsyncRunner,class,3,5,2,3,6,1,0,8,0,0.4,0.0,0.0,5,0,4,0,1,0,5,0,0,0,2,0,0,1,1,0,1,0,1,26,2,1,0,0,0,2,0,2,1,3,1,0,0,0,49,1,0
C:\Users\rique\Documents\Doutorado\SmellDetectionCaller-master\Temp\nanohttpd-master\websocket\src\test\java\org\nanohttpd\junit\protocols\websockets\EchoWebSocketsTest.java,org.nanohttpd.junit.protocols.websockets.EchoWebSocketsTest,class,10,11,1,10,8,1,0,27,8,0.6,0.0,0.0,5,2,4,1,0,0,4,0,0,0,1,1,0,1,0,0,0,0,3,70,1,1,0,2,0,10,9,10,0,10,2,1,0,0,58,1,0
C:\Users\rique\Documents\Doutorado\SmellDetectionCaller-master\Temp\nanohttpd-master\core\src\test\java\org\nanohttpd\junit\protocols\http\HttpChunkedResponseTest.java,org.nanohttpd.junit.protocols.http.HttpChunkedResponseTest,class,4,4,0,4,1,4,0,4,0,0.0,NaN,NaN,1,0,1,0,0,0,1,0,0,0,0,0,0,0,0,0,0,0,1,23,0,0,0,0,0,20,0,4,0,3,0,0,1,0,31,1,0
C:\Users\rique\Documents\Doutorado\SmellDetectionCaller-master\Temp\nanohttpd-master\nanolets\src\test\java\org\nanohttpd\junit\router\AppNanolets.java,org.nanohttpd.junit.router.AppNanolets,class,11,13,2,11,3,9,0,7,3,0.6666667,0.0,0.0,3,1,3,0,0,0,3,0,0,0,1,1,0,1,0,0,1,0,1,79,0,0,0,0,0,15,1,1,1,1,0,0,3,0,56,1,0
C:\Users\rique\Documents\Doutorado\SmellDetectionCaller-master\Temp\nanohttpd-master\nanolets\src\main\java\org\nanohttpd\router\RouterNanoHTTPD.java,org.nanohttpd.router.RouterNanoHTTPD$GeneralHandler,innerclass,7,7,0,7,6,3,0,11,6,0.0,0.0,0.0,4,0,4,0,0,0,4,0,0,0,0,0,0,0,0,0,0,0,1,33,3,1,0,0,0,9,1,4,0,4,2,0,0,0,45,9,0
C:\Users\rique\Documents\Doutorado\SmellDetectionCaller-master\Temp\nanohttpd-master\samples\src\main\java\org\nanohttpd\samples\tempfiles\TempFilesServer.java,org.nanohttpd.samples.tempfiles.TempFilesServer$ExampleManager,innerclass,3,3,0,3,6,1,0,8,0,0.16666667,0.0,0.0,3,0,2,1,0,0,2,0,0,0,2,0,0,2,0,0,2,0,1,28,1,1,0,1,0,4,0,3,2,3,2,0,0,0,16,10,0
C:\Users\rique\Documents\Doutorado\SmellDetectionCaller-master\Temp\nanohttpd-master\core\src\main\java\org\nanohttpd\protocols\http\NanoHTTPD.java,org.nanohttpd.protocols.http.NanoHTTPD,class,15,56,41,15,68,3,20,78,457,0.9397758,0.0,0.0,34,10,28,1,5,0,33,0,4,1,21,12,12,6,3,0,13,0,25,282,20,4,13,9,3,24,10,49,5,42,3,1,1,0,397,1025,0
C:\Users\rique\Documents\Doutorado\SmellDetectionCaller-master\Temp\nanohttpd-master\core\src\main\java\org\nanohttpd\protocols\http\response\Status.java,org.nanohttpd.protocols.http.response.Status,enum,1,12,11,1,6,1,0,2,0,0.25,0.0,0.0,4,1,3,0,0,1,4,0,0,0,2,0,0,2,0,0,2,0,1,22,4,1,1,0,0,34,32,2,1,2,2,0,0,0,74,1,0
C:\Users\rique\Documents\Doutorado\SmellDetectionCaller-master\Temp\nanohttpd-master\websocket\src\test\java\org\nanohttpd\junit\protocols\websockets\EchoWebSocketsTest.java,org.nanohttpd.junit.protocols.websockets.EchoWebSocketsTest$Anonymous1,anonymous,1,1,0,1,2,1,0,3,0,0.0,NaN,NaN,1,0,1,0,0,0,1,0,0,0,0,0,0,0,0,0,0,0,1,11,0,0,0,1,0,2,0,1,1,1,1,0,0,0,7,-1,0
C:\Users\rique\Documents\Doutorado\SmellDetectionCaller-master\Temp\nanohttpd-master\core\src\main\java\org\nanohttpd\protocols\http\tempfiles\DefaultTempFile.java,org.nanohttpd.protocols.http.tempfiles.DefaultTempFile,class,2,5,3,2,5,1,0,4,0,0.25,0.0,0.0,4,0,4,0,0,0,4,0,0,0,2,0,0,2,0,0,2,0,2,20,2,0,0,0,0,3,0,2,1,2,1,0,0,0,32,1,0
C:\Users\rique\Documents\Doutorado\SmellDetectionCaller-master\Temp\nanohttpd-master\websocket\src\main\java\org\nanohttpd\protocols\websockets\NanoWSD.java,org.nanohttpd.protocols.websockets.NanoWSD$Interceptor,innerclass,4,4,0,4,2,1,0,1,1,0.0,0.0,0.0,2,0,2,0,0,0,2,0,0,0,0,0,0,0,0,0,0,0,0,7,1,0,0,0,0,0,0,0,0,0,0,0,0,0,11,20,0
C:\Users\rique\Documents\Doutorado\SmellDetectionCaller-master\Temp\nanohttpd-master\websocket\src\test\java\org\nanohttpd\junit\protocols\websockets\WebSocketResponseHandlerTest.java,org.nanohttpd.junit.protocols.websockets.WebSocketResponseHandlerTest,class,12,12,0,12,17,3,0,23,49,0.5238095,0.0,0.0,14,0,14,0,0,0,14,0,0,0,3,0,0,3,0,0,0,0,1,149,0,1,1,1,0,36,81,26,0,27,2,0,1,0,89,1,0
C:\Users\rique\Documents\Doutorado\SmellDetectionCaller-master\Temp\nanohttpd-master\websocket\src\main\java\org\nanohttpd\samples\websockets\DebugWebSocketServer.java,org.nanohttpd.samples.websockets.DebugWebSocketServer$DebugWebSocket,innerclass,5,5,0,5,17,2,0,5,8,0.375,0.0,0.0,8,0,1,0,7,0,8,0,0,0,1,0,0,1,0,0,1,0,0,41,0,0,2,1,3,12,0,1,6,1,1,0,0,0,37,10,0
C:\Users\rique\Documents\Doutorado\SmellDetectionCaller-master\Temp\nanohttpd-master\core\src\test\java\org\nanohttpd\junit\protocols\http\HttpKeepAliveTest.java,org.nanohttpd.junit.protocols.http.HttpKeepAliveTest,class,3,4,1,3,4,2,0,6,3,0.6666667,0.0,0.0,3,0,3,0,0,0,3,0,0,0,1,0,0,1,0,0,0,0,0,62,0,0,1,0,0,20,2,8,4,8,1,1,0,0,49,1,0
C:\Users\rique\Documents\Doutorado\SmellDetectionCaller-master\Temp\nanohttpd-master\core\src\main\java\org\nanohttpd\util\IHandler.java,org.nanohttpd.util.IHandler,interface,2,6,4,2,1,1,0,0,0,0.0,NaN,NaN,1,0,1,0,0,0,1,0,0,0,0,0,0,0,0,0,0,0,0,3,0,0,0,0,0,0,0,0,0,0,0,0,0,0,20,1,0
C:\Users\rique\Documents\Doutorado\SmellDetectionCaller-master\Temp\nanohttpd-master\core\src\test\java\org\nanohttpd\junit\protocols\http\HttpParsingTest.java,org.nanohttpd.junit.protocols.http.HttpParsingTest,class,3,3,0,3,4,2,0,3,3,0.0,0.0,0.0,3,0,3,0,0,0,3,0,0,0,0,0,0,0,0,0,0,0,4,18,0,1,0,0,0,6,2,6,2,6,1,0,0,0,23,1,0
C:\Users\rique\Documents\Doutorado\SmellDetectionCaller-master\Temp\nanohttpd-master\core\src\test\java\org\nanohttpd\junit\protocols\http\CookieHandlerTest.java,org.nanohttpd.junit.protocols.http.CookieHandlerTest,class,6,6,0,6,7,2,0,25,6,0.0,0.0,0.0,4,0,4,0,0,0,4,0,0,0,0,0,0,0,0,0,0,0,7,68,0,2,0,0,0,48,6,29,4,29,1,0,0,0,70,1,0
C:\Users\rique\Documents\Doutorado\SmellDetectionCaller-master\Temp\nanohttpd-master\nanolets\src\main\java\org\nanohttpd\router\RouterNanoHTTPD.java,org.nanohttpd.router.RouterNanoHTTPD$ProvidedPriorityRoutePrioritizer,innerclass,2,2,0,2,4,2,0,2,1,0.0,0.0,0.0,2,0,1,0,1,0,2,0,0,0,0,0,0,0,0,0,0,0,0,18,1,0,2,0,0,0,0,3,0,1,2,0,0,0,18,9,0
C:\Users\rique\Documents\Doutorado\SmellDetectionCaller-master\Temp\nanohttpd-master\websocket\src\main\java\org\nanohttpd\samples\websockets\EchoSocketSample.java,org.nanohttpd.samples.websockets.EchoSocketSample,class,3,4,1,3,4,1,0,7,0,0.0,NaN,NaN,1,1,1,0,0,0,1,0,0,0,0,0,0,0,0,0,0,0,1,15,0,0,0,1,0,3,5,2,0,2,1,0,0,0,22,1,0
C:\Users\rique\Documents\Doutorado\SmellDetectionCaller-master\Temp\nanohttpd-master\webserver\src\test\java\org\nanohttpd\junit\webserver\DummyPluginInfo.java,org.nanohttpd.junit.webserver.DummyPluginInfo,class,3,3,0,3,3,1,0,0,3,0.0,0.0,0.0,3,0,3,0,0,0,3,0,0,0,0,0,0,0,0,0,0,0,0,11,3,0,0,0,0,2,0,0,0,0,0,0,0,0,13,1,0
C:\Users\rique\Documents\Doutorado\SmellDetectionCaller-master\Temp\nanohttpd-master\samples\src\main\java\org\nanohttpd\samples\http\DebugServer.java,org.nanohttpd.samples.http.DebugServer,class,5,7,2,5,9,2,1,21,15,0.0,0.0,0.0,6,1,3,3,0,0,3,0,0,0,0,0,0,0,0,0,0,0,5,50,4,1,1,1,0,24,2,4,0,4,1,0,0,0,46,1,0
C:\Users\rique\Documents\Doutorado\SmellDetectionCaller-master\Temp\nanohttpd-master\fileupload\src\test\java\org\nanohttpd\junit\fileupload\TestNanoFileUpLoad.java,org.nanohttpd.junit.fileupload.TestNanoFileUpLoad,class,17,18,1,17,10,2,0,23,1,0.42857146,0.0,0.0,7,0,6,1,0,0,6,0,0,0,2,1,0,1,1,0,1,0,4,131,0,1,0,1,0,13,8,23,2,23,3,0,1,0,73,1,0
C:\Users\rique\Documents\Doutorado\SmellDetectionCaller-master\Temp\nanohttpd-master\webserver\src\test\java\org\nanohttpd\junit\webserver\DummyPlugin.java,org.nanohttpd.junit.webserver.DummyPlugin,class,5,6,1,5,4,1,0,3,3,0.0,0.0,0.0,3,0,3,0,0,0,3,0,0,0,0,0,0,0,0,0,0,0,1,15,3,0,0,0,0,4,0,2,0,2,1,0,0,0,33,1,0
C:\Users\rique\Documents\Doutorado\SmellDetectionCaller-master\Temp\nanohttpd-master\core\src\test\java\org\nanohttpd\junit\protocols\http\HttpServerTest.java,org.nanohttpd.junit.protocols.http.HttpServerTest,class,17,34,17,17,17,3,15,31,35,0.8,0.0,0.0,10,0,5,0,5,0,10,0,0,0,3,1,1,0,2,0,1,0,0,198,3,2,5,2,0,27,3,40,8,38,2,2,2,0,92,1,0
C:\Users\rique\Documents\Doutorado\SmellDetectionCaller-master\Temp\nanohttpd-master\core\src\main\java\org\nanohttpd\protocols\http\response\Response.java,org.nanohttpd.protocols.http.response.Response$GzipUsage,enum,0,0,0,0,0,1,0,0,0,0.0,-1.0,-1.0,0,0,0,0,0,0,0,0,0,0,0,0,0,0,0,0,0,0,0,1,0,0,0,0,0,0,0,0,0,0,0,0,0,0,7,10,0
C:\Users\rique\Documents\Doutorado\SmellDetectionCaller-master\Temp\nanohttpd-master\core\src\test\java\org\nanohttpd\junit\protocols\http\CookieTest.java,org.nanohttpd.junit.protocols.http.CookieTest,class,2,2,0,2,4,1,0,7,6,0.0,0.0,0.0,4,0,4,0,0,0,4,0,0,0,0,0,0,0,0,0,0,0,3,27,0,0,0,0,0,23,4,8,2,8,0,0,0,0,45,1,0
C:\Users\rique\Documents\Doutorado\SmellDetectionCaller-master\Temp\nanohttpd-master\nanolets\src\main\java\org\nanohttpd\router\RouterNanoHTTPD.java,org.nanohttpd.router.RouterNanoHTTPD$UriResponder,interface,3,3,0,3,5,1,0,0,10,0.0,0.0,0.0,5,0,5,0,0,0,5,0,0,0,0,0,0,0,0,0,0,0,0,7,0,0,0,0,0,0,0,0,0,0,0,0,0,0,15,1,0
C:\Users\rique\Documents\Doutorado\SmellDetectionCaller-master\Temp\nanohttpd-master\webserver\src\main\java\org\nanohttpd\webserver\SimpleWebServer.java,org.nanohttpd.webserver.SimpleWebServer$Anonymous3,anonymous,0,0,0,0,1,1,0,1,0,0.0,NaN,NaN,1,0,1,0,0,0,1,0,0,0,0,0,0,0,0,0,0,0,0,5,1,0,0,0,0,0,0,0,0,0,0,0,0,0,3,-1,0
C:\Users\rique\Documents\Doutorado\SmellDetectionCaller-master\Temp\nanohttpd-master\core\src\main\java\org\nanohttpd\protocols\http\tempfiles\ITempFile.java,org.nanohttpd.protocols.http.tempfiles.ITempFile,interface,0,5,5,0,3,1,0,0,3,0.0,0.0,0.0,3,0,3,0,0,0,3,0,0,0,0,0,0,0,0,0,0,0,0,5,0,0,0,0,0,0,0,0,0,0,0,0,0,0,28,1,0
C:\Users\rique\Documents\Doutorado\SmellDetectionCaller-master\Temp\nanohttpd-master\webserver\src\main\java\org\nanohttpd\webserver\SimpleWebServer.java,org.nanohttpd.webserver.SimpleWebServer$Anonymous2,anonymous,0,0,0,0,1,1,0,1,0,0.0,NaN,NaN,1,0,1,0,0,0,1,0,0,0,0,0,0,0,0,0,0,0,0,5,1,0,0,0,0,0,0,0,0,0,0,0,0,0,3,-1,0
C:\Users\rique\Documents\Doutorado\SmellDetectionCaller-master\Temp\nanohttpd-master\webserver\src\main\java\org\nanohttpd\webserver\SimpleWebServer.java,org.nanohttpd.webserver.SimpleWebServer$Anonymous1,anonymous,0,0,0,0,1,1,0,1,0,0.0,NaN,NaN,0,0,0,0,0,0,1,0,0,0,0,0,0,0,0,0,0,0,0,6,0,0,0,0,0,2,0,0,0,0,0,0,0,0,1,-1,0
C:\Users\rique\Documents\Doutorado\SmellDetectionCaller-master\Temp\nanohttpd-master\markdown-plugin\src\main\java\org\nanohttpd\markdown\MarkdownWebServerPluginInfo.java,org.nanohttpd.markdown.MarkdownWebServerPluginInfo,class,3,3,0,3,3,1,0,0,3,0.0,0.0,0.0,3,0,3,0,0,0,3,0,0,0,0,0,0,0,0,0,0,0,0,11,3,0,0,0,0,2,0,0,0,0,0,0,0,0,18,1,0
C:\Users\rique\Documents\Doutorado\SmellDetectionCaller-master\Temp\nanohttpd-master\core\src\main\java\org\nanohttpd\protocols\http\tempfiles\ITempFileManager.java,org.nanohttpd.protocols.http.tempfiles.ITempFileManager,interface,1,11,10,1,2,1,0,0,1,0.0,0.0,0.0,2,0,1,0,0,1,2,0,0,0,0,0,0,0,0,0,0,0,0,4,0,0,0,0,0,0,0,0,0,0,0,0,0,0,27,1,0
C:\Users\rique\Documents\Doutorado\SmellDetectionCaller-master\Temp\nanohttpd-master\core\src\main\java\org\nanohttpd\protocols\http\content\ContentType.java,org.nanohttpd.protocols.http.content.ContentType,class,1,4,3,1,13,1,0,6,4,0.8125,0.0,0.0,8,0,7,1,0,0,7,0,0,0,12,8,0,12,0,0,12,0,3,56,8,0,3,0,0,9,3,16,1,13,1,0,0,0,45,1,0
C:\Users\rique\Documents\Doutorado\SmellDetectionCaller-master\Temp\nanohttpd-master\webserver\src\main\java\org\nanohttpd\webserver\WebServerPlugin.java,org.nanohttpd.webserver.WebServerPlugin,interface,2,8,6,2,3,1,0,0,3,0.0,0.0,0.0,3,0,0,0,0,3,3,0,0,0,0,0,0,0,0,0,0,0,0,5,0,0,0,0,0,0,0,0,0,0,0,0,0,0,27,1,0
C:\Users\rique\Documents\Doutorado\SmellDetectionCaller-master\Temp\nanohttpd-master\nanolets\src\main\java\org\nanohttpd\router\RouterNanoHTTPD.java,org.nanohttpd.router.RouterNanoHTTPD$DefaultHandler,innerclass,6,6,0,6,4,2,0,4,6,0.0,0.0,0.0,4,0,4,0,0,0,4,2,0,0,0,0,0,0,0,0,0,0,1,10,1,0,0,0,0,1,0,0,0,0,0,0,0,0,43,1033,0
C:\Users\rique\Documents\Doutorado\SmellDetectionCaller-master\Temp\nanohttpd-master\websocket\src\main\java\org\nanohttpd\protocols\websockets\WebSocketException.java,org.nanohttpd.protocols.websockets.WebSocketException,class,1,3,2,1,5,4,0,1,0,0.59999996,0.0,0.0,5,0,5,0,0,0,5,0,0,0,3,1,0,3,0,0,3,0,0,22,2,0,0,0,0,1,1,3,1,3,0,0,0,0,18,1,0
C:\Users\rique\Documents\Doutorado\SmellDetectionCaller-master\Temp\nanohttpd-master\core\src\main\java\org\nanohttpd\protocols\http\content\CookieHandler.java,org.nanohttpd.protocols.http.content.CookieHandler,class,3,8,5,3,11,1,0,12,9,0.5714286,0.0,0.0,7,0,7,0,0,0,7,0,0,0,2,0,0,2,0,0,2,0,1,36,2,2,2,0,0,4,4,5,0,5,3,0,0,0,79,1,0
C:\Users\rique\Documents\Doutorado\SmellDetectionCaller-master\Temp\nanohttpd-master\samples\src\main\java\org\nanohttpd\samples\tempfiles\TempFilesServer.java,org.nanohttpd.samples.tempfiles.TempFilesServer,class,7,8,1,7,1,3,0,2,0,0.0,NaN,NaN,1,1,1,0,0,0,1,0,0,0,0,0,0,0,0,0,0,0,1,40,0,0,0,0,0,0,0,1,0,1,0,0,2,0,15,1,0
C:\Users\rique\Documents\Doutorado\SmellDetectionCaller-master\Temp\nanohttpd-master\core\src\test\java\org\nanohttpd\junit\protocols\http\integration\ShutdownTest.java,org.nanohttpd.junit.protocols.http.integration.ShutdownTest,class,4,5,1,4,4,2,0,10,1,0.0,NaN,NaN,2,0,1,1,0,0,1,0,0,0,0,0,0,0,0,0,0,0,0,31,0,1,0,1,0,4,1,3,0,3,1,0,1,0,28,1,0
C:\Users\rique\Documents\Doutorado\SmellDetectionCaller-master\Temp\nanohttpd-master\core\src\test\java\org\nanohttpd\junit\protocols\http\integration\GetAndPostIntegrationTest.java,org.nanohttpd.junit.protocols.http.integration.GetAndPostIntegrationTest,class,15,15,0,15,8,3,0,8,28,0.0,0.0,0.0,8,0,8,0,0,0,8,0,0,0,0,0,0,0,0,0,0,0,3,112,1,0,0,0,0,39,0,33,0,26,0,1,1,0,50,1,0
C:\Users\rique\Documents\Doutorado\SmellDetectionCaller-master\Temp\nanohttpd-master\core\src\test\java\org\nanohttpd\junit\protocols\http\BadRequestTest.java,org.nanohttpd.junit.protocols.http.BadRequestTest,class,2,2,0,2,3,2,0,2,3,0.0,0.0,0.0,3,0,3,0,0,0,3,0,0,0,0,0,0,0,0,0,0,0,0,17,0,0,0,0,0,6,0,6,0,6,0,0,0,0,24,1,0
C:\Users\rique\Documents\Doutorado\SmellDetectionCaller-master\Temp\nanohttpd-master\core\src\main\java\org\nanohttpd\protocols\http\content\Cookie.java,org.nanohttpd.protocols.http.content.Cookie,class,1,6,5,1,5,1,0,8,0,0.2,0.0,0.0,5,1,5,0,0,0,5,0,0,0,1,0,0,1,0,0,1,0,4,27,2,0,0,0,0,3,1,9,0,6,0,0,0,0,37,1,0
C:\Users\rique\Documents\Doutorado\SmellDetectionCaller-master\Temp\nanohttpd-master\fileupload\src\main\java\org\nanohttpd\fileupload\NanoFileUpload.java,org.nanohttpd.fileupload.NanoFileUpload$NanoHttpdContext,innerclass,3,3,0,3,7,1,0,5,3,0.33333334,0.0,0.0,6,0,6,0,0,0,6,0,0,0,1,0,0,1,0,0,0,0,1,29,5,0,0,1,0,3,1,4,0,3,1,0,0,0,28,9,0
C:\Users\rique\Documents\Doutorado\SmellDetectionCaller-master\Temp\nanohttpd-master\nanolets\src\main\java\org\nanohttpd\router\RouterNanoHTTPD.java,org.nanohttpd.router.RouterNanoHTTPD$StaticPageHandler,innerclass,10,10,0,10,16,3,0,23,15,0.0,0.0,0.0,6,1,4,1,1,0,5,0,0,0,0,0,0,0,0,0,0,0,7,53,6,3,1,1,0,6,2,10,0,6,2,0,0,0,55,9,0
C:\Users\rique\Documents\Doutorado\SmellDetectionCaller-master\Temp\nanohttpd-master\core\src\main\java\org\nanohttpd\protocols\http\sockets\DefaultServerSocketFactory.java,org.nanohttpd.protocols.http.sockets.DefaultServerSocketFactory,class,1,2,1,1,1,1,0,0,0,0.0,NaN,NaN,1,0,1,0,0,0,1,0,0,0,0,0,0,0,0,0,0,0,0,5,1,0,0,0,0,0,0,0,0,0,0,0,0,0,15,1,0
C:\Users\rique\Documents\Doutorado\SmellDetectionCaller-master\Temp\nanohttpd-master\core\src\test\java\org\nanohttpd\junit\protocols\http\HttpKeepAliveTest.java,org.nanohttpd.junit.protocols.http.HttpKeepAliveTest$Anonymous1,anonymous,4,4,0,4,4,1,0,11,0,0.0,NaN,NaN,1,0,1,0,0,0,1,0,0,0,0,0,0,0,0,0,0,0,0,38,0,1,0,3,0,4,3,9,0,7,3,0,0,0,28,-1,0
C:\Users\rique\Documents\Doutorado\SmellDetectionCaller-master\Temp\nanohttpd-master\websocket\src\test\java\org\nanohttpd\junit\protocols\websockets\WebSocketResponseHandlerTest.java,org.nanohttpd.junit.protocols.websockets.WebSocketResponseHandlerTest$MockedWSD$Anonymous1,anonymous,3,3,0,3,1,1,0,1,0,0.0,NaN,NaN,1,0,1,0,0,0,1,0,0,0,0,0,0,0,0,0,0,0,0,5,1,0,0,0,0,0,0,0,0,0,0,0,0,0,9,-1,0
C:\Users\rique\Documents\Doutorado\SmellDetectionCaller-master\Temp\nanohttpd-master\core\src\main\java\org\nanohttpd\protocols\http\ServerRunnable.java,org.nanohttpd.protocols.http.ServerRunnable,class,2,3,1,2,9,1,0,9,0,0.5,0.0,0.0,4,0,4,0,0,0,4,0,0,0,4,0,0,4,0,0,1,0,0,40,3,1,1,2,0,1,1,7,0,6,3,0,0,0,41,1,0
C:\Users\rique\Documents\Doutorado\SmellDetectionCaller-master\Temp\nanohttpd-master\websocket\src\test\java\org\nanohttpd\junit\protocols\websockets\WebSocketResponseHandlerTest.java,org.nanohttpd.junit.protocols.websockets.WebSocketResponseHandlerTest$MockedWSD$Anonymous2,anonymous,2,2,0,2,5,1,0,0,10,0.0,0.0,0.0,5,0,0,0,5,0,5,0,0,0,0,0,0,0,0,0,0,0,0,12,0,0,0,0,0,0,0,0,0,0,0,0,0,0,18,-1,0
C:\Users\rique\Documents\Doutorado\SmellDetectionCaller-master\Temp\nanohttpd-master\core\src\test\java\org\nanohttpd\junit\protocols\http\integration\PutStreamIntegrationTest.java,org.nanohttpd.junit.protocols.http.integration.PutStreamIntegrationTest$TestServer,innerclass,5,5,0,5,3,2,0,10,1,0.0,0.0,0.0,2,0,2,0,0,0,2,0,0,0,0,0,0,0,0,0,0,0,4,21,2,0,0,1,0,1,2,6,1,6,1,0,0,0,26,9,0
C:\Users\rique\Documents\Doutorado\SmellDetectionCaller-master\Temp\nanohttpd-master\core\src\main\java\org\nanohttpd\protocols\http\response\Response.java,org.nanohttpd.protocols.http.response.Response,class,8,51,43,8,72,1,1,47,255,0.8533725,0.0,0.0,31,5,25,3,3,0,28,0,0,0,11,0,0,11,0,0,2,0,9,257,17,3,20,6,2,38,18,40,3,26,3,1,1,0,212,1,0
C:\Users\rique\Documents\Doutorado\SmellDetectionCaller-master\Temp\nanohttpd-master\core\src\test\java\org\nanohttpd\junit\protocols\http\integration\IntegrationTestBase.java,org.nanohttpd.junit.protocols.http.integration.IntegrationTestBase,class,6,11,5,6,4,1,0,6,1,0.33333334,0.0,0.0,3,0,3,0,0,0,3,1,0,0,2,0,0,0,2,0,0,0,0,19,0,0,0,1,0,0,0,2,0,2,1,0,0,0,25,1025,0
C:\Users\rique\Documents\Doutorado\SmellDetectionCaller-master\Temp\nanohttpd-master\core\src\test\java\org\nanohttpd\junit\protocols\http\integration\ShutdownTest.java,org.nanohttpd.junit.protocols.http.integration.ShutdownTest$TestServer,innerclass,3,3,0,3,2,2,0,1,1,0.0,0.0,0.0,2,0,2,0,0,0,2,0,0,0,0,0,0,0,0,0,0,0,1,8,1,0,0,0,0,1,1,0,0,0,0,0,0,0,12,2,0
C:\Users\rique\Documents\Doutorado\SmellDetectionCaller-master\Temp\nanohttpd-master\websocket\src\main\java\org\nanohttpd\protocols\websockets\WebSocketFrame.java,org.nanohttpd.protocols.websockets.WebSocketFrame,class,5,11,6,5,79,1,1,39,118,0.729064,0.0,0.0,29,5,24,5,0,0,24,0,0,0,7,1,1,6,0,0,1,0,24,269,15,7,17,1,7,28,69,45,23,26,3,0,0,0,98,1,0
C:\Users\rique\Documents\Doutorado\SmellDetectionCaller-master\Temp\nanohttpd-master\markdown-plugin\src\main\java\org\nanohttpd\markdown\MarkdownWebServerPlugin.java,org.nanohttpd.markdown.MarkdownWebServerPlugin,class,6,8,2,6,13,1,0,13,6,0.6,0.0,0.0,5,0,4,1,0,0,4,0,0,0,2,1,0,2,0,0,2,0,2,61,4,1,5,3,0,5,1,13,0,9,3,0,0,0,64,1,0
C:\Users\rique\Documents\Doutorado\SmellDetectionCaller-master\Temp\nanohttpd-master\core\src\test\java\org\nanohttpd\junit\protocols\http\ServerSocketFactoryTest.java,org.nanohttpd.junit.protocols.http.ServerSocketFactoryTest$TestFactory,innerclass,1,1,0,1,2,1,0,1,0,0.0,NaN,NaN,1,0,1,0,0,0,1,0,0,0,0,0,0,0,0,0,0,0,0,11,2,0,0,1,0,0,0,0,0,0,1,0,0,0,10,2,0
C:\Users\rique\Documents\Doutorado\SmellDetectionCaller-master\Temp\nanohttpd-master\core\src\main\java\org\nanohttpd\protocols\http\threading\IAsyncRunner.java,org.nanohttpd.protocols.http.threading.IAsyncRunner,interface,1,5,4,1,3,1,0,0,3,0.0,0.0,0.0,3,0,0,0,0,3,3,0,0,0,0,0,0,0,0,0,0,0,0,5,0,0,0,0,0,0,0,0,0,0,0,0,0,0,15,1,0
C:\Users\rique\Documents\Doutorado\SmellDetectionCaller-master\Temp\nanohttpd-master\core\src\main\java\org\nanohttpd\util\ServerRunner.java,org.nanohttpd.util.ServerRunner,class,3,9,6,3,5,1,0,10,1,0.5,0.0,0.0,2,2,2,0,0,0,2,0,0,0,1,1,0,1,0,0,1,0,3,28,0,0,0,3,0,4,1,1,1,1,1,0,0,0,30,1,0
C:\Users\rique\Documents\Doutorado\SmellDetectionCaller-master\Temp\nanohttpd-master\nanolets\src\main\java\org\nanohttpd\router\RouterNanoHTTPD.java,org.nanohttpd.router.RouterNanoHTTPD,class,14,21,7,14,13,16,1,13,0,0.5,0.0,0.0,10,1,10,0,0,0,10,0,0,0,2,1,0,2,0,0,1,0,1,431,3,0,1,0,0,4,6,5,3,2,1,0,15,0,98,1,0
C:\Users\rique\Documents\Doutorado\SmellDetectionCaller-master\Temp\nanohttpd-master\core\src\main\java\org\nanohttpd\protocols\http\response\Response.java,org.nanohttpd.protocols.http.response.Response$Anonymous1,anonymous,0,0,0,0,2,1,0,3,0,0.0,NaN,NaN,1,0,1,0,0,0,1,0,0,0,0,0,0,0,0,0,0,0,0,6,1,0,1,0,0,0,0,0,0,0,0,0,0,0,4,-1,0
C:\Users\rique\Documents\Doutorado\SmellDetectionCaller-master\Temp\nanohttpd-master\core\src\test\java\org\nanohttpd\junit\protocols\http\HttpHeadRequestTest.java,org.nanohttpd.junit.protocols.http.HttpHeadRequestTest,class,3,3,0,3,17,2,0,11,136,0.0,0.0,0.0,17,0,17,0,0,0,17,0,0,0,0,0,0,0,0,0,0,0,1,123,0,0,0,0,0,128,30,7,16,6,0,0,0,0,72,1,0
C:\Users\rique\Documents\Doutorado\SmellDetectionCaller-master\Temp\nanohttpd-master\nanolets\src\test\java\org\nanohttpd\junit\router\TestNanolets.java,org.nanohttpd.junit.router.TestNanolets$Anonymous1,anonymous,1,1,0,1,1,1,0,1,0,0.0,NaN,NaN,1,0,1,0,0,0,1,0,0,0,0,0,0,0,0,0,0,0,1,6,0,0,0,0,0,0,0,1,0,1,0,0,0,0,2,-1,0
C:\Users\rique\Documents\Doutorado\SmellDetectionCaller-master\Temp\nanohttpd-master\samples\src\main\java\org\nanohttpd\samples\http\HelloServer.java,org.nanohttpd.samples.http.HelloServer,class,6,7,1,6,4,2,0,9,3,0.6666667,0.0,0.0,3,1,3,0,0,0,3,0,0,0,1,1,0,1,0,0,1,0,3,24,1,0,1,0,0,11,1,8,3,5,1,0,0,0,43,1,1
C:\Users\rique\Documents\Doutorado\SmellDetectionCaller-master\Temp\nanohttpd-master\nanolets\src\test\java\org\nanohttpd\junit\router\TestNanolets.java,org.nanohttpd.junit.router.TestNanolets$Anonymous2,anonymous,0,0,0,0,0,1,0,0,0,0.0,-1.0,-1.0,0,0,0,0,0,0,0,0,0,0,0,0,0,0,0,0,0,0,0,2,0,0,0,0,0,0,0,0,0,0,0,0,0,0,0,-1,0
C:\Users\rique\Documents\Doutorado\SmellDetectionCaller-master\Temp\nanohttpd-master\nanolets\src\test\java\org\nanohttpd\junit\router\TestNanolets.java,org.nanohttpd.junit.router.TestNanolets$Anonymous3,anonymous,0,0,0,0,0,1,0,0,0,0.0,-1.0,-1.0,0,0,0,0,0,0,0,0,0,0,0,0,0,0,0,0,0,0,0,2,0,0,0,0,0,0,0,0,0,0,0,0,0,0,0,-1,0
C:\Users\rique\Documents\Doutorado\SmellDetectionCaller-master\Temp\nanohttpd-master\websocket\src\main\java\org\nanohttpd\protocols\websockets\OpCode.java,org.nanohttpd.protocols.websockets.OpCode,enum,1,4,3,1,9,1,0,2,0,0.25,0.0,0.0,4,1,3,1,0,0,3,0,0,0,1,0,0,1,0,0,1,0,1,19,4,1,4,0,0,0,6,1,0,1,2,0,0,0,20,1,0
C:\Users\rique\Documents\Doutorado\SmellDetectionCaller-master\Temp\nanohttpd-master\nanolets\src\test\java\org\nanohttpd\junit\router\TestNanolets.java,org.nanohttpd.junit.router.TestNanolets,class,31,32,1,31,49,2,0,74,859,0.95238096,0.0,0.0,42,3,40,2,0,0,40,0,0,0,2,2,0,2,0,0,0,0,9,378,2,4,0,1,1,110,38,137,1,109,2,3,1,0,209,1,0
C:\Users\rique\Documents\Doutorado\SmellDetectionCaller-master\Temp\nanohttpd-master\webserver\src\main\java\org\nanohttpd\webserver\SimpleWebServer.java,org.nanohttpd.webserver.SimpleWebServer,class,10,15,5,10,118,2,0,97,175,0.8863636,0.0,0.0,22,3,8,7,6,1,16,0,0,0,10,7,3,6,1,0,8,0,35,448,25,15,20,5,6,134,56,113,48,81,5,3,0,0,224,1,0
C:\Users\rique\Documents\Doutorado\SmellDetectionCaller-master\Temp\nanohttpd-master\nanolets\src\main\java\org\nanohttpd\router\RouterNanoHTTPD.java,org.nanohttpd.router.RouterNanoHTTPD$NotImplementedHandler,innerclass,3,3,0,3,3,3,0,0,3,0.0,0.0,0.0,3,0,3,0,0,0,3,0,0,0,0,0,0,0,0,0,0,0,0,11,3,0,0,0,0,2,0,0,0,0,0,0,0,0,23,9,0
C:\Users\rique\Documents\Doutorado\SmellDetectionCaller-master\Temp\nanohttpd-master\core\src\main\java\org\nanohttpd\util\IFactoryThrowing.java,org.nanohttpd.util.IFactoryThrowing,interface,1,6,5,1,1,1,0,0,0,0.0,NaN,NaN,1,0,0,0,0,1,1,0,0,0,0,0,0,0,0,0,0,0,0,3,0,0,0,0,0,0,0,0,0,0,0,0,0,0,25,1,0
C:\Users\rique\Documents\Doutorado\SmellDetectionCaller-master\Temp\nanohttpd-master\core\src\test\java\org\nanohttpd\junit\protocols\http\HttpChunkedResponseTest.java,org.nanohttpd.junit.protocols.http.HttpChunkedResponseTest$ChunkedInputStream,innerclass,1,1,0,1,3,3,0,2,0,0.25,NaN,NaN,2,0,1,1,0,0,1,0,0,1,2,0,0,0,0,2,0,0,0,13,1,1,0,0,0,0,2,4,0,3,1,0,0,0,12,10,0
C:\Users\rique\Documents\Doutorado\SmellDetectionCaller-master\Temp\nanohttpd-master\core\src\test\java\org\nanohttpd\junit\protocols\http\integration\CookieIntegrationTest.java,org.nanohttpd.junit.protocols.http.integration.CookieIntegrationTest,class,10,10,0,10,6,3,0,20,15,0.0,0.0,0.0,6,0,6,0,0,0,6,0,0,0,0,0,0,0,0,0,0,0,2,87,1,0,0,0,0,33,15,20,0,20,0,0,1,0,42,1,0
C:\Users\rique\Documents\Doutorado\SmellDetectionCaller-master\Temp\nanohttpd-master\webserver\src\test\java\org\nanohttpd\junit\webserver\TestCorsHttpServer.java,org.nanohttpd.junit.webserver.TestCorsHttpServer$Anonymous1,anonymous,1,1,0,1,1,1,0,1,0,0.0,NaN,NaN,1,0,1,0,0,0,1,0,0,0,0,0,0,0,0,0,0,0,1,6,0,0,0,0,0,7,0,1,0,1,0,0,0,0,3,-1,0
C:\Users\rique\Documents\Doutorado\SmellDetectionCaller-master\Temp\nanohttpd-master\core\src\test\java\org\nanohttpd\junit\protocols\http\HttpServerTest.java,org.nanohttpd.junit.protocols.http.HttpServerTest$Anonymous1,anonymous,2,2,0,2,3,1,0,6,0,0.0,NaN,NaN,1,0,1,0,0,0,1,0,0,0,1,0,0,0,0,1,1,0,1,16,1,1,0,1,0,0,0,2,0,2,2,0,0,0,16,-1,0
C:\Users\rique\Documents\Doutorado\SmellDetectionCaller-master\Temp\nanohttpd-master\core\src\test\java\org\nanohttpd\junit\protocols\http\HttpServerTest.java,org.nanohttpd.junit.protocols.http.HttpServerTest$Anonymous2,anonymous,2,2,0,2,4,1,0,7,0,0.0,NaN,NaN,1,0,1,0,0,0,1,0,0,0,1,0,0,0,0,1,1,0,1,18,1,1,0,1,1,2,0,4,0,2,3,0,0,0,15,-1,0
C:\Users\rique\Documents\Doutorado\SmellDetectionCaller-master\Temp\nanohttpd-master\core\src\test\java\org\nanohttpd\junit\protocols\http\HttpPutRequestTest.java,org.nanohttpd.junit.protocols.http.HttpPutRequestTest,class,2,2,0,2,2,2,0,8,0,0.0,NaN,NaN,1,0,1,0,0,0,1,0,0,0,0,0,0,0,0,0,0,0,0,20,0,0,1,1,0,12,0,6,1,5,2,0,0,0,40,1,0
C:\Users\rique\Documents\Doutorado\SmellDetectionCaller-master\Temp\nanohttpd-master\core\src\test\java\org\nanohttpd\junit\protocols\http\HttpSessionHeadersTest.java,org.nanohttpd.junit.protocols.http.HttpSessionHeadersTest,class,5,5,0,5,2,2,0,5,0,0.0,NaN,NaN,1,0,1,0,0,0,1,0,0,0,2,2,0,2,0,0,2,0,1,14,0,1,0,0,0,3,0,7,0,7,1,0,0,0,48,1,0
C:\Users\rique\Documents\Doutorado\SmellDetectionCaller-master\Temp\nanohttpd-master\webserver\src\test\java\org\nanohttpd\junit\webserver\TestCorsHttpServer.java,org.nanohttpd.junit.webserver.TestCorsHttpServer,class,9,9,0,9,6,2,0,23,13,0.6666667,0.0,0.0,6,2,6,0,0,0,6,0,0,0,2,2,0,2,0,0,0,0,6,67,0,0,0,1,0,26,5,17,4,17,1,1,0,0,68,1,0
C:\Users\rique\Documents\Doutorado\SmellDetectionCaller-master\Temp\nanohttpd-master\core\src\test\java\org\nanohttpd\junit\protocols\http\integration\CookieIntegrationTest.java,org.nanohttpd.junit.protocols.http.integration.CookieIntegrationTest$CookieTestServer,innerclass,5,5,0,5,4,2,0,5,1,0.5,0.0,0.0,2,0,2,0,0,0,2,0,0,0,2,0,0,0,0,2,0,0,1,17,1,2,0,0,0,1,1,3,0,3,1,0,0,0,21,9,0
C:\Users\rique\Documents\Doutorado\SmellDetectionCaller-master\Temp\nanohttpd-master\nanolets\src\main\java\org\nanohttpd\router\RouterNanoHTTPD.java,org.nanohttpd.router.RouterNanoHTTPD$UriResource,innerclass,6,6,0,6,29,1,0,40,18,0.7777778,0.0,0.0,12,0,10,2,0,0,10,0,0,0,9,3,0,9,0,0,8,0,6,122,20,2,4,1,1,13,12,25,7,18,4,0,0,0,66,9,0
C:\Users\rique\Documents\Doutorado\SmellDetectionCaller-master\Temp\nanohttpd-master\core\src\test\java\org\nanohttpd\junit\protocols\http\integration\GZipIntegrationTest.java,org.nanohttpd.junit.protocols.http.integration.GZipIntegrationTest,class,9,9,0,9,9,3,0,16,36,0.0,0.0,0.0,9,0,9,0,0,0,9,0,0,0,0,0,0,0,0,0,0,0,8,83,1,0,0,0,1,56,0,32,1,24,0,0,1,0,70,1,0
C:\Users\rique\Documents\Doutorado\SmellDetectionCaller-master\Temp\nanohttpd-master\websocket\src\main\java\org\nanohttpd\protocols\websockets\CloseCode.java,org.nanohttpd.protocols.websockets.CloseCode,enum,1,7,6,1,5,1,0,2,0,0.0,0.0,0.0,3,1,2,1,0,0,2,0,0,0,1,0,0,1,0,0,1,0,1,16,3,1,1,0,0,0,12,1,0,1,2,0,0,0,38,1,0
C:\Users\rique\Documents\Doutorado\SmellDetectionCaller-master\Temp\nanohttpd-master\websocket\src\main\java\org\nanohttpd\protocols\websockets\CloseFrame.java,org.nanohttpd.protocols.websockets.CloseFrame,class,4,7,3,4,8,2,0,8,0,0.4,0.0,0.0,5,1,4,1,0,0,4,0,0,0,2,0,0,2,0,0,0,0,5,34,4,0,2,0,3,0,17,6,4,4,1,0,0,0,27,1,0
C:\Users\rique\Documents\Doutorado\SmellDetectionCaller-master\Temp\nanohttpd-master\core\src\test\java\org\nanohttpd\junit\protocols\http\JavaIOTempDirExistTest.java,org.nanohttpd.junit.protocols.http.JavaIOTempDirExistTest,class,3,3,0,3,3,1,0,14,1,0.0,0.0,0.0,2,0,2,0,0,0,2,0,0,0,0,0,0,0,0,0,0,0,5,34,0,0,0,2,0,6,0,9,0,8,1,0,0,0,29,1,0
C:\Users\rique\Documents\Doutorado\SmellDetectionCaller-master\Temp\nanohttpd-master\core\src\test\java\org\nanohttpd\junit\protocols\http\integration\GetAndPostIntegrationTest.java,org.nanohttpd.junit.protocols.http.integration.GetAndPostIntegrationTest$TestServer,innerclass,4,4,0,4,9,2,0,20,1,0.5,0.0,0.0,2,0,2,0,0,0,2,0,0,0,1,0,1,0,0,0,0,0,5,39,3,1,0,1,0,6,2,6,1,7,2,0,0,0,32,9,0
C:\Users\rique\Documents\Doutorado\SmellDetectionCaller-master\Temp\nanohttpd-master\core\src\main\java\org\nanohttpd\protocols\http\IHTTPSession.java,org.nanohttpd.protocols.http.IHTTPSession,interface,2,39,37,2,11,1,0,0,55,0.0,0.0,0.0,11,0,0,0,0,11,11,0,0,0,0,0,0,0,0,0,0,0,0,13,0,0,0,0,0,0,0,0,0,0,0,0,0,0,64,1,0
C:\Users\rique\Documents\Doutorado\SmellDetectionCaller-master\Temp\nanohttpd-master\core\src\test\java\org\nanohttpd\junit\protocols\http\integration\GetAndPostIntegrationTest.java,org.nanohttpd.junit.protocols.http.integration.GetAndPostIntegrationTest$Anonymous1,anonymous,0,0,0,0,1,1,0,0,0,0.0,NaN,NaN,1,0,1,0,0,0,1,0,0,0,0,0,0,0,0,0,0,0,0,5,1,0,0,0,0,1,0,0,0,0,0,0,0,0,2,-1,0
C:\Users\rique\Documents\Doutorado\SmellDetectionCaller-master\Temp\nanohttpd-master\nanolets\src\main\java\org\nanohttpd\router\RouterNanoHTTPD.java,org.nanohttpd.router.RouterNanoHTTPD$IRoutePrioritizer,interface,1,1,0,1,4,1,0,0,6,0.0,0.0,0.0,4,0,0,0,0,4,4,0,0,0,0,0,0,0,0,0,0,0,0,6,0,0,0,0,0,0,0,0,0,0,0,0,0,0,15,9,0
C:\Users\rique\Documents\Doutorado\SmellDetectionCaller-master\Temp\nanohttpd-master\core\src\test\java\org\nanohttpd\junit\protocols\http\HttpSSLServerTest.java,org.nanohttpd.junit.protocols.http.HttpSSLServerTest,class,12,12,0,12,7,2,0,19,6,0.0,0.0,0.0,4,0,4,0,0,0,4,0,0,0,0,0,0,0,0,0,0,0,6,38,0,1,0,1,0,7,6,9,1,7,3,0,0,0,39,1,0
C:\Users\rique\Documents\Doutorado\SmellDetectionCaller-master\Temp\nanohttpd-master\websocket\src\test\java\org\nanohttpd\junit\protocols\websockets\WebSocketResponseHandlerTest.java,org.nanohttpd.junit.protocols.websockets.WebSocketResponseHandlerTest$MockedWSD,innerclass,8,8,0,8,4,3,0,2,6,0.0,0.0,0.0,4,0,3,0,1,0,4,0,0,0,0,0,0,0,0,0,0,0,0,33,1,0,0,0,0,0,0,1,0,0,0,2,0,0,21,10,0
C:\Users\rique\Documents\Doutorado\SmellDetectionCaller-master\Temp\nanohttpd-master\core\src\main\java\org\nanohttpd\protocols\http\tempfiles\DefaultTempFileManagerFactory.java,org.nanohttpd.protocols.http.tempfiles.DefaultTempFileManagerFactory,class,3,4,1,3,1,1,0,0,0,0.0,NaN,NaN,1,0,1,0,0,0,1,0,0,0,0,0,0,0,0,0,0,0,0,5,1,0,0,0,0,0,0,0,0,0,0,0,0,0,13,1,0
C:\Users\rique\Documents\Doutorado\SmellDetectionCaller-master\Temp\nanohttpd-master\webserver\src\main\java\org\nanohttpd\webserver\InternalRewrite.java,org.nanohttpd.webserver.InternalRewrite,class,2,4,2,2,3,2,0,0,0,0.33333334,0.0,0.0,3,0,3,0,0,0,3,0,0,0,2,0,0,2,0,0,2,0,0,15,2,0,0,0,0,0,2,2,0,2,0,0,0,0,17,1,0
C:\Users\rique\Documents\Doutorado\SmellDetectionCaller-master\Temp\nanohttpd-master\webserver\src\test\java\org\nanohttpd\junit\webserver\TestCorsHttpServerWithSingleOrigin.java,org.nanohttpd.junit.webserver.TestCorsHttpServerWithSingleOrigin$Anonymous1,anonymous,1,1,0,1,1,1,0,1,0,0.0,NaN,NaN,1,0,1,0,0,0,1,0,0,0,0,0,0,0,0,0,0,0,1,6,0,0,0,0,0,7,0,1,0,1,0,0,0,0,4,-1,0
C:\Users\rique\Documents\Doutorado\SmellDetectionCaller-master\Temp\nanohttpd-master\webserver\src\test\java\org\nanohttpd\junit\webserver\TestHttpServer.java,org.nanohttpd.junit.webserver.TestHttpServer,class,9,9,0,9,26,2,0,27,89,0.85714287,0.0,0.0,14,2,14,0,0,0,14,0,0,0,2,2,0,2,0,0,0,0,3,229,0,0,9,9,0,86,18,78,4,55,2,2,0,0,161,1,0
C:\Users\rique\Documents\Doutorado\SmellDetectionCaller-master\Temp\nanohttpd-master\webserver\src\test\java\org\nanohttpd\junit\webserver\TestHttpServer.java,org.nanohttpd.junit.webserver.TestHttpServer$Anonymous2,anonymous,1,1,0,1,1,1,0,1,0,0.0,NaN,NaN,1,0,1,0,0,0,1,0,0,0,0,0,0,0,0,0,0,0,1,6,0,0,0,0,0,5,0,1,0,1,0,0,0,0,3,-1,0
C:\Users\rique\Documents\Doutorado\SmellDetectionCaller-master\Temp\nanohttpd-master\nanolets\src\main\java\org\nanohttpd\router\RouterNanoHTTPD.java,org.nanohttpd.router.RouterNanoHTTPD$DefaultRoutePrioritizer,innerclass,2,2,0,2,1,2,0,0,0,0.0,NaN,NaN,1,0,0,0,1,0,1,0,0,0,0,0,0,0,0,0,0,0,0,5,1,0,0,0,0,0,0,0,0,0,0,0,0,0,7,9,0
C:\Users\rique\Documents\Doutorado\SmellDetectionCaller-master\Temp\nanohttpd-master\webserver\src\test\java\org\nanohttpd\junit\webserver\TestHttpServer.java,org.nanohttpd.junit.webserver.TestHttpServer$Anonymous1,anonymous,1,1,0,1,1,1,0,1,0,0.0,NaN,NaN,1,0,1,0,0,0,1,0,0,0,0,0,0,0,0,0,0,0,1,6,0,0,0,0,0,6,0,1,0,1,0,0,0,0,3,-1,0
C:\Users\rique\Documents\Doutorado\SmellDetectionCaller-master\Temp\nanohttpd-master\websocket\src\main\java\org\nanohttpd\protocols\websockets\NanoWSD.java,org.nanohttpd.protocols.websockets.NanoWSD,class,9,16,7,9,19,2,3,24,28,0.8854167,0.0,0.0,8,2,4,2,2,0,6,1,0,0,12,12,10,2,0,0,12,0,7,97,9,1,1,1,5,16,20,37,11,31,1,0,1,0,104,1025,0
C:\Users\rique\Documents\Doutorado\SmellDetectionCaller-master\Temp\nanohttpd-master\websocket\src\main\java\org\nanohttpd\samples\websockets\DebugWebSocketServer.java,org.nanohttpd.samples.websockets.DebugWebSocketServer,class,5,9,4,5,2,4,0,2,1,0.75,0.0,0.0,2,0,1,0,1,0,2,0,0,0,2,1,0,2,0,0,2,0,1,52,1,0,0,0,0,0,0,2,0,2,0,0,1,0,28,1,0
C:\Users\rique\Documents\Doutorado\SmellDetectionCaller-master\Temp\nanohttpd-master\core\src\main\java\org\nanohttpd\protocols\http\NanoHTTPD.java,org.nanohttpd.protocols.http.NanoHTTPD$Anonymous1,anonymous,3,3,0,3,1,1,0,1,0,0.0,NaN,NaN,1,0,1,0,0,0,1,0,0,0,0,0,0,0,0,0,0,0,0,5,1,0,0,0,0,0,0,0,0,0,0,0,0,0,8,-1,0
C:\Users\rique\Documents\Doutorado\SmellDetectionCaller-master\Temp\nanohttpd-master\nanolets\src\main\java\org\nanohttpd\router\RouterNanoHTTPD.java,org.nanohttpd.router.RouterNanoHTTPD$IndexHandler,innerclass,3,3,0,3,3,3,0,0,3,0.0,0.0,0.0,3,0,3,0,0,0,3,0,0,0,0,0,0,0,0,0,0,0,0,11,3,0,0,0,0,2,0,0,0,0,0,0,0,0,16,9,0
C:\Users\rique\Documents\Doutorado\SmellDetectionCaller-master\Temp\nanohttpd-master\websocket\src\main\java\org\nanohttpd\protocols\websockets\WebSocket.java,org.nanohttpd.protocols.websockets.WebSocket,class,10,16,6,10,48,1,2,30,178,0.8928571,0.0,0.0,21,0,9,5,7,0,16,5,0,1,8,0,0,7,1,0,4,0,1,174,4,1,18,3,4,9,1,16,0,11,2,1,0,0,87,1025,0
C:\Users\rique\Documents\Doutorado\SmellDetectionCaller-master\Temp\nanohttpd-master\websocket\src\main\java\org\nanohttpd\protocols\websockets\WebSocket.java,org.nanohttpd.protocols.websockets.WebSocket$Anonymous1,anonymous,1,1,0,1,1,1,0,3,0,0.0,NaN,NaN,1,0,1,0,0,0,1,0,0,0,0,0,0,0,0,0,0,0,0,10,0,0,0,0,0,0,0,3,0,0,0,0,0,0,6,-1,0
C:\Users\rique\Documents\Doutorado\SmellDetectionCaller-master\Temp\nanohttpd-master\core\src\test\java\org\nanohttpd\junit\protocols\http\SSLServerSocketFactoryTest.java,org.nanohttpd.junit.protocols.http.SSLServerSocketFactoryTest,class,12,12,0,12,8,2,0,24,6,0.0,0.0,0.0,4,0,4,0,0,0,4,0,0,0,0,0,0,0,0,0,0,0,9,44,0,1,0,1,0,11,9,13,2,8,3,0,0,0,49,1,0
C:\Users\rique\Documents\Doutorado\SmellDetectionCaller-master\Temp\nanohttpd-master\websocket\src\main\java\org\nanohttpd\protocols\websockets\State.java,org.nanohttpd.protocols.websockets.State,enum,0,1,1,0,0,1,0,0,0,0.0,-1.0,-1.0,0,0,0,0,0,0,0,0,0,0,0,0,0,0,0,0,0,0,0,1,0,0,0,0,0,0,0,0,0,0,0,0,0,0,8,1,0
C:\Users\rique\Documents\Doutorado\SmellDetectionCaller-master\Temp\nanohttpd-master\webserver\src\test\java\org\nanohttpd\junit\webserver\AbstractTestHttpServer.java,org.nanohttpd.junit.webserver.AbstractTestHttpServer,class,3,7,4,3,3,1,3,6,1,0.0,0.0,0.0,2,0,0,0,2,0,2,0,0,0,0,0,0,0,0,0,0,0,0,22,2,1,0,1,1,0,3,5,0,5,2,0,0,0,23,1,0
C:\Users\rique\Documents\Doutorado\SmellDetectionCaller-master\Temp\nanohttpd-master\nanolets\src\main\java\org\nanohttpd\router\RouterNanoHTTPD.java,org.nanohttpd.router.RouterNanoHTTPD$InsertionOrderRoutePrioritizer,innerclass,2,2,0,2,1,2,0,0,0,0.0,NaN,NaN,1,0,0,0,1,0,1,0,0,0,0,0,0,0,0,0,0,0,0,5,1,0,0,0,0,0,0,0,0,0,0,0,0,0,8,9,0
C:\Users\rique\Documents\Doutorado\SmellDetectionCaller-master\Temp\nanohttpd-master\core\src\test\java\org\nanohttpd\junit\protocols\http\InvalidRequestTest.java,org.nanohttpd.junit.protocols.http.InvalidRequestTest,class,2,2,0,2,8,2,0,4,6,0.0,0.0,0.0,4,0,4,0,0,0,4,0,0,0,0,0,0,0,0,0,0,0,0,34,0,0,0,0,0,8,4,0,4,0,0,0,0,0,20,1,0
C:\Users\rique\Documents\Doutorado\SmellDetectionCaller-master\Temp\nanohttpd-master\core\src\main\java\org\nanohttpd\protocols\http\response\IStatus.java,org.nanohttpd.protocols.http.response.IStatus,interface,0,11,11,0,2,1,0,0,1,0.0,0.0,0.0,2,0,0,0,0,2,2,0,0,0,0,0,0,0,0,0,0,0,0,4,0,0,0,0,0,0,0,0,0,0,0,0,0,0,5,1,0
C:\Users\rique\Documents\Doutorado\SmellDetectionCaller-master\Temp\nanohttpd-master\core\src\test\java\org\nanohttpd\junit\protocols\http\ServerSocketFactoryTest.java,org.nanohttpd.junit.protocols.http.ServerSocketFactoryTest,class,5,5,0,5,8,2,0,7,6,0.75,0.0,0.0,4,0,4,0,0,0,4,0,0,0,1,1,1,0,0,0,1,0,1,44,0,0,2,2,0,5,1,7,0,5,1,0,1,0,27,1,0
C:\Users\rique\Documents\Doutorado\SmellDetectionCaller-master\Temp\nanohttpd-master\core\src\main\java\org\nanohttpd\util\IFactory.java,org.nanohttpd.util.IFactory,interface,1,6,5,1,1,1,0,0,0,0.0,NaN,NaN,1,0,0,0,0,1,1,0,0,0,0,0,0,0,0,0,0,0,0,3,0,0,0,0,0,0,0,0,0,0,0,0,0,0,13,1,0
C:\Users\rique\Documents\Doutorado\SmellDetectionCaller-master\Temp\nanohttpd-master\core\src\main\java\org\nanohttpd\protocols\http\response\ChunkedOutputStream.java,org.nanohttpd.protocols.http.response.ChunkedOutputStream,class,2,4,2,2,6,3,0,5,10,0.0,0.0,0.0,5,0,5,0,0,0,5,0,0,0,0,0,0,0,0,0,0,0,1,21,1,0,1,0,0,3,4,1,0,1,1,0,0,0,26,1,0
C:\Users\rique\Documents\Doutorado\SmellDetectionCaller-master\Temp\nanohttpd-master\nanolets\src\test\java\org\nanohttpd\junit\router\AppNanolets.java,org.nanohttpd.junit.router.AppNanolets$StreamUrl,innerclass,3,3,0,3,3,2,0,1,3,0.0,0.0,0.0,3,0,3,0,0,0,3,0,0,0,0,0,0,0,0,0,0,0,0,11,3,0,0,0,0,2,0,0,0,0,0,0,0,0,16,9,0
C:\Users\rique\Documents\Doutorado\SmellDetectionCaller-master\Temp\nanohttpd-master\core\src\test\java\org\nanohttpd\junit\protocols\http\LoadKeyStoreTest.java,org.nanohttpd.junit.protocols.http.LoadKeyStoreTest,class,4,4,0,4,3,1,0,8,1,0.33333334,0.0,0.0,3,0,3,0,0,0,3,0,0,0,1,0,1,0,0,0,0,0,3,24,0,0,0,0,0,6,0,8,0,8,0,0,0,0,30,1,0
C:\Users\rique\Documents\Doutorado\SmellDetectionCaller-master\Temp\nanohttpd-master\core\src\main\java\org\nanohttpd\protocols\http\ClientHandler.java,org.nanohttpd.protocols.http.ClientHandler,class,5,8,3,5,8,1,0,11,0,0.11111111,0.0,0.0,3,0,3,0,0,0,3,0,0,0,3,0,0,3,0,0,3,0,5,36,0,1,0,1,2,2,0,7,0,6,2,0,0,0,44,1,0
C:\Users\rique\Documents\Doutorado\SmellDetectionCaller-master\Temp\nanohttpd-master\core\src\test\java\org\nanohttpd\junit\protocols\http\integration\GZipIntegrationTest.java,org.nanohttpd.junit.protocols.http.integration.GZipIntegrationTest$TestServer,innerclass,3,3,0,3,2,2,0,1,1,0.5,0.0,0.0,2,0,2,0,0,0,2,0,0,0,1,0,1,0,0,0,0,0,0,9,1,0,0,0,0,0,1,0,0,1,0,0,0,0,14,9,0
C:\Users\rique\Documents\Doutorado\SmellDetectionCaller-master\Temp\nanohttpd-master\core\src\main\java\org\nanohttpd\protocols\http\request\Method.java,org.nanohttpd.protocols.http.request.Method,enum,1,10,9,1,3,1,0,1,0,0.0,NaN,NaN,1,1,1,0,0,0,1,0,0,0,0,0,0,0,0,0,0,0,1,10,3,0,1,1,0,0,0,0,0,0,1,0,0,0,31,1,0
C:\Users\rique\Documents\Doutorado\SmellDetectionCaller-master\Temp\nanohttpd-master\nanolets\src\main\java\org\nanohttpd\router\RouterNanoHTTPD.java,org.nanohttpd.router.RouterNanoHTTPD$BaseRoutePrioritizer,innerclass,5,5,0,5,10,1,0,11,0,0.4166667,0.0,0.0,6,0,5,0,1,0,6,1,0,0,2,0,0,0,2,0,1,0,2,36,1,1,2,0,0,0,0,6,2,5,2,0,0,0,29,1033,0
C:\Users\rique\Documents\Doutorado\SmellDetectionCaller-master\Temp\nanohttpd-master\nanolets\src\main\java\org\nanohttpd\router\RouterNanoHTTPD.java,org.nanohttpd.router.RouterNanoHTTPD$Error404UriHandler,innerclass,3,3,0,3,3,3,0,0,3,0.0,0.0,0.0,3,0,3,0,0,0,3,0,0,0,0,0,0,0,0,0,0,0,0,11,3,0,0,0,0,2,0,0,0,0,0,0,0,0,21,9,0
C:\Users\rique\Documents\Doutorado\SmellDetectionCaller-master\Temp\nanohttpd-master\nanolets\src\main\java\org\nanohttpd\router\RouterNanoHTTPD.java,org.nanohttpd.router.RouterNanoHTTPD$UriRouter,innerclass,6,6,0,6,9,1,0,8,0,0.42857143,0.0,0.0,7,0,5,2,0,0,5,0,0,0,2,0,0,2,0,0,0,0,1,35,1,1,1,0,0,0,1,8,0,5,2,0,0,0,61,9,0
C:\Users\rique\Documents\Doutorado\SmellDetectionCaller-master\Temp\nanohttpd-master\nanolets\src\test\java\org\nanohttpd\junit\router\AppNanolets.java,org.nanohttpd.junit.router.AppNanolets$StaticPageTestHandler,innerclass,1,1,0,1,2,4,0,3,0,0.0,NaN,NaN,1,0,0,0,1,0,1,0,0,0,0,0,0,0,0,0,0,0,0,8,1,0,0,0,0,2,0,0,0,0,1,0,0,0,15,9,0
C:\Users\rique\Documents\Doutorado\SmellDetectionCaller-master\Temp\nanohttpd-master\webserver\src\test\java\org\nanohttpd\junit\webserver\TestCorsHttpServerWithSingleOrigin.java,org.nanohttpd.junit.webserver.TestCorsHttpServerWithSingleOrigin,class,9,9,0,9,4,2,0,19,4,0.5,0.0,0.0,4,2,4,0,0,0,4,0,0,0,2,2,0,2,0,0,0,0,2,42,0,0,0,0,0,15,3,10,0,10,0,1,0,0,58,1,0
C:\Users\rique\Documents\Doutorado\SmellDetectionCaller-master\Temp\nanohttpd-master\core\src\test\java\org\nanohttpd\junit\protocols\http\MimeTest.java,org.nanohttpd.junit.protocols.http.MimeTest,class,2,2,0,2,4,1,0,6,6,0.0,0.0,0.0,4,0,4,0,0,0,4,0,0,0,0,0,0,0,0,0,0,0,6,16,0,0,0,0,0,11,0,0,0,0,0,0,0,0,10,1,0
C:\Users\rique\Documents\Doutorado\SmellDetectionCaller-master\Temp\nanohttpd-master\core\src\main\java\org\nanohttpd\protocols\http\tempfiles\DefaultTempFileManager.java,org.nanohttpd.protocols.http.tempfiles.DefaultTempFileManager,class,3,8,5,3,6,1,2,7,0,0.16666667,0.0,0.0,3,0,3,0,0,0,3,0,0,0,2,0,0,2,0,0,2,0,1,27,1,1,0,1,0,2,0,3,0,3,2,0,0,0,54,1,0
C:\Users\rique\Documents\Doutorado\SmellDetectionCaller-master\Temp\nanohttpd-master\core\src\main\java\org\nanohttpd\protocols\http\HTTPSession.java,org.nanohttpd.protocols.http.HTTPSession,class,12,21,9,12,113,1,0,91,115,0.861244,0.0,0.0,22,0,14,8,0,0,14,0,6,0,19,5,3,16,0,0,9,0,26,480,22,15,27,7,4,43,77,134,37,89,8,0,0,0,254,1,0
