file,class,type,cbo,cboModified,fanin,fanout,wmc,dit,noc,rfc,lcom,lcom*,tcc,lcc,totalMethodsQty,staticMethodsQty,publicMethodsQty,privateMethodsQty,protectedMethodsQty,defaultMethodsQty,visibleMethodsQty,abstractMethodsQty,finalMethodsQty,synchronizedMethodsQty,totalFieldsQty,staticFieldsQty,publicFieldsQty,privateFieldsQty,protectedFieldsQty,defaultFieldsQty,finalFieldsQty,synchronizedFieldsQty,nosi,loc,returnQty,loopQty,comparisonsQty,tryCatchQty,parenthesizedExpsQty,stringLiteralsQty,numbersQty,assignmentsQty,mathOperationsQty,variablesQty,maxNestedBlocksQty,anonymousClassesQty,innerClassesQty,lambdasQty,uniqueWordsQty,modifiers,logStatementsQty
C:\Users\rique\Documents\Doutorado\SmellDetectionCaller-master\Temp\nanohttpd-master\core\src\main\java\org\nanohttpd\protocols\http\sockets\SecureServerSocketFactory.java,org.nanohttpd.protocols.http.sockets.SecureServerSocketFactory,class,1,4,3,1,3,1,0,6,0,0.0,0.0,0.0,2,0,2,0,0,0,2,0,0,0,2,0,0,2,0,0,0,0,0,22,1,0,1,0,0,0,0,4,0,3,1,0,0,0,17,1,0
C:\Users\rique\Documents\Doutorado\SmellDetectionCaller-master\Temp\nanohttpd-master\fileupload\src\main\java\org\nanohttpd\fileupload\NanoFileUpload.java,org.nanohttpd.fileupload.NanoFileUpload,class,8,10,2,8,6,2,0,5,10,0.0,0.0,0.0,5,1,5,0,0,0,5,0,1,0,0,0,0,0,0,0,0,0,0,46,4,0,1,0,0,0,0,0,0,0,0,0,1,0,29,1,0
C:\Users\rique\Documents\Doutorado\SmellDetectionCaller-master\Temp\nanohttpd-master\webserver\src\main\java\org\nanohttpd\webserver\WebServerPluginInfo.java,org.nanohttpd.webserver.WebServerPluginInfo,interface,1,4,3,1,3,1,0,0,3,0.0,0.0,0.0,3,0,0,0,0,3,3,0,0,0,0,0,0,0,0,0,0,0,0,5,0,0,0,0,0,0,0,0,0,0,0,0,0,0,17,1,0
C:\Users\rique\Documents\Doutorado\SmellDetectionCaller-master\Temp\nanohttpd-master\nanolets\src\main\java\org\nanohttpd\router\RouterNanoHTTPD.java,org.nanohttpd.router.RouterNanoHTTPD$DefaultStreamHandler,innerclass,6,6,0,6,8,1,0,5,28,0.0,0.0,0.0,8,0,8,0,0,0,8,3,0,0,0,0,0,0,0,0,0,0,1,20,5,0,0,0,0,0,0,0,0,0,0,0,0,0,36,1033,0
C:\Users\rique\Documents\Doutorado\SmellDetectionCaller-master\Temp\nanohttpd-master\core\src\main\java\org\nanohttpd\protocols\http\NanoHTTPD.java,org.nanohttpd.protocols.http.NanoHTTPD$ResponseException,innerclass,1,1,0,1,3,3,0,0,0,0.5,0.0,0.0,3,0,3,0,0,0,3,0,0,0,2,1,0,2,0,0,2,0,0,15,1,0,0,0,0,0,1,3,0,2,0,0,0,0,14,25,0
C:\Users\rique\Documents\Doutorado\SmellDetectionCaller-master\Temp\nanohttpd-master\core\src\main\java\org\nanohttpd\protocols\http\threading\DefaultAsyncRunner.java,org.nanohttpd.protocols.http.threading.DefaultAsyncRunner,class,3,5,2,3,6,1,0,8,0,0.4,0.0,0.0,5,0,4,0,1,0,5,0,0,0,2,0,0,1,1,0,1,0,1,26,2,1,0,0,0,2,0,2,1,3,1,0,0,0,49,1,0
C:\Users\rique\Documents\Doutorado\SmellDetectionCaller-master\Temp\nanohttpd-master\nanolets\src\main\java\org\nanohttpd\router\RouterNanoHTTPD.java,org.nanohttpd.router.RouterNanoHTTPD$GeneralHandler,innerclass,7,7,0,7,6,3,0,11,6,0.0,0.0,0.0,4,0,4,0,0,0,4,0,0,0,0,0,0,0,0,0,0,0,1,33,3,1,0,0,0,9,1,4,0,4,2,0,0,0,45,9,0
C:\Users\rique\Documents\Doutorado\SmellDetectionCaller-master\Temp\nanohttpd-master\core\src\main\java\org\nanohttpd\protocols\http\NanoHTTPD.java,org.nanohttpd.protocols.http.NanoHTTPD,class,15,56,41,15,68,3,20,78,457,0.9397758,0.0,0.0,34,10,28,1,5,0,33,0,4,1,21,12,12,6,3,0,13,0,25,282,20,4,13,9,3,24,10,49,5,42,3,1,1,0,397,1025,0
C:\Users\rique\Documents\Doutorado\SmellDetectionCaller-master\Temp\nanohttpd-master\core\src\main\java\org\nanohttpd\protocols\http\response\Status.java,org.nanohttpd.protocols.http.response.Status,enum,1,12,11,1,6,1,0,2,0,0.25,0.0,0.0,4,1,3,0,0,1,4,0,0,0,2,0,0,2,0,0,2,0,1,22,4,1,1,0,0,34,32,2,1,2,2,0,0,0,74,1,0
C:\Users\rique\Documents\Doutorado\SmellDetectionCaller-master\Temp\nanohttpd-master\core\src\main\java\org\nanohttpd\protocols\http\tempfiles\DefaultTempFile.java,org.nanohttpd.protocols.http.tempfiles.DefaultTempFile,class,2,5,3,2,5,1,0,4,0,0.25,0.0,0.0,4,0,4,0,0,0,4,0,0,0,2,0,0,2,0,0,2,0,2,20,2,0,0,0,0,3,0,2,1,2,1,0,0,0,32,1,0
C:\Users\rique\Documents\Doutorado\SmellDetectionCaller-master\Temp\nanohttpd-master\websocket\src\main\java\org\nanohttpd\protocols\websockets\NanoWSD.java,org.nanohttpd.protocols.websockets.NanoWSD$Interceptor,innerclass,4,4,0,4,2,1,0,1,1,0.0,0.0,0.0,2,0,2,0,0,0,2,0,0,0,0,0,0,0,0,0,0,0,0,7,1,0,0,0,0,0,0,0,0,0,0,0,0,0,11,20,0
C:\Users\rique\Documents\Doutorado\SmellDetectionCaller-master\Temp\nanohttpd-master\core\src\main\java\org\nanohttpd\util\IHandler.java,org.nanohttpd.util.IHandler,interface,2,6,4,2,1,1,0,0,0,0.0,NaN,NaN,1,0,1,0,0,0,1,0,0,0,0,0,0,0,0,0,0,0,0,3,0,0,0,0,0,0,0,0,0,0,0,0,0,0,20,1,0
C:\Users\rique\Documents\Doutorado\SmellDetectionCaller-master\Temp\nanohttpd-master\nanolets\src\main\java\org\nanohttpd\router\RouterNanoHTTPD.java,org.nanohttpd.router.RouterNanoHTTPD$ProvidedPriorityRoutePrioritizer,innerclass,2,2,0,2,4,2,0,2,1,0.0,0.0,0.0,2,0,1,0,1,0,2,0,0,0,0,0,0,0,0,0,0,0,0,18,1,0,2,0,0,0,0,3,0,1,2,0,0,0,18,9,0
C:\Users\rique\Documents\Doutorado\SmellDetectionCaller-master\Temp\nanohttpd-master\core\src\main\java\org\nanohttpd\protocols\http\response\Response.java,org.nanohttpd.protocols.http.response.Response$GzipUsage,enum,0,0,0,0,0,1,0,0,0,0.0,-1.0,-1.0,0,0,0,0,0,0,0,0,0,0,0,0,0,0,0,0,0,0,0,1,0,0,0,0,0,0,0,0,0,0,0,0,0,0,7,10,0
C:\Users\rique\Documents\Doutorado\SmellDetectionCaller-master\Temp\nanohttpd-master\nanolets\src\main\java\org\nanohttpd\router\RouterNanoHTTPD.java,org.nanohttpd.router.RouterNanoHTTPD$UriResponder,interface,3,3,0,3,5,1,0,0,10,0.0,0.0,0.0,5,0,5,0,0,0,5,0,0,0,0,0,0,0,0,0,0,0,0,7,0,0,0,0,0,0,0,0,0,0,0,0,0,0,15,1,0
C:\Users\rique\Documents\Doutorado\SmellDetectionCaller-master\Temp\nanohttpd-master\webserver\src\main\java\org\nanohttpd\webserver\SimpleWebServer.java,org.nanohttpd.webserver.SimpleWebServer$Anonymous3,anonymous,0,0,0,0,1,1,0,1,0,0.0,NaN,NaN,1,0,1,0,0,0,1,0,0,0,0,0,0,0,0,0,0,0,0,5,1,0,0,0,0,0,0,0,0,0,0,0,0,0,3,-1,0
C:\Users\rique\Documents\Doutorado\SmellDetectionCaller-master\Temp\nanohttpd-master\core\src\main\java\org\nanohttpd\protocols\http\tempfiles\ITempFile.java,org.nanohttpd.protocols.http.tempfiles.ITempFile,interface,0,5,5,0,3,1,0,0,3,0.0,0.0,0.0,3,0,3,0,0,0,3,0,0,0,0,0,0,0,0,0,0,0,0,5,0,0,0,0,0,0,0,0,0,0,0,0,0,0,28,1,0
C:\Users\rique\Documents\Doutorado\SmellDetectionCaller-master\Temp\nanohttpd-master\webserver\src\main\java\org\nanohttpd\webserver\SimpleWebServer.java,org.nanohttpd.webserver.SimpleWebServer$Anonymous2,anonymous,0,0,0,0,1,1,0,1,0,0.0,NaN,NaN,1,0,1,0,0,0,1,0,0,0,0,0,0,0,0,0,0,0,0,5,1,0,0,0,0,0,0,0,0,0,0,0,0,0,3,-1,0
C:\Users\rique\Documents\Doutorado\SmellDetectionCaller-master\Temp\nanohttpd-master\webserver\src\main\java\org\nanohttpd\webserver\SimpleWebServer.java,org.nanohttpd.webserver.SimpleWebServer$Anonymous1,anonymous,0,0,0,0,1,1,0,1,0,0.0,NaN,NaN,0,0,0,0,0,0,1,0,0,0,0,0,0,0,0,0,0,0,0,6,0,0,0,0,0,2,0,0,0,0,0,0,0,0,1,-1,0
C:\Users\rique\Documents\Doutorado\SmellDetectionCaller-master\Temp\nanohttpd-master\markdown-plugin\src\main\java\org\nanohttpd\markdown\MarkdownWebServerPluginInfo.java,org.nanohttpd.markdown.MarkdownWebServerPluginInfo,class,3,3,0,3,3,1,0,0,3,0.0,0.0,0.0,3,0,3,0,0,0,3,0,0,0,0,0,0,0,0,0,0,0,0,11,3,0,0,0,0,2,0,0,0,0,0,0,0,0,18,1,0
C:\Users\rique\Documents\Doutorado\SmellDetectionCaller-master\Temp\nanohttpd-master\core\src\main\java\org\nanohttpd\protocols\http\tempfiles\ITempFileManager.java,org.nanohttpd.protocols.http.tempfiles.ITempFileManager,interface,1,11,10,1,2,1,0,0,1,0.0,0.0,0.0,2,0,1,0,0,1,2,0,0,0,0,0,0,0,0,0,0,0,0,4,0,0,0,0,0,0,0,0,0,0,0,0,0,0,27,1,0
C:\Users\rique\Documents\Doutorado\SmellDetectionCaller-master\Temp\nanohttpd-master\core\src\main\java\org\nanohttpd\protocols\http\content\ContentType.java,org.nanohttpd.protocols.http.content.ContentType,class,1,4,3,1,13,1,0,6,4,0.8125,0.0,0.0,8,0,7,1,0,0,7,0,0,0,12,8,0,12,0,0,12,0,3,56,8,0,3,0,0,9,3,16,1,13,1,0,0,0,45,1,0
C:\Users\rique\Documents\Doutorado\SmellDetectionCaller-master\Temp\nanohttpd-master\webserver\src\main\java\org\nanohttpd\webserver\WebServerPlugin.java,org.nanohttpd.webserver.WebServerPlugin,interface,2,8,6,2,3,1,0,0,3,0.0,0.0,0.0,3,0,0,0,0,3,3,0,0,0,0,0,0,0,0,0,0,0,0,5,0,0,0,0,0,0,0,0,0,0,0,0,0,0,27,1,0
C:\Users\rique\Documents\Doutorado\SmellDetectionCaller-master\Temp\nanohttpd-master\nanolets\src\main\java\org\nanohttpd\router\RouterNanoHTTPD.java,org.nanohttpd.router.RouterNanoHTTPD$DefaultHandler,innerclass,6,6,0,6,4,2,0,4,6,0.0,0.0,0.0,4,0,4,0,0,0,4,2,0,0,0,0,0,0,0,0,0,0,1,10,1,0,0,0,0,1,0,0,0,0,0,0,0,0,43,1033,0
C:\Users\rique\Documents\Doutorado\SmellDetectionCaller-master\Temp\nanohttpd-master\websocket\src\main\java\org\nanohttpd\protocols\websockets\WebSocketException.java,org.nanohttpd.protocols.websockets.WebSocketException,class,1,3,2,1,5,4,0,1,0,0.59999996,0.0,0.0,5,0,5,0,0,0,5,0,0,0,3,1,0,3,0,0,3,0,0,22,2,0,0,0,0,1,1,3,1,3,0,0,0,0,18,1,0
C:\Users\rique\Documents\Doutorado\SmellDetectionCaller-master\Temp\nanohttpd-master\core\src\main\java\org\nanohttpd\protocols\http\content\CookieHandler.java,org.nanohttpd.protocols.http.content.CookieHandler,class,3,8,5,3,11,1,0,12,9,0.5714286,0.0,0.0,7,0,7,0,0,0,7,0,0,0,2,0,0,2,0,0,2,0,1,36,2,2,2,0,0,4,4,5,0,5,3,0,0,0,79,1,0
C:\Users\rique\Documents\Doutorado\SmellDetectionCaller-master\Temp\nanohttpd-master\core\src\main\java\org\nanohttpd\protocols\http\content\Cookie.java,org.nanohttpd.protocols.http.content.Cookie,class,1,6,5,1,5,1,0,8,0,0.2,0.0,0.0,5,1,5,0,0,0,5,0,0,0,1,0,0,1,0,0,1,0,4,27,2,0,0,0,0,3,1,9,0,6,0,0,0,0,37,1,0
C:\Users\rique\Documents\Doutorado\SmellDetectionCaller-master\Temp\nanohttpd-master\fileupload\src\main\java\org\nanohttpd\fileupload\NanoFileUpload.java,org.nanohttpd.fileupload.NanoFileUpload$NanoHttpdContext,innerclass,3,3,0,3,7,1,0,5,3,0.33333334,0.0,0.0,6,0,6,0,0,0,6,0,0,0,1,0,0,1,0,0,0,0,1,29,5,0,0,1,0,3,1,4,0,3,1,0,0,0,28,9,0
C:\Users\rique\Documents\Doutorado\SmellDetectionCaller-master\Temp\nanohttpd-master\nanolets\src\main\java\org\nanohttpd\router\RouterNanoHTTPD.java,org.nanohttpd.router.RouterNanoHTTPD$StaticPageHandler,innerclass,10,10,0,10,16,3,0,23,15,0.0,0.0,0.0,6,1,4,1,1,0,5,0,0,0,0,0,0,0,0,0,0,0,7,53,6,3,1,1,0,6,2,10,0,6,2,0,0,0,55,9,0
C:\Users\rique\Documents\Doutorado\SmellDetectionCaller-master\Temp\nanohttpd-master\core\src\main\java\org\nanohttpd\protocols\http\sockets\DefaultServerSocketFactory.java,org.nanohttpd.protocols.http.sockets.DefaultServerSocketFactory,class,1,2,1,1,1,1,0,0,0,0.0,NaN,NaN,1,0,1,0,0,0,1,0,0,0,0,0,0,0,0,0,0,0,0,5,1,0,0,0,0,0,0,0,0,0,0,0,0,0,15,1,0
C:\Users\rique\Documents\Doutorado\SmellDetectionCaller-master\Temp\nanohttpd-master\core\src\main\java\org\nanohttpd\protocols\http\ServerRunnable.java,org.nanohttpd.protocols.http.ServerRunnable,class,2,3,1,2,9,1,0,9,0,0.5,0.0,0.0,4,0,4,0,0,0,4,0,0,0,4,0,0,4,0,0,1,0,0,40,3,1,1,2,0,1,1,7,0,6,3,0,0,0,41,1,0
C:\Users\rique\Documents\Doutorado\SmellDetectionCaller-master\Temp\nanohttpd-master\core\src\main\java\org\nanohttpd\protocols\http\response\Response.java,org.nanohttpd.protocols.http.response.Response,class,8,51,43,8,72,1,1,47,255,0.8533725,0.0,0.0,31,5,25,3,3,0,28,0,0,0,11,0,0,11,0,0,2,0,9,257,17,3,20,6,2,38,18,40,3,26,3,1,1,0,212,1,0
C:\Users\rique\Documents\Doutorado\SmellDetectionCaller-master\Temp\nanohttpd-master\websocket\src\main\java\org\nanohttpd\protocols\websockets\WebSocketFrame.java,org.nanohttpd.protocols.websockets.WebSocketFrame,class,5,11,6,5,79,1,1,39,118,0.729064,0.0,0.0,29,5,24,5,0,0,24,0,0,0,7,1,1,6,0,0,1,0,24,269,15,7,17,1,7,28,69,45,23,26,3,0,0,0,98,1,0
C:\Users\rique\Documents\Doutorado\SmellDetectionCaller-master\Temp\nanohttpd-master\markdown-plugin\src\main\java\org\nanohttpd\markdown\MarkdownWebServerPlugin.java,org.nanohttpd.markdown.MarkdownWebServerPlugin,class,6,8,2,6,13,1,0,13,6,0.6,0.0,0.0,5,0,4,1,0,0,4,0,0,0,2,1,0,2,0,0,2,0,2,61,4,1,5,3,0,5,1,13,0,9,3,0,0,0,64,1,0
C:\Users\rique\Documents\Doutorado\SmellDetectionCaller-master\Temp\nanohttpd-master\core\src\main\java\org\nanohttpd\protocols\http\threading\IAsyncRunner.java,org.nanohttpd.protocols.http.threading.IAsyncRunner,interface,1,5,4,1,3,1,0,0,3,0.0,0.0,0.0,3,0,0,0,0,3,3,0,0,0,0,0,0,0,0,0,0,0,0,5,0,0,0,0,0,0,0,0,0,0,0,0,0,0,15,1,0
C:\Users\rique\Documents\Doutorado\SmellDetectionCaller-master\Temp\nanohttpd-master\core\src\main\java\org\nanohttpd\util\ServerRunner.java,org.nanohttpd.util.ServerRunner,class,3,9,6,3,5,1,0,10,1,0.5,0.0,0.0,2,2,2,0,0,0,2,0,0,0,1,1,0,1,0,0,1,0,3,28,0,0,0,3,0,4,1,1,1,1,1,0,0,0,30,1,0
C:\Users\rique\Documents\Doutorado\SmellDetectionCaller-master\Temp\nanohttpd-master\nanolets\src\main\java\org\nanohttpd\router\RouterNanoHTTPD.java,org.nanohttpd.router.RouterNanoHTTPD,class,14,21,7,14,13,16,1,13,0,0.5,0.0,0.0,10,1,10,0,0,0,10,0,0,0,2,1,0,2,0,0,1,0,1,431,3,0,1,0,0,4,6,5,3,2,1,0,15,0,98,1,0
C:\Users\rique\Documents\Doutorado\SmellDetectionCaller-master\Temp\nanohttpd-master\core\src\main\java\org\nanohttpd\protocols\http\response\Response.java,org.nanohttpd.protocols.http.response.Response$Anonymous1,anonymous,0,0,0,0,2,1,0,3,0,0.0,NaN,NaN,1,0,1,0,0,0,1,0,0,0,0,0,0,0,0,0,0,0,0,6,1,0,1,0,0,0,0,0,0,0,0,0,0,0,4,-1,0
C:\Users\rique\Documents\Doutorado\SmellDetectionCaller-master\Temp\nanohttpd-master\websocket\src\main\java\org\nanohttpd\protocols\websockets\OpCode.java,org.nanohttpd.protocols.websockets.OpCode,enum,1,4,3,1,9,1,0,2,0,0.25,0.0,0.0,4,1,3,1,0,0,3,0,0,0,1,0,0,1,0,0,1,0,1,19,4,1,4,0,0,0,6,1,0,1,2,0,0,0,20,1,0
C:\Users\rique\Documents\Doutorado\SmellDetectionCaller-master\Temp\nanohttpd-master\webserver\src\main\java\org\nanohttpd\webserver\SimpleWebServer.java,org.nanohttpd.webserver.SimpleWebServer,class,10,15,5,10,118,2,0,97,175,0.8863636,0.0,0.0,22,3,8,7,6,1,16,0,0,0,10,7,3,6,1,0,8,0,35,448,25,15,20,5,6,134,56,113,48,81,5,3,0,0,224,1,0
C:\Users\rique\Documents\Doutorado\SmellDetectionCaller-master\Temp\nanohttpd-master\nanolets\src\main\java\org\nanohttpd\router\RouterNanoHTTPD.java,org.nanohttpd.router.RouterNanoHTTPD$NotImplementedHandler,innerclass,3,3,0,3,3,3,0,0,3,0.0,0.0,0.0,3,0,3,0,0,0,3,0,0,0,0,0,0,0,0,0,0,0,0,11,3,0,0,0,0,2,0,0,0,0,0,0,0,0,23,9,0
C:\Users\rique\Documents\Doutorado\SmellDetectionCaller-master\Temp\nanohttpd-master\core\src\main\java\org\nanohttpd\util\IFactoryThrowing.java,org.nanohttpd.util.IFactoryThrowing,interface,1,6,5,1,1,1,0,0,0,0.0,NaN,NaN,1,0,0,0,0,1,1,0,0,0,0,0,0,0,0,0,0,0,0,3,0,0,0,0,0,0,0,0,0,0,0,0,0,0,25,1,0
C:\Users\rique\Documents\Doutorado\SmellDetectionCaller-master\Temp\nanohttpd-master\nanolets\src\main\java\org\nanohttpd\router\RouterNanoHTTPD.java,org.nanohttpd.router.RouterNanoHTTPD$UriResource,innerclass,6,6,0,6,29,1,0,40,18,0.7777778,0.0,0.0,12,0,10,2,0,0,10,0,0,0,9,3,0,9,0,0,8,0,6,122,20,2,4,1,1,13,12,25,7,18,4,0,0,0,66,9,0
C:\Users\rique\Documents\Doutorado\SmellDetectionCaller-master\Temp\nanohttpd-master\websocket\src\main\java\org\nanohttpd\protocols\websockets\CloseCode.java,org.nanohttpd.protocols.websockets.CloseCode,enum,1,7,6,1,5,1,0,2,0,0.0,0.0,0.0,3,1,2,1,0,0,2,0,0,0,1,0,0,1,0,0,1,0,1,16,3,1,1,0,0,0,12,1,0,1,2,0,0,0,38,1,0
C:\Users\rique\Documents\Doutorado\SmellDetectionCaller-master\Temp\nanohttpd-master\websocket\src\main\java\org\nanohttpd\protocols\websockets\CloseFrame.java,org.nanohttpd.protocols.websockets.CloseFrame,class,4,7,3,4,8,2,0,8,0,0.4,0.0,0.0,5,1,4,1,0,0,4,0,0,0,2,0,0,2,0,0,0,0,5,34,4,0,2,0,3,0,17,6,4,4,1,0,0,0,27,1,0
C:\Users\rique\Documents\Doutorado\SmellDetectionCaller-master\Temp\nanohttpd-master\core\src\main\java\org\nanohttpd\protocols\http\IHTTPSession.java,org.nanohttpd.protocols.http.IHTTPSession,interface,2,39,37,2,11,1,0,0,55,0.0,0.0,0.0,11,0,0,0,0,11,11,0,0,0,0,0,0,0,0,0,0,0,0,13,0,0,0,0,0,0,0,0,0,0,0,0,0,0,64,1,0
C:\Users\rique\Documents\Doutorado\SmellDetectionCaller-master\Temp\nanohttpd-master\nanolets\src\main\java\org\nanohttpd\router\RouterNanoHTTPD.java,org.nanohttpd.router.RouterNanoHTTPD$IRoutePrioritizer,interface,1,1,0,1,4,1,0,0,6,0.0,0.0,0.0,4,0,0,0,0,4,4,0,0,0,0,0,0,0,0,0,0,0,0,6,0,0,0,0,0,0,0,0,0,0,0,0,0,0,15,9,0
C:\Users\rique\Documents\Doutorado\SmellDetectionCaller-master\Temp\nanohttpd-master\core\src\main\java\org\nanohttpd\protocols\http\tempfiles\DefaultTempFileManagerFactory.java,org.nanohttpd.protocols.http.tempfiles.DefaultTempFileManagerFactory,class,3,4,1,3,1,1,0,0,0,0.0,NaN,NaN,1,0,1,0,0,0,1,0,0,0,0,0,0,0,0,0,0,0,0,5,1,0,0,0,0,0,0,0,0,0,0,0,0,0,13,1,0
C:\Users\rique\Documents\Doutorado\SmellDetectionCaller-master\Temp\nanohttpd-master\webserver\src\main\java\org\nanohttpd\webserver\InternalRewrite.java,org.nanohttpd.webserver.InternalRewrite,class,2,4,2,2,3,2,0,0,0,0.33333334,0.0,0.0,3,0,3,0,0,0,3,0,0,0,2,0,0,2,0,0,2,0,0,15,2,0,0,0,0,0,2,2,0,2,0,0,0,0,17,1,0
C:\Users\rique\Documents\Doutorado\SmellDetectionCaller-master\Temp\nanohttpd-master\nanolets\src\main\java\org\nanohttpd\router\RouterNanoHTTPD.java,org.nanohttpd.router.RouterNanoHTTPD$DefaultRoutePrioritizer,innerclass,2,2,0,2,1,2,0,0,0,0.0,NaN,NaN,1,0,0,0,1,0,1,0,0,0,0,0,0,0,0,0,0,0,0,5,1,0,0,0,0,0,0,0,0,0,0,0,0,0,7,9,0
C:\Users\rique\Documents\Doutorado\SmellDetectionCaller-master\Temp\nanohttpd-master\websocket\src\main\java\org\nanohttpd\protocols\websockets\NanoWSD.java,org.nanohttpd.protocols.websockets.NanoWSD,class,9,16,7,9,19,2,3,24,28,0.8854167,0.0,0.0,8,2,4,2,2,0,6,1,0,0,12,12,10,2,0,0,12,0,7,97,9,1,1,1,5,16,20,37,11,31,1,0,1,0,104,1025,0
C:\Users\rique\Documents\Doutorado\SmellDetectionCaller-master\Temp\nanohttpd-master\core\src\main\java\org\nanohttpd\protocols\http\NanoHTTPD.java,org.nanohttpd.protocols.http.NanoHTTPD$Anonymous1,anonymous,3,3,0,3,1,1,0,1,0,0.0,NaN,NaN,1,0,1,0,0,0,1,0,0,0,0,0,0,0,0,0,0,0,0,5,1,0,0,0,0,0,0,0,0,0,0,0,0,0,8,-1,0
C:\Users\rique\Documents\Doutorado\SmellDetectionCaller-master\Temp\nanohttpd-master\nanolets\src\main\java\org\nanohttpd\router\RouterNanoHTTPD.java,org.nanohttpd.router.RouterNanoHTTPD$IndexHandler,innerclass,3,3,0,3,3,3,0,0,3,0.0,0.0,0.0,3,0,3,0,0,0,3,0,0,0,0,0,0,0,0,0,0,0,0,11,3,0,0,0,0,2,0,0,0,0,0,0,0,0,16,9,0
C:\Users\rique\Documents\Doutorado\SmellDetectionCaller-master\Temp\nanohttpd-master\websocket\src\main\java\org\nanohttpd\protocols\websockets\WebSocket.java,org.nanohttpd.protocols.websockets.WebSocket,class,10,16,6,10,48,1,2,30,178,0.8928571,0.0,0.0,21,0,9,5,7,0,16,5,0,1,8,0,0,7,1,0,4,0,1,174,4,1,18,3,4,9,1,16,0,11,2,1,0,0,87,1025,0
C:\Users\rique\Documents\Doutorado\SmellDetectionCaller-master\Temp\nanohttpd-master\websocket\src\main\java\org\nanohttpd\protocols\websockets\WebSocket.java,org.nanohttpd.protocols.websockets.WebSocket$Anonymous1,anonymous,1,1,0,1,1,1,0,3,0,0.0,NaN,NaN,1,0,1,0,0,0,1,0,0,0,0,0,0,0,0,0,0,0,0,10,0,0,0,0,0,0,0,3,0,0,0,0,0,0,6,-1,0
C:\Users\rique\Documents\Doutorado\SmellDetectionCaller-master\Temp\nanohttpd-master\websocket\src\main\java\org\nanohttpd\protocols\websockets\State.java,org.nanohttpd.protocols.websockets.State,enum,0,1,1,0,0,1,0,0,0,0.0,-1.0,-1.0,0,0,0,0,0,0,0,0,0,0,0,0,0,0,0,0,0,0,0,1,0,0,0,0,0,0,0,0,0,0,0,0,0,0,8,1,0
C:\Users\rique\Documents\Doutorado\SmellDetectionCaller-master\Temp\nanohttpd-master\nanolets\src\main\java\org\nanohttpd\router\RouterNanoHTTPD.java,org.nanohttpd.router.RouterNanoHTTPD$InsertionOrderRoutePrioritizer,innerclass,2,2,0,2,1,2,0,0,0,0.0,NaN,NaN,1,0,0,0,1,0,1,0,0,0,0,0,0,0,0,0,0,0,0,5,1,0,0,0,0,0,0,0,0,0,0,0,0,0,8,9,0
C:\Users\rique\Documents\Doutorado\SmellDetectionCaller-master\Temp\nanohttpd-master\core\src\main\java\org\nanohttpd\protocols\http\response\IStatus.java,org.nanohttpd.protocols.http.response.IStatus,interface,0,11,11,0,2,1,0,0,1,0.0,0.0,0.0,2,0,0,0,0,2,2,0,0,0,0,0,0,0,0,0,0,0,0,4,0,0,0,0,0,0,0,0,0,0,0,0,0,0,5,1,0
C:\Users\rique\Documents\Doutorado\SmellDetectionCaller-master\Temp\nanohttpd-master\core\src\main\java\org\nanohttpd\util\IFactory.java,org.nanohttpd.util.IFactory,interface,1,6,5,1,1,1,0,0,0,0.0,NaN,NaN,1,0,0,0,0,1,1,0,0,0,0,0,0,0,0,0,0,0,0,3,0,0,0,0,0,0,0,0,0,0,0,0,0,0,13,1,0
C:\Users\rique\Documents\Doutorado\SmellDetectionCaller-master\Temp\nanohttpd-master\core\src\main\java\org\nanohttpd\protocols\http\response\ChunkedOutputStream.java,org.nanohttpd.protocols.http.response.ChunkedOutputStream,class,2,4,2,2,6,3,0,5,10,0.0,0.0,0.0,5,0,5,0,0,0,5,0,0,0,0,0,0,0,0,0,0,0,1,21,1,0,1,0,0,3,4,1,0,1,1,0,0,0,26,1,0
C:\Users\rique\Documents\Doutorado\SmellDetectionCaller-master\Temp\nanohttpd-master\core\src\main\java\org\nanohttpd\protocols\http\ClientHandler.java,org.nanohttpd.protocols.http.ClientHandler,class,5,8,3,5,8,1,0,11,0,0.11111111,0.0,0.0,3,0,3,0,0,0,3,0,0,0,3,0,0,3,0,0,3,0,5,36,0,1,0,1,2,2,0,7,0,6,2,0,0,0,44,1,0
C:\Users\rique\Documents\Doutorado\SmellDetectionCaller-master\Temp\nanohttpd-master\core\src\main\java\org\nanohttpd\protocols\http\request\Method.java,org.nanohttpd.protocols.http.request.Method,enum,1,10,9,1,3,1,0,1,0,0.0,NaN,NaN,1,1,1,0,0,0,1,0,0,0,0,0,0,0,0,0,0,0,1,10,3,0,1,1,0,0,0,0,0,0,1,0,0,0,31,1,0
C:\Users\rique\Documents\Doutorado\SmellDetectionCaller-master\Temp\nanohttpd-master\nanolets\src\main\java\org\nanohttpd\router\RouterNanoHTTPD.java,org.nanohttpd.router.RouterNanoHTTPD$BaseRoutePrioritizer,innerclass,5,5,0,5,10,1,0,11,0,0.4166667,0.0,0.0,6,0,5,0,1,0,6,1,0,0,2,0,0,0,2,0,1,0,2,36,1,1,2,0,0,0,0,6,2,5,2,0,0,0,29,1033,0
C:\Users\rique\Documents\Doutorado\SmellDetectionCaller-master\Temp\nanohttpd-master\nanolets\src\main\java\org\nanohttpd\router\RouterNanoHTTPD.java,org.nanohttpd.router.RouterNanoHTTPD$Error404UriHandler,innerclass,3,3,0,3,3,3,0,0,3,0.0,0.0,0.0,3,0,3,0,0,0,3,0,0,0,0,0,0,0,0,0,0,0,0,11,3,0,0,0,0,2,0,0,0,0,0,0,0,0,21,9,0
C:\Users\rique\Documents\Doutorado\SmellDetectionCaller-master\Temp\nanohttpd-master\nanolets\src\main\java\org\nanohttpd\router\RouterNanoHTTPD.java,org.nanohttpd.router.RouterNanoHTTPD$UriRouter,innerclass,6,6,0,6,9,1,0,8,0,0.42857143,0.0,0.0,7,0,5,2,0,0,5,0,0,0,2,0,0,2,0,0,0,0,1,35,1,1,1,0,0,0,1,8,0,5,2,0,0,0,61,9,0
C:\Users\rique\Documents\Doutorado\SmellDetectionCaller-master\Temp\nanohttpd-master\core\src\main\java\org\nanohttpd\protocols\http\tempfiles\DefaultTempFileManager.java,org.nanohttpd.protocols.http.tempfiles.DefaultTempFileManager,class,3,8,5,3,6,1,2,7,0,0.16666667,0.0,0.0,3,0,3,0,0,0,3,0,0,0,2,0,0,2,0,0,2,0,1,27,1,1,0,1,0,2,0,3,0,3,2,0,0,0,54,1,0
C:\Users\rique\Documents\Doutorado\SmellDetectionCaller-master\Temp\nanohttpd-master\core\src\main\java\org\nanohttpd\protocols\http\HTTPSession.java,org.nanohttpd.protocols.http.HTTPSession,class,12,21,9,12,113,1,0,91,115,0.861244,0.0,0.0,22,0,14,8,0,0,14,0,6,0,19,5,3,16,0,0,9,0,26,480,22,15,27,7,4,43,77,134,37,89,8,0,0,0,254,1,0
