nomeSistema;class;cbo;wmc;dit;rfc;maxNested;loc;nom
nanonhttpd;org.nanohttpd.protocols.http.sockets.SecureServerSocketFactory;1;3;1;6;1;22;2
nanonhttpd;org.nanohttpd.fileupload.NanoFileUpload;8;6;2;5;0;46;5
nanonhttpd;org.nanohttpd.webserver.WebServerPluginInfo;1;3;1;0;0;5;3
nanonhttpd;org.nanohttpd.router.RouterNanoHTTPD$DefaultStreamHandler;6;8;1;5;0;20;8
nanonhttpd;org.nanohttpd.protocols.http.NanoHTTPD$ResponseException;1;3;3;0;0;15;3
nanonhttpd;org.nanohttpd.protocols.http.threading.DefaultAsyncRunner;3;6;1;8;1;26;5
nanonhttpd;org.nanohttpd.router.RouterNanoHTTPD$GeneralHandler;7;6;3;11;2;33;4
nanonhttpd;org.nanohttpd.protocols.http.NanoHTTPD;15;68;3;78;3;282;34
nanonhttpd;org.nanohttpd.protocols.http.response.Status;1;6;1;2;2;22;4
nanonhttpd;org.nanohttpd.protocols.http.tempfiles.DefaultTempFile;2;5;1;4;1;20;4
nanonhttpd;org.nanohttpd.protocols.websockets.NanoWSD$Interceptor;4;2;1;1;0;7;2
nanonhttpd;org.nanohttpd.util.IHandler;2;1;1;0;0;3;1
nanonhttpd;org.nanohttpd.router.RouterNanoHTTPD$ProvidedPriorityRoutePrioritizer;2;4;2;2;2;18;2
nanonhttpd;org.nanohttpd.protocols.http.response.Response$GzipUsage;0;0;1;0;0;1;0
nanonhttpd;org.nanohttpd.router.RouterNanoHTTPD$UriResponder;3;5;1;0;0;7;5
nanonhttpd;org.nanohttpd.webserver.SimpleWebServer$Anonymous3;0;1;1;1;0;5;1
nanonhttpd;org.nanohttpd.protocols.http.tempfiles.ITempFile;0;3;1;0;0;5;3
nanonhttpd;org.nanohttpd.webserver.SimpleWebServer$Anonymous2;0;1;1;1;0;5;1
nanonhttpd;org.nanohttpd.webserver.SimpleWebServer$Anonymous1;0;1;1;1;0;6;0
nanonhttpd;org.nanohttpd.markdown.MarkdownWebServerPluginInfo;3;3;1;0;0;11;3
nanonhttpd;org.nanohttpd.protocols.http.tempfiles.ITempFileManager;1;2;1;0;0;4;2
nanonhttpd;org.nanohttpd.protocols.http.content.ContentType;1;13;1;6;1;56;8
nanonhttpd;org.nanohttpd.webserver.WebServerPlugin;2;3;1;0;0;5;3
nanonhttpd;org.nanohttpd.router.RouterNanoHTTPD$DefaultHandler;6;4;2;4;0;10;4
nanonhttpd;org.nanohttpd.protocols.websockets.WebSocketException;1;5;4;1;0;22;5
nanonhttpd;org.nanohttpd.protocols.http.content.CookieHandler;3;11;1;12;3;36;7
nanonhttpd;org.nanohttpd.protocols.http.content.Cookie;1;5;1;8;0;27;5
nanonhttpd;org.nanohttpd.fileupload.NanoFileUpload$NanoHttpdContext;3;7;1;5;1;29;6
nanonhttpd;org.nanohttpd.router.RouterNanoHTTPD$StaticPageHandler;10;16;3;23;2;53;6
nanonhttpd;org.nanohttpd.protocols.http.sockets.DefaultServerSocketFactory;1;1;1;0;0;5;1
nanonhttpd;org.nanohttpd.protocols.http.ServerRunnable;2;9;1;9;3;40;4
nanonhttpd;org.nanohttpd.protocols.http.response.Response;8;72;1;47;3;257;31
nanonhttpd;org.nanohttpd.protocols.websockets.WebSocketFrame;5;79;1;39;3;269;29
nanonhttpd;org.nanohttpd.markdown.MarkdownWebServerPlugin;6;13;1;13;3;61;5
nanonhttpd;org.nanohttpd.protocols.http.threading.IAsyncRunner;1;3;1;0;0;5;3
nanonhttpd;org.nanohttpd.util.ServerRunner;3;5;1;10;1;28;2
nanonhttpd;org.nanohttpd.router.RouterNanoHTTPD;14;13;16;13;1;431;10
nanonhttpd;org.nanohttpd.protocols.http.response.Response$Anonymous1;0;2;1;3;0;6;1
nanonhttpd;org.nanohttpd.protocols.websockets.OpCode;1;9;1;2;2;19;4
nanonhttpd;org.nanohttpd.webserver.SimpleWebServer;10;118;2;97;5;448;22
nanonhttpd;org.nanohttpd.router.RouterNanoHTTPD$NotImplementedHandler;3;3;3;0;0;11;3
nanonhttpd;org.nanohttpd.util.IFactoryThrowing;1;1;1;0;0;3;1
nanonhttpd;org.nanohttpd.router.RouterNanoHTTPD$UriResource;6;29;1;40;4;122;12
nanonhttpd;org.nanohttpd.protocols.websockets.CloseCode;1;5;1;2;2;16;3
nanonhttpd;org.nanohttpd.protocols.websockets.CloseFrame;4;8;2;8;1;34;5
nanonhttpd;org.nanohttpd.protocols.http.IHTTPSession;2;11;1;0;0;13;11
nanonhttpd;org.nanohttpd.router.RouterNanoHTTPD$IRoutePrioritizer;1;4;1;0;0;6;4
nanonhttpd;org.nanohttpd.protocols.http.tempfiles.DefaultTempFileManagerFactory;3;1;1;0;0;5;1
nanonhttpd;org.nanohttpd.webserver.InternalRewrite;2;3;2;0;0;15;3
nanonhttpd;org.nanohttpd.router.RouterNanoHTTPD$DefaultRoutePrioritizer;2;1;2;0;0;5;1
nanonhttpd;org.nanohttpd.protocols.websockets.NanoWSD;9;19;2;24;1;97;8
nanonhttpd;org.nanohttpd.protocols.http.NanoHTTPD$Anonymous1;3;1;1;1;0;5;1
nanonhttpd;org.nanohttpd.router.RouterNanoHTTPD$IndexHandler;3;3;3;0;0;11;3
nanonhttpd;org.nanohttpd.protocols.websockets.WebSocket;10;48;1;30;2;174;21
nanonhttpd;org.nanohttpd.protocols.websockets.WebSocket$Anonymous1;1;1;1;3;0;10;1
nanonhttpd;org.nanohttpd.protocols.websockets.State;0;0;1;0;0;1;0
nanonhttpd;org.nanohttpd.router.RouterNanoHTTPD$InsertionOrderRoutePrioritizer;2;1;2;0;0;5;1
nanonhttpd;org.nanohttpd.protocols.http.response.IStatus;0;2;1;0;0;4;2
nanonhttpd;org.nanohttpd.util.IFactory;1;1;1;0;0;3;1
nanonhttpd;org.nanohttpd.protocols.http.response.ChunkedOutputStream;2;6;3;5;1;21;5
nanonhttpd;org.nanohttpd.protocols.http.ClientHandler;5;8;1;11;2;36;3
nanonhttpd;org.nanohttpd.protocols.http.request.Method;1;3;1;1;1;10;1
nanonhttpd;org.nanohttpd.router.RouterNanoHTTPD$BaseRoutePrioritizer;5;10;1;11;2;36;6
nanonhttpd;org.nanohttpd.router.RouterNanoHTTPD$Error404UriHandler;3;3;3;0;0;11;3
nanonhttpd;org.nanohttpd.router.RouterNanoHTTPD$UriRouter;6;9;1;8;2;35;7
nanonhttpd;org.nanohttpd.protocols.http.tempfiles.DefaultTempFileManager;3;6;1;7;2;27;3
nanonhttpd;org.nanohttpd.protocols.http.HTTPSession;12;113;1;91;8;480;22
