nomeSistema;class;cbo;wmc;dit;rfc;maxNested;loc;nom
webmagic;us.codecraft.webmagic.configurable.ConfigurablePageProcessor;7;9;1;12;3;33;3
webmagic;us.codecraft.webmagic.model.annotation.ComboExtract$Source;0;0;1;0;0;3;0
webmagic;us.codecraft.webmagic.selector.Selector;0;2;1;0;0;4;2
webmagic;us.codecraft.webmagic.downloader.CustomRedirectStrategy;9;3;2;9;2;22;1
webmagic;us.codecraft.webmagic.model.HttpRequestBody$ContentType;0;0;1;0;0;6;0
webmagic;us.codecraft.webmagic.handler.SubPipeline;4;1;1;0;0;3;1
webmagic;us.codecraft.webmagic.model.HasKey;1;1;1;0;0;3;1
webmagic;us.codecraft.webmagic.utils.HttpConstant;0;0;1;0;0;18;0
webmagic;us.codecraft.webmagic.model.annotation.ExtractBy$Source;0;0;1;0;0;3;0
webmagic;us.codecraft.webmagic.Request;5;36;1;6;1;115;27
webmagic;us.codecraft.webmagic.pipeline.ResultItemsCollectorPipeline;3;2;1;1;0;9;2
webmagic;us.codecraft.webmagic.selector.AndSelector;1;12;1;5;3;41;4
webmagic;us.codecraft.webmagic.selector.Xpath2Selector;11;17;1;21;4;127;4
webmagic;us.codecraft.webmagic.scripts.ScriptProcessorBuilder;3;10;1;3;1;46;8
webmagic;us.codecraft.webmagic.model.formatter.BasicTypeFormatter$LongFormatter;1;2;2;1;0;8;2
webmagic;us.codecraft.webmagic.downloader.HttpClientRequestContext;2;4;1;0;0;16;4
webmagic;us.codecraft.webmagic.selector.LinksSelector;3;7;2;6;2;27;5
webmagic;us.codecraft.webmagic.selector.ReplaceSelector;1;5;1;3;1;25;4
webmagic;us.codecraft.webmagic.model.FieldExtractor;4;9;2;0;0;33;9
webmagic;us.codecraft.webmagic.downloader.AbstractDownloader;6;4;1;6;0;13;4
webmagic;us.codecraft.webmagic.model.Extractor;2;6;1;0;0;28;6
webmagic;us.codecraft.webmagic.example.BaiduBaike;5;5;1;9;1;29;4
webmagic;us.codecraft.webmagic.selector.Json;7;8;3;8;1;33;6
webmagic;us.codecraft.webmagic.selector.Selectable;2;18;1;0;0;20;18
webmagic;us.codecraft.webmagic.selector.PlainText;3;11;2;5;1;38;10
webmagic;us.codecraft.webmagic.scheduler.DuplicateRemovedScheduler;7;10;1;12;1;26;6
webmagic;us.codecraft.webmagic.pipeline.FilePipeline;6;7;2;16;4;32;3
webmagic;us.codecraft.webmagic.model.OOSpider;10;11;2;7;2;44;8
webmagic;us.codecraft.webmagic.downloader.Downloader;3;2;1;0;0;4;2
webmagic;us.codecraft.webmagic.scripts.ScriptConsole;14;21;1;44;1;149;6
webmagic;us.codecraft.webmagic.model.formatter.ObjectFormatterBuilder;5;14;1;14;1;42;4
webmagic;us.codecraft.webmagic.configurable.ExpressionType;0;0;1;0;0;1;0
webmagic;us.codecraft.webmagic.scheduler.PriorityScheduler;5;8;2;8;1;44;4
webmagic;us.codecraft.webmagic.downloader.selenium.SeleniumDownloader;13;12;1;28;2;65;7
webmagic;us.codecraft.webmagic.model.annotation.ComboExtract$Op;0;0;1;0;0;3;0
webmagic;us.codecraft.webmagic.proxy.Proxy;1;36;1;18;2;102;15
webmagic;us.codecraft.webmagic.model.HttpRequestBody;4;16;1;9;1;68;12
webmagic;us.codecraft.webmagic.selector.Selectors;7;9;1;0;0;29;9
webmagic;us.codecraft.webmagic.utils.HttpConstant$Header;0;0;1;0;0;4;0
webmagic;us.codecraft.webmagic.selector.RegexResult;1;4;1;0;1;15;3
webmagic;us.codecraft.webmagic.model.Extractor$Source;0;0;1;0;0;1;0
webmagic;us.codecraft.webmagic.downloader.HttpClientGenerator$Anonymous1;0;3;1;0;0;9;3
webmagic;us.codecraft.webmagic.model.ModelPipeline;6;8;1;9;4;26;3
webmagic;us.codecraft.webmagic.model.PageMapper;3;3;1;2;0;14;3
webmagic;us.codecraft.webmagic.utils.DoubleKeyMap;5;16;2;12;1;55;11
webmagic;us.codecraft.webmagic.downloader.HttpClientGenerator$Anonymous2;2;2;1;2;1;7;1
webmagic;us.codecraft.webmagic.handler.PatternRequestMatcher;2;2;1;4;0;11;2
webmagic;us.codecraft.webmagic.downloader.HttpClientDownloader;19;23;2;47;3;93;7
webmagic;us.codecraft.webmagic.pipeline.JsonFilePipeline;6;4;2;13;1;20;3
webmagic;us.codecraft.webmagic.model.ModelPageProcessor;10;20;1;27;3;65;9
webmagic;us.codecraft.webmagic.selector.AbstractSelectable;7;24;1;16;2;71;16
webmagic;us.codecraft.webmagic.example.MonitorExample;4;1;1;5;0;10;1
webmagic;us.codecraft.webmagic.monitor.SpiderStatus;7;17;1;21;2;59;13
webmagic;us.codecraft.webmagic.scripts.ScriptConsole$Anonymous1;2;1;1;0;0;4;1
webmagic;us.codecraft.webmagic.scheduler.PriorityScheduler$Anonymous1;2;1;1;2;0;5;1
webmagic;us.codecraft.webmagic.Spider$Anonymous1;1;2;1;6;1;16;1
webmagic;us.codecraft.webmagic.scheduler.PriorityScheduler$Anonymous2;2;1;1;2;0;5;1
webmagic;us.codecraft.webmagic.selector.SmartContentSelector;2;18;1;15;4;62;3
webmagic;us.codecraft.webmagic.utils.UrlUtils;2;20;1;24;2;80;10
webmagic;us.codecraft.webmagic.downloader.HttpUriRequestConverter;19;25;1;51;2;79;5
webmagic;us.codecraft.webmagic.MultiPageModel;2;4;1;0;0;6;4
webmagic;us.codecraft.webmagic.handler.CompositePageProcessor;7;11;1;4;3;35;6
webmagic;us.codecraft.webmagic.monitor.SpiderMonitor$MonitorSpiderListener;2;5;1;4;0;21;5
webmagic;us.codecraft.webmagic.model.formatter.BasicTypeFormatter;11;21;9;4;1;104;4
webmagic;us.codecraft.webmagic.proxy.SimpleProxyProvider;5;9;1;8;1;34;6
webmagic;us.codecraft.webmagic.model.formatter.ObjectFormatters;3;6;1;5;1;23;2
webmagic;us.codecraft.webmagic.scheduler.RedisPriorityScheduler;7;19;3;28;3;85;11
webmagic;us.codecraft.webmagic.utils.CharsetUtils;6;7;1;13;3;32;1
webmagic;us.codecraft.webmagic.monitor.SpiderMonitor;9;8;1;12;2;63;6
webmagic;us.codecraft.webmagic.model.PageModelExtractor;24;85;1;82;5;322;17
webmagic;us.codecraft.webmagic.scheduler.component.HashSetDuplicateRemover;4;4;1;6;0;15;4
webmagic;us.codecraft.webmagic.handler.RequestMatcher$MatchOther;0;0;1;0;0;1;0
webmagic;us.codecraft.webmagic.scripts.ScriptConsole$Params;2;14;1;6;2;50;11
webmagic;us.codecraft.webmagic.Page;8;42;1;13;2;130;30
webmagic;us.codecraft.webmagic.handler.RequestMatcher;1;1;1;0;0;4;1
webmagic;us.codecraft.webmagic.downloader.HttpClientGenerator;16;16;1;46;2;102;7
webmagic;us.codecraft.webmagic.utils.MultiKeyMapBase;2;5;1;1;1;20;3
webmagic;us.codecraft.webmagic.processor.example.BaiduBaikePageProcessor;9;4;1;18;1;26;3
webmagic;us.codecraft.webmagic.model.PageModelCollectorPipeline;6;7;1;6;3;25;3
webmagic;us.codecraft.webmagic.Spider$Status;1;5;1;2;2;16;3
webmagic;us.codecraft.webmagic.proxy.ProxyProvider;3;2;1;0;0;4;2
webmagic;us.codecraft.webmagic.utils.FilePersistentBase;1;9;1;8;2;33;4
webmagic;us.codecraft.webmagic.selector.CssSelector;6;21;2;16;3;71;9
webmagic;us.codecraft.webmagic.utils.RequestUtils;1;4;1;10;1;19;1
webmagic;us.codecraft.webmagic.scheduler.RedisScheduler;10;26;2;32;2;96;12
webmagic;us.codecraft.webmagic.selector.OrSelector;1;8;1;4;2;28;4
webmagic;us.codecraft.webmagic.model.formatter.BasicTypeFormatter$FloatFormatter;1;2;2;1;0;8;2
webmagic;us.codecraft.webmagic.model.AfterExtractor;1;1;1;0;0;3;1
webmagic;us.codecraft.webmagic.pipeline.MultiPagePipeline;7;12;1;26;5;63;2
webmagic;us.codecraft.webmagic.example.PatternProcessorExample$Anonymous2;6;2;1;12;0;13;2
webmagic;us.codecraft.webmagic.example.PatternProcessorExample$Anonymous1;6;2;1;8;0;11;2
webmagic;us.codecraft.webmagic.pipeline.JsonFilePageModelPipeline;5;5;2;12;2;27;3
webmagic;us.codecraft.webmagic.utils.ExtractorUtils;7;8;1;4;1;33;2
webmagic;us.codecraft.webmagic.model.formatter.BasicTypeFormatter$IntegerFormatter;1;2;2;1;0;8;2
webmagic;us.codecraft.webmagic.example.GithubRepo;10;10;1;6;0;39;10
webmagic;us.codecraft.webmagic.model.formatter.DateFormatter;1;6;1;2;1;15;3
webmagic;us.codecraft.webmagic.scheduler.FileCacheQueueScheduler$Anonymous1;3;4;1;6;1;14;3
webmagic;us.codecraft.webmagic.scheduler.FileCacheQueueScheduler$Anonymous2;1;1;1;1;0;5;1
webmagic;us.codecraft.webmagic.processor.example.GithubRepoPageProcessor;8;4;1;20;1;19;3
webmagic;us.codecraft.webmagic.configurable.ExtractRule;8;23;1;7;3;82;15
webmagic;us.codecraft.webmagic.utils.HttpConstant$StatusCode;0;0;1;0;0;3;0
webmagic;us.codecraft.webmagic.scripts.Language;0;4;1;0;0;18;4
webmagic;us.codecraft.webmagic.utils.HttpConstant$Method;0;0;1;0;0;9;0
webmagic;us.codecraft.webmagic.Spider;22;119;1;88;6;479;57
webmagic;us.codecraft.webmagic.utils.ClassUtils;0;3;1;3;2;14;1
webmagic;us.codecraft.webmagic.utils.WMCollections;1;4;1;2;1;16;2
webmagic;us.codecraft.webmagic.handler.SubPageProcessor;3;1;1;0;0;3;1
webmagic;us.codecraft.webmagic.selector.RegexSelector;3;16;1;12;2;67;8
webmagic;us.codecraft.webmagic.pipeline.ConsolePipeline;4;2;1;7;1;8;1
webmagic;us.codecraft.webmagic.SpiderListener;2;3;1;1;0;7;3
webmagic;us.codecraft.webmagic.selector.JsonPathSelector;3;12;1;10;2;46;4
webmagic;us.codecraft.webmagic.scheduler.Scheduler;2;2;1;0;0;4;2
webmagic;us.codecraft.webmagic.thread.CountableThreadPool;0;11;1;10;4;66;8
webmagic;us.codecraft.webmagic.model.annotation.ExtractBy$Type;0;0;1;0;0;1;0
webmagic;us.codecraft.webmagic.handler.PatternProcessor;3;1;2;0;0;5;1
webmagic;us.codecraft.webmagic.pipeline.Pipeline;2;1;1;0;0;3;1
webmagic;us.codecraft.webmagic.Site$Anonymous1;1;3;1;3;1;12;2
webmagic;us.codecraft.webmagic.SimpleHttpClient;8;8;1;7;1;30;7
webmagic;us.codecraft.webmagic.scheduler.BloomFilterDuplicateRemover;5;8;1;10;1;35;7
webmagic;us.codecraft.webmagic.utils.ProxyUtils;3;4;1;6;3;26;1
webmagic;us.codecraft.webmagic.model.formatter.BasicTypeFormatter$CharactorFormatter;1;2;2;1;0;8;2
webmagic;us.codecraft.webmagic.scheduler.QueueScheduler;5;4;2;5;0;15;4
webmagic;us.codecraft.webmagic.selector.BaseElementSelector;4;11;1;5;1;33;7
webmagic;us.codecraft.webmagic.model.formatter.BasicTypeFormatter$ShortFormatter;1;2;2;1;0;8;2
webmagic;us.codecraft.webmagic.selector.Html;8;12;3;11;1;53;8
webmagic;us.codecraft.webmagic.selector.HtmlNode;13;21;2;29;2;88;14
webmagic;us.codecraft.webmagic.model.formatter.ObjectFormatter;1;3;1;0;0;5;3
webmagic;us.codecraft.webmagic.model.formatter.BasicTypeFormatter$ByteFormatter;1;2;2;1;0;8;2
webmagic;us.codecraft.webmagic.Site;3;54;1;12;1;171;33
webmagic;us.codecraft.webmagic.example.AppStore;6;1;1;6;0;15;1
webmagic;us.codecraft.webmagic.selector.ElementSelector;1;2;1;0;0;4;2
webmagic;us.codecraft.webmagic.scheduler.MonitorableScheduler;2;2;1;0;0;4;2
webmagic;us.codecraft.webmagic.example.OschinaBlog;7;5;1;4;0;21;5
webmagic;us.codecraft.webmagic.model.formatter.BasicTypeFormatter$DoubleFormatter;1;2;2;1;0;8;2
webmagic;us.codecraft.webmagic.downloader.PhantomJSDownloader;7;16;2;24;3;75;9
webmagic;us.codecraft.webmagic.utils.HttpClientUtils;1;3;1;5;2;14;1
webmagic;us.codecraft.webmagic.scripts.ScriptProcessor;8;12;1;22;4;63;3
webmagic;us.codecraft.webmagic.thread.CountableThreadPool$Anonymous1;0;1;1;5;2;17;1
webmagic;us.codecraft.webmagic.model.formatter.BasicTypeFormatter$BooleanFormatter;1;2;2;1;0;8;2
webmagic;us.codecraft.webmagic.scheduler.FileCacheQueueScheduler;6;30;2;40;3;154;17
webmagic;us.codecraft.webmagic.example.PatternProcessorExample;7;1;1;11;0;36;1
webmagic;us.codecraft.webmagic.processor.PageProcessor;2;2;1;0;0;4;2
webmagic;us.codecraft.webmagic.pipeline.CollectorPageModelPipeline;3;2;1;1;0;9;2
webmagic;us.codecraft.webmagic.downloader.selenium.WebDriverPool;8;25;1;25;4;121;8
webmagic;us.codecraft.webmagic.monitor.SpiderStatusMXBean;0;12;1;0;0;14;12
webmagic;us.codecraft.webmagic.model.ConsolePageModelPipeline;2;1;1;2;0;5;1
webmagic;us.codecraft.webmagic.pipeline.FilePageModelPipeline;5;5;2;11;2;27;3
webmagic;us.codecraft.webmagic.scripts.ScriptEnginePool;1;4;1;6;1;22;3
webmagic;us.codecraft.webmagic.processor.SimplePageProcessor;6;3;1;11;0;18;3
webmagic;us.codecraft.webmagic.example.GithubRepoApi;8;8;1;5;0;32;8
webmagic;us.codecraft.webmagic.pipeline.MultiPagePipeline$Anonymous1;1;2;1;3;1;12;1
webmagic;us.codecraft.webmagic.processor.example.ZhihuPageProcessor;8;4;1;17;1;18;3
webmagic;us.codecraft.webmagic.pipeline.CollectorPipeline;2;1;1;0;0;3;1
webmagic;us.codecraft.webmagic.handler.CompositePipeline;7;8;1;4;3;24;3
webmagic;us.codecraft.webmagic.selector.XpathSelector;4;7;2;8;1;25;6
webmagic;us.codecraft.webmagic.utils.IPUtils;0;6;1;9;3;20;1
webmagic;us.codecraft.webmagic.scheduler.component.DuplicateRemover;2;3;1;0;0;5;3
webmagic;us.codecraft.webmagic.utils.NumberUtils;0;3;1;0;1;13;1
webmagic;us.codecraft.webmagic.selector.Xpath2Selector$XPath2NamespaceContext;1;10;1;9;1;33;5
webmagic;us.codecraft.webmagic.pipeline.PageModelPipeline;2;1;1;0;0;3;1
webmagic;us.codecraft.webmagic.ResultItems;3;9;1;2;1;36;8
webmagic;us.codecraft.webmagic.example.GithubRepoPageMapper;9;4;1;15;1;21;3
webmagic;us.codecraft.webmagic.Task;1;2;1;0;0;4;2
